{"an10.139":{"an10.139:0.1":{"pli":"Aṅguttara Nikāya 10.139 ","eng":"Numbered Discourses 10.139 ","html":"<article id='an10.139'><header><ul><li class='division'>{}</li>"},"an10.139:0.2":{"pli":"14. Sādhuvagga ","eng":"14. Good ","html":"<li>{}</li></ul>"},"an10.139:0.3":{"pli":"Sāsavasutta ","eng":"Defiled ","html":"<h1 class='sutta-title'>{}</h1></header>"},"an10.139:1.1":{"pli":"“Sāsavañca vo, bhikkhave, dhammaṃ desessāmi anāsavañca. ","eng":"“I will teach you the defiled principle and the undefiled. … ","html":"<p>{}"},"an10.139:1.2":{"pli":"Taṃ suṇātha …pe… ","html":"{}"},"an10.139:1.3":{"pli":"katamo ca, bhikkhave, sāsavo dhammo? ","eng":"And what is the defiled principle? ","html":"{}"},"an10.139:1.4":{"pli":"Micchādiṭṭhi …pe… micchāvimutti—","eng":"Wrong view, wrong thought, wrong speech, wrong action, wrong livelihood, wrong effort, wrong mindfulness, wrong immersion, wrong knowledge, and wrong freedom. ","html":"{}"},"an10.139:1.5":{"pli":"ayaṃ vuccati, bhikkhave, sāsavo dhammo. ","eng":"This is called the defiled principle. ","html":"{}"},"an10.139:1.6":{"pli":"Katamo ca, bhikkhave, anāsavo dhammo? ","eng":"And what is the undefiled principle? ","html":"{}"},"an10.139:1.7":{"pli":"Sammādiṭṭhi …pe… sammāvimutti—","eng":"Right view, right thought, right speech, right action, right livelihood, right effort, right mindfulness, right immersion, right knowledge, and right freedom. ","html":"{}"},"an10.139:1.8":{"pli":"ayaṃ vuccati, bhikkhave, anāsavo dhammo”ti. ","eng":"This is called the undefiled principle.” ","html":"{}</p>"},"an10.139:1.9":{"pli":"Chaṭṭhaṃ. ","html":"<p class='endsutta'>{}</p></article>"}},"an10.14":{"an10.14:0.1":{"pli":"Aṅguttara Nikāya 10.14 ","eng":"Numbered Discourses 10.14 ","html":"<article id='an10.14'><header><ul><li class='division'>{}</li>"},"an10.14:0.2":{"pli":"2. Nāthavagga ","eng":"2. A Protector ","html":"<li>{}</li></ul>"},"an10.14:0.3":{"pli":"Cetokhilasutta ","eng":"Hard-heartedness ","html":"<h1 class='sutta-title'>{}</h1></header>"},"an10.14:1.1":{"pli":"“Yassa kassaci, bhikkhave, bhikkhussa vā bhikkhuniyā vā pañca cetokhilā appahīnā pañca cetasovinibandhā asamucchinnā, tassa yā ratti vā divaso vā āgacchati hāniyeva pāṭikaṅkhā kusalesu dhammesu no vuddhi. ","eng":"“Mendicants, a monk or nun who has not given up five kinds of hard-heartedness and has not severed five shackles of the heart can expect decline, not growth, in skillful qualities, whether by day or by night. ","html":"<p>{}</p>"},"an10.14:2.1":{"pli":"Katamassa pañca cetokhilā appahīnā honti? ","eng":"What are the five kinds of hard-heartedness they haven’t given up? ","html":"<p>{}</p>"},"an10.14:2.2":{"pli":"Idha, bhikkhave, bhikkhu satthari kaṅkhati vicikicchati nādhimuccati na sampasīdati. ","eng":"Firstly, a mendicant has doubts about the Teacher. They’re uncertain, undecided, and lacking confidence. ","html":"<p>{}"},"an10.14:2.3":{"pli":"Yo so, bhikkhave, bhikkhu satthari kaṅkhati vicikicchati nādhimuccati na sampasīdati, tassa cittaṃ na namati ātappāya anuyogāya sātaccāya padhānāya. ","eng":"This being so, their mind doesn’t incline toward keenness, commitment, persistence, and striving. ","html":"{}"},"an10.14:2.4":{"pli":"Yassa cittaṃ na namati ātappāya anuyogāya sātaccāya padhānāya, evamassāyaṃ paṭhamo cetokhilo appahīno hoti. ","eng":"This is the first kind of hard-heartedness they haven’t given up. ","html":"{}</p>"},"an10.14:3.1":{"pli":"Puna caparaṃ, bhikkhave, bhikkhu dhamme kaṅkhati …pe… ","eng":"Furthermore, a mendicant has doubts about the teaching … ","html":"<p>{}"},"an10.14:3.2":{"pli":"saṅghe kaṅkhati … ","eng":"the Saṅgha … ","html":"{}"},"an10.14:3.3":{"pli":"sikkhāya kaṅkhati … ","eng":"the training … ","html":"{}"},"an10.14:3.4":{"pli":"sabrahmacārīsu kupito hoti anattamano āhatacitto khilajāto. ","eng":"A mendicant is angry and upset with their spiritual companions, resentful and closed off. ","html":"{}"},"an10.14:3.5":{"pli":"Yo so, bhikkhave, bhikkhu sabrahmacārīsu kupito hoti anattamano āhatacitto khilajāto, tassa cittaṃ na namati ātappāya anuyogāya sātaccāya padhānāya. ","eng":"This being so, their mind doesn’t incline toward keenness, commitment, persistence, and striving. ","html":"{}"},"an10.14:3.6":{"pli":"Yassa cittaṃ na namati ātappāya anuyogāya sātaccāya padhānāya, evamassāyaṃ pañcamo cetokhilo appahīno hoti. ","eng":"This is the fifth kind of hard-heartedness they haven’t given up. ","html":"{}"},"an10.14:3.7":{"pli":"Imassa pañca cetokhilā appahīnā honti. ","eng":"These are the five kinds of hard-heartedness they haven’t given up. ","html":"{}</p>"},"an10.14:4.1":{"pli":"Katamassa pañca cetasovinibandhā asamucchinnā honti? ","eng":"What are the five shackles of the heart they haven’t severed? ","html":"<p>{}"},"an10.14:4.2":{"pli":"Idha, bhikkhave, bhikkhu kāmesu avītarāgo hoti avigatacchando avigatapemo avigatapipāso avigatapariḷāho avigatataṇho. ","eng":"Firstly, a mendicant isn’t free of greed, desire, fondness, thirst, passion, and craving for sensual pleasures. ","html":"{}"},"an10.14:4.3":{"pli":"Yo so, bhikkhave, bhikkhu kāmesu avītarāgo hoti avigatacchando avigatapemo avigatapipāso avigatapariḷāho avigatataṇho, tassa cittaṃ na namati ātappāya anuyogāya sātaccāya padhānāya. ","eng":"This being so, their mind doesn’t incline toward keenness, commitment, persistence, and striving. ","html":"{}"},"an10.14:4.4":{"pli":"Yassa cittaṃ na namati ātappāya anuyogāya sātaccāya padhānāya, evamassāyaṃ paṭhamo cetasovinibandho asamucchinno hoti. ","eng":"This is the first shackle of the heart they haven’t severed. ","html":"{}</p>"},"an10.14:5.1":{"pli":"Puna caparaṃ, bhikkhave, bhikkhu kāye avītarāgo hoti …pe… ","eng":"Furthermore, a mendicant isn’t free of greed for the body … ","html":"<p>{}"},"an10.14:5.2":{"pli":"rūpe avītarāgo hoti …pe… ","eng":"They’re not free of greed for form … ","html":"{}"},"an10.14:5.3":{"pli":"yāvadatthaṃ udarāvadehakaṃ bhuñjitvā seyyasukhaṃ passasukhaṃ middhasukhaṃ anuyutto viharati … ","eng":"They eat as much as they like until their belly is full, then indulge in the pleasures of sleeping, lying down, and drowsing … ","html":"{}"},"an10.14:5.4":{"pli":"aññataraṃ devanikāyaṃ paṇidhāya brahmacariyaṃ carati: ‘imināhaṃ sīlena vā vatena vā tapena vā brahmacariyena vā devo vā bhavissāmi devaññataro vā’ti. ","eng":"They lead the spiritual life wishing to be reborn in one of the orders of gods: ‘By this precept or observance or fervent austerity or spiritual life, may I become one of the gods!’ ","html":"{}"},"an10.14:5.5":{"pli":"Yo so, bhikkhave, bhikkhu aññataraṃ devanikāyaṃ paṇidhāya brahmacariyaṃ carati: ‘imināhaṃ sīlena vā vatena vā tapena vā brahmacariyena vā devo vā bhavissāmi devaññataro vā’ti, tassa cittaṃ na namati ātappāya anuyogāya sātaccāya padhānāya. ","eng":"This being so, their mind doesn’t incline toward keenness, commitment, persistence, and striving. ","html":"{}"},"an10.14:5.6":{"pli":"Yassa cittaṃ na namati ātappāya anuyogāya sātaccāya padhānāya, evamassāyaṃ pañcamo cetasovinibandho asamucchinno hoti. ","eng":"This is the fifth shackle of the heart they haven’t severed. ","html":"{}"},"an10.14:5.7":{"pli":"Imassa pañca cetasovinibandhā asamucchinnā honti. ","eng":"These are the five shackles of the heart they haven’t severed. ","html":"{}</p>"},"an10.14:6.1":{"pli":"Yassa kassaci, bhikkhave, bhikkhussa vā bhikkhuniyā vā ime pañca cetokhilā appahīnā ime pañca cetasovinibandhā asamucchinnā, tassa yā ratti vā divaso vā āgacchati hāniyeva pāṭikaṅkhā kusalesu dhammesu no vuddhi. ","eng":"A monk or nun who has not given up these five kinds of hard-heartedness and has not severed these five shackles of the heart can expect decline, not growth, in skillful qualities, whether by day or by night. ","html":"<p>{}</p>"},"an10.14:7.1":{"pli":"Seyyathāpi, bhikkhave, kāḷapakkhe candassa yā ratti vā divaso vā āgacchati, hāyateva vaṇṇena hāyati maṇḍalena hāyati ābhāya hāyati ārohapariṇāhena; ","eng":"It’s like the moon in the waning fortnight. Whether by day or by night, its beauty, roundness, luminosity, and diameter and circumference only decline. ","html":"<p>{}"},"an10.14:7.2":{"pli":"evamevaṃ kho, bhikkhave, yassa kassaci bhikkhussa vā bhikkhuniyā vā ime pañca cetokhilā appahīnā ime pañca cetasovinibandhā asamucchinnā, tassa yā ratti vā divaso vā āgacchati hāniyeva pāṭikaṅkhā kusalesu dhammesu no vuddhi. ","eng":"In the same way, monk or nun who has not given up these five kinds of hard-heartedness and has not severed these five shackles of the heart can expect decline, not growth, in skillful qualities, whether by day or by night. ","html":"{}</p>"},"an10.14:8.1":{"pli":"Yassa kassaci, bhikkhave, bhikkhussa vā bhikkhuniyā vā pañca cetokhilā pahīnā pañca cetasovinibandhā susamucchinnā, tassa yā ratti vā divaso vā āgacchati vuddhiyeva pāṭikaṅkhā kusalesu dhammesu no parihāni. ","eng":"A monk or nun who has given up five kinds of hard-heartedness and has severed five shackles of the heart can expect growth, not decline, in skillful qualities, whether by day or by night. ","html":"<p>{}</p>"},"an10.14:9.1":{"pli":"Katamassa pañca cetokhilā pahīnā honti? ","eng":"What are the five kinds of hard-heartedness they’ve given up? ","html":"<p>{}"},"an10.14:9.2":{"pli":"Idha, bhikkhave, bhikkhu satthari na kaṅkhati na vicikicchati, adhimuccati sampasīdati. ","eng":"Firstly, a mendicant has no doubts about the Teacher. They’re not uncertain, undecided, or lacking confidence. ","html":"{}"},"an10.14:9.3":{"pli":"Yo so, bhikkhave, bhikkhu satthari na kaṅkhati na vicikicchati adhimuccati sampasīdati, tassa cittaṃ namati ātappāya anuyogāya sātaccāya padhānāya. ","eng":"This being so, their mind inclines toward keenness, commitment, persistence, and striving. ","html":"{}"},"an10.14:9.4":{"pli":"Yassa cittaṃ namati ātappāya anuyogāya sātaccāya padhānāya, evamassāyaṃ paṭhamo cetokhilo pahīno hoti. ","eng":"This is the first kind of hard-heartedness they’ve given up. ","html":"{}</p>"},"an10.14:10.1":{"pli":"Puna caparaṃ, bhikkhave, bhikkhu dhamme na kaṅkhati …pe… ","eng":"Furthermore, a mendicant has no doubts about the teaching … ","html":"<p>{}"},"an10.14:10.2":{"pli":"saṅghe na kaṅkhati … ","eng":"the Saṅgha … ","html":"{}"},"an10.14:10.3":{"pli":"sikkhāya na kaṅkhati … ","eng":"the training … ","html":"{}"},"an10.14:10.4":{"pli":"sabrahmacārīsu na kupito hoti attamano na āhatacitto na khilajāto. ","eng":"A mendicant is not angry and upset with their spiritual companions, not resentful or closed off. ","html":"{}"},"an10.14:10.5":{"pli":"Yo so, bhikkhave, bhikkhu sabrahmacārīsu na kupito hoti attamano na āhatacitto na khilajāto, tassa cittaṃ namati ātappāya anuyogāya sātaccāya padhānāya. ","eng":"This being so, their mind inclines toward keenness, commitment, persistence, and striving. ","html":"{}"},"an10.14:10.6":{"pli":"Yassa cittaṃ namati ātappāya anuyogāya sātaccāya padhānāya, evamassāyaṃ pañcamo cetokhilo pahīno hoti. ","eng":"This is the fifth kind of hard-heartedness they’ve given up. ","html":"{}"},"an10.14:10.7":{"pli":"Imassa pañca cetokhilā pahīnā honti. ","eng":"These are the five kinds of hard-heartedness they’ve given up. ","html":"{}</p>"},"an10.14:11.1":{"pli":"Katamassa pañca cetasovinibandhā susamucchinnā honti? ","eng":"What are the five shackles of the heart they’ve severed? ","html":"<p>{}"},"an10.14:11.2":{"pli":"Idha, bhikkhave, bhikkhu kāmesu vītarāgo hoti vigatacchando vigatapemo vigatapipāso vigatapariḷāho vigatataṇho. ","eng":"Firstly, a mendicant is rid of greed, desire, fondness, thirst, passion, and craving for sensual pleasures. ","html":"{}"},"an10.14:11.3":{"pli":"Yo so, bhikkhave, bhikkhu kāmesu vītarāgo hoti vigatacchando vigatapemo vigatapipāso vigatapariḷāho vigatataṇho, tassa cittaṃ namati ātappāya anuyogāya sātaccāya padhānāya. ","eng":"This being so, their mind inclines toward keenness, commitment, persistence, and striving. ","html":"{}"},"an10.14:11.4":{"pli":"Yassa cittaṃ namati ātappāya anuyogāya sātaccāya padhānāya, evamassāyaṃ paṭhamo cetasovinibandho susamucchinno hoti. ","eng":"This is the first shackle of the heart they’ve severed. ","html":"{}</p>"},"an10.14:12.1":{"pli":"Puna caparaṃ, bhikkhave, bhikkhu kāye vītarāgo hoti …pe… ","eng":"Furthermore, a mendicant is rid of greed for the body … ","html":"<p>{}"},"an10.14:12.2":{"pli":"rūpe vītarāgo hoti …pe… ","eng":"They’re rid of greed for form … ","html":"{}"},"an10.14:12.3":{"pli":"na yāvadatthaṃ udarāvadehakaṃ bhuñjitvā seyyasukhaṃ passasukhaṃ middhasukhaṃ anuyutto viharati, ","eng":"They don’t eat as much as they like until their belly is full, then indulge in the pleasures of sleeping, lying down, and drowsing … ","html":"{}"},"an10.14:12.4":{"pli":"na aññataraṃ devanikāyaṃ paṇidhāya brahmacariyaṃ carati: ‘imināhaṃ sīlena vā vatena vā tapena vā brahmacariyena vā devo vā bhavissāmi devaññataro vā’ti. ","eng":"They don’t lead the spiritual life wishing to be reborn in one of the orders of gods: ‘By this precept or observance or fervent austerity or spiritual life, may I become one of the gods!’ ","html":"{}"},"an10.14:12.5":{"pli":"Yo so, bhikkhave, bhikkhu na aññataraṃ devanikāyaṃ paṇidhāya …pe… devaññataro vāti, tassa cittaṃ namati ātappāya anuyogāya sātaccāya padhānāya. ","eng":"This being so, their mind inclines toward keenness, commitment, persistence, and striving. ","html":"{}"},"an10.14:12.6":{"pli":"Yassa cittaṃ namati ātappāya anuyogāya sātaccāya padhānāya, evamassāyaṃ pañcamo cetasovinibandho susamucchinno hoti. ","eng":"This is the fifth shackle of the heart they’ve severed. ","html":"{}"},"an10.14:12.7":{"pli":"Imassa pañca cetasovinibandhā susamucchinnā honti. ","eng":"These are the five shackles of the heart they’ve severed. ","html":"{}</p>"},"an10.14:13.1":{"pli":"Yassa kassaci, bhikkhave, bhikkhussa vā bhikkhuniyā vā ime pañca cetokhilā pahīnā ime pañca cetasovinibandhā susamucchinnā, tassa yā ratti vā divaso vā āgacchati vuddhiyeva pāṭikaṅkhā kusalesu dhammesu no parihāni. ","eng":"A monk or nun who has given up these five kinds of hard-heartedness and has severed these five shackles of the heart can expect growth, not decline, in skillful qualities, whether by day or by night. ","html":"<p>{}</p>"},"an10.14:14.1":{"pli":"Seyyathāpi, bhikkhave, juṇhapakkhe candassa yā ratti vā divaso vā āgacchati, vaḍḍhateva vaṇṇena vaḍḍhati maṇḍalena vaḍḍhati ābhāya vaḍḍhati ārohapariṇāhena; ","eng":"It’s like the moon in the waxing fortnight. Whether by day or by night, its beauty, roundness, luminosity, and diameter and circumference only grow. ","html":"<p>{}"},"an10.14:14.2":{"pli":"evamevaṃ kho, bhikkhave, yassa kassaci bhikkhussa vā bhikkhuniyā vā ime pañca cetokhilā pahīnā ime pañca cetasovinibandhā susamucchinnā, tassa yā ratti vā divaso vā āgacchati vuddhiyeva pāṭikaṅkhā kusalesu dhammesu no parihānī”ti. ","eng":"In the same way, a monk or nun who has given up these five kinds of hard-heartedness and has severed these five shackles of the heart can expect growth, not decline, in skillful qualities, whether by day or by night.” ","html":"{}</p>"},"an10.14:14.3":{"pli":"Catutthaṃ. ","html":"<p class='endsutta'>{}</p></article>"}},"an10.140":{"an10.140:0.1":{"pli":"Aṅguttara Nikāya 10.140 ","eng":"Numbered Discourses 10.140 ","html":"<article id='an10.140'><header><ul><li class='division'>{}</li>"},"an10.140:0.2":{"pli":"14. Sādhuvagga ","eng":"14. Good ","html":"<li>{}</li></ul>"},"an10.140:0.3":{"pli":"Sāvajjasutta ","eng":"Blameworthy ","html":"<h1 class='sutta-title'>{}</h1></header>"},"an10.140:1.1":{"pli":"“Sāvajjañca vo, bhikkhave, dhammaṃ desessāmi anavajjañca. ","eng":"“I will teach you the blameworthy principle and the blameless principle. … ","html":"<p>{}"},"an10.140:1.2":{"pli":"Taṃ suṇātha …pe… ","html":"{}"},"an10.140:1.3":{"pli":"katamo ca, bhikkhave, sāvajjo dhammo? ","eng":"And what is the blameworthy principle? ","html":"{}"},"an10.140:1.4":{"pli":"Micchādiṭṭhi …pe… micchāvimutti—","eng":"Wrong view, wrong thought, wrong speech, wrong action, wrong livelihood, wrong effort, wrong mindfulness, wrong immersion, wrong knowledge, and wrong freedom. ","html":"{}"},"an10.140:1.5":{"pli":"ayaṃ vuccati, bhikkhave, sāvajjo dhammo. ","eng":"This is called the blameworthy principle. ","html":"{}"},"an10.140:1.6":{"pli":"Katamo ca, bhikkhave, anavajjo dhammo? ","eng":"And what is the blameless principle? ","html":"{}"},"an10.140:1.7":{"pli":"Sammādiṭṭhi …pe… sammāvimutti—","eng":"Right view, right thought, right speech, right action, right livelihood, right effort, right mindfulness, right immersion, right knowledge, and right freedom. ","html":"{}"},"an10.140:1.8":{"pli":"ayaṃ vuccati, bhikkhave, anavajjo dhammo”ti. ","eng":"This is called the blameless principle.” ","html":"{}</p>"},"an10.140:1.9":{"pli":"Sattamaṃ. ","html":"<p class='endsutta'>{}</p></article>"}},"an10.141":{"an10.141:0.1":{"pli":"Aṅguttara Nikāya 10.141 ","eng":"Numbered Discourses 10.141 ","html":"<article id='an10.141'><header><ul><li class='division'>{}</li>"},"an10.141:0.2":{"pli":"14. Sādhuvagga ","eng":"14. Good ","html":"<li>{}</li></ul>"},"an10.141:0.3":{"pli":"Tapanīyasutta ","eng":"Mortifying ","html":"<h1 class='sutta-title'>{}</h1></header>"},"an10.141:1.1":{"pli":"“Tapanīyañca vo, bhikkhave, dhammaṃ desessāmi atapanīyañca. ","eng":"“I will teach you the mortifying principle and the unmortifying. … ","html":"<p>{}"},"an10.141:1.2":{"pli":"Taṃ suṇātha …pe… ","html":"{}"},"an10.141:1.3":{"pli":"katamo ca, bhikkhave, tapanīyo dhammo? ","eng":"And what is the mortifying principle? ","html":"{}"},"an10.141:1.4":{"pli":"Micchādiṭṭhi …pe… micchāvimutti—","eng":"Wrong view, wrong thought, wrong speech, wrong action, wrong livelihood, wrong effort, wrong mindfulness, wrong immersion, wrong knowledge, and wrong freedom. ","html":"{}"},"an10.141:1.5":{"pli":"ayaṃ vuccati, bhikkhave, tapanīyo dhammo. ","eng":"This is called the mortifying principle. ","html":"{}"},"an10.141:1.6":{"pli":"Katamo ca, bhikkhave, atapanīyo dhammo? ","eng":"And what is the unmortifying principle? ","html":"{}"},"an10.141:1.7":{"pli":"Sammādiṭṭhi …pe… sammāvimutti—","eng":"Right view, right thought, right speech, right action, right livelihood, right effort, right mindfulness, right immersion, right knowledge, and right freedom. ","html":"{}"},"an10.141:1.8":{"pli":"ayaṃ vuccati, bhikkhave, atapanīyo dhammo”ti. ","eng":"This is called the unmortifying principle.” ","html":"{}</p>"},"an10.141:1.9":{"pli":"Aṭṭhamaṃ. ","html":"<p class='endsutta'>{}</p></article>"}},"an10.142":{"an10.142:0.1":{"pli":"Aṅguttara Nikāya 10.142 ","eng":"Numbered Discourses 10.142 ","html":"<article id='an10.142'><header><ul><li class='division'>{}</li>"},"an10.142:0.2":{"pli":"14. Sādhuvagga ","eng":"14. Good ","html":"<li>{}</li></ul>"},"an10.142:0.3":{"pli":"Ācayagāmisutta ","eng":"Accumulation ","html":"<h1 class='sutta-title'>{}</h1></header>"},"an10.142:1.1":{"pli":"“Ācayagāmiñca vo, bhikkhave, dhammaṃ desessāmi apacayagāmiñca. ","eng":"“I will teach you the principle that leads to accumulation and that which leads to dispersal. … ","html":"<p>{}"},"an10.142:1.2":{"pli":"Taṃ suṇātha …pe… ","html":"{}"},"an10.142:1.3":{"pli":"katamo ca, bhikkhave, ācayagāmī dhammo? ","eng":"And what is the principle that leads to accumulation? ","html":"{}"},"an10.142:1.4":{"pli":"Micchādiṭṭhi …pe… micchāvimutti—","eng":"Wrong view, wrong thought, wrong speech, wrong action, wrong livelihood, wrong effort, wrong mindfulness, wrong immersion, wrong knowledge, and wrong freedom. ","html":"{}"},"an10.142:1.5":{"pli":"ayaṃ vuccati, bhikkhave, ācayagāmī dhammo. ","eng":"This is called the principle that leads to accumulation. ","html":"{}"},"an10.142:1.6":{"pli":"Katamo ca, bhikkhave, apacayagāmī dhammo? ","eng":"And what is the principle that leads to dispersal? ","html":"{}"},"an10.142:1.7":{"pli":"Sammādiṭṭhi …pe… sammāvimutti—","eng":"Right view, right thought, right speech, right action, right livelihood, right effort, right mindfulness, right immersion, right knowledge, and right freedom. ","html":"{}"},"an10.142:1.8":{"pli":"ayaṃ vuccati, bhikkhave, apacayagāmī dhammo”ti. ","eng":"This is called the principle that leads to dispersal.” ","html":"{}</p>"},"an10.142:1.9":{"pli":"Navamaṃ. ","html":"<p class='endsutta'>{}</p></article>"}},"an10.143":{"an10.143:0.1":{"pli":"Aṅguttara Nikāya 10.143 ","eng":"Numbered Discourses 10.143 ","html":"<article id='an10.143'><header><ul><li class='division'>{}</li>"},"an10.143:0.2":{"pli":"14. Sādhuvagga ","eng":"14. Good ","html":"<li>{}</li></ul>"},"an10.143:0.3":{"pli":"Dukkhudrayasutta ","eng":"With Suffering as Outcome ","html":"<h1 class='sutta-title'>{}</h1></header>"},"an10.143:1.1":{"pli":"“Dukkhudrayañca vo, bhikkhave, dhammaṃ desessāmi sukhudrayañca. ","eng":"“I will teach you the principle that has suffering as outcome, and that which has happiness as outcome. … ","html":"<p>{}"},"an10.143:1.2":{"pli":"Taṃ suṇātha …pe… ","html":"{}"},"an10.143:1.3":{"pli":"katamo ca, bhikkhave, dukkhudrayo dhammo? ","eng":"And what is the principle whose outcome is suffering? ","html":"{}"},"an10.143:1.4":{"pli":"Micchādiṭṭhi …pe… micchāvimutti—","eng":"Wrong view, wrong thought, wrong speech, wrong action, wrong livelihood, wrong effort, wrong mindfulness, wrong immersion, wrong knowledge, and wrong freedom. ","html":"{}"},"an10.143:1.5":{"pli":"ayaṃ vuccati, bhikkhave, dukkhudrayo dhammo. ","eng":"This is the principle whose outcome is suffering. ","html":"{}"},"an10.143:1.6":{"pli":"Katamo ca, bhikkhave, sukhudrayo dhammo? ","eng":"And what is the principle whose outcome is happiness? ","html":"{}"},"an10.143:1.7":{"pli":"Sammādiṭṭhi …pe… sammāvimutti—","eng":"Right view, right thought, right speech, right action, right livelihood, right effort, right mindfulness, right immersion, right knowledge, and right freedom. ","html":"{}"},"an10.143:1.8":{"pli":"ayaṃ vuccati, bhikkhave, sukhudrayo dhammo”ti. ","eng":"This is the principle whose outcome is happiness.” ","html":"{}</p>"},"an10.143:1.9":{"pli":"Dasamaṃ. ","html":"<p class='endsutta'>{}</p></article>"}},"an10.144":{"an10.144:0.1":{"pli":"Aṅguttara Nikāya 10.144 ","eng":"Numbered Discourses 10.144 ","html":"<article id='an10.144'><header><ul><li class='division'>{}</li>"},"an10.144:0.2":{"pli":"14. Sādhuvagga ","eng":"14. Good ","html":"<li>{}</li></ul>"},"an10.144:0.3":{"pli":"Dukkhavipākasutta ","eng":"Result in Suffering ","html":"<h1 class='sutta-title'>{}</h1></header>"},"an10.144:1.1":{"pli":"“Dukkhavipākañca vo, bhikkhave, dhammaṃ desessāmi sukhavipākañca. ","eng":"“I will teach you the principle that results in suffering and that which results in happiness. … ","html":"<p>{}"},"an10.144:1.2":{"pli":"Taṃ suṇātha …pe… ","html":"{}"},"an10.144:1.3":{"pli":"katamo ca, bhikkhave, dukkhavipāko dhammo? ","eng":"And what principle results in suffering? ","html":"{}"},"an10.144:1.4":{"pli":"Micchādiṭṭhi …pe… micchāvimutti—","eng":"Wrong view, wrong thought, wrong speech, wrong action, wrong livelihood, wrong effort, wrong mindfulness, wrong immersion, wrong knowledge, and wrong freedom. ","html":"{}"},"an10.144:1.5":{"pli":"ayaṃ vuccati, bhikkhave, dukkhavipāko dhammo. ","eng":"This is called the principle that results in suffering. ","html":"{}"},"an10.144:1.6":{"pli":"Katamo ca, bhikkhave, sukhavipāko dhammo? ","eng":"And what principle results in happiness? ","html":"{}"},"an10.144:1.7":{"pli":"Sammādiṭṭhi …pe… sammāvimutti—","eng":"Right view, right thought, right speech, right action, right livelihood, right effort, right mindfulness, right immersion, right knowledge, and right freedom. ","html":"{}"},"an10.144:1.8":{"pli":"ayaṃ vuccati, bhikkhave, sukhavipāko dhammo”ti. ","eng":"This is called the principle that results in happiness.” ","html":"{}</p>"},"an10.144:1.9":{"pli":"Ekādasamaṃ. ","html":"<p class='endsutta'>{}</p>"},"an10.144:1.10":{"pli":"Sādhuvaggo catuttho. ","html":"<p class='endvagga'>{}</p></article>"}},"an10.145":{"an10.145:0.1":{"pli":"Aṅguttara Nikāya 10.145 ","eng":"Numbered Discourses 10.145 ","html":"<article id='an10.145'><header><ul><li class='division'>{}</li>"},"an10.145:0.2":{"pli":"15. Ariyavagga ","eng":"15. The Noble Path ","html":"<li>{}</li></ul>"},"an10.145:0.3":{"pli":"Ariyamaggasutta ","eng":"The Noble Path ","html":"<h1 class='sutta-title'>{}</h1></header>"},"an10.145:1.1":{"pli":"“Ariyamaggañca vo, bhikkhave, dhammaṃ desessāmi anariyamaggañca. ","eng":"“I will teach you the noble path and the ignoble path. … ","html":"<p>{}"},"an10.145:1.2":{"pli":"Taṃ suṇātha …pe… ","html":"{}"},"an10.145:1.3":{"pli":"katamo ca, bhikkhave, anariyo maggo? ","eng":"And what is the ignoble path? ","html":"{}"},"an10.145:1.4":{"pli":"Micchādiṭṭhi …pe… micchāvimutti—","eng":"Wrong view, wrong thought, wrong speech, wrong action, wrong livelihood, wrong effort, wrong mindfulness, wrong immersion, wrong knowledge, and wrong freedom. ","html":"{}"},"an10.145:1.5":{"pli":"ayaṃ vuccati, bhikkhave, anariyo maggo. ","eng":"This is called the ignoble path. ","html":"{}"},"an10.145:1.6":{"pli":"Katamo ca, bhikkhave, ariyo maggo? ","eng":"And what is the noble path? ","html":"{}"},"an10.145:1.7":{"pli":"Sammādiṭṭhi …pe… sammāvimutti—","eng":"Right view, right thought, right speech, right action, right livelihood, right effort, right mindfulness, right immersion, right knowledge, and right freedom. ","html":"{}"},"an10.145:1.8":{"pli":"ayaṃ vuccati, bhikkhave, ariyo maggo”ti. ","eng":"This is called the noble path.” ","html":"{}</p>"},"an10.145:1.9":{"pli":"Paṭhamaṃ. ","html":"<p class='endsutta'>{}</p></article>"}},"an10.146":{"an10.146:0.1":{"pli":"Aṅguttara Nikāya 10.146 ","eng":"Numbered Discourses 10.146 ","html":"<article id='an10.146'><header><ul><li class='division'>{}</li>"},"an10.146:0.2":{"pli":"15. Ariyavagga ","eng":"15. The Noble Path ","html":"<li>{}</li></ul>"},"an10.146:0.3":{"pli":"Kaṇhamaggasutta ","eng":"The Dark Path ","html":"<h1 class='sutta-title'>{}</h1></header>"},"an10.146:1.1":{"pli":"“Kaṇhamaggañca vo, bhikkhave, dhammaṃ desessāmi sukkamaggañca. ","eng":"“I will teach you the dark path and the bright path. … ","html":"<p>{}"},"an10.146:1.2":{"pli":"Taṃ suṇātha …pe… ","html":"{}"},"an10.146:1.3":{"pli":"katamo ca, bhikkhave, kaṇhamaggo? ","eng":"And what is the dark path? ","html":"{}"},"an10.146:1.4":{"pli":"Micchādiṭṭhi …pe… micchāvimutti—","eng":"Wrong view, wrong thought, wrong speech, wrong action, wrong livelihood, wrong effort, wrong mindfulness, wrong immersion, wrong knowledge, and wrong freedom. ","html":"{}"},"an10.146:1.5":{"pli":"ayaṃ vuccati, bhikkhave, kaṇhamaggo. ","eng":"This is called the dark path. ","html":"{}"},"an10.146:1.6":{"pli":"Katamo ca, bhikkhave, sukkamaggo? ","eng":"And what is the bright path? ","html":"{}"},"an10.146:1.7":{"pli":"Sammādiṭṭhi …pe… sammāvimutti—","eng":"Right view, right thought, right speech, right action, right livelihood, right effort, right mindfulness, right immersion, right knowledge, and right freedom. ","html":"{}"},"an10.146:1.8":{"pli":"ayaṃ vuccati, bhikkhave, sukkamaggo”ti. ","eng":"This is called the bright path.” ","html":"{}</p>"},"an10.146:1.9":{"pli":"Dutiyaṃ. ","html":"<p class='endsutta'>{}</p></article>"}},"an10.147":{"an10.147:0.1":{"pli":"Aṅguttara Nikāya 10.147 ","eng":"Numbered Discourses 10.147 ","html":"<article id='an10.147'><header><ul><li class='division'>{}</li>"},"an10.147:0.2":{"pli":"15. Ariyavagga ","eng":"15. The Noble Path ","html":"<li>{}</li></ul>"},"an10.147:0.3":{"pli":"Saddhammasutta ","eng":"The True Teaching ","html":"<h1 class='sutta-title'>{}</h1></header>"},"an10.147:1.1":{"pli":"“Saddhammañca vo, bhikkhave, dhammaṃ desessāmi asaddhammañca. ","eng":"“I will teach you what is the true teaching and what is not the true teaching. … ","html":"<p>{}"},"an10.147:1.2":{"pli":"Taṃ suṇātha …pe… ","html":"{}"},"an10.147:1.3":{"pli":"katamo ca, bhikkhave, asaddhammo? ","eng":"And what is not the true teaching? ","html":"{}"},"an10.147:1.4":{"pli":"Micchādiṭṭhi …pe… micchāvimutti—","eng":"Wrong view, wrong thought, wrong speech, wrong action, wrong livelihood, wrong effort, wrong mindfulness, wrong immersion, wrong knowledge, and wrong freedom. ","html":"{}"},"an10.147:1.5":{"pli":"ayaṃ vuccati, bhikkhave, asaddhammo. ","eng":"This is called what is not the true teaching. ","html":"{}"},"an10.147:1.6":{"pli":"Katamo ca, bhikkhave, saddhammo? ","eng":"And what is the true teaching? ","html":"{}"},"an10.147:1.7":{"pli":"Sammādiṭṭhi …pe… sammāvimutti—","eng":"Right view, right thought, right speech, right action, right livelihood, right effort, right mindfulness, right immersion, right knowledge, and right freedom. ","html":"{}"},"an10.147:1.8":{"pli":"ayaṃ vuccati, bhikkhave, saddhammo”ti. ","eng":"This is called the true teaching.” ","html":"{}</p>"},"an10.147:1.9":{"pli":"Tatiyaṃ. ","html":"<p class='endsutta'>{}</p></article>"}},"an10.148":{"an10.148:0.1":{"pli":"Aṅguttara Nikāya 10.148 ","eng":"Numbered Discourses 10.148 ","html":"<article id='an10.148'><header><ul><li class='division'>{}</li>"},"an10.148:0.2":{"pli":"15. Ariyavagga ","eng":"15. The Noble Path ","html":"<li>{}</li></ul>"},"an10.148:0.3":{"pli":"Sappurisadhammasutta ","eng":"The Teaching of the True Persons ","html":"<h1 class='sutta-title'>{}</h1></header>"},"an10.148:1.1":{"pli":"“Sappurisadhammañca vo, bhikkhave, desessāmi asappurisadhammañca. ","eng":"“Mendicants, I will teach you the teaching of the true persons and the teaching of the untrue persons. … ","html":"<p>{}"},"an10.148:1.2":{"pli":"Taṃ suṇātha …pe… ","html":"{}"},"an10.148:1.3":{"pli":"katamo ca, bhikkhave, asappurisadhammo? ","eng":"And what is the teaching of the untrue persons? ","html":"{}"},"an10.148:1.4":{"pli":"Micchādiṭṭhi …pe… micchāvimutti—","eng":"Wrong view, wrong thought, wrong speech, wrong action, wrong livelihood, wrong effort, wrong mindfulness, wrong immersion, wrong knowledge, and wrong freedom. ","html":"{}"},"an10.148:1.5":{"pli":"ayaṃ vuccati, bhikkhave, asappurisadhammo. ","eng":"This is the teaching of the untrue persons. ","html":"{}"},"an10.148:1.6":{"pli":"Katamo ca, bhikkhave, sappurisadhammo? ","eng":"And what is the teaching of the true persons? ","html":"{}"},"an10.148:1.7":{"pli":"Sammādiṭṭhi …pe… sammāvimutti—","eng":"Right view, right thought, right speech, right action, right livelihood, right effort, right mindfulness, right immersion, right knowledge, and right freedom. ","html":"{}"},"an10.148:1.8":{"pli":"ayaṃ vuccati, bhikkhave, sappurisadhammo”ti. ","eng":"This is the teaching of the true persons.” ","html":"{}</p>"},"an10.148:1.9":{"pli":"Catutthaṃ. ","html":"<p class='endsutta'>{}</p></article>"}},"an10.149":{"an10.149:0.1":{"pli":"Aṅguttara Nikāya 10.149 ","eng":"Numbered Discourses 10.149 ","html":"<article id='an10.149'><header><ul><li class='division'>{}</li>"},"an10.149:0.2":{"pli":"15. Ariyavagga ","eng":"15. The Noble Path ","html":"<li>{}</li></ul>"},"an10.149:0.3":{"pli":"Uppādetabbasutta ","eng":"Should Be Activated ","html":"<h1 class='sutta-title'>{}</h1></header>"},"an10.149:1.1":{"pli":"“Uppādetabbañca vo, bhikkhave, dhammaṃ desessāmi na uppādetabbañca. ","eng":"“I will teach you the principle to activate and the principle not to activate. … ","html":"<p>{}"},"an10.149:1.2":{"pli":"Taṃ suṇātha …pe… ","html":"{}"},"an10.149:1.3":{"pli":"katamo ca, bhikkhave, na uppādetabbo dhammo? ","eng":"And what is the principle not to activate? ","html":"{}"},"an10.149:1.4":{"pli":"Micchādiṭṭhi …pe… micchāvimutti—","eng":"Wrong view, wrong thought, wrong speech, wrong action, wrong livelihood, wrong effort, wrong mindfulness, wrong immersion, wrong knowledge, and wrong freedom. ","html":"{}"},"an10.149:1.5":{"pli":"ayaṃ vuccati, bhikkhave, na uppādetabbo dhammo. ","eng":"This is called the principle not to activate. ","html":"{}"},"an10.149:1.6":{"pli":"Katamo ca, bhikkhave, uppādetabbo dhammo? ","eng":"And what is the principle to activate? ","html":"{}"},"an10.149:1.7":{"pli":"Sammādiṭṭhi …pe… sammāvimutti—","eng":"Right view, right thought, right speech, right action, right livelihood, right effort, right mindfulness, right immersion, right knowledge, and right freedom. ","html":"{}"},"an10.149:1.8":{"pli":"ayaṃ vuccati, bhikkhave, uppādetabbo dhammo”ti. ","eng":"This is called the principle to activate.” ","html":"{}</p>"},"an10.149:1.9":{"pli":"Pañcamaṃ. ","html":"<p class='endsutta'>{}</p></article>"}},"an10.15":{"an10.15:0.1":{"pli":"Aṅguttara Nikāya 10.15 ","eng":"Numbered Discourses 10.15 ","html":"<article id='an10.15'><header><ul><li class='division'>{}</li>"},"an10.15:0.2":{"pli":"2. Nāthavagga ","eng":"2. A Protector ","html":"<li>{}</li></ul>"},"an10.15:0.3":{"pli":"Appamādasutta ","eng":"Diligence ","html":"<h1 class='sutta-title'>{}</h1></header>"},"an10.15:1.1":{"pli":"“Yāvatā, bhikkhave, sattā apadā vā dvipadā vā catuppadā vā bahuppadā vā rūpino vā arūpino vā saññino vā asaññino vā nevasaññināsaññino vā, tathāgato tesaṃ aggamakkhāyati arahaṃ sammāsambuddho; ","eng":"“Mendicants, the Realized One, the perfected one, the fully awakened Buddha, is said to be the best of all sentient beings—be they footless, with two feet, four feet, or many feet; with form or formless; with perception or without perception or with neither perception nor non-perception. ","html":"<p data-counter='1'>{}"},"an10.15:1.2":{"pli":"evamevaṃ kho, bhikkhave, ye keci kusalā dhammā, sabbe te appamādamūlakā appamādasamosaraṇā. Appamādo tesaṃ aggamakkhāyati. ","eng":"In the same way, all skillful qualities are rooted in diligence and meet at diligence, and diligence is said to be the best of them. ","html":"{}</p>"},"an10.15:2.1":{"pli":"Seyyathāpi, bhikkhave, yāni kānici jaṅgalānaṃ pāṇānaṃ padajātāni, sabbāni tāni hatthipade samodhānaṃ gacchanti, hatthipadaṃ tesaṃ aggamakkhāyati, yadidaṃ mahantattena; ","eng":"The footprints of all creatures that walk can fit inside an elephant’s footprint, so an elephant’s footprint is said to be the biggest of them all. ","html":"<p data-counter='2'>{}"},"an10.15:2.2":{"pli":"evamevaṃ kho, bhikkhave, ye keci kusalā dhammā, sabbe te appamādamūlakā appamādasamosaraṇā. Appamādo tesaṃ aggamakkhāyati. ","eng":"In the same way, all skillful qualities are rooted in diligence and meet at diligence, and diligence is said to be the best of them. ","html":"{}</p>"},"an10.15:3.1":{"pli":"Seyyathāpi, bhikkhave, kūṭāgārassa yā kāci gopānasiyo sabbā tā kūṭaṅgamā kūṭaninnā kūṭasamosaraṇā, kūṭo tāsaṃ aggamakkhāyati; ","eng":"The rafters of a bungalow all lean to the peak, slope to the peak, and meet at the peak, so the peak is said to be the topmost of them all. ","html":"<p data-counter='3'>{}"},"an10.15:3.2":{"pli":"evamevaṃ kho, bhikkhave, ye keci kusalā dhammā, sabbe te appamādamūlakā appamādasamosaraṇā. Appamādo tesaṃ aggamakkhāyati. ","eng":"In the same way, all skillful qualities are rooted in diligence and meet at diligence, and diligence is said to be the best of them. ","html":"{}</p>"},"an10.15:4.1":{"pli":"Seyyathāpi, bhikkhave, ye keci mūlagandhā, kāḷānusāriyaṃ tesaṃ aggamakkhāyati; ","eng":"Of all kinds of fragrant root, spikenard is said to be the best. ","html":"<p data-counter='4'>{}"},"an10.15:4.2":{"pli":"evamevaṃ kho, bhikkhave …pe…. ","eng":"In the same way … ","html":"{}</p>"},"an10.15:5.1":{"pli":"Seyyathāpi, bhikkhave, ye keci sāragandhā, lohitacandanaṃ tesaṃ aggamakkhāyati; ","eng":"Of all kinds of fragrant heartwood, red sandalwood is said to be the best. ","html":"<p data-counter='5'>{}"},"an10.15:5.2":{"pli":"evamevaṃ kho, bhikkhave …pe…. ","eng":"In the same way … ","html":"{}</p>"},"an10.15:6.1":{"pli":"Seyyathāpi, bhikkhave, ye keci pupphagandhā, vassikaṃ tesaṃ aggamakkhāyati; ","eng":"Of all kinds of fragrant flower, jasmine is said to be the best. ","html":"<p data-counter='6'>{}"},"an10.15:6.2":{"pli":"evamevaṃ kho, bhikkhave …pe…. ","eng":"In the same way … ","html":"{}</p>"},"an10.15:7.1":{"pli":"Seyyathāpi, bhikkhave, ye keci khuddarājāno, sabbe te rañño cakkavattissa anuyantā bhavanti, rājā tesaṃ cakkavattī aggamakkhāyati; ","eng":"All lesser kings are vassals of a wheel-turning monarch, so the wheel-turning monarch is said to be the foremost of them all. ","html":"<p data-counter='7'>{}"},"an10.15:7.2":{"pli":"evamevaṃ kho, bhikkhave …pe…. ","eng":"In the same way … ","html":"{}</p>"},"an10.15:8.1":{"pli":"Seyyathāpi, bhikkhave, yā kāci tārakarūpānaṃ pabhā, sabbā tā candappabhāya kalaṃ nāgghanti soḷasiṃ, candappabhā tāsaṃ aggamakkhāyati; ","eng":"The radiance of all the stars is not worth a sixteenth part of the moon’s radiance, so the moon’s radiance is said to be the best of them all. ","html":"<p data-counter='8'>{}"},"an10.15:8.2":{"pli":"evamevaṃ kho, bhikkhave …pe…. ","eng":"In the same way … ","html":"{}</p>"},"an10.15:9.1":{"pli":"Seyyathāpi, bhikkhave, saradasamaye viddhe vigatavalāhake deve ādicco nabhaṃ abbhussakkamāno sabbaṃ ākāsagataṃ tamagataṃ abhivihacca bhāsate ca tapate ca virocati ca; ","eng":"In the autumn the heavens are sunny and cloudless. And as the sun is rising to the firmament, having dispelled all the darkness of space, it shines and glows and radiates. ","html":"<p data-counter='9'>{}"},"an10.15:9.2":{"pli":"evamevaṃ kho, bhikkhave …pe…. ","eng":"In the same way … ","html":"{}</p>"},"an10.15:10.1":{"pli":"Seyyathāpi, bhikkhave, yā kāci mahānadiyo, seyyathidaṃ—gaṅgā, yamunā, aciravatī, sarabhū, mahī, sabbā tā samuddaṅgamā samuddaninnā samuddapoṇā samuddapabbhārā, mahāsamuddo tāsaṃ aggamakkhāyati; ","eng":"All the great rivers—that is, the Ganges, Yamunā, Aciravatī, Sarabhū, and Mahī—flow, slant, slope, and incline towards the ocean, and the ocean is said to be the greatest of them. ","html":"<p data-counter='10'>{}"},"an10.15:10.2":{"pli":"evamevaṃ kho, bhikkhave, ye keci kusalā dhammā, sabbe te appamādamūlakā appamādasamosaraṇā. Appamādo tesaṃ aggamakkhāyatī”ti. ","eng":"In the same way, all skillful qualities are rooted in diligence and meet at diligence, and diligence is said to be the best of them.” ","html":"{}</p>"},"an10.15:10.3":{"pli":"Pañcamaṃ. ","html":"<p class='endsutta'>{}</p></article>"}},"an10.150":{"an10.150:0.1":{"pli":"Aṅguttara Nikāya 10.150 ","eng":"Numbered Discourses 10.150 ","html":"<article id='an10.150'><header><ul><li class='division'>{}</li>"},"an10.150:0.2":{"pli":"15. Ariyavagga ","eng":"15. The Noble Path ","html":"<li>{}</li></ul>"},"an10.150:0.3":{"pli":"Āsevitabbasutta ","eng":"Should Be Cultivated ","html":"<h1 class='sutta-title'>{}</h1></header>"},"an10.150:1.1":{"pli":"“Āsevitabbañca vo, bhikkhave, dhammaṃ desessāmi na āsevitabbañca. ","eng":"“I will teach you the principle to cultivate and the principle not to cultivate. … ","html":"<p>{}"},"an10.150:1.2":{"pli":"Taṃ suṇātha …pe… ","html":"{}"},"an10.150:1.3":{"pli":"katamo ca, bhikkhave, na āsevitabbo dhammo? ","eng":"And what is the principle not to cultivate? ","html":"{}"},"an10.150:1.4":{"pli":"Micchādiṭṭhi …pe… micchāvimutti—","eng":"Wrong view, wrong thought, wrong speech, wrong action, wrong livelihood, wrong effort, wrong mindfulness, wrong immersion, wrong knowledge, and wrong freedom. ","html":"{}"},"an10.150:1.5":{"pli":"ayaṃ vuccati, bhikkhave, na āsevitabbo dhammo. ","eng":"This is called the principle not to cultivate. ","html":"{}"},"an10.150:1.6":{"pli":"Katamo ca, bhikkhave, āsevitabbo dhammo? ","eng":"And what is the principle to cultivate? ","html":"{}"},"an10.150:1.7":{"pli":"Sammādiṭṭhi …pe… sammāvimutti—","eng":"Right view, right thought, right speech, right action, right livelihood, right effort, right mindfulness, right immersion, right knowledge, and right freedom. ","html":"{}"},"an10.150:1.8":{"pli":"ayaṃ vuccati, bhikkhave, āsevitabbo dhammo”ti. ","eng":"This is called the principle to cultivate.” ","html":"{}</p>"},"an10.150:1.9":{"pli":"Chaṭṭhaṃ. ","html":"<p class='endsutta'>{}</p></article>"}},"an10.151":{"an10.151:0.1":{"pli":"Aṅguttara Nikāya 10.151 ","eng":"Numbered Discourses 10.151 ","html":"<article id='an10.151'><header><ul><li class='division'>{}</li>"},"an10.151:0.2":{"pli":"15. Ariyavagga ","eng":"15. The Noble Path ","html":"<li>{}</li></ul>"},"an10.151:0.3":{"pli":"Bhāvetabbasutta ","eng":"Should Be Developed ","html":"<h1 class='sutta-title'>{}</h1></header>"},"an10.151:1.1":{"pli":"“Bhāvetabbañca vo, bhikkhave, dhammaṃ desessāmi na bhāvetabbañca. ","eng":"“I will teach you the principle to develop and the principle not to develop. … ","html":"<p>{}"},"an10.151:1.2":{"pli":"Taṃ suṇātha …pe… ","html":"{}"},"an10.151:1.3":{"pli":"katamo ca, bhikkhave, na bhāvetabbo dhammo? ","eng":"And what is the principle not to develop? ","html":"{}"},"an10.151:1.4":{"pli":"Micchādiṭṭhi …pe… micchāvimutti—","eng":"Wrong view, wrong thought, wrong speech, wrong action, wrong livelihood, wrong effort, wrong mindfulness, wrong immersion, wrong knowledge, and wrong freedom. ","html":"{}"},"an10.151:1.5":{"pli":"ayaṃ vuccati, bhikkhave, na bhāvetabbo dhammo. ","eng":"This is called the principle not to develop. ","html":"{}"},"an10.151:1.6":{"pli":"Katamo ca, bhikkhave, bhāvetabbo dhammo? ","eng":"And what is the principle to develop? ","html":"{}"},"an10.151:1.7":{"pli":"Sammādiṭṭhi …pe… sammāvimutti—","eng":"Right view, right thought, right speech, right action, right livelihood, right effort, right mindfulness, right immersion, right knowledge, and right freedom. ","html":"{}"},"an10.151:1.8":{"pli":"ayaṃ vuccati, bhikkhave, bhāvetabbo dhammo”ti. ","eng":"This is called the principle to develop.” ","html":"{}</p>"},"an10.151:1.9":{"pli":"Sattamaṃ. ","html":"<p class='endsutta'>{}</p></article>"}},"an10.152":{"an10.152:0.1":{"pli":"Aṅguttara Nikāya 10.152 ","eng":"Numbered Discourses 10.152 ","html":"<article id='an10.152'><header><ul><li class='division'>{}</li>"},"an10.152:0.2":{"pli":"15. Ariyavagga ","eng":"15. The Noble Path ","html":"<li>{}</li></ul>"},"an10.152:0.3":{"pli":"Bahulīkātabbasutta ","eng":"Should Be Made Much Of ","html":"<h1 class='sutta-title'>{}</h1></header>"},"an10.152:1.1":{"pli":"“Bahulīkātabbañca vo, bhikkhave, dhammaṃ desessāmi na bahulīkātabbañca. ","eng":"“I will teach you the principle to make much of and the principle not to make much of. … ","html":"<p>{}"},"an10.152:1.2":{"pli":"Taṃ suṇātha …pe… ","html":"{}"},"an10.152:1.3":{"pli":"katamo ca, bhikkhave, na bahulīkātabbo dhammo? ","eng":"And what is the principle not to make much of? ","html":"{}"},"an10.152:1.4":{"pli":"Micchādiṭṭhi …pe… micchāvimutti—","eng":"Wrong view, wrong thought, wrong speech, wrong action, wrong livelihood, wrong effort, wrong mindfulness, wrong immersion, wrong knowledge, and wrong freedom. ","html":"{}"},"an10.152:1.5":{"pli":"ayaṃ vuccati, bhikkhave, na bahulīkātabbo dhammo. ","eng":"This is called the principle not to make much of. ","html":"{}"},"an10.152:1.6":{"pli":"Katamo ca, bhikkhave, bahulīkātabbo dhammo? ","eng":"And what is the principle to make much of? ","html":"{}"},"an10.152:1.7":{"pli":"Sammādiṭṭhi …pe… sammāvimutti—","eng":"Right view, right thought, right speech, right action, right livelihood, right effort, right mindfulness, right immersion, right knowledge, and right freedom. ","html":"{}"},"an10.152:1.8":{"pli":"ayaṃ vuccati, bhikkhave, bahulīkātabbo dhammo”ti. ","eng":"This is called the principle to make much of.” ","html":"{}</p>"},"an10.152:1.9":{"pli":"Aṭṭhamaṃ. ","html":"<p class='endsutta'>{}</p></article>"}},"an10.153":{"an10.153:0.1":{"pli":"Aṅguttara Nikāya 10.153 ","eng":"Numbered Discourses 10.153 ","html":"<article id='an10.153'><header><ul><li class='division'>{}</li>"},"an10.153:0.2":{"pli":"15. Ariyavagga ","eng":"15. The Noble Path ","html":"<li>{}</li></ul>"},"an10.153:0.3":{"pli":"Anussaritabbasutta ","eng":"Should Be Recollected ","html":"<h1 class='sutta-title'>{}</h1></header>"},"an10.153:1.1":{"pli":"“Anussaritabbañca vo, bhikkhave, dhammaṃ desessāmi na anussaritabbañca. ","eng":"“I will teach you the principle to recollect and the principle not to recollect. … ","html":"<p>{}"},"an10.153:1.2":{"pli":"Taṃ suṇātha …pe… ","html":"{}"},"an10.153:1.3":{"pli":"katamo ca, bhikkhave, na anussaritabbo dhammo? ","eng":"And what is the principle not to recollect? ","html":"{}"},"an10.153:1.4":{"pli":"Micchādiṭṭhi …pe… micchāvimutti—","eng":"Wrong view, wrong thought, wrong speech, wrong action, wrong livelihood, wrong effort, wrong mindfulness, wrong immersion, wrong knowledge, and wrong freedom. ","html":"{}"},"an10.153:1.5":{"pli":"ayaṃ vuccati, bhikkhave, na anussaritabbo dhammo. ","eng":"This is called the principle not to recollect. ","html":"{}"},"an10.153:1.6":{"pli":"Katamo ca, bhikkhave, anussaritabbo dhammo? ","eng":"And what is the principle to recollect? ","html":"{}"},"an10.153:1.7":{"pli":"Sammādiṭṭhi …pe… sammāvimutti—","eng":"Right view, right thought, right speech, right action, right livelihood, right effort, right mindfulness, right immersion, right knowledge, and right freedom. ","html":"{}"},"an10.153:1.8":{"pli":"ayaṃ vuccati, bhikkhave, anussaritabbo dhammo”ti. ","eng":"This is called the principle to recollect.” ","html":"{}</p>"},"an10.153:1.9":{"pli":"Navamaṃ. ","html":"<p class='endsutta'>{}</p></article>"}},"an10.154":{"an10.154:0.1":{"pli":"Aṅguttara Nikāya 10.154 ","eng":"Numbered Discourses 10.154 ","html":"<article id='an10.154'><header><ul><li class='division'>{}</li>"},"an10.154:0.2":{"pli":"15. Ariyavagga ","eng":"15. The Noble Path ","html":"<li>{}</li></ul>"},"an10.154:0.3":{"pli":"Sacchikātabbasutta ","eng":"Should Be Realized ","html":"<h1 class='sutta-title'>{}</h1></header>"},"an10.154:1.1":{"pli":"“Sacchikātabbañca vo, bhikkhave, dhammaṃ desessāmi na sacchikātabbañca. ","eng":"“I will teach you the principle to realize and the principle not to realize. … ","html":"<p>{}"},"an10.154:1.2":{"pli":"Taṃ suṇātha …pe… ","html":"{}"},"an10.154:1.3":{"pli":"katamo ca, bhikkhave, na sacchikātabbo dhammo? ","eng":"And what is the principle not to realize? ","html":"{}"},"an10.154:1.4":{"pli":"Micchādiṭṭhi …pe… micchāvimutti—","eng":"Wrong view, wrong thought, wrong speech, wrong action, wrong livelihood, wrong effort, wrong mindfulness, wrong immersion, wrong knowledge, and wrong freedom. ","html":"{}"},"an10.154:1.5":{"pli":"ayaṃ vuccati, bhikkhave, na sacchikātabbo dhammo. ","eng":"This is called the principle not to realize. ","html":"{}"},"an10.154:1.6":{"pli":"Katamo ca, bhikkhave, sacchikātabbo dhammo? ","eng":"And what is the principle to realize? ","html":"{}"},"an10.154:1.7":{"pli":"Sammādiṭṭhi …pe… sammāvimutti—","eng":"Right view, right thought, right speech, right action, right livelihood, right effort, right mindfulness, right immersion, right knowledge, and right freedom. ","html":"{}"},"an10.154:1.8":{"pli":"ayaṃ vuccati, bhikkhave, sacchikātabbo dhammo”ti. ","eng":"This is called the principle to realize.” ","html":"{}</p>"},"an10.154:1.9":{"pli":"Dasamaṃ. ","html":"<p class='endsutta'>{}</p>"},"an10.154:1.10":{"pli":"Ariyavaggo pañcamo. ","html":"<p class='endvagga'>{}</p>"},"an10.154:1.11":{"pli":"Tatiyo paṇṇāsako samatto. ","html":"<p class='endbook'>{}</p></article>"}}}