{"an10.44":{"an10.44:0.1":{"pli":"Aṅguttara Nikāya 10.44 ","eng":"Numbered Discourses 10.44 ","html":"<article id='an10.44'><header><ul><li class='division'>{}</li>"},"an10.44:0.2":{"pli":"5. Akkosavagga ","eng":"5. Abuse ","html":"<li>{}</li></ul>"},"an10.44:0.3":{"pli":"Kusinārasutta ","eng":"At Kusinārā ","html":"<h1 class='sutta-title'>{}</h1></header>"},"an10.44:1.1":{"pli":"Ekaṃ samayaṃ bhagavā kusinārāyaṃ viharati baliharaṇe vanasaṇḍe. ","eng":"At one time the Buddha was staying near Kusinārā, in the Forest of Offerings. ","html":"<p>{}"},"an10.44:1.2":{"pli":"Tatra kho bhagavā bhikkhū āmantesi: ","eng":"There the Buddha addressed the mendicants, ","html":"{}"},"an10.44:1.3":{"pli":"“bhikkhavo”ti. ","eng":"“Mendicants!” ","html":"{}</p>"},"an10.44:1.4":{"pli":"“Bhadante”ti te bhikkhū bhagavato paccassosuṃ. ","eng":"“Venerable sir,” they replied. ","html":"<p>{}"},"an10.44:1.5":{"pli":"Bhagavā etadavoca: ","eng":"The Buddha said this: ","html":"{}</p>"},"an10.44:2.1":{"pli":"“Codakena, bhikkhave, bhikkhunā paraṃ codetukāmena pañca dhamme ajjhattaṃ paccavekkhitvā pañca dhamme ajjhattaṃ upaṭṭhāpetvā paro codetabbo. ","eng":"“Mendicants, a mendicant who wants to accuse another should first check five things in themselves and establish five things in themselves. ","html":"<p>{}"},"an10.44:2.2":{"pli":"Katame pañca dhammā ajjhattaṃ paccavekkhitabbā? ","eng":"What five things should they check in themselves? ","html":"{}"},"an10.44:2.3":{"pli":"Codakena, bhikkhave, bhikkhunā paraṃ codetukāmena evaṃ paccavekkhitabbaṃ: ","eng":"A mendicant who wants to accuse another should check this: ","html":"{}"},"an10.44:2.4":{"pli":"‘parisuddhakāyasamācāro nu khomhi, parisuddhenamhi kāyasamācārena samannāgato acchiddena appaṭimaṃsena. ","eng":"‘Is my bodily behavior pure? Do I have pure bodily behavior that is impeccable and irreproachable? ","html":"{}"},"an10.44:2.5":{"pli":"Saṃvijjati nu kho me eso dhammo udāhu no’ti? ","eng":"Is this thing found in me or not?’ ","html":"{}"},"an10.44:2.6":{"pli":"No ce, bhikkhave, bhikkhu parisuddhakāyasamācāro hoti parisuddhena kāyasamācārena samannāgato acchiddena appaṭimaṃsena, tassa bhavanti vattāro: ","eng":"If it’s not, there will be people who say: ","html":"{}"},"an10.44:2.7":{"pli":"‘iṅgha tāva āyasmā kāyikaṃ sikkhassū’ti, itissa bhavanti vattāro. ","eng":"‘Come on, venerable, train your own bodily behavior first.’ ","html":"{}</p>"},"an10.44:3.1":{"pli":"Puna caparaṃ, bhikkhave, codakena bhikkhunā paraṃ codetukāmena evaṃ paccavekkhitabbaṃ: ","eng":"Furthermore, a mendicant who wants to accuse another should check this: ","html":"<p>{}"},"an10.44:3.2":{"pli":"‘parisuddhavacīsamācāro nu khomhi, parisuddhenamhi vacīsamācārena samannāgato acchiddena appaṭimaṃsena. ","eng":"‘Is my verbal behavior pure? Do I have pure verbal behavior that is impeccable and irreproachable? ","html":"{}"},"an10.44:3.3":{"pli":"Saṃvijjati nu kho me eso dhammo udāhu no’ti? ","eng":"Is this thing found in me or not?’ ","html":"{}"},"an10.44:3.4":{"pli":"No ce, bhikkhave, bhikkhu parisuddhavacīsamācāro hoti parisuddhena vacīsamācārena samannāgato acchiddena appaṭimaṃsena, tassa bhavanti vattāro: ","eng":"If it’s not, there will be people who say: ","html":"{}"},"an10.44:3.5":{"pli":"‘iṅgha tāva āyasmā vācasikaṃ sikkhassū’ti, itissa bhavanti vattāro. ","eng":"‘Come on, venerable, train your own verbal behavior first.’ ","html":"{}</p>"},"an10.44:4.1":{"pli":"Puna caparaṃ, bhikkhave, codakena bhikkhunā paraṃ codetukāmena evaṃ paccavekkhitabbaṃ: ","eng":"Furthermore, a mendicant who wants to accuse another should check this: ","html":"<p>{}"},"an10.44:4.2":{"pli":"‘mettaṃ nu kho me cittaṃ paccupaṭṭhitaṃ sabrahmacārīsu anāghātaṃ. ","eng":"‘Is my heart established in love for my spiritual companions, without resentment? ","html":"{}"},"an10.44:4.3":{"pli":"Saṃvijjati nu kho me eso dhammo udāhu no’ti? ","eng":"Is this thing found in me or not?’ ","html":"{}"},"an10.44:4.4":{"pli":"No ce, bhikkhave, bhikkhuno mettaṃ cittaṃ paccupaṭṭhitaṃ hoti sabrahmacārīsu anāghātaṃ, tassa bhavanti vattāro: ","eng":"If it’s not, there will be people who say: ","html":"{}"},"an10.44:4.5":{"pli":"‘iṅgha tāva āyasmā sabrahmacārīsu mettaṃ cittaṃ upaṭṭhāpehī’ti, itissa bhavanti vattāro. ","eng":"‘Come on, venerable, establish your heart in love for your spiritual companions first.’ ","html":"{}</p>"},"an10.44:5.1":{"pli":"Puna caparaṃ, bhikkhave, codakena bhikkhunā paraṃ codetukāmena evaṃ paccavekkhitabbaṃ: ","eng":"Furthermore, a mendicant who wants to accuse another should check this: ","html":"<p>{}"},"an10.44:5.2":{"pli":"‘bahussuto nu khomhi sutadharo sutasannicayo, ye te dhammā ādikalyāṇā majjhekalyāṇā pariyosānakalyāṇā sātthaṃ sabyañjanaṃ kevalaparipuṇṇaṃ parisuddhaṃ brahmacariyaṃ abhivadanti, tathārūpā me dhammā bahussutā honti dhātā vacasā paricitā manasānupekkhitā diṭṭhiyā suppaṭividdhā. ","eng":"‘Am I very learned, remembering and keeping what I’ve learned? These teachings are good in the beginning, good in the middle, and good in the end, meaningful and well-phrased, describing a spiritual practice that’s entirely full and pure. Am I very learned in such teachings, remembering them, rehearsing them, mentally scrutinizing them, and penetrating them theoretically? ","html":"{}"},"an10.44:5.3":{"pli":"Saṃvijjati nu kho me eso dhammo udāhu no’ti? ","eng":"Is this thing found in me or not?’ ","html":"{}"},"an10.44:5.4":{"pli":"No ce, bhikkhave, bhikkhu bahussuto hoti sutadharo sutasannicayo, ye te dhammā ādikalyāṇā majjhekalyāṇā pariyosānakalyāṇā sātthaṃ sabyañjanaṃ kevalaparipuṇṇaṃ parisuddhaṃ brahmacariyaṃ abhivadanti, tathārūpāssa dhammā bahussutā honti dhātā vacasā paricitā manasānupekkhitā diṭṭhiyā suppaṭividdhā, tassa bhavanti vattāro: ","eng":"If it’s not, there will be people who say: ","html":"{}"},"an10.44:5.5":{"pli":"‘iṅgha tāva āyasmā āgamaṃ pariyāpuṇassū’ti, itissa bhavanti vattāro. ","eng":"‘Come on, venerable, memorize the scriptures first.’ ","html":"{}</p>"},"an10.44:6.1":{"pli":"Puna caparaṃ, bhikkhave, codakena bhikkhunā paraṃ codetukāmena evaṃ paccavekkhitabbaṃ: ","eng":"Furthermore, a mendicant who wants to accuse another should check this: ","html":"<p>{}"},"an10.44:6.2":{"pli":"‘ubhayāni kho pana me pātimokkhāni vitthārena svāgatāni honti suvibhattāni suppavattīni suvinicchitāni suttaso anubyañjanaso. ","eng":"‘Have both monastic codes been passed down to me in detail, well analyzed, well mastered, and well evaluated in both the rules and accompanying material? ","html":"{}"},"an10.44:6.3":{"pli":"Saṃvijjati nu kho me eso dhammo udāhu no’ti? ","eng":"Is this thing found in me or not?’ ","html":"{}"},"an10.44:6.4":{"pli":"No ce, bhikkhave, bhikkhuno ubhayāni pātimokkhāni vitthārena svāgatāni honti suvibhattāni suppavattīni suvinicchitāni suttaso anubyañjanaso, ‘idaṃ panāyasmā, kattha vuttaṃ bhagavatā’ti, iti puṭṭho na sampāyissati. ","eng":"If it’s not, and if they are unable to respond when asked “Venerable, where was this spoken by the Buddha?” there will be people who say: ","html":"{}"},"an10.44:6.5":{"pli":"Tassa bhavanti vattāro: ","html":"{}"},"an10.44:6.6":{"pli":"‘iṅgha tāva āyasmā vinayaṃ sikkhassū’ti, itissa bhavanti vattāro. ","eng":"‘Come on, venerable, train in the monastic code first.’ ","html":"{}"},"an10.44:6.7":{"pli":"Ime pañca dhammā ajjhattaṃ paccavekkhitabbā. ","eng":"These are the five things they should check in themselves. ","html":"{}</p>"},"an10.44:7.1":{"pli":"Katame pañca dhammā ajjhattaṃ upaṭṭhāpetabbā? ","eng":"What five things should they establish in themselves? ","html":"<p>{}"},"an10.44:7.2":{"pli":"‘Kālena vakkhāmi, no akālena; ","eng":"‘I will speak at the right time, not at the wrong time. ","html":"{}"},"an10.44:7.3":{"pli":"bhūtena vakkhāmi, no abhūtena; ","eng":"I will speak truthfully, not falsely. ","html":"{}"},"an10.44:7.4":{"pli":"saṇhena vakkhāmi, no pharusena; ","eng":"I will speak gently, not harshly. ","html":"{}"},"an10.44:7.5":{"pli":"atthasaṃhitena vakkhāmi, no anatthasaṃhitena; ","eng":"I will speak beneficially, not harmfully. ","html":"{}"},"an10.44:7.6":{"pli":"mettacitto vakkhāmi, no dosantaro’ti—","eng":"I will speak lovingly, not from secret hate.’ ","html":"{}"},"an10.44:7.7":{"pli":"ime pañca dhammā ajjhattaṃ upaṭṭhāpetabbā. ","eng":"These are the five things they should establish in themselves. ","html":"{}"},"an10.44:7.8":{"pli":"Codakena, bhikkhave, bhikkhunā paraṃ codetukāmena ime pañca dhamme ajjhattaṃ paccavekkhitvā ime pañca dhamme ajjhattaṃ upaṭṭhāpetvā paro codetabbo”ti. ","eng":"A mendicant who wants to accuse another should first check these five things in themselves and establish these five things in themselves.” ","html":"{}</p>"},"an10.44:7.9":{"pli":"Catutthaṃ. ","html":"<p class='endsutta'>{}</p></article>"}},"an10.45":{"an10.45:0.1":{"pli":"Aṅguttara Nikāya 10.45 ","eng":"Numbered Discourses 10.45 ","html":"<article id='an10.45'><header><ul><li class='division'>{}</li>"},"an10.45:0.2":{"pli":"5. Akkosavagga ","eng":"5. Abuse ","html":"<li>{}</li></ul>"},"an10.45:0.3":{"pli":"Rājantepurappavesanasutta ","eng":"Entering a Royal Compound ","html":"<h1 class='sutta-title'>{}</h1></header>"},"an10.45:1.1":{"pli":"“Dasayime, bhikkhave, ādīnavā rājantepurappavesane. ","eng":"“Mendicants, there are ten drawbacks to entering a royal compound. ","html":"<p>{}"},"an10.45:1.2":{"pli":"Katame dasa? ","eng":"What ten? ","html":"{}</p>"},"an10.45:1.3":{"pli":"Idha, bhikkhave, rājā mahesiyā saddhiṃ nisinno hoti. ","eng":"Firstly, a king is sitting with his chief queen ","html":"<p data-counter='1'>{}"},"an10.45:1.4":{"pli":"Tatra bhikkhu pavisati. ","eng":"when a monk enters. ","html":"{}"},"an10.45:1.5":{"pli":"Mahesī vā bhikkhuṃ disvā sitaṃ pātukaroti, bhikkhu vā mahesiṃ disvā sitaṃ pātukaroti. ","eng":"When the queen sees the monk she smiles, or when the monk sees the queen he smiles. ","html":"{}"},"an10.45:1.6":{"pli":"Tattha rañño evaṃ hoti: ","eng":"So the king thinks: ","html":"{}"},"an10.45:1.7":{"pli":"‘addhā imesaṃ kataṃ vā karissanti vā’ti. ","eng":"‘They’ve done it for sure, or they will do it.’ ","html":"{}"},"an10.45:1.8":{"pli":"Ayaṃ, bhikkhave, paṭhamo ādīnavo rājantepurappavesane. ","eng":"This is the first drawback of entering a royal compound. ","html":"{}</p>"},"an10.45:2.1":{"pli":"Puna caparaṃ, bhikkhave, rājā bahukicco bahukaraṇīyo aññataraṃ itthiṃ gantvā na sarati: ","eng":"Furthermore, a king has many duties, and much to do. He has sex with one of the women but doesn’t remember. ","html":"<p data-counter='2'>{}"},"an10.45:2.2":{"pli":"‘sā tena gabbhaṃ gaṇhāti’. ","eng":"She gets pregnant from that. ","html":"{}"},"an10.45:2.3":{"pli":"Tattha rañño evaṃ hoti: ","eng":"So the king thinks: ","html":"{}"},"an10.45:2.4":{"pli":"‘na kho idha añño koci pavisati, aññatra pabbajitena. ","eng":"‘No-one else has entered here, except for that monk. ","html":"{}"},"an10.45:2.5":{"pli":"Siyā nu kho pabbajitassa kamman’ti. ","eng":"Could this be the monk’s doing?’ ","html":"{}"},"an10.45:2.6":{"pli":"Ayaṃ, bhikkhave, dutiyo ādīnavo rājantepurappavesane. ","eng":"This is the second drawback of entering a royal compound. ","html":"{}</p>"},"an10.45:3.1":{"pli":"Puna caparaṃ, bhikkhave, rañño antepure aññataraṃ ratanaṃ nassati. ","eng":"Furthermore, a gem is lost somewhere in the royal compound. ","html":"<p data-counter='3'>{}"},"an10.45:3.2":{"pli":"Tattha rañño evaṃ hoti: ","eng":"So the king thinks: ","html":"{}"},"an10.45:3.3":{"pli":"‘na kho idha añño koci pavisati, aññatra pabbajitena. ","eng":"‘No-one else has entered here, except for that monk. ","html":"{}"},"an10.45:3.4":{"pli":"Siyā nu kho pabbajitassa kamman’ti. ","eng":"Could this be the monk’s doing?’ ","html":"{}"},"an10.45:3.5":{"pli":"Ayaṃ, bhikkhave, tatiyo ādīnavo rājantepurappavesane. ","eng":"This is the third drawback of entering a royal compound. ","html":"{}</p>"},"an10.45:4.1":{"pli":"Puna caparaṃ, bhikkhave, rañño antepure abbhantarā guyhamantā bahiddhā sambhedaṃ gacchanti. ","eng":"Furthermore, secret deliberations in the royal compound are leaked outside. ","html":"<p data-counter='4'>{}"},"an10.45:4.2":{"pli":"Tattha rañño evaṃ hoti: ","eng":"So the king thinks: ","html":"{}"},"an10.45:4.3":{"pli":"‘na kho idha añño koci pavisati, aññatra pabbajitena. ","eng":"‘No-one else has entered here, except for that monk. ","html":"{}"},"an10.45:4.4":{"pli":"Siyā nu kho pabbajitassa kamman’ti. ","eng":"Could this be the monk’s doing?’ ","html":"{}"},"an10.45:4.5":{"pli":"Ayaṃ, bhikkhave, catuttho ādīnavo rājantepurappavesane. ","eng":"This is the fourth drawback of entering a royal compound. ","html":"{}</p>"},"an10.45:5.1":{"pli":"Puna caparaṃ, bhikkhave, rañño antepure pitā vā puttaṃ pattheti putto vā pitaraṃ pattheti. ","eng":"Furthermore, in a royal compound, a father longs for their son, or a son longs for his father. ","html":"<p data-counter='5'>{}"},"an10.45:5.2":{"pli":"Tesaṃ evaṃ hoti: ","eng":"They think: ","html":"{}"},"an10.45:5.3":{"pli":"‘na kho idha añño koci pavisati, aññatra pabbajitena. ","eng":"‘No-one else has entered here, except for that monk. ","html":"{}"},"an10.45:5.4":{"pli":"Siyā nu kho pabbajitassa kamman’ti. ","eng":"Could this be the monk’s doing?’ ","html":"{}"},"an10.45:5.5":{"pli":"Ayaṃ, bhikkhave, pañcamo ādīnavo rājantepurappavesane. ","eng":"This is the fifth drawback of entering a royal compound. ","html":"{}</p>"},"an10.45:6.1":{"pli":"Puna caparaṃ, bhikkhave, rājā nīcaṭṭhāniyaṃ ucce ṭhāne ṭhapeti. ","eng":"Furthermore, the king promotes someone to a higher position. ","html":"<p data-counter='6'>{}"},"an10.45:6.2":{"pli":"Yesaṃ taṃ amanāpaṃ tesaṃ evaṃ hoti: ","eng":"Those who are upset by this think: ","html":"{}"},"an10.45:6.3":{"pli":"‘rājā kho pabbajitena saṃsaṭṭho. ","eng":"‘The king is close to that monk. ","html":"{}"},"an10.45:6.4":{"pli":"Siyā nu kho pabbajitassa kamman’ti. ","eng":"Could this be the monk’s doing?’ ","html":"{}"},"an10.45:6.5":{"pli":"Ayaṃ, bhikkhave, chaṭṭho ādīnavo rājantepurappavesane. ","eng":"This is the sixth drawback of entering a royal compound. ","html":"{}</p>"},"an10.45:7.1":{"pli":"Puna caparaṃ, bhikkhave, rājā uccaṭṭhāniyaṃ nīce ṭhāne ṭhapeti. ","eng":"Furthermore, the king demotes someone to a lower position. ","html":"<p data-counter='7'>{}"},"an10.45:7.2":{"pli":"Yesaṃ taṃ amanāpaṃ tesaṃ evaṃ hoti: ","eng":"Those who are upset by this think: ","html":"{}"},"an10.45:7.3":{"pli":"‘rājā kho pabbajitena saṃsaṭṭho. ","eng":"‘The king is close to that monk. ","html":"{}"},"an10.45:7.4":{"pli":"Siyā nu kho pabbajitassa kamman’ti. ","eng":"Could this be the monk’s doing?’ ","html":"{}"},"an10.45:7.5":{"pli":"Ayaṃ, bhikkhave, sattamo ādīnavo rājantepurappavesane. ","eng":"This is the seventh drawback of entering a royal compound. ","html":"{}</p>"},"an10.45:8.1":{"pli":"Puna caparaṃ, bhikkhave, rājā akāle senaṃ uyyojeti. ","eng":"Furthermore, the king dispatches the army at the wrong time. ","html":"<p data-counter='8'>{}"},"an10.45:8.2":{"pli":"Yesaṃ taṃ amanāpaṃ tesaṃ evaṃ hoti: ","eng":"Those who are upset by this think: ","html":"{}"},"an10.45:8.3":{"pli":"‘rājā kho pabbajitena saṃsaṭṭho. ","eng":"‘The king is close to that monk. ","html":"{}"},"an10.45:8.4":{"pli":"Siyā nu kho pabbajitassa kamman’ti. ","eng":"Could this be the monk’s doing?’ ","html":"{}"},"an10.45:8.5":{"pli":"Ayaṃ, bhikkhave, aṭṭhamo ādīnavo rājantepurappavesane. ","eng":"This is the eighth drawback of entering a royal compound. ","html":"{}</p>"},"an10.45:9.1":{"pli":"Puna caparaṃ, bhikkhave, rājā kāle senaṃ uyyojetvā antarāmaggato nivattāpeti. ","eng":"Furthermore, the king dispatches the army at the right time, but orders it to turn back while still on the road. ","html":"<p data-counter='9'>{}"},"an10.45:9.2":{"pli":"Yesaṃ taṃ amanāpaṃ tesaṃ evaṃ hoti: ","eng":"Those who are upset by this think: ","html":"{}"},"an10.45:9.3":{"pli":"‘rājā kho pabbajitena saṃsaṭṭho. ","eng":"‘The king is close to that monk. ","html":"{}"},"an10.45:9.4":{"pli":"Siyā nu kho pabbajitassa kamman’ti. ","eng":"Could this be the monk’s doing?’ ","html":"{}"},"an10.45:9.5":{"pli":"Ayaṃ, bhikkhave, navamo ādīnavo rājantepurappavesane. ","eng":"This is the ninth drawback of entering a royal compound. ","html":"{}</p>"},"an10.45:10.1":{"pli":"Puna caparaṃ, bhikkhave, rañño antepuraṃ hatthisammaddaṃ assasammaddaṃ rathasammaddaṃ rajanīyāni rūpasaddagandharasaphoṭṭhabbāni, yāni na pabbajitassa sāruppāni. ","eng":"Furthermore, in the royal compound there is a trampling of elephants, horses, and chariots, as well as arousing sights, sounds, smells, tastes, and touches that do not befit a monk. ","html":"<p>{}"},"an10.45:10.2":{"pli":"Ayaṃ, bhikkhave, dasamo ādīnavo rājantepurappavesane. ","eng":"This is the tenth drawback of entering a royal compound. ","html":"{}</p>"},"an10.45:10.3":{"pli":"Ime kho, bhikkhave, dasa ādīnavā rājantepurappavesane”ti. ","eng":"These are the ten drawbacks of entering a royal compound.” ","html":"<p data-counter='10'>{}</p>"},"an10.45:10.4":{"pli":"Pañcamaṃ. ","html":"<p class='endsutta'>{}</p></article>"}},"an10.46":{"an10.46:0.1":{"pli":"Aṅguttara Nikāya 10.46 ","eng":"Numbered Discourses 10.46 ","html":"<article id='an10.46'><header><ul><li class='division'>{}</li>"},"an10.46:0.2":{"pli":"5. Akkosavagga ","eng":"5. Abuse ","html":"<li>{}</li></ul>"},"an10.46:0.3":{"pli":"Sakkasutta ","eng":"With the Sakyans ","html":"<h1 class='sutta-title'>{}</h1></header>"},"an10.46:1.1":{"pli":"Ekaṃ samayaṃ bhagavā sakkesu viharati kapilavatthusmiṃ nigrodhārāme. ","eng":"At one time the Buddha was staying in the land of the Sakyans, near Kapilavatthu in the Banyan Tree Monastery. ","html":"<p>{}"},"an10.46:1.2":{"pli":"Atha kho sambahulā sakkā upāsakā tadahuposathe yena bhagavā tenupasaṅkamiṃsu; upasaṅkamitvā bhagavantaṃ abhivādetvā ekamantaṃ nisīdiṃsu. Ekamantaṃ nisinne kho sakke upāsake bhagavā etadavoca: ","eng":"Then on the sabbath several Sakyan lay followers went up to the Buddha, bowed, and sat down to one side. The Buddha said to them: ","html":"{}</p>"},"an10.46:1.3":{"pli":"“api nu tumhe, sakkā, aṭṭhaṅgasamannāgataṃ uposathaṃ upavasathā”ti? ","eng":"“Sakyans, do you observe the sabbath with its eight factors?” ","html":"<p>{}</p>"},"an10.46:1.4":{"pli":"“Appekadā mayaṃ, bhante, aṭṭhaṅgasamannāgataṃ uposathaṃ upavasāma, appekadā na upavasāmā”ti. ","eng":"“Sir, sometimes we do, sometimes we don’t.” ","html":"<p>{}</p>"},"an10.46:1.5":{"pli":"“Tesaṃ vo, sakkā, alābhā tesaṃ dulladdhaṃ, ye tumhe evaṃ sokasabhaye jīvite maraṇasabhaye jīvite appekadā aṭṭhaṅgasamannāgataṃ uposathaṃ upavasatha, appekadā na upavasatha. ","eng":"“That’s your loss, Sakyans, it’s your misfortune. In this life with its fear of sorrow and death, you sometimes keep the sabbath and you sometimes don’t. ","html":"<p>{}</p>"},"an10.46:2.1":{"pli":"Taṃ kiṃ maññatha, sakkā, ","eng":"What do you think, Sakyans? ","html":"<p>{}"},"an10.46:2.2":{"pli":"idha puriso yena kenaci kammaṭṭhānena anāpajja akusalaṃ divasaṃ aḍḍhakahāpaṇaṃ nibbiseyya. ","eng":"Take a man who earns half a dollar for an honest day’s work. ","html":"{}"},"an10.46:2.3":{"pli":"Dakkho puriso uṭṭhānasampannoti alaṃvacanāyā”ti? ","eng":"Is this enough to call him a deft and industrious man?” ","html":"{}</p>"},"an10.46:2.4":{"pli":"“Evaṃ, bhante”. ","eng":"“Yes, sir.” ","html":"<p>{}</p>"},"an10.46:3.1":{"pli":"“Taṃ kiṃ maññatha, sakkā, ","eng":"“What do you think, Sakyans? ","html":"<p>{}"},"an10.46:3.2":{"pli":"idha puriso yena kenaci kammaṭṭhānena anāpajja akusalaṃ divasaṃ kahāpaṇaṃ nibbiseyya. ","eng":"Take a man who earns a dollar for an honest day’s work. ","html":"{}"},"an10.46:3.3":{"pli":"Dakkho puriso uṭṭhānasampannoti alaṃvacanāyā”ti? ","eng":"Is this enough to call him a deft and industrious man?” ","html":"{}</p>"},"an10.46:3.4":{"pli":"“Evaṃ, bhante”. ","eng":"“Yes, sir.” ","html":"<p>{}</p>"},"an10.46:4.1":{"pli":"“Taṃ kiṃ maññatha, sakkā, ","eng":"“What do you think, Sakyans? ","html":"<p>{}"},"an10.46:4.2":{"pli":"idha puriso yena kenaci kammaṭṭhānena anāpajja akusalaṃ divasaṃ dve kahāpaṇe nibbiseyya … ","eng":"Take a man who, for an honest day’s work, earns two dollars … ","html":"{}"},"an10.46:4.3":{"pli":"tayo kahāpaṇe nibbiseyya … ","eng":"three dollars … ","html":"{}"},"an10.46:4.4":{"pli":"cattāro kahāpaṇe nibbiseyya … ","eng":"four dollars … ","html":"{}"},"an10.46:4.5":{"pli":"pañca kahāpaṇe nibbiseyya … ","eng":"five dollars … ","html":"{}"},"an10.46:4.6":{"pli":"cha kahāpaṇe nibbiseyya … ","eng":"six dollars … ","html":"{}"},"an10.46:4.7":{"pli":"satta kahāpaṇe nibbiseyya … ","eng":"seven dollars … ","html":"{}"},"an10.46:4.8":{"pli":"aṭṭha kahāpaṇe nibbiseyya … ","eng":"eight dollars … ","html":"{}"},"an10.46:4.9":{"pli":"nava kahāpaṇe nibbiseyya … ","eng":"nine dollars … ","html":"{}"},"an10.46:4.10":{"pli":"dasa kahāpaṇe nibbiseyya … ","eng":"ten dollars … ","html":"{}"},"an10.46:4.11":{"pli":"vīsa kahāpaṇe nibbiseyya … ","eng":"twenty dollars … ","html":"{}"},"an10.46:4.12":{"pli":"tiṃsa kahāpaṇe nibbiseyya … ","eng":"thirty dollars … ","html":"{}"},"an10.46:4.13":{"pli":"cattārīsaṃ kahāpaṇe nibbiseyya … ","eng":"forty dollars … ","html":"{}"},"an10.46:4.14":{"pli":"paññāsaṃ kahāpaṇe nibbiseyya … ","eng":"fifty dollars … ","html":"{}"},"an10.46:4.15":{"pli":"kahāpaṇasataṃ nibbiseyya. ","eng":"a hundred dollars. ","html":"{}"},"an10.46:4.16":{"pli":"Dakkho puriso uṭṭhānasampannoti alaṃvacanāyā”ti? ","eng":"Is this enough to call him a deft and industrious man?” ","html":"{}</p>"},"an10.46:4.17":{"pli":"“Evaṃ, bhante”. ","eng":"“Yes, sir.” ","html":"<p>{}</p>"},"an10.46:5.1":{"pli":"“Taṃ kiṃ maññatha, sakkā, ","eng":"“What do you think, Sakyans? ","html":"<p>{}"},"an10.46:5.2":{"pli":"api nu so puriso divase divase kahāpaṇasataṃ kahāpaṇasahassaṃ nibbisamāno laddhaṃ laddhaṃ nikkhipanto vassasatāyuko vassasatajīvī mahantaṃ bhogakkhandhaṃ adhigaccheyyā”ti? ","eng":"Suppose that man earned a hundred or a thousand dollars every day and saved it all up. If he lived for a hundred years, would he not accumulate a large mass of wealth?” ","html":"{}</p>"},"an10.46:5.3":{"pli":"“Evaṃ, bhante”. ","eng":"“Yes, sir.” ","html":"<p>{}</p>"},"an10.46:6.1":{"pli":"“Taṃ kiṃ maññatha, sakkā, ","eng":"“What do you think, Sakyans? ","html":"<p>{}"},"an10.46:6.2":{"pli":"api nu so puriso bhogahetu bhoganidānaṃ bhogādhikaraṇaṃ ekaṃ vā rattiṃ ekaṃ vā divasaṃ upaḍḍhaṃ vā rattiṃ upaḍḍhaṃ vā divasaṃ ekantasukhappaṭisaṃvedī vihareyyā”ti? ","eng":"Would that man, on account of that wealth, experience perfect happiness for a single day or night, or even half a day or night?” ","html":"{}</p>"},"an10.46:6.3":{"pli":"“No hetaṃ, bhante”. ","eng":"“No, sir.” ","html":"<p>{}</p>"},"an10.46:6.4":{"pli":"“Taṃ kissa hetu”? ","eng":"“Why is that?” ","html":"<p>{}</p>"},"an10.46:6.5":{"pli":"“Kāmā hi, bhante, aniccā tucchā musā mosadhammā”ti. ","eng":"“Because sensual pleasures, sir, are impermanent, hollow, false, and deceptive.” ","html":"<p>{}</p>"},"an10.46:7.1":{"pli":"“Idha pana vo, sakkā, mama sāvako dasa vassāni appamatto ātāpī pahitatto viharanto yathā mayānusiṭṭhaṃ tathā paṭipajjamāno satampi vassāni satampi vassasatāni satampi vassasahassāni ekantasukhappaṭisaṃvedī vihareyya. ","eng":"“But take one of my disciples who lives diligent, keen, and resolute for ten years, practicing in line with my instructions. They can experience perfect happiness for a hundred years, ten thousand years, or a hundred thousand years. ","html":"<p>{}"},"an10.46:7.2":{"pli":"So ca khvassa sakadāgāmī vā anāgāmī vā apaṇṇakaṃ vā sotāpanno. ","eng":"And they could become a once-returner or a non-returner, or unfailingly a stream-enterer. ","html":"{}"},"an10.46:7.3":{"pli":"Tiṭṭhantu, sakkā, dasa vassāni. ","eng":"Let alone ten years, ","html":"{}"},"an10.46:8.1":{"pli":"Idha mama sāvako nava vassāni … ","eng":"take one of my disciples who lives diligent, keen, and resolute for nine years … ","html":"{}"},"an10.46:8.2":{"pli":"aṭṭha vassāni … ","eng":"eight years … ","html":"{}"},"an10.46:8.3":{"pli":"satta vassāni … ","eng":"seven years … ","html":"{}"},"an10.46:8.4":{"pli":"cha vassāni … ","eng":"six years … ","html":"{}"},"an10.46:8.5":{"pli":"pañca vassāni … ","eng":"five years … ","html":"{}"},"an10.46:8.6":{"pli":"cattāri vassāni … ","eng":"four years … ","html":"{}"},"an10.46:8.7":{"pli":"tīṇi vassāni … ","eng":"three years … ","html":"{}"},"an10.46:8.8":{"pli":"dve vassāni … ","eng":"two years … ","html":"{}"},"an10.46:8.9":{"pli":"ekaṃ vassaṃ appamatto ātāpī pahitatto viharanto yathā mayānusiṭṭhaṃ tathā paṭipajjamāno satampi vassāni satampi vassasatāni satampi vassasahassāni ekantasukhappaṭisaṃvedī vihareyya, so ca khvassa sakadāgāmī vā anāgāmī vā apaṇṇakaṃ vā sotāpanno. ","eng":"one year … ","html":"{}"},"an10.46:8.10":{"pli":"Tiṭṭhatu, sakkā, ekaṃ vassaṃ. ","html":"{}"},"an10.46:9.1":{"pli":"Idha mama sāvako dasa māse appamatto ātāpī pahitatto viharanto yathā mayānusiṭṭhaṃ tathā paṭipajjamāno satampi vassāni satampi vassasatāni satampi vassasahassāni ekantasukhappaṭisaṃvedī vihareyya, so ca khvassa sakadāgāmī vā anāgāmī vā apaṇṇakaṃ vā sotāpanno. ","eng":"ten months … ","html":"{}"},"an10.46:9.2":{"pli":"Tiṭṭhantu, sakkā, dasa māsā. ","html":"{}"},"an10.46:10.1":{"pli":"Idha mama sāvako nava māse … ","eng":"nine months … ","html":"{}"},"an10.46:10.2":{"pli":"aṭṭha māse … ","eng":"eight months … ","html":"{}"},"an10.46:10.3":{"pli":"satta māse … ","eng":"seven months … ","html":"{}"},"an10.46:10.4":{"pli":"cha māse … ","eng":"six months … ","html":"{}"},"an10.46:10.5":{"pli":"pañca māse … ","eng":"five months … ","html":"{}"},"an10.46:10.6":{"pli":"cattāro māse … ","eng":"four months … ","html":"{}"},"an10.46:10.7":{"pli":"tayo māse … ","eng":"three months … ","html":"{}"},"an10.46:10.8":{"pli":"dve māse … ","eng":"two months … ","html":"{}"},"an10.46:10.9":{"pli":"ekaṃ māsaṃ … ","eng":"one month … ","html":"{}"},"an10.46:10.10":{"pli":"aḍḍhamāsaṃ appamatto ātāpī pahitatto viharanto yathā mayānusiṭṭhaṃ tathā paṭipajjamāno satampi vassāni satampi vassasatāni satampi vassasahassāni ekantasukhappaṭisaṃvedī vihareyya, so ca khvassa sakadāgāmī vā anāgāmī vā apaṇṇakaṃ vā sotāpanno. ","eng":"a fortnight … ","html":"{}"},"an10.46:10.11":{"pli":"Tiṭṭhatu, sakkā, aḍḍhamāso. ","html":"{}"},"an10.46:11.1":{"pli":"Idha mama sāvako dasa rattindive appamatto ātāpī pahitatto viharanto yathā mayānusiṭṭhaṃ tathā paṭipajjamāno satampi vassāni satampi vassasatāni satampi vassasahassāni ekantasukhappaṭisaṃvedī vihareyya, so ca khvassa sakadāgāmī vā anāgāmī vā apaṇṇakaṃ vā sotāpanno. ","eng":"ten days … ","html":"{}"},"an10.46:11.2":{"pli":"Tiṭṭhantu, sakkā, dasa rattindivā. ","html":"{}"},"an10.46:12.1":{"pli":"Idha mama sāvako nava rattindive … ","eng":"nine days … ","html":"{}"},"an10.46:12.2":{"pli":"aṭṭha rattindive … ","eng":"eight days … ","html":"{}"},"an10.46:12.3":{"pli":"satta rattindive … ","eng":"seven days … ","html":"{}"},"an10.46:12.4":{"pli":"cha rattindive … ","eng":"six days … ","html":"{}"},"an10.46:12.5":{"pli":"pañca rattindive … ","eng":"five days … ","html":"{}"},"an10.46:12.6":{"pli":"cattāro rattindive … ","eng":"four days … ","html":"{}"},"an10.46:12.7":{"pli":"tayo rattindive … ","eng":"three days … ","html":"{}"},"an10.46:12.8":{"pli":"dve rattindive … ","eng":"two days … ","html":"{}</p>"},"an10.46:12.9":{"pli":"ekaṃ rattindivaṃ appamatto ātāpī pahitatto viharanto yathā mayānusiṭṭhaṃ tathā paṭipajjamāno satampi vassāni satampi vassasatāni satampi vassasahassāni ekantasukhappaṭisaṃvedī vihareyya, so ca khvassa sakadāgāmī vā anāgāmī vā apaṇṇakaṃ vā sotāpanno. ","eng":"Let alone two days, take one of my disciples who lives diligent, keen, and resolute for one day, practicing in line with my instructions. They can experience perfect happiness for a hundred years, ten thousand years, or a hundred thousand years. And they could become a once-returner or a non-returner, or unfailingly a stream-enterer. ","html":"<p>{}"},"an10.46:12.10":{"pli":"Tesaṃ vo, sakkā, alābhā tesaṃ dulladdhaṃ, ye tumhe evaṃ sokasabhaye jīvite maraṇasabhaye jīvite appekadā aṭṭhaṅgasamannāgataṃ uposathaṃ upavasatha, appekadā na upavasathā”ti. ","eng":"It’s your loss, Sakyans, it’s your misfortune. In this life with its fear of sorrow and death, you sometimes keep the sabbath and you sometimes don’t.” ","html":"{}</p>"},"an10.46:12.11":{"pli":"“Ete mayaṃ, bhante, ajjatagge aṭṭhaṅgasamannāgataṃ uposathaṃ upavasissāmā”ti. ","eng":"“Well, sir, from this day forth we will observe the sabbath with its eight factors.” ","html":"<p>{}</p>"},"an10.46:12.12":{"pli":"Chaṭṭhaṃ. ","html":"<p class='endsutta'>{}</p></article>"}},"an10.47":{"an10.47:0.1":{"pli":"Aṅguttara Nikāya 10.47 ","eng":"Numbered Discourses 10.47 ","html":"<article id='an10.47'><header><ul><li class='division'>{}</li>"},"an10.47:0.2":{"pli":"5. Akkosavagga ","eng":"5. Abuse ","html":"<li>{}</li></ul>"},"an10.47:0.3":{"pli":"Mahālisutta ","eng":"With Mahāli ","html":"<h1 class='sutta-title'>{}</h1></header>"},"an10.47:1.1":{"pli":"Ekaṃ samayaṃ bhagavā vesāliyaṃ viharati mahāvane kūṭāgārasālāyaṃ. ","eng":"At one time the Buddha was staying near Vesālī, at the Great Wood, in the hall with the peaked roof. ","html":"<p>{}"},"an10.47:1.2":{"pli":"Atha kho mahāli licchavi yena bhagavā tenupasaṅkami; upasaṅkamitvā bhagavantaṃ abhivādetvā ekamantaṃ nisīdi. Ekamantaṃ nisinno kho mahāli licchavi bhagavantaṃ etadavoca: ","eng":"Then Mahāli the Licchavi went up to the Buddha, bowed, sat down to one side, and said to him: ","html":"{}</p>"},"an10.47:1.3":{"pli":"“ko nu kho, bhante, hetu, ko paccayo pāpassa kammassa kiriyāya pāpassa kammassa pavattiyā”ti? ","eng":"“What is the cause, sir, what is the reason for doing bad deeds, for performing bad deeds?” ","html":"<p>{}</p>"},"an10.47:1.4":{"pli":"“Lobho kho, mahāli, hetu, lobho paccayo pāpassa kammassa kiriyāya pāpassa kammassa pavattiyā. ","eng":"“Greed is a cause, Mahāli, greed is a reason for doing bad deeds, for performing bad deeds. ","html":"<p>{}"},"an10.47:1.5":{"pli":"Doso kho, mahāli, hetu, doso paccayo pāpassa kammassa kiriyāya pāpassa kammassa pavattiyā. ","eng":"Hate is a cause of bad deeds … ","html":"{}"},"an10.47:1.6":{"pli":"Moho kho, mahāli, hetu, moho paccayo pāpassa kammassa kiriyāya pāpassa kammassa pavattiyā. ","eng":"Delusion is a cause of bad deeds … ","html":"{}"},"an10.47:1.7":{"pli":"Ayoniso manasikāro kho, mahāli, hetu, ayoniso manasikāro paccayo pāpassa kammassa kiriyāya pāpassa kammassa pavattiyā. ","eng":"Irrational application of mind gives rise to bad deeds … ","html":"{}"},"an10.47:1.8":{"pli":"Micchāpaṇihitaṃ kho, mahāli, cittaṃ hetu, micchāpaṇihitaṃ cittaṃ paccayo pāpassa kammassa kiriyāya pāpassa kammassa pavattiyāti. ","eng":"A wrongly directed mind is a cause of bad deeds … ","html":"{}"},"an10.47:1.9":{"pli":"Ayaṃ kho, mahāli, hetu, ayaṃ paccayo pāpassa kammassa kiriyāya pāpassa kammassa pavattiyā”ti. ","eng":"This is the cause, Mahāli, this is the reason for doing bad deeds, for performing bad deeds.” ","html":"{}</p>"},"an10.47:2.1":{"pli":"“Ko pana, bhante, hetu ko paccayo kalyāṇassa kammassa kiriyāya kalyāṇassa kammassa pavattiyā”ti? ","eng":"“What is the cause, sir, what is the reason for doing good deeds, for performing good deeds?” ","html":"<p>{}</p>"},"an10.47:2.2":{"pli":"“Alobho kho, mahāli, hetu, alobho paccayo kalyāṇassa kammassa kiriyāya kalyāṇassa kammassa pavattiyā. ","eng":"“Contentment is a cause, Mahāli, contentment is a reason for doing good deeds, for performing good deeds. ","html":"<p>{}"},"an10.47:2.3":{"pli":"Adoso kho, mahāli, hetu, adoso paccayo kalyāṇassa kammassa kiriyāya kalyāṇassa kammassa pavattiyā. ","eng":"Love is a cause of good deeds … ","html":"{}"},"an10.47:2.4":{"pli":"Amoho kho, mahāli, hetu, amoho paccayo kalyāṇassa kammassa kiriyāya kalyāṇassa kammassa pavattiyā. ","eng":"Understanding is a cause of good deeds … ","html":"{}"},"an10.47:2.5":{"pli":"Yoniso manasikāro kho, mahāli, hetu, yoniso manasikāro paccayo kalyāṇassa kammassa kiriyāya kalyāṇassa kammassa pavattiyā. ","eng":"Rational application of mind gives rise to good deeds … ","html":"{}"},"an10.47:2.6":{"pli":"Sammāpaṇihitaṃ kho, mahāli, cittaṃ hetu, sammāpaṇihitaṃ cittaṃ paccayo kalyāṇassa kammassa kiriyāya kalyāṇassa kammassa pavattiyā. ","eng":"A rightly directed mind is a cause of good deeds … ","html":"{}"},"an10.47:2.7":{"pli":"Ayaṃ kho, mahāli, hetu, ayaṃ paccayo kalyāṇassa kammassa kiriyāya kalyāṇassa kammassa pavattiyā. ","eng":"This is the cause, Mahāli, this is the reason for doing good deeds, for performing good deeds. ","html":"{}"},"an10.47:2.8":{"pli":"Ime ca, mahāli, dasa dhammā loke na saṃvijjeyyuṃ, nayidha paññāyetha adhammacariyāvisamacariyāti vā dhammacariyāsamacariyāti vā. ","eng":"If these ten things were not found in the world, we wouldn’t see either unprincipled and immoral conduct, or principled and moral conduct. ","html":"{}"},"an10.47:2.9":{"pli":"Yasmā ca kho, mahāli, ime dasa dhammā loke saṃvijjanti, tasmā paññāyati adhammacariyāvisamacariyāti vā dhammacariyāsamacariyāti vā”ti. ","eng":"But since these ten things are found in the world, we see both unprincipled and immoral conduct, and principled and moral conduct.” ","html":"{}</p>"},"an10.47:2.10":{"pli":"Sattamaṃ. ","html":"<p class='endsutta'>{}</p></article>"}},"an10.48":{"an10.48:0.1":{"pli":"Aṅguttara Nikāya 10.48 ","eng":"Numbered Discourses 10.48 ","html":"<article id='an10.48'><header><ul><li class='division'>{}</li>"},"an10.48:0.2":{"pli":"5. Akkosavagga ","eng":"5. Abuse ","html":"<li>{}</li></ul>"},"an10.48:0.3":{"pli":"Pabbajitaabhiṇhasutta ","eng":"Ten Regular Reflections for a Renunciate ","html":"<h1 class='sutta-title'>{}</h1></header>"},"an10.48:1.1":{"pli":"“Dasayime, bhikkhave, dhammā pabbajitena abhiṇhaṃ paccavekkhitabbā. ","eng":"“Mendicants, one who has gone forth should often review these ten things. ","html":"<p>{}"},"an10.48:1.2":{"pli":"Katame dasa? ","eng":"What ten? ","html":"{}</p>"},"an10.48:2.1":{"pli":"‘Vevaṇṇiyamhi ajjhupagato’ti pabbajitena abhiṇhaṃ paccavekkhitabbaṃ. ","eng":"One who has gone forth should often review this: ‘I have secured freedom from class.’ ","html":"<p data-counter='1'>{}</p>"},"an10.48:3.1":{"pli":"‘Parapaṭibaddhā me jīvikā’ti pabbajitena abhiṇhaṃ paccavekkhitabbaṃ. ","eng":"‘My livelihood is tied up with others.’ ","html":"<p data-counter='2'>{}</p>"},"an10.48:4.1":{"pli":"‘Añño me ākappo karaṇīyo’ti pabbajitena abhiṇhaṃ paccavekkhitabbaṃ. ","eng":"‘My behavior should be different.’ ","html":"<p data-counter='3'>{}</p>"},"an10.48:5.1":{"pli":"‘Kacci nu kho me attā sīlato na upavadatī’ti pabbajitena abhiṇhaṃ paccavekkhitabbaṃ. ","eng":"‘I hope there’s no reason to blame myself when it comes to ethical conduct?’ ","html":"<p data-counter='4'>{}</p>"},"an10.48:6.1":{"pli":"‘Kacci nu kho maṃ anuvicca viññū sabrahmacārī sīlato na upavadantī’ti pabbajitena abhiṇhaṃ paccavekkhitabbaṃ. ","eng":"‘I hope that, after examination, sensible spiritual companions don’t reproach any aspect of my ethics?’ ","html":"<p data-counter='5'>{}</p>"},"an10.48:7.1":{"pli":"‘Sabbehi me piyehi manāpehi nānābhāvo vinābhāvo’ti pabbajitena abhiṇhaṃ paccavekkhitabbaṃ. ","eng":"‘I must be parted and separated from all I hold dear and beloved.’ ","html":"<p data-counter='6'>{}</p>"},"an10.48:8.1":{"pli":"‘Kammassakomhi kammadāyādo kammayoni kammabandhu kammapaṭisaraṇo, ","eng":"‘I am the owner of my deeds and heir to my deeds. Deeds are my womb, my relative, and my refuge. ","html":"<p>{}</p>"},"an10.48:9.1":{"pli":"yaṃ kammaṃ karissāmi kalyāṇaṃ vā pāpakaṃ vā tassa dāyādo bhavissāmī’ti pabbajitena abhiṇhaṃ paccavekkhitabbaṃ. ","eng":"I shall be the heir of whatever deeds I do, whether good or bad.’ ","html":"<p data-counter='7'>{}</p>"},"an10.48:10.1":{"pli":"‘Kathaṃbhūtassa me rattindivā vītivattantī’ti pabbajitena abhiṇhaṃ paccavekkhitabbaṃ. ","eng":"‘As the days and nights pass by, what sort of person am I becoming?’ ","html":"<p data-counter='8'>{}</p>"},"an10.48:11.1":{"pli":"‘Kacci nu kho ahaṃ suññāgāre abhiramāmī’ti pabbajitena abhiṇhaṃ paccavekkhitabbaṃ. ","eng":"‘Do I love to stay in empty huts?’ ","html":"<p data-counter='9'>{}</p>"},"an10.48:12.1":{"pli":"‘Atthi nu kho me uttari manussadhammo alamariyañāṇadassanaviseso adhigato, yenāhaṃ pacchime kāle sabrahmacārīhi puṭṭho na maṅku bhavissāmī’ti pabbajitena abhiṇhaṃ paccavekkhitabbaṃ. ","eng":"‘Do I have any superhuman distinctions in knowledge and vision worthy of the noble ones, so that when my spiritual companions question me on my deathbed I will not be embarrassed?’ ","html":"<p data-counter='10'>{}</p>"},"an10.48:13.1":{"pli":"Ime kho, bhikkhave, dasa dhammā pabbajitena abhiṇhaṃ paccavekkhitabbā”ti. ","eng":"One who has gone forth should often review these ten things.” ","html":"<p>{}</p>"},"an10.48:13.2":{"pli":"Aṭṭhamaṃ. ","html":"<p class='endsutta'>{}</p></article>"}},"an10.49":{"an10.49:0.1":{"pli":"Aṅguttara Nikāya 10.49 ","eng":"Numbered Discourses 10.49 ","html":"<article id='an10.49'><header><ul><li class='division'>{}</li>"},"an10.49:0.2":{"pli":"5. Akkosavagga ","eng":"5. Abuse ","html":"<li>{}</li></ul>"},"an10.49:0.3":{"pli":"Sarīraṭṭhadhammasutta ","eng":"Existing Because of the Body ","html":"<h1 class='sutta-title'>{}</h1></header>"},"an10.49:1.1":{"pli":"“Dasayime, bhikkhave, dhammā sarīraṭṭhā. ","eng":"“Mendicants, these ten things exist because of the body. ","html":"<p>{}"},"an10.49:1.2":{"pli":"Katame dasa? ","eng":"What ten? ","html":"{}"},"an10.49:1.3":{"pli":"Sītaṃ, uṇhaṃ, jighacchā, pipāsā, uccāro, passāvo, kāyasaṃvaro, vacīsaṃvaro, ājīvasaṃvaro, ponobhaviko bhavasaṅkhāro—","eng":"Cold, heat, hunger, thirst, feces, urine, restraint of body, speech, and livelihood, and the will to live that leads to future lives. ","html":"{}"},"an10.49:1.4":{"pli":"ime kho, bhikkhave, dasa dhammā sarīraṭṭhā”ti. ","eng":"These ten things exist because of the body.” ","html":"{}</p>"},"an10.49:1.5":{"pli":"Navamaṃ. ","html":"<p class='endsutta'>{}</p></article>"}},"an10.5":{"an10.5:0.1":{"pli":"Aṅguttara Nikāya 10.5 ","eng":"Numbered Discourses 10.5 ","html":"<article id='an10.5'><header><ul><li class='division'>{}</li>"},"an10.5:0.2":{"pli":"1. Ānisaṃsavagga ","eng":"1. Benefits ","html":"<li>{}</li></ul>"},"an10.5:0.3":{"pli":"Tatiyaupanisasutta ","eng":"Vital Conditions (3rd) ","html":"<h1 class='sutta-title'>{}</h1></header>"},"an10.5:1.1":{"pli":"Tatra kho āyasmā ānando bhikkhū āmantesi …pe… ","eng":"There Venerable Ānanda addressed the mendicants … ","html":"<p>{}"},"an10.5:1.2":{"pli":"“dussīlassa, āvuso, sīlavipannassa hatūpaniso hoti avippaṭisāro; ","eng":"“Reverends, an unethical person, who lacks ethics, has destroyed a vital condition for having no regrets. ","html":"{}"},"an10.5:1.3":{"pli":"avippaṭisāre asati avippaṭisāravipannassa hatūpanisaṃ hoti pāmojjaṃ; ","eng":"When there are regrets, one who has regrets has destroyed a vital condition for joy. ","html":"{}"},"an10.5:1.4":{"pli":"pāmojje asati pāmojjavipannassa hatūpanisā hoti pīti; ","eng":"When there is no joy, one who lacks joy has destroyed a vital condition for rapture. ","html":"{}"},"an10.5:1.5":{"pli":"pītiyā asati pītivipannassa hatūpanisā hoti passaddhi; ","eng":"When there is no rapture, one who lacks rapture has destroyed a vital condition for tranquility. ","html":"{}"},"an10.5:1.6":{"pli":"passaddhiyā asati passaddhivipannassa hatūpanisaṃ hoti sukhaṃ; ","eng":"When there is no tranquility, one who lacks tranquility has destroyed a vital condition for bliss. ","html":"{}"},"an10.5:1.7":{"pli":"sukhe asati sukhavipannassa hatūpaniso hoti sammāsamādhi; ","eng":"When there is no bliss, one who lacks bliss has destroyed a vital condition for right immersion. ","html":"{}"},"an10.5:1.8":{"pli":"sammāsamādhimhi asati sammāsamādhivipannassa hatūpanisaṃ hoti yathābhūtañāṇadassanaṃ; ","eng":"When there is no right immersion, one who lacks right immersion has destroyed a vital condition for true knowledge and vision. ","html":"{}"},"an10.5:1.9":{"pli":"yathābhūtañāṇadassane asati yathābhūtañāṇadassanavipannassa hatūpaniso hoti nibbidāvirāgo; ","eng":"When there is no true knowledge and vision, one who lacks true knowledge and vision has destroyed a vital condition for disillusionment and dispassion. ","html":"{}"},"an10.5:1.10":{"pli":"nibbidāvirāge asati nibbidāvirāgavipannassa hatūpanisaṃ hoti vimuttiñāṇadassanaṃ. ","eng":"When there is no disillusionment and dispassion, one who lacks disillusionment and dispassion has destroyed a vital condition for knowledge and vision of freedom. ","html":"{}</p>"},"an10.5:1.11":{"pli":"Seyyathāpi, āvuso, rukkho sākhāpalāsavipanno. Tassa papaṭikāpi na pāripūriṃ gacchati, tacopi … pheggupi … sāropi na pāripūriṃ gacchati. ","eng":"Suppose there was a tree that lacked branches and foliage. Its shoots, bark, softwood, and heartwood would not grow to fullness. ","html":"<p>{}</p>"},"an10.5:1.12":{"pli":"Evamevaṃ kho, āvuso, dussīlassa sīlavipannassa hatūpaniso hoti avippaṭisāro; ","eng":"In the same way, an unethical person, who lacks ethics, has destroyed a vital condition for having no regrets. ","html":"<p>{}"},"an10.5:1.13":{"pli":"avippaṭisāre asati avippaṭisāravipannassa hatūpanisaṃ hoti …pe… ","eng":"When there are regrets, one who has regrets has destroyed a vital condition for joy. … ","html":"{}"},"an10.5:1.14":{"pli":"vimuttiñāṇadassanaṃ. ","eng":"One who lacks disillusionment and dispassion has destroyed a vital condition for knowledge and vision of freedom. ","html":"{}</p>"},"an10.5:2.1":{"pli":"Sīlavato, āvuso, sīlasampannassa upanisasampanno hoti avippaṭisāro; ","eng":"An ethical person, who has fulfilled ethics, has fulfilled a vital condition for not having regrets. ","html":"<p>{}"},"an10.5:2.2":{"pli":"avippaṭisāre sati avippaṭisārasampannassa upanisasampannaṃ hoti pāmojjaṃ; ","eng":"When there are no regrets, one who has no regrets has fulfilled a vital condition for joy. ","html":"{}"},"an10.5:2.3":{"pli":"pāmojje sati pāmojjasampannassa upanisasampannā hoti pīti; ","eng":"When there is joy, one who has fulfilled joy has fulfilled a vital condition for rapture. ","html":"{}"},"an10.5:2.4":{"pli":"pītiyā sati pītisampannassa upanisasampannā hoti passaddhi; ","eng":"When there is rapture, one who has fulfilled rapture has fulfilled a vital condition for tranquility. ","html":"{}"},"an10.5:2.5":{"pli":"passaddhiyā sati passaddhisampannassa upanisasampannaṃ hoti sukhaṃ; ","eng":"When there is tranquility, one who has fulfilled tranquility has fulfilled a vital condition for bliss. ","html":"{}"},"an10.5:2.6":{"pli":"sukhe sati sukhasampannassa upanisasampanno hoti sammāsamādhi; ","eng":"When there is bliss, one who has fulfilled bliss has fulfilled a vital condition for right immersion. ","html":"{}"},"an10.5:2.7":{"pli":"sammāsamādhimhi sati sammāsamādhisampannassa upanisasampannaṃ hoti yathābhūtañāṇadassanaṃ; ","eng":"When there is right immersion, one who has fulfilled right immersion has fulfilled a vital condition for true knowledge and vision. ","html":"{}"},"an10.5:2.8":{"pli":"yathābhūtañāṇadassane sati yathābhūtañāṇadassanasampannassa upanisasampanno hoti nibbidāvirāgo; ","eng":"When there is true knowledge and vision, one who has fulfilled true knowledge and vision has fulfilled a vital condition for disillusionment and dispassion. ","html":"{}"},"an10.5:2.9":{"pli":"nibbidāvirāge sati nibbidāvirāgasampannassa upanisasampannaṃ hoti vimuttiñāṇadassanaṃ. ","eng":"When there is disillusionment and dispassion, one who has fulfilled disillusionment and dispassion has fulfilled a vital condition for knowledge and vision of freedom. ","html":"{}</p>"},"an10.5:2.10":{"pli":"Seyyathāpi, āvuso, rukkho sākhāpalāsasampanno. Tassa papaṭikāpi pāripūriṃ gacchati, tacopi … pheggupi … sāropi pāripūriṃ gacchati. ","eng":"Suppose there was a tree that was complete with branches and foliage. Its shoots, bark, softwood, and heartwood would grow to fullness. ","html":"<p>{}</p>"},"an10.5:2.11":{"pli":"Evamevaṃ kho, āvuso, sīlavato sīlasampannassa upanisasampanno hoti avippaṭisāro; ","eng":"In the same way, an ethical person, who has fulfilled ethics, has fulfilled a vital condition for not having regrets. ","html":"<p>{}"},"an10.5:2.12":{"pli":"avippaṭisāre sati avippaṭisārasampannassa upanisasampannaṃ hoti …pe… ","eng":"When there are no regrets, one who has no regrets has fulfilled a vital condition for joy. … ","html":"{}"},"an10.5:2.13":{"pli":"vimuttiñāṇadassanan”ti. ","eng":"One who has fulfilled disillusionment and dispassion has fulfilled a vital condition for knowledge and vision of freedom.” ","html":"{}</p>"},"an10.5:2.14":{"pli":"Pañcamaṃ. ","html":"<p class='endsutta'>{}</p></article>"}}}