{"an11.4":{"an11.4:0.1":{"pli":"Aṅguttara Nikāya 11.4 ","eng":"Numbered Discourses 11.4 ","html":"<article id='an11.4'><header><ul><li class='division'>{}</li>"},"an11.4:0.2":{"pli":"1. Nissayavagga ","eng":"1. Dependence ","html":"<li>{}</li></ul>"},"an11.4:0.3":{"pli":"Dutiyaupanisāsutta ","eng":"Vital Conditions (2nd) ","html":"<h1 class='sutta-title'>{}</h1></header>"},"an11.4:1.1":{"pli":"Tatra kho āyasmā sāriputto bhikkhū āmantesi: ","eng":"There Venerable Sāriputta addressed the mendicants: ","html":"<p>{}"},"an11.4:1.2":{"pli":"“āvuso bhikkhave”ti. ","eng":"“Reverends, mendicants!” ","html":"{}</p>"},"an11.4:1.3":{"pli":"“Āvuso”ti kho te bhikkhū āyasmato sāriputtassa paccassosuṃ. ","eng":"“Reverend,” they replied. ","html":"<p>{}"},"an11.4:1.4":{"pli":"Āyasmā sāriputto etadavoca: ","eng":"Sāriputta said this: ","html":"{}</p>"},"an11.4:2.1":{"pli":"“Dussīlassa, āvuso, sīlavipannassa hatūpaniso hoti avippaṭisāro, ","eng":"“An unethical person, who lacks ethics, has destroyed a vital condition for not having regrets. ","html":"<p>{}"},"an11.4:2.2":{"pli":"avippaṭisāre asati avippaṭisāravipannassa hatūpanisaṃ hoti pāmojjaṃ, ","eng":"When there are regrets, one who has regrets has destroyed a vital condition for joy. ","html":"{}"},"an11.4:2.3":{"pli":"pāmojje asati pāmojjavipannassa hatūpanisā hoti pīti, ","eng":"When there is no joy, one who lacks joy has destroyed a vital condition for rapture. ","html":"{}"},"an11.4:2.4":{"pli":"pītiyā asati pītivipannassa hatūpanisā hoti passaddhi, ","eng":"When there is no rapture, one who lacks rapture has destroyed a vital condition for tranquility. ","html":"{}"},"an11.4:2.5":{"pli":"passaddhiyā asati passaddhivipannassa hatūpanisaṃ hoti sukhaṃ, ","eng":"When there is no tranquility, one who lacks tranquility has destroyed a vital condition for bliss. ","html":"{}"},"an11.4:2.6":{"pli":"sukhe asati sukhavipannassa hatūpaniso hoti sammāsamādhi, ","eng":"When there is no bliss, one who lacks bliss has destroyed a vital condition for right immersion. ","html":"{}"},"an11.4:2.7":{"pli":"sammāsamādhimhi asati sammāsamādhivipannassa hatūpanisaṃ hoti yathābhūtañāṇadassanaṃ, ","eng":"When there is no right immersion, one who lacks right immersion has destroyed a vital condition for true knowledge and vision. ","html":"{}"},"an11.4:2.8":{"pli":"yathābhūtañāṇadassane asati yathābhūtañāṇadassanavipannassa hatūpanisā hoti nibbidā, ","eng":"When there is no true knowledge and vision, one who lacks true knowledge and vision has destroyed a vital condition for disillusionment. ","html":"{}"},"an11.4:2.9":{"pli":"nibbidāya asati nibbidāvipannassa hatūpaniso hoti virāgo, ","eng":"When there is no disillusionment, one who lacks disillusionment has destroyed a vital condition for dispassion. ","html":"{}"},"an11.4:2.10":{"pli":"virāge asati virāgavipannassa hatūpanisaṃ hoti vimuttiñāṇadassanaṃ. ","eng":"When there is no dispassion, one who lacks dispassion has destroyed a vital condition for knowledge and vision of freedom. ","html":"{}</p>"},"an11.4:3.1":{"pli":"Seyyathāpi, āvuso, rukkho sākhāpalāsavipanno. Tassa papaṭikāpi na pāripūriṃ gacchati, tacopi … pheggupi … sāropi na pāripūriṃ gacchati. ","eng":"Suppose there was a tree that lacked branches and foliage. Its shoots, bark, softwood, and heartwood would not grow to fullness. ","html":"<p>{}</p>"},"an11.4:3.2":{"pli":"Evamevaṃ kho, āvuso, dussīlassa sīlavipannassa hatūpaniso hoti avippaṭisāro, ","eng":"In the same way, an unethical person, who lacks ethics, has destroyed a vital condition for having no regrets. ","html":"<p>{}"},"an11.4:3.3":{"pli":"avippaṭisāre asati avippaṭisāravipannassa hatūpanisaṃ hoti pāmojjaṃ …pe… ","eng":"When there are regrets, one who has regrets has destroyed a vital condition for joy. … ","html":"{}"},"an11.4:3.4":{"pli":"vimuttiñāṇadassanaṃ. ","eng":"When there is dispassion, one who lacks dispassion has destroyed a vital condition for knowledge and vision of freedom. ","html":"{}</p>"},"an11.4:4.1":{"pli":"Sīlavato, āvuso, sīlasampannassa upanisasampanno hoti avippaṭisāro, ","eng":"An ethical person, who has fulfilled ethics, has fulfilled a vital condition for not having regrets. ","html":"<p>{}"},"an11.4:4.2":{"pli":"avippaṭisāre sati avippaṭisārasampannassa upanisasampannaṃ hoti pāmojjaṃ, ","eng":"When there are no regrets, one who has no regrets has fulfilled a vital condition for joy. ","html":"{}"},"an11.4:4.3":{"pli":"pāmojje sati pāmojjasampannassa upanisasampannā hoti pīti, ","eng":"When there is joy, one who has fulfilled joy has fulfilled a vital condition for rapture. ","html":"{}"},"an11.4:4.4":{"pli":"pītiyā sati pītisampannassa upanisasampannā hoti passaddhi, ","eng":"When there is rapture, one who has fulfilled rapture has fulfilled a vital condition for tranquility. ","html":"{}"},"an11.4:4.5":{"pli":"passaddhiyā sati passaddhisampannassa upanisasampannaṃ hoti sukhaṃ, ","eng":"When there is tranquility, one who has fulfilled tranquility has fulfilled a vital condition for bliss. ","html":"{}"},"an11.4:4.6":{"pli":"sukhe sati sukhasampannassa upanisasampanno hoti sammāsamādhi, ","eng":"When there is bliss, one who has fulfilled bliss has fulfilled a vital condition for right immersion. ","html":"{}"},"an11.4:4.7":{"pli":"sammāsamādhimhi sati sammāsamādhisampannassa upanisasampannaṃ hoti yathābhūtañāṇadassanaṃ, ","eng":"When there is right immersion, one who has fulfilled right immersion has fulfilled a vital condition for true knowledge and vision. ","html":"{}"},"an11.4:4.8":{"pli":"yathābhūtañāṇadassane sati yathābhūtañāṇadassanasampannassa upanisasampannā hoti nibbidā, ","eng":"When there is true knowledge and vision, one who has fulfilled true knowledge and vision has fulfilled a vital condition for disillusionment. ","html":"{}"},"an11.4:4.9":{"pli":"nibbidāya sati nibbidāsampannassa upanisasampanno hoti virāgo, ","eng":"When there is disillusionment, one who has fulfilled disillusionment has fulfilled a vital condition for dispassion. ","html":"{}"},"an11.4:4.10":{"pli":"virāge sati virāgasampannassa upanisasampannaṃ hoti vimuttiñāṇadassanaṃ. ","eng":"When there is dispassion, one who has fulfilled dispassion has fulfilled a vital condition for knowledge and vision of freedom. ","html":"{}</p>"},"an11.4:5.1":{"pli":"Seyyathāpi, āvuso, rukkho sākhāpalāsasampanno. Tassa papaṭikāpi pāripūriṃ gacchati, tacopi … pheggupi … sāropi pāripūriṃ gacchati. ","eng":"Suppose there was a tree that was complete with branches and foliage. Its shoots, bark, softwood, and heartwood would grow to fullness. ","html":"<p>{}</p>"},"an11.4:5.2":{"pli":"Evamevaṃ kho, āvuso, sīlavato sīlasampannassa upanisasampanno hoti avippaṭisāro, ","eng":"In the same way, an ethical person, who has fulfilled ethics, has fulfilled a vital condition for not having regrets. ","html":"<p>{}"},"an11.4:5.3":{"pli":"avippaṭisāre sati avippaṭisārasampannassa upanisasampannaṃ hoti pāmojjaṃ …pe… ","eng":"When there are no regrets, one who has no regrets has fulfilled a vital condition for joy. … ","html":"{}"},"an11.4:5.4":{"pli":"vimuttiñāṇadassanan”ti. …pe… ","eng":"When there is dispassion, one who has fulfilled dispassion has fulfilled a vital condition for knowledge and vision of freedom.” ","html":"{}</p>"},"an11.4:5.5":{"pli":"Catutthaṃ. ","html":"<p class='endsutta'>{}</p></article>"}},"an11.406-453":{"an11.406-453:0.1":{"pli":"Aṅguttara Nikāya 11 ","eng":"Numbered Discourses 11.406–453 ","html":"<article id='an11.406-453'><header><ul><li class='division'>{}</li>"},"an11.406-453:0.2":{"pli":"Paṭhamapaṇṇāsaka ","eng":"The First Fifty ","html":"<li class='pannasaka'>{}</li>"},"an11.406-453:0.3":{"pli":"Sāmaññavagga ","eng":"Similarity ","html":"<li class='vagga'>{}</li></ul>"},"an11.406-453:0.4":{"pli":"~ ","eng":"Untitled Discourses on Thoughts About Sights, Etc. ","html":"<h1 class='sutta-title'>{}</h1></header>"},"an11.406-453:1.1":{"pli":"… ","eng":"… ","html":"<p>{}"},"an11.406-453:1.2":{"pli":"Rūpavitakke… ","eng":"“… thoughts about sights … ","html":"{}"},"an11.406-453:1.3":{"pli":"saddavitakke… ","eng":"thoughts about sounds … ","html":"{}"},"an11.406-453:1.4":{"pli":"gandhavitakke… ","eng":"thoughts about smells … ","html":"{}"},"an11.406-453:1.5":{"pli":"rasavitakke… ","eng":"thoughts about tastes … ","html":"{}"},"an11.406-453:1.6":{"pli":"phoṭṭhabbavitakke… ","eng":"thoughts about touches … ","html":"{}"},"an11.406-453:1.7":{"pli":"dhammavitakke… ","eng":"thoughts about ideas. …” ","html":"{}</p></article>"}},"an11.454-501":{"an11.454-501:0.1":{"pli":"Aṅguttara Nikāya 11 ","eng":"Numbered Discourses 11.454–501 ","html":"<article id='an11.454-501'><header><ul><li class='division'>{}</li>"},"an11.454-501:0.2":{"pli":"Paṭhamapaṇṇāsaka ","eng":"The First Fifty ","html":"<li class='pannasaka'>{}</li>"},"an11.454-501:0.3":{"pli":"Sāmaññavagga ","eng":"Similarity ","html":"<li class='vagga'>{}</li></ul>"},"an11.454-501:0.4":{"pli":"~ ","eng":"Untitled Discourses on Considerations Regarding Sights, Etc. ","html":"<h1 class='sutta-title'>{}</h1></header>"},"an11.454-501:1.1":{"pli":"… ","eng":"… ","html":"<p>{}"},"an11.454-501:1.2":{"pli":"Rūpavicāre… ","eng":"“… considerations regarding sights … ","html":"{}"},"an11.454-501:1.3":{"pli":"saddavicāre… ","eng":"considerations regarding sounds … ","html":"{}"},"an11.454-501:1.4":{"pli":"gandhavicāre… ","eng":"considerations regarding smells … ","html":"{}"},"an11.454-501:1.5":{"pli":"rasavicāre… ","eng":"considerations regarding tastes … ","html":"{}"},"an11.454-501:1.6":{"pli":"phoṭṭhabbavicāre… ","eng":"considerations regarding touches … ","html":"{}"},"an11.454-501:1.7":{"pli":"dhammavicāre aniccānupassī viharituṃ… ","eng":"meditate observing impermanence in considerations about ideas … ","html":"{}"},"an11.454-501:1.8":{"pli":"dukkhānupassī viharituṃ… ","eng":"meditate observing suffering … ","html":"{}"},"an11.454-501:1.9":{"pli":"anattānupassī viharituṃ… ","eng":"meditate observing not-self … ","html":"{}"},"an11.454-501:1.10":{"pli":"khayānupassī viharituṃ… ","eng":"meditate observing ending … ","html":"{}"},"an11.454-501:1.11":{"pli":"vayānupassī viharituṃ… ","eng":"meditate observing vanishing … ","html":"{}"},"an11.454-501:1.12":{"pli":"virāgānupassī viharituṃ… ","eng":"meditate observing fading away … ","html":"{}"},"an11.454-501:1.13":{"pli":"nirodhānupassī viharituṃ… ","eng":"meditate observing cessation … ","html":"{}"},"an11.454-501:1.14":{"pli":"paṭinissaggānupassī viharituṃ… pe… ","eng":"meditate observing letting go. …” ","html":"{}</p></article>"}},"an11.5":{"an11.5:0.1":{"pli":"Aṅguttara Nikāya 11.5 ","eng":"Numbered Discourses 11.5 ","html":"<article id='an11.5'><header><ul><li class='division'>{}</li>"},"an11.5:0.2":{"pli":"1. Nissayavagga ","eng":"1. Dependence ","html":"<li>{}</li></ul>"},"an11.5:0.3":{"pli":"Tatiyaupanisāsutta ","eng":"Vital Conditions (3rd) ","html":"<h1 class='sutta-title'>{}</h1></header>"},"an11.5:1.1":{"pli":"Tatra kho āyasmā ānando bhikkhū āmantesi …pe… ","eng":"There Venerable Ānanda addressed the mendicants … ","html":"<p>{}</p>"},"an11.5:1.2":{"pli":"“dussīlassa, āvuso, sīlavipannassa hatūpaniso hoti avippaṭisāro, ","eng":"“An unethical person, who lacks ethics, has destroyed a vital condition for not having regrets. ","html":"<p>{}"},"an11.5:1.3":{"pli":"avippaṭisāre asati avippaṭisāravipannassa hatūpanisaṃ hoti pāmojjaṃ, ","eng":"When there are regrets, one who has regrets has destroyed a vital condition for joy. ","html":"{}"},"an11.5:1.4":{"pli":"pāmojje asati pāmojjavipannassa hatūpanisā hoti pīti, ","eng":"When there is no joy, one who lacks joy has destroyed a vital condition for rapture. ","html":"{}"},"an11.5:1.5":{"pli":"pītiyā asati pītivipannassa hatūpanisā hoti passaddhi, ","eng":"When there is no rapture, one who lacks rapture has destroyed a vital condition for tranquility. ","html":"{}"},"an11.5:1.6":{"pli":"passaddhiyā asati passaddhivipannassa hatūpanisaṃ hoti sukhaṃ, ","eng":"When there is no tranquility, one who lacks tranquility has destroyed a vital condition for bliss. ","html":"{}"},"an11.5:1.7":{"pli":"sukhe asati sukhavipannassa hatūpaniso hoti sammāsamādhi, ","eng":"When there is no bliss, one who lacks bliss has destroyed a vital condition for right immersion. ","html":"{}"},"an11.5:1.8":{"pli":"sammāsamādhimhi asati sammāsamādhivipannassa hatūpanisaṃ hoti yathābhūtañāṇadassanaṃ, ","eng":"When there is no right immersion, one who lacks right immersion has destroyed a vital condition for true knowledge and vision. ","html":"{}"},"an11.5:1.9":{"pli":"yathābhūtañāṇadassane asati yathābhūtañāṇadassanavipannassa hatūpanisā hoti nibbidā, ","eng":"When there is no true knowledge and vision, one who lacks true knowledge and vision has destroyed a vital condition for disillusionment. ","html":"{}"},"an11.5:1.10":{"pli":"nibbidāya asati nibbidāvipannassa hatūpaniso hoti virāgo, ","eng":"When there is no disillusionment, one who lacks disillusionment has destroyed a vital condition for dispassion. ","html":"{}"},"an11.5:1.11":{"pli":"virāge asati virāgavipannassa hatūpanisaṃ hoti vimuttiñāṇadassanaṃ. ","eng":"When there is no dispassion, one who lacks dispassion has destroyed a vital condition for knowledge and vision of freedom. ","html":"{}</p>"},"an11.5:2.1":{"pli":"Seyyathāpi, āvuso, rukkho sākhāpalāsavipanno. Tassa papaṭikāpi na pāripūriṃ gacchati, tacopi … pheggupi … sāropi na pāripūriṃ gacchati. ","eng":"Suppose there was a tree that lacked branches and foliage. Its shoots, bark, softwood, and heartwood would not grow to fullness. ","html":"<p>{}</p>"},"an11.5:2.2":{"pli":"Evamevaṃ kho, āvuso, dussīlassa sīlavipannassa hatūpaniso hoti avippaṭisāro, ","eng":"In the same way, an unethical person, who lacks ethics, has destroyed a vital condition for having no regrets. ","html":"<p>{}"},"an11.5:2.3":{"pli":"avippaṭisāre asati avippaṭisāravipannassa hatūpanisaṃ hoti pāmojjaṃ …pe… ","eng":"When there are regrets, one who has regrets has destroyed a vital condition for joy. … ","html":"{}"},"an11.5:2.4":{"pli":"vimuttiñāṇadassanaṃ. ","eng":"When there is no dispassion, one who lacks dispassion has destroyed a vital condition for knowledge and vision of freedom. ","html":"{}</p>"},"an11.5:3.1":{"pli":"Sīlavato, āvuso, sīlasampannassa upanisasampanno hoti avippaṭisāro, ","eng":"An ethical person, who has fulfilled ethics, has fulfilled a vital condition for not having regrets. ","html":"<p>{}"},"an11.5:3.2":{"pli":"avippaṭisāre sati avippaṭisārasampannassa upanisasampannaṃ hoti pāmojjaṃ, ","eng":"When there are no regrets, one who has no regrets has fulfilled a vital condition for joy. ","html":"{}"},"an11.5:3.3":{"pli":"pāmojje sati pāmojjasampannassa upanisasampannā hoti pīti, ","eng":"When there is joy, one who has fulfilled joy has fulfilled a vital condition for rapture. ","html":"{}"},"an11.5:3.4":{"pli":"pītiyā sati pītisampannassa upanisasampannā hoti passaddhi, ","eng":"When there is rapture, one who has fulfilled rapture has fulfilled a vital condition for tranquility. ","html":"{}"},"an11.5:3.5":{"pli":"passaddhiyā sati passaddhisampannassa upanisasampannaṃ hoti sukhaṃ, ","eng":"When there is tranquility, one who has fulfilled tranquility has fulfilled a vital condition for bliss. ","html":"{}"},"an11.5:3.6":{"pli":"sukhe sati sukhasampannassa upanisasampanno hoti sammāsamādhi, ","eng":"When there is bliss, one who has fulfilled bliss has fulfilled a vital condition for right immersion. ","html":"{}"},"an11.5:3.7":{"pli":"sammāsamādhimhi sati sammāsamādhisampannassa upanisasampannaṃ hoti yathābhūtañāṇadassanaṃ, ","eng":"When there is right immersion, one who has fulfilled right immersion has fulfilled a vital condition for true knowledge and vision. ","html":"{}"},"an11.5:3.8":{"pli":"yathābhūtañāṇadassane sati yathābhūtañāṇadassanasampannassa upanisasampannā hoti nibbidā, ","eng":"When there is true knowledge and vision, one who has fulfilled true knowledge and vision has fulfilled a vital condition for disillusionment. ","html":"{}"},"an11.5:3.9":{"pli":"nibbidāya sati nibbidāsampannassa upanisasampanno hoti virāgo, ","eng":"When there is disillusionment, one who has fulfilled disillusionment has fulfilled a vital condition for dispassion. ","html":"{}"},"an11.5:3.10":{"pli":"virāge sati virāgasampannassa upanisasampannaṃ hoti vimuttiñāṇadassanaṃ. ","eng":"When there is dispassion, one who has fulfilled dispassion has fulfilled a vital condition for knowledge and vision of freedom. ","html":"{}</p>"},"an11.5:4.1":{"pli":"Seyyathāpi, āvuso, rukkho sākhāpalāsasampanno. Tassa papaṭikāpi pāripūriṃ gacchati, tacopi … pheggupi … sāropi pāripūriṃ gacchati. ","eng":"Suppose there was a tree that was complete with branches and foliage. Its shoots, bark, softwood, and heartwood would grow to fullness. ","html":"<p>{}</p>"},"an11.5:4.2":{"pli":"Evamevaṃ kho, āvuso, sīlavato sīlasampannassa upanisasampanno hoti avippaṭisāro, ","eng":"In the same way, an ethical person, who has fulfilled ethics, has fulfilled a vital condition for not having regrets. ","html":"<p>{}"},"an11.5:4.3":{"pli":"avippaṭisāre sati avippaṭisārasampannassa upanisasampannaṃ hoti pāmojjaṃ …pe… ","eng":"When there are no regrets, one who has no regrets has fulfilled a vital condition for joy. … ","html":"{}"},"an11.5:4.4":{"pli":"vimuttiñāṇadassanan”ti. ","eng":"When there is dispassion, one who has fulfilled dispassion has fulfilled a vital condition for knowledge and vision of freedom.” ","html":"{}</p>"},"an11.5:4.5":{"pli":"Pañcamaṃ. ","html":"<p class='endsutta'>{}</p></article>"}},"an11.502-981":{"an11.502-981:0.1":{"pli":"Aṅguttara Nikāya 11 ","eng":"Numbered Discourses 11.502–981 ","html":"<article id='an11.502-981'><header><ul><li class='division'>{}</li>"},"an11.502-981:0.2":{"pli":"Paṭhamapaṇṇāsaka ","eng":"The First Fifty ","html":"<li class='pannasaka'>{}</li>"},"an11.502-981:0.3":{"pli":"Sāmaññavagga ","eng":"Similarity ","html":"<li class='vagga'>{}</li></ul>"},"an11.502-981:0.4":{"pli":"~ ","eng":"Untitled Discourses on the Eye, Etc. ","html":"<h1 class='sutta-title'>{}</h1></header>"},"an11.502-981:1.1":{"pli":"Ekādasahi, bhikkhave, aṅgehi samannāgato gopālako bhabbo gogaṇaṃ pariharituṃ phātikātuṃ. ","eng":"“Mendicants, a cowherd with eleven factors can maintain and expand a herd of cattle. ","html":"<p>{}"},"an11.502-981:1.2":{"pli":"Katamehi ekādasahi? ","eng":"What eleven? ","html":"{}"},"an11.502-981:1.3":{"pli":"Idha, bhikkhave, gopālako rūpaññū hoti… pe… ","eng":"It’s when a cowherd knows form … ","html":"{}</p>"},"an11.502-981:2.1":{"pli":"Evameva kho, bhikkhave, ekādasahi dhammehi samannāgato bhikkhu bhabbo cakkhusmiṃ aniccānupassī viharituṃ… ","eng":"In the same way, a mendicant with eleven qualities can meditate observing impermanence in the eye … ","html":"<p>{}"},"an11.502-981:2.2":{"pli":"pe… ","html":"{}"},"an11.502-981:2.3":{"pli":"paṭinissaggānupassī viharitunti. ","eng":"meditate observing letting go. …” ","html":"{}</p></article>"}},"an11.6":{"an11.6:0.1":{"pli":"Aṅguttara Nikāya 11.6 ","eng":"Numbered Discourses 11.6 ","html":"<article id='an11.6'><header><ul><li class='division'>{}</li>"},"an11.6:0.2":{"pli":"1. Nissayavagga ","eng":"1. Dependence ","html":"<li>{}</li></ul>"},"an11.6:0.3":{"pli":"Byasanasutta ","eng":"Disasters ","html":"<h1 class='sutta-title'>{}</h1></header>"},"an11.6:1.1":{"pli":"“Yo so, bhikkhave, bhikkhu akkosako paribhāsako ariyūpavādo sabrahmacārīnaṃ, ṭhānametaṃ avakāso yaṃ so ekādasannaṃ byasanānaṃ aññataraṃ byasanaṃ nigaccheyya. ","eng":"“Mendicants, any mendicant who abuses and insults their spiritual companions, denouncing the noble ones, will, without a doubt, fall into one or other of these eleven disasters. ","html":"<p>{}"},"an11.6:2.1":{"pli":"Katamesaṃ ekādasannaṃ? ","eng":"What eleven? ","html":"{}</p>"},"an11.6:2.2":{"pli":"Anadhigataṃ nādhigacchati, ","eng":"They don’t achieve the unachieved. ","html":"<p>{}"},"an11.6:2.3":{"pli":"adhigatā parihāyati, ","eng":"What they have achieved falls away. ","html":"{}"},"an11.6:2.4":{"pli":"saddhammassa na vodāyanti, ","eng":"They don’t refine their good qualities. ","html":"{}"},"an11.6:2.5":{"pli":"saddhammesu vā adhimāniko hoti, ","eng":"Or they overestimate their good qualities. ","html":"{}"},"an11.6:2.6":{"pli":"anabhirato vā brahmacariyaṃ carati, ","eng":"Or they lead the spiritual life dissatisfied. ","html":"{}"},"an11.6:2.7":{"pli":"aññataraṃ vā saṅkiliṭṭhaṃ āpattiṃ āpajjati, ","eng":"Or they commit a corrupt offense. ","html":"{}"},"an11.6:2.8":{"pli":"sikkhaṃ vā paccakkhāya hīnāyāvattati, ","eng":"Or they resign the training and return to a lesser life. ","html":"{}"},"an11.6:2.9":{"pli":"gāḷhaṃ vā rogātaṅkaṃ phusati, ","eng":"Or they contract a severe illness. ","html":"{}"},"an11.6:2.10":{"pli":"ummādaṃ vā pāpuṇāti cittakkhepaṃ vā, ","eng":"Or they go mad or lose their mind. ","html":"{}"},"an11.6:2.11":{"pli":"sammūḷho kālaṃ karoti, ","eng":"They feel lost when they die. ","html":"{}"},"an11.6:2.12":{"pli":"kāyassa bhedā paraṃ maraṇā apāyaṃ duggatiṃ vinipātaṃ nirayaṃ upapajjati—","eng":"And when their body breaks up, after death, they are reborn in a place of loss, a bad place, the underworld, hell. ","html":"{}</p>"},"an11.6:2.13":{"pli":"yo so, bhikkhave, bhikkhu akkosako paribhāsako ariyūpavādo sabrahmacārīnaṃ, ṭhānametaṃ avakāso yaṃ so imesaṃ ekādasannaṃ byasanānaṃ aññataraṃ byasanaṃ nigaccheyya. ","eng":"Any mendicant who abuses and insults their spiritual companions, denouncing the noble ones, will, without a doubt, fall into one or other of these eleven disasters. ","html":"<p>{}</p>"},"an11.6:3.1":{"pli":"Yo so, bhikkhave, bhikkhu akkosako paribhāsako ariyūpavādo sabrahmacārīnaṃ, aṭṭhānametaṃ anavakāso yaṃ so ekādasannaṃ byasanānaṃ aññataraṃ byasanaṃ na nigaccheyya. ","eng":"Any mendicant who does not abuse and insult their spiritual companions, denouncing the noble ones, will, without a doubt, not fall into one or other of these eleven disasters. ","html":"<p>{}"},"an11.6:4.1":{"pli":"Katamesaṃ ekādasannaṃ? ","eng":"What eleven? ","html":"{}</p>"},"an11.6:4.2":{"pli":"Anadhigataṃ nādhigacchati, ","eng":"They don’t achieve the unachieved. ","html":"<p>{}"},"an11.6:4.3":{"pli":"adhigatā parihāyati, ","eng":"What they have achieved falls away. ","html":"{}"},"an11.6:4.4":{"pli":"saddhammassa na vodāyanti, ","eng":"They don’t refine their good qualities. ","html":"{}"},"an11.6:4.5":{"pli":"saddhammesu vā adhimāniko hoti, ","eng":"They overestimate their good qualities. ","html":"{}"},"an11.6:4.6":{"pli":"anabhirato vā brahmacariyaṃ carati, ","eng":"Or they lead the spiritual life dissatisfied. ","html":"{}"},"an11.6:4.7":{"pli":"aññataraṃ vā saṅkiliṭṭhaṃ āpattiṃ āpajjati, ","eng":"Or they commit one of the corrupt offenses. ","html":"{}"},"an11.6:4.8":{"pli":"sikkhaṃ vā paccakkhāya hīnāyāvattati, ","eng":"Or they resign the training and return to a lesser life. ","html":"{}"},"an11.6:4.9":{"pli":"gāḷhaṃ vā rogātaṅkaṃ phusati, ","eng":"Or they contract a severe illness. ","html":"{}"},"an11.6:4.10":{"pli":"ummādaṃ vā pāpuṇāti cittakkhepaṃ vā, ","eng":"Or they go mad or lose their mind. ","html":"{}"},"an11.6:4.11":{"pli":"sammūḷho kālaṃ karoti, ","eng":"They feel lost when they die. ","html":"{}"},"an11.6:4.12":{"pli":"kāyassa bhedā paraṃ maraṇā apāyaṃ duggatiṃ vinipātaṃ nirayaṃ upapajjati—","eng":"And when their body breaks up, after death, they are reborn in a place of loss, a bad place, the underworld, hell. ","html":"{}</p>"},"an11.6:4.13":{"pli":"yo so, bhikkhave, bhikkhu akkosako paribhāsako ariyūpavādo sabrahmacārīnaṃ, aṭṭhānametaṃ anavakāso yaṃ so imesaṃ ekādasannaṃ byasanānaṃ aññataraṃ byasanaṃ na nigaccheyyā”ti. ","eng":"Any mendicant who does not abuse and insult their spiritual companions, denouncing the noble ones, will, without a doubt, not fall into one or other of these eleven disasters.” ","html":"<p>{}</p>"},"an11.6:4.14":{"pli":"Chaṭṭhaṃ. ","html":"<p class='endsutta'>{}</p></article>"}},"an11.7":{"an11.7:0.1":{"pli":"Aṅguttara Nikāya 11.7 ","eng":"Numbered Discourses 11.7 ","html":"<article id='an11.7'><header><ul><li class='division'>{}</li>"},"an11.7:0.2":{"pli":"1. Nissayavagga ","eng":"1. Dependence ","html":"<li>{}</li></ul>"},"an11.7:0.3":{"pli":"Saññāsutta ","eng":"Percipient ","html":"<h1 class='sutta-title'>{}</h1></header>"},"an11.7:1.1":{"pli":"Atha kho āyasmā ānando yena bhagavā tenupasaṅkami; upasaṅkamitvā bhagavantaṃ abhivādetvā ekamantaṃ nisīdi. Ekamantaṃ nisinno kho āyasmā ānando bhagavantaṃ etadavoca: ","eng":"Then Venerable Ānanda went up to the Buddha, bowed, sat down to one side, and said to him: ","html":"<p>{}</p>"},"an11.7:2.1":{"pli":"“Siyā nu kho, bhante, bhikkhuno tathārūpo samādhipaṭilābho yathā neva pathaviyaṃ pathavisaññī assa, na āpasmiṃ āposaññī assa, na tejasmiṃ tejosaññī assa, na vāyasmiṃ vāyosaññī assa, na ākāsānañcāyatane ākāsānañcāyatanasaññī assa, na viññāṇañcāyatane viññāṇañcāyatanasaññī assa, na ākiñcaññāyatane ākiñcaññāyatanasaññī assa, na nevasaññānāsaññāyatane nevasaññānāsaññāyatanasaññī assa, na idhaloke idhalokasaññī assa, na paraloke paralokasaññī assa, yampidaṃ diṭṭhaṃ sutaṃ mutaṃ viññātaṃ pattaṃ pariyesitaṃ anuvicaritaṃ manasā, tatrāpi na saññī assa; saññī ca pana assā”ti? ","eng":"“Could it be, sir, that a mendicant might gain a state of immersion like this? They wouldn’t perceive earth in earth, water in water, fire in fire, or air in air. And they wouldn’t perceive the dimension of infinite space in the dimension of infinite space, the dimension of infinite consciousness in the dimension of infinite consciousness, the dimension of nothingness in the dimension of nothingness, or the dimension of neither perception nor non-perception in the dimension of neither perception nor non-perception. They wouldn’t perceive this world in this world, or the other world in the other world. And they wouldn’t perceive what is seen, heard, thought, known, attained, sought, or explored by the mind. And yet they would still perceive.” ","html":"<p>{}</p>"},"an11.7:3.1":{"pli":"“Siyā, ānanda, bhikkhuno tathārūpo samādhipaṭilābho yathā neva pathaviyaṃ pathavisaññī assa, na āpasmiṃ āposaññī assa, na tejasmiṃ tejosaññī assa, na vāyasmiṃ vāyosaññī assa, na ākāsānañcāyatane ākāsānañcāyatanasaññī assa, na viññāṇañcāyatane viññāṇañcāyatanasaññī assa, na ākiñcaññāyatane ākiñcaññāyatanasaññī assa, na nevasaññānāsaññāyatane nevasaññānāsaññāyatanasaññī assa, na idhaloke idhalokasaññī assa, na paraloke paralokasaññī assa, yampidaṃ diṭṭhaṃ sutaṃ mutaṃ viññātaṃ pattaṃ pariyesitaṃ anuvicaritaṃ manasā, tatrāpi na saññī assa; saññī ca pana assā”ti. ","eng":"“It could be, Ānanda, that a mendicant might gain a state of immersion like this. They wouldn’t perceive earth in earth, water in water, fire in fire, or air in air. And they wouldn’t perceive the dimension of infinite space in the dimension of infinite space, the dimension of infinite consciousness in the dimension of infinite consciousness, the dimension of nothingness in the dimension of nothingness, or the dimension of neither perception nor non-perception in the dimension of neither perception nor non-perception. They wouldn’t perceive this world in this world, or the other world in the other world. And they wouldn’t perceive what is seen, heard, thought, known, attained, sought, or explored by the mind. And yet they would still perceive.” ","html":"<p>{}</p>"},"an11.7:4.1":{"pli":"“Yathā kathaṃ pana, bhante, siyā bhikkhuno tathārūpo samādhipaṭilābho yathā neva pathaviyaṃ pathavisaññī assa, na āpasmiṃ āposaññī assa, na tejasmiṃ tejosaññī assa, na vāyasmiṃ vāyosaññī assa, na ākāsānañcāyatane ākāsānañcāyatanasaññī assa, na viññāṇañcāyatane viññāṇañcāyatanasaññī assa, na ākiñcaññāyatane ākiñcaññāyatanasaññī assa, na nevasaññānāsaññāyatane nevasaññānāsaññāyatanasaññī assa, na idhaloke idhalokasaññī assa, na paraloke paralokasaññī assa, yampidaṃ diṭṭhaṃ sutaṃ mutaṃ viññātaṃ pattaṃ pariyesitaṃ anuvicaritaṃ manasā, tatrāpi na saññī assa, saññī ca pana assā”ti. ","eng":"“But how could this be, sir?” ","html":"<p>{}</p>"},"an11.7:5.1":{"pli":"“Idhānanda, bhikkhu evaṃsaññī hoti: ","eng":"“Ānanda, it’s when a mendicant perceives: ","html":"<p>{}"},"an11.7:5.2":{"pli":"‘etaṃ santaṃ etaṃ paṇītaṃ, yadidaṃ sabbasaṅkhārasamatho sabbūpadhipaṭinissaggo taṇhākkhayo virāgo nirodho nibbānan’ti. ","eng":"‘This is peaceful; this is sublime—that is, the stilling of all activities, the letting go of all attachments, the ending of craving, fading away, cessation, extinguishment.’ ","html":"{}</p>"},"an11.7:5.3":{"pli":"Evaṃ kho, ānanda, siyā bhikkhuno tathārūpo samādhipaṭilābho yathā neva pathaviyaṃ pathavisaññī assa, na āpasmiṃ āposaññī assa, na tejasmiṃ tejosaññī assa, na vāyasmiṃ vāyosaññī assa, na ākāsānañcāyatane ākāsānañcāyatanasaññī assa, na viññāṇañcāyatane viññāṇañcāyatanasaññī assa, na ākiñcaññāyatane ākiñcaññāyatanasaññī assa, na nevasaññānāsaññāyatane nevasaññānāsaññāyatanasaññī assa, na idhaloke idhalokasaññī assa, na paraloke paralokasaññī assa, yampidaṃ diṭṭhaṃ sutaṃ mutaṃ viññātaṃ pattaṃ pariyesitaṃ anuvicaritaṃ manasā, tatrāpi na saññī assa, saññī ca pana assā”ti. ","eng":"That’s how a mendicant might gain a state of immersion like this. They wouldn’t perceive earth in earth, water in water, fire in fire, or air in air. And they wouldn’t perceive the dimension of infinite space in the dimension of infinite space, the dimension of infinite consciousness in the dimension of infinite consciousness, the dimension of nothingness in the dimension of nothingness, or the dimension of neither perception nor non-perception in the dimension of neither perception nor non-perception. They wouldn’t perceive this world in this world, or the other world in the other world. And they wouldn’t perceive what is seen, heard, thought, known, attained, sought, or explored by the mind. And yet they would still perceive.” ","html":"<p>{}</p>"},"an11.7:6.1":{"pli":"Atha kho āyasmā ānando bhagavato bhāsitaṃ abhinanditvā anumoditvā uṭṭhāyāsanā bhagavantaṃ abhivādetvā padakkhiṇaṃ katvā yenāyasmā sāriputto tenupasaṅkami; upasaṅkamitvā āyasmatā sāriputtena saddhiṃ sammodi. ","eng":"And then Ānanda approved and agreed with what the Buddha said. He got up from his seat, bowed, and respectfully circled the Buddha, keeping him on his right. Then he went up to Venerable Sāriputta, and exchanged greetings with him. ","html":"<p>{}"},"an11.7:6.2":{"pli":"Sammodanīyaṃ kathaṃ sāraṇīyaṃ vītisāretvā ekamantaṃ nisīdi. Ekamantaṃ nisinno kho āyasmā ānando āyasmantaṃ sāriputtaṃ etadavoca: ","eng":"When the greetings and polite conversation were over, he sat down to one side and said to Sāriputta: ","html":"{}</p>"},"an11.7:7.1":{"pli":"“Siyā nu kho, āvuso sāriputta, bhikkhuno tathārūpo samādhipaṭilābho yathā neva pathaviyaṃ pathavisaññī assa …pe… yampidaṃ diṭṭhaṃ sutaṃ mutaṃ viññātaṃ pattaṃ pariyesitaṃ anuvicaritaṃ manasā, tatrāpi na saññī assa, saññī pana assā”ti. ","eng":"“Could it be, reverend Sāriputta, that a mendicant might gain a state of immersion like this? They wouldn’t perceive earth in earth … And they wouldn’t perceive what is seen, heard, thought, known, attained, sought, or explored by the mind. And yet they would still perceive.” ","html":"<p>{}</p>"},"an11.7:7.2":{"pli":"“Siyā, āvuso ānanda, bhikkhuno tathārūpo samādhipaṭilābho yathā neva pathaviyaṃ pathavisaññī assa …pe… yampidaṃ diṭṭhaṃ sutaṃ mutaṃ viññātaṃ pattaṃ pariyesitaṃ anuvicaritaṃ manasā, tatrāpi na saññī assa, saññī ca pana assā”ti. ","eng":"“It could be, Reverend Ānanda.” ","html":"<p>{}</p>"},"an11.7:8.1":{"pli":"“Yathā kathaṃ panāvuso sāriputta, siyā bhikkhuno tathārūpo samādhipaṭilābho yathā neva pathaviyaṃ pathavisaññī assa …pe… yampidaṃ diṭṭhaṃ sutaṃ mutaṃ viññātaṃ pattaṃ pariyesitaṃ anuvicaritaṃ manasā, tatrāpi na saññī assa, saññī ca pana assā”ti? ","eng":"“But how could this be?” ","html":"<p>{}</p>"},"an11.7:9.1":{"pli":"“Idha, āvuso ānanda, bhikkhu evaṃsaññī hoti: ","eng":"“Ānanda, it’s when a mendicant perceives: ","html":"<p>{}"},"an11.7:9.2":{"pli":"‘etaṃ santaṃ etaṃ paṇītaṃ, yadidaṃ sabbasaṅkhārasamatho sabbūpadhipaṭinissaggo taṇhākkhayo virāgo nirodho nibbānan’ti. ","eng":"‘This is peaceful; this is sublime—that is, the stilling of all activities, the letting go of all attachments, the ending of craving, fading away, cessation, extinguishment.’ ","html":"{}"},"an11.7:9.3":{"pli":"Evaṃ kho, āvuso ānanda, siyā bhikkhuno tathārūpo samādhipaṭilābho yathā neva pathaviyaṃ pathavisaññī assa …pe… yampidaṃ diṭṭhaṃ sutaṃ mutaṃ viññātaṃ pattaṃ pariyesitaṃ anuvicaritaṃ manasā, tatrāpi na saññī assa, saññī ca pana assā”ti. ","eng":"That’s how a mendicant might gain a state of immersion like this. They wouldn’t perceive earth in earth … And they wouldn’t perceive what is seen, heard, thought, known, attained, sought, or explored by the mind. And yet they would still perceive.” ","html":"{}</p>"},"an11.7:10.1":{"pli":"“Acchariyaṃ, āvuso, abbhutaṃ, āvuso. ","eng":"“It’s incredible, it’s amazing! ","html":"<p>{}"},"an11.7:10.2":{"pli":"Yatra hi nāma satthu ceva sāvakassa ca atthena attho byañjanena byañjanaṃ saṃsandissati samessati na viggayhissati, yadidaṃ aggapadasmiṃ. ","eng":"How the meaning and the phrasing of the teacher and the disciple fit together and agree without conflict when it comes to the chief matter! ","html":"{}"},"an11.7:10.3":{"pli":"Idānāhaṃ, āvuso, bhagavantaṃ upasaṅkamitvā etamatthaṃ apucchiṃ. ","eng":"Just now I went to the Buddha and asked him about this matter. ","html":"{}"},"an11.7:10.4":{"pli":"Bhagavāpi me etehi akkharehi etehi padehi etehi byañjanehi etamatthaṃ byākāsi, seyyathāpi āyasmā sāriputto. ","eng":"And the Buddha explained it to me in this manner, with these words and phrases, just like Venerable Sāriputta. ","html":"{}"},"an11.7:10.5":{"pli":"Acchariyaṃ, āvuso, abbhutaṃ, āvuso. ","eng":"It’s incredible, it’s amazing! ","html":"{}"},"an11.7:10.6":{"pli":"Yatra hi nāma satthu ceva sāvakassa ca atthena attho byañjanena byañjanaṃ saṃsandissati samessati na viggayhissati, yadidaṃ aggapadasmin”ti. ","eng":"How the meaning and the phrasing of the teacher and the disciple fit together and agree without conflict when it comes to the chief matter!” ","html":"{}</p>"},"an11.7:10.7":{"pli":"Sattamaṃ. ","html":"<p class='endsutta'>{}</p></article>"}},"an11.70-117":{"an11.70-117:0.1":{"pli":"Aṅguttara Nikāya 11 ","eng":"Numbered Discourses 11.70–117 ","html":"<article id='an11.70-117'><header><ul><li class='division'>{}</li>"},"an11.70-117:0.2":{"pli":"Paṭhamapaṇṇāsaka ","eng":"The First Fifty ","html":"<li class='pannasaka'>{}</li>"},"an11.70-117:0.3":{"pli":"Sāmaññavagga ","eng":"Similarity ","html":"<li class='vagga'>{}</li></ul>"},"an11.70-117:0.4":{"pli":"~ ","eng":"Untitled Discourses on Sights, Etc. ","html":"<h1 class='sutta-title'>{}</h1></header>"},"an11.70-117:1.1":{"pli":"… ","eng":"… ","html":"<p>{}"},"an11.70-117:1.2":{"pli":"Rūpesu… ","eng":"“… sights … ","html":"{}"},"an11.70-117:1.3":{"pli":"saddesu… ","eng":"sounds … ","html":"{}"},"an11.70-117:1.4":{"pli":"gandhesu… ","eng":"smells … ","html":"{}"},"an11.70-117:1.5":{"pli":"rasesu… ","eng":"tastes … ","html":"{}"},"an11.70-117:1.6":{"pli":"phoṭṭhabbesu… ","eng":"touches … ","html":"{}"},"an11.70-117:1.7":{"pli":"dhammesu… ","eng":"ideas …” ","html":"{}</p></article>"}},"an11.8":{"an11.8:0.1":{"pli":"Aṅguttara Nikāya 11.8 ","eng":"Numbered Discourses 11.8 ","html":"<article id='an11.8'><header><ul><li class='division'>{}</li>"},"an11.8:0.2":{"pli":"1. Nissayavagga ","eng":"1. Dependence ","html":"<li>{}</li></ul>"},"an11.8:0.3":{"pli":"Manasikārasutta ","eng":"Focus ","html":"<h1 class='sutta-title'>{}</h1></header>"},"an11.8:1.1":{"pli":"Atha kho āyasmā ānando yena bhagavā tenupasaṅkami; upasaṅkamitvā bhagavantaṃ abhivādetvā ekamantaṃ nisīdi. Ekamantaṃ nisinno kho āyasmā ānando bhagavantaṃ etadavoca: ","eng":"Then Venerable Ānanda went up to the Buddha, bowed, sat down to one side, and said to him: ","html":"<p>{}</p>"},"an11.8:2.1":{"pli":"“Siyā nu kho, bhante, bhikkhuno tathārūpo samādhipaṭilābho yathā na cakkhuṃ manasi kareyya, na rūpaṃ manasi kareyya, na sotaṃ manasi kareyya, na saddaṃ manasi kareyya, na ghānaṃ manasi kareyya, na gandhaṃ manasi kareyya, na jivhaṃ manasi kareyya, na rasaṃ manasi kareyya, na kāyaṃ manasi kareyya, na phoṭṭhabbaṃ manasi kareyya, na pathaviṃ manasi kareyya, na āpaṃ manasi kareyya, na tejaṃ manasi kareyya, na vāyaṃ manasi kareyya, na ākāsānañcāyatanaṃ manasi kareyya, na viññāṇañcāyatanaṃ manasi kareyya, na ākiñcaññāyatanaṃ manasi kareyya, na nevasaññānāsaññāyatanaṃ manasi kareyya, na idhalokaṃ manasi kareyya, na paralokaṃ manasi kareyya, yampidaṃ diṭṭhaṃ sutaṃ mutaṃ viññātaṃ pattaṃ pariyesitaṃ anuvicaritaṃ manasā, tampi na manasi kareyya; ","eng":"“Could it be, sir, that a mendicant might gain a state of immersion like this. They wouldn’t focus on the eye or sights, ear or sounds, nose or smells, tongue or tastes, or body or touches. They wouldn’t focus on earth in earth, water in water, fire in fire, or air in air. And they wouldn’t focus on the dimension of infinite space in the dimension of infinite space, the dimension of infinite consciousness in the dimension of infinite consciousness, the dimension of nothingness in the dimension of nothingness, or the dimension of neither perception nor non-perception in the dimension of neither perception nor non-perception. They wouldn’t focus on this world in this world, or the other world in the other world. And they wouldn’t focus on what is seen, heard, thought, known, attained, sought, or explored by the mind. ","html":"<p>{}"},"an11.8:2.2":{"pli":"manasi ca pana kareyyā”ti? ","eng":"Yet they would focus?” ","html":"{}</p>"},"an11.8:3.1":{"pli":"“Siyā, ānanda, bhikkhuno tathārūpo samādhipaṭilābho yathā na cakkhuṃ manasi kareyya, na rūpaṃ manasi kareyya, na sotaṃ manasi kareyya, na saddaṃ manasi kareyya, na ghānaṃ manasi kareyya, na gandhaṃ manasi kareyya, na jivhaṃ manasi kareyya, na rasaṃ manasi kareyya, na kāyaṃ manasi kareyya, na phoṭṭhabbaṃ manasi kareyya, na pathaviṃ manasi kareyya, na āpaṃ manasi kareyya, na tejaṃ manasi kareyya, na vāyaṃ manasi kareyya, na ākāsānañcāyatanaṃ manasi kareyya, na viññāṇañcāyatanaṃ manasi kareyya, na ākiñcaññāyatanaṃ manasi kareyya, na nevasaññānāsaññāyatanaṃ manasi kareyya, na idhalokaṃ manasi kareyya, na paralokaṃ manasi kareyya, yampidaṃ diṭṭhaṃ sutaṃ mutaṃ viññātaṃ pattaṃ pariyesitaṃ anuvicaritaṃ manasā, tampi na manasi kareyya; ","eng":"“It could be, Ānanda.” ","html":"<p>{}"},"an11.8:3.2":{"pli":"manasi ca pana kareyyā”ti. ","html":"{}</p>"},"an11.8:4.1":{"pli":"“Yathā kathaṃ pana, bhante, siyā bhikkhuno tathārūpo samādhipaṭilābho yathā na cakkhuṃ manasi kareyya, na rūpaṃ manasi kareyya …pe… ","eng":"“But how could this be?” ","html":"<p>{}"},"an11.8:4.2":{"pli":"yampidaṃ diṭṭhaṃ sutaṃ mutaṃ viññātaṃ pattaṃ pariyesitaṃ anuvicaritaṃ manasā, tampi na manasi kareyya; ","html":"{}"},"an11.8:4.3":{"pli":"manasi ca pana kareyyā”ti? ","html":"{}</p>"},"an11.8:5.1":{"pli":"“Idhānanda, bhikkhu evaṃ manasi karoti: ","eng":"“Ānanda, it’s when a mendicant focuses thus: ","html":"<p>{}"},"an11.8:5.2":{"pli":"‘etaṃ santaṃ etaṃ paṇītaṃ, yadidaṃ sabbasaṅkhārasamatho sabbūpadhipaṭinissaggo taṇhākkhayo virāgo nirodho nibbānan’ti. ","eng":"‘This is peaceful; this is sublime—that is, the stilling of all activities, the letting go of all attachments, the ending of craving, fading away, cessation, extinguishment.’ ","html":"{}</p>"},"an11.8:5.3":{"pli":"Evaṃ kho, ānanda, siyā bhikkhuno tathārūpo samādhipaṭilābho yathā na cakkhuṃ manasi kareyya, na rūpaṃ manasi kareyya …pe… ","eng":"That’s how a mendicant might gain a state of immersion like this. They wouldn’t focus on the eye or sights, ear or sounds, nose or smells, tongue or tastes, or body or touches. … ","html":"<p>{}"},"an11.8:5.4":{"pli":"yampidaṃ diṭṭhaṃ sutaṃ mutaṃ viññātaṃ pattaṃ pariyesitaṃ anuvicaritaṃ manasā, tampi na manasi kareyya; ","eng":"And they wouldn’t focus on what is seen, heard, thought, known, attained, sought, or explored by the mind. ","html":"{}"},"an11.8:5.5":{"pli":"manasi ca pana kareyyā”ti. ","eng":"Yet they would focus.” ","html":"{}</p>"},"an11.8:5.6":{"pli":"Aṭṭhamaṃ. ","html":"<p class='endsutta'>{}</p></article>"}}}