{"an11.16":{"an11.16:0.1":{"pli":"Aṅguttara Nikāya 11.16 ","eng":"Numbered Discourses 11.16 ","html":"<article id='an11.16'><header><ul><li class='division'>{}</li>"},"an11.16:0.2":{"pli":"2. Anussativagga ","eng":"2. Recollection ","html":"<li>{}</li></ul>"},"an11.16:0.3":{"pli":"Aṭṭhakanāgarasutta ","eng":"The Wealthy Citizen ","html":"<h1 class='sutta-title'>{}</h1></header>"},"an11.16:1.1":{"pli":"Ekaṃ samayaṃ āyasmā ānando vesāliyaṃ viharati beluvagāmake. ","eng":"At one time Venerable Ānanda was staying near Vesālī in the little village of Beluva. ","html":"<p>{}</p>"},"an11.16:1.2":{"pli":"Tena kho pana samayena dasamo gahapati aṭṭhakanāgaro pāṭaliputtaṃ anuppatto hoti kenacideva karaṇīyena. ","eng":"Now at that time the householder Dasama, a wealthy citizen, had arrived at Pāṭaliputta on some business. ","html":"<p>{}"},"an11.16:2.1":{"pli":"Atha kho dasamo gahapati aṭṭhakanāgaro yena kukkuṭārāmo yena aññataro bhikkhu tenupasaṅkami; upasaṅkamitvā taṃ bhikkhuṃ etadavoca: ","eng":"He went to the Chicken Monastery, approached a certain mendicant, and said to him, ","html":"{}"},"an11.16:2.2":{"pli":"“kahaṃ nu kho, bhante, āyasmā ānando etarahi viharati? ","eng":"“Sir, where is Venerable Ānanda now staying? ","html":"{}"},"an11.16:2.3":{"pli":"Dassanakāmā hi mayaṃ, bhante, āyasmantaṃ ānandan”ti. ","eng":"For I want to see him.” ","html":"{}</p>"},"an11.16:2.4":{"pli":"“Eso, gahapati, āyasmā ānando vesāliyaṃ viharati beluvagāmake”ti. ","eng":"“Householder, Venerable Ānanda is staying near Vesālī in the little village of Beluva.” ","html":"<p>{}</p>"},"an11.16:3.1":{"pli":"Atha kho dasamo gahapati aṭṭhakanāgaro pāṭaliputte taṃ karaṇīyaṃ tīretvā yena vesālī beluvagāmako yenāyasmā ānando tenupasaṅkami; upasaṅkamitvā āyasmantaṃ ānandaṃ abhivādetvā ekamantaṃ nisīdi. Ekamantaṃ nisinno kho dasamo gahapati aṭṭhakanāgaro āyasmantaṃ ānandaṃ etadavoca: ","eng":"Then the householder Dasama, having concluded his business there, went to the little village of Beluva in Vesālī to see Ānanda. He bowed, sat down to one side, and said to Ānanda: ","html":"<p>{}</p>"},"an11.16:3.2":{"pli":"“atthi nu kho, bhante ānanda, tena bhagavatā jānatā passatā arahatā sammāsambuddhena ekadhammo sammadakkhāto, yattha bhikkhuno appamattassa ātāpino pahitattassa viharato avimuttaṃ vā cittaṃ vimuccati, aparikkhīṇā vā āsavā parikkhayaṃ gacchanti, ananuppattaṃ vā anuttaraṃ yogakkhemaṃ anupāpuṇātī”ti? ","eng":"“Honorable Ānanda, is there one thing that has been rightly explained by the Blessed One—who knows and sees, the perfected one, the fully awakened Buddha—practicing which a diligent, keen, and resolute mendicant’s mind is freed, their defilements are ended, and they arrive at the supreme sanctuary from the yoke?” ","html":"<p>{}</p>"},"an11.16:3.3":{"pli":"“Atthi kho, gahapati, tena bhagavatā jānatā passatā arahatā sammāsambuddhena ekadhammo sammadakkhāto, yattha bhikkhuno appamattassa ātāpino pahitattassa viharato avimuttaṃ vā cittaṃ vimuccati, aparikkhīṇā vā āsavā parikkhayaṃ gacchanti, ananuppattaṃ vā anuttaraṃ yogakkhemaṃ anupāpuṇātī”ti. ","eng":"“There is, householder.” ","html":"<p>{}</p>"},"an11.16:4.1":{"pli":"“Katamo pana, bhante ānanda, tena bhagavatā jānatā passatā arahatā sammāsambuddhena ekadhammo sammadakkhāto, yattha bhikkhuno appamattassa ātāpino pahitattassa viharato avimuttaṃ vā cittaṃ vimuccati, aparikkhīṇā vā āsavā parikkhayaṃ gacchanti, ananuppattaṃ vā anuttaraṃ yogakkhemaṃ anupāpuṇātī”ti? ","eng":"“And what is that one thing?” ","html":"<p>{}</p>"},"an11.16:4.2":{"pli":"“Idha, gahapati, bhikkhu vivicceva kāmehi vivicca akusalehi dhammehi savitakkaṃ savicāraṃ vivekajaṃ pītisukhaṃ paṭhamaṃ jhānaṃ upasampajja viharati. ","eng":"“Householder, it’s when a mendicant, quite secluded from sensual pleasures, secluded from unskillful qualities, enters and remains in the first absorption, which has the rapture and bliss born of seclusion, while placing the mind and keeping it connected. ","html":"<p>{}"},"an11.16:4.3":{"pli":"So iti paṭisañcikkhati: ","eng":"Then they reflect: ","html":"{}"},"an11.16:4.4":{"pli":"‘idampi kho paṭhamaṃ jhānaṃ abhisaṅkhataṃ abhisañcetayitaṃ’. ","eng":"‘Even this first absorption is produced by choices and intentions.’ ","html":"{}"},"an11.16:4.5":{"pli":"‘Yaṃ kho pana kiñci abhisaṅkhataṃ abhisañcetayitaṃ, tadaniccaṃ nirodhadhamman’ti pajānāti. ","eng":"They understand: ‘But whatever is produced by choices and intentions is impermanent and liable to cessation.’ ","html":"{}"},"an11.16:4.6":{"pli":"So tattha ṭhito āsavānaṃ khayaṃ pāpuṇāti; ","eng":"Abiding in that they attain the ending of defilements. ","html":"{}"},"an11.16:4.7":{"pli":"no ce āsavānaṃ khayaṃ pāpuṇāti, teneva dhammarāgena tāya dhammanandiyā pañcannaṃ orambhāgiyānaṃ saṃyojanānaṃ parikkhayā opapātiko hoti tattha parinibbāyī anāvattidhammo tasmā lokā. ","eng":"If they don’t attain the ending of defilements, with the ending of the five lower fetters they’re reborn spontaneously, because of their passion and love for that meditation. They are extinguished there, and are not liable to return from that world. ","html":"{}"},"an11.16:4.8":{"pli":"Ayampi kho, gahapati, tena bhagavatā jānatā passatā arahatā sammāsambuddhena ekadhammo sammadakkhāto, yattha bhikkhuno appamattassa ātāpino pahitattassa viharato avimuttaṃ vā cittaṃ vimuccati, aparikkhīṇā vā āsavā parikkhayaṃ gacchanti, ananuppattaṃ vā anuttaraṃ yogakkhemaṃ anupāpuṇāti. ","eng":"This is one thing that has been rightly explained by the Blessed One—who knows and sees, the perfected one, the fully awakened Buddha—practicing which a diligent, keen, and resolute mendicant’s mind is freed, their defilements are ended, and they arrive at the supreme sanctuary from the yoke. ","html":"{}</p>"},"an11.16:5.1":{"pli":"Puna caparaṃ, gahapati, bhikkhu vitakkavicārānaṃ vūpasamā ajjhattaṃ sampasādanaṃ cetaso ekodibhāvaṃ avitakkaṃ avicāraṃ samādhijaṃ pītisukhaṃ dutiyaṃ jhānaṃ …pe… ","eng":"Furthermore, as the placing of the mind and keeping it connected are stilled, they enter and remain in the second absorption … ","html":"<p>{}"},"an11.16:5.2":{"pli":"tatiyaṃ jhānaṃ …pe… ","eng":"third absorption … ","html":"{}"},"an11.16:5.3":{"pli":"catutthaṃ jhānaṃ upasampajja viharati. ","eng":"fourth absorption. ","html":"{}"},"an11.16:5.4":{"pli":"So iti paṭisañcikkhati: ","eng":"Then they reflect: ","html":"{}"},"an11.16:5.5":{"pli":"‘idampi kho catutthaṃ jhānaṃ abhisaṅkhataṃ abhisañcetayitaṃ’. ","eng":"‘Even this fourth absorption is produced by choices and intentions.’ ","html":"{}"},"an11.16:5.6":{"pli":"‘Yaṃ kho pana kiñci abhisaṅkhataṃ abhisañcetayitaṃ tadaniccaṃ nirodhadhamman’ti pajānāti. ","eng":"They understand: ‘But whatever is produced by choices and intentions is impermanent and liable to cessation.’ ","html":"{}"},"an11.16:5.7":{"pli":"So tattha ṭhito āsavānaṃ khayaṃ pāpuṇāti; ","eng":"Abiding in that they attain the ending of defilements. ","html":"{}"},"an11.16:5.8":{"pli":"no ce āsavānaṃ khayaṃ pāpuṇāti, teneva dhammarāgena tāya dhammanandiyā pañcannaṃ orambhāgiyānaṃ saṃyojanānaṃ parikkhayā opapātiko hoti tattha parinibbāyī anāvattidhammo tasmā lokā. ","eng":"If they don’t attain the ending of defilements, with the ending of the five lower fetters they’re reborn spontaneously, because of their passion and love for that meditation. They are extinguished there, and are not liable to return from that world. ","html":"{}"},"an11.16:5.9":{"pli":"Ayampi kho, gahapati, tena bhagavatā jānatā passatā arahatā sammāsambuddhena ekadhammo sammadakkhāto, yattha bhikkhuno appamattassa ātāpino pahitattassa viharato avimuttaṃ vā cittaṃ vimuccati aparikkhīṇā vā āsavā parikkhayaṃ gacchanti, ananuppattaṃ vā anuttaraṃ yogakkhemaṃ anupāpuṇāti. ","eng":"This too is one thing that has been rightly explained by the Blessed One—who knows and sees, the perfected one, the fully awakened Buddha—practicing which a diligent, keen, and resolute mendicant’s mind is freed, their defilements are ended, and they arrive at the supreme sanctuary from the yoke. ","html":"{}</p>"},"an11.16:6.1":{"pli":"Puna caparaṃ, gahapati, bhikkhu mettāsahagatena cetasā ekaṃ disaṃ pharitvā viharati tathā dutiyaṃ tathā tatiyaṃ tathā catutthaṃ. Iti uddhamadho tiriyaṃ sabbadhi sabbattatāya sabbāvantaṃ lokaṃ mettāsahagatena cetasā ekaṃ disaṃ pharitvā viharati vipulena mahaggatena appamāṇena averena abyāpajjena pharitvā viharati. ","eng":"Furthermore, a mendicant meditates spreading a heart full of love to one direction, and to the second, and to the third, and to the fourth. In the same way above, below, across, everywhere, all around, they spread a heart full of love to the whole world—abundant, expansive, limitless, free of enmity and ill will. ","html":"<p>{}"},"an11.16:6.2":{"pli":"So iti paṭisañcikkhati: ","eng":"Then they reflect: ","html":"{}"},"an11.16:6.3":{"pli":"‘ayampi kho mettā cetovimutti abhisaṅkhatā abhisañcetayitā’. ","eng":"‘Even this heart’s release by love is produced by choices and intentions.’ ","html":"{}"},"an11.16:6.4":{"pli":"‘Yaṃ kho pana kiñci abhisaṅkhataṃ abhisañcetayitaṃ tadaniccaṃ nirodhadhamman’ti pajānāti. ","eng":"They understand: ‘But whatever is produced by choices and intentions is impermanent and liable to cessation.’ ","html":"{}"},"an11.16:6.5":{"pli":"So tattha ṭhito āsavānaṃ khayaṃ pāpuṇāti; ","eng":"Abiding in that they attain the ending of defilements. ","html":"{}"},"an11.16:6.6":{"pli":"no ce āsavānaṃ khayaṃ pāpuṇāti, teneva dhammarāgena tāya dhammanandiyā pañcannaṃ orambhāgiyānaṃ saṃyojanānaṃ parikkhayā opapātiko hoti tattha parinibbāyī anāvattidhammo tasmā lokā. ","eng":"If they don’t attain the ending of defilements, with the ending of the five lower fetters they’re reborn spontaneously, because of their passion and love for that meditation. They are extinguished there, and are not liable to return from that world. ","html":"{}"},"an11.16:6.7":{"pli":"Ayampi kho, gahapati, tena bhagavatā jānatā …pe… ananuppattaṃ vā anuttaraṃ yogakkhemaṃ anupāpuṇāti. ","eng":"This too is one thing that has been rightly explained by the Blessed One … ","html":"{}</p>"},"an11.16:7.1":{"pli":"Puna caparaṃ, gahapati, bhikkhu karuṇāsahagatena cetasā …pe… ","eng":"Furthermore, a mendicant meditates spreading a heart full of compassion … ","html":"<p>{}"},"an11.16:7.2":{"pli":"muditāsahagatena cetasā …pe… ","eng":"They meditate spreading a heart full of rejoicing … ","html":"{}"},"an11.16:7.3":{"pli":"upekkhāsahagatena cetasā ekaṃ disaṃ pharitvā viharati tathā dutiyaṃ tathā tatiyaṃ tathā catutthaṃ. ","eng":"They meditate spreading a heart full of equanimity to one direction, and to the second, and to the third, and to the fourth. ","html":"{}"},"an11.16:7.4":{"pli":"Iti uddhamadho tiriyaṃ sabbadhi sabbattatāya sabbāvantaṃ lokaṃ upekkhāsahagatena cetasā vipulena mahaggatena appamāṇena averena abyāpajjena pharitvā viharati. ","eng":"In the same way above, below, across, everywhere, all around, they spread a heart full of equanimity to the whole world—abundant, expansive, limitless, free of enmity and ill will. ","html":"{}"},"an11.16:7.5":{"pli":"So iti paṭisañcikkhati: ","eng":"Then they reflect: ","html":"{}"},"an11.16:7.6":{"pli":"‘ayampi kho upekkhācetovimutti abhisaṅkhatā abhisañcetayitā’. ","eng":"‘Even this heart’s release by equanimity is produced by choices and intentions.’ ","html":"{}"},"an11.16:7.7":{"pli":"‘Yaṃ kho pana kiñci abhisaṅkhataṃ abhisañcetayitaṃ tadaniccaṃ nirodhadhamman’ti pajānāti. ","eng":"They understand: ‘But whatever is produced by choices and intentions is impermanent and liable to cessation.’ ","html":"{}"},"an11.16:7.8":{"pli":"So tattha ṭhito āsavānaṃ khayaṃ pāpuṇāti; ","eng":"Abiding in that they attain the ending of defilements. ","html":"{}"},"an11.16:7.9":{"pli":"no ce āsavānaṃ khayaṃ pāpuṇāti, teneva dhammarāgena tāya dhammanandiyā pañcannaṃ orambhāgiyānaṃ saṃyojanānaṃ parikkhayā opapātiko hoti tattha parinibbāyī anāvattidhammo tasmā lokā. ","eng":"If they don’t attain the ending of defilements, with the ending of the five lower fetters they’re reborn spontaneously, because of their passion and love for that meditation. They are extinguished there, and are not liable to return from that world. ","html":"{}"},"an11.16:7.10":{"pli":"Ayampi kho, gahapati, tena bhagavatā jānatā …pe… ananuppattaṃ vā anuttaraṃ yogakkhemaṃ anupāpuṇāti. ","eng":"This too is one thing that has been rightly explained by the Blessed One … ","html":"{}</p>"},"an11.16:8.1":{"pli":"Puna caparaṃ, gahapati, bhikkhu sabbaso rūpasaññānaṃ samatikkamā paṭighasaññānaṃ atthaṅgamā nānattasaññānaṃ amanasikārā ‘ananto ākāso’ti ākāsānañcāyatanaṃ upasampajja viharati. ","eng":"Furthermore, a mendicant, going totally beyond perceptions of form, with the disappearance of perceptions of impingement, not focusing on perceptions of diversity, aware that ‘space is infinite’, enters and remains in the dimension of infinite space. ","html":"<p>{}"},"an11.16:8.2":{"pli":"So iti paṭisañcikkhati: ","eng":"Then they reflect: ","html":"{}"},"an11.16:8.3":{"pli":"‘ayampi kho ākāsānañcāyatanasamāpatti abhisaṅkhatā abhisañcetayitā’. ","eng":"‘Even this attainment of the dimension of infinite space is produced by choices and intentions.’ ","html":"{}"},"an11.16:8.4":{"pli":"‘Yaṃ kho pana kiñci abhisaṅkhataṃ abhisañcetayitaṃ tadaniccaṃ nirodhadhamman’ti pajānāti. ","eng":"They understand: ‘But whatever is produced by choices and intentions is impermanent and liable to cessation.’ ","html":"{}"},"an11.16:8.5":{"pli":"So tattha ṭhito āsavānaṃ khayaṃ pāpuṇāti; ","eng":"Abiding in that they attain the ending of defilements. ","html":"{}"},"an11.16:8.6":{"pli":"no ce āsavānaṃ khayaṃ pāpuṇāti, teneva dhammarāgena tāya dhammanandiyā pañcannaṃ orambhāgiyānaṃ saṃyojanānaṃ parikkhayā opapātiko hoti tattha parinibbāyī anāvattidhammo tasmā lokā. ","eng":"If they don’t attain the ending of defilements, with the ending of the five lower fetters they’re reborn spontaneously, because of their passion and love for that meditation. They are extinguished there, and are not liable to return from that world. ","html":"{}"},"an11.16:8.7":{"pli":"Ayampi kho, gahapati, tena bhagavatā jānatā …pe… ananuppattaṃ vā anuttaraṃ yogakkhemaṃ anupāpuṇāti. ","eng":"This too is one thing that has been rightly explained by the Blessed One … ","html":"{}</p>"},"an11.16:9.1":{"pli":"Puna caparaṃ, gahapati, bhikkhu sabbaso ākāsānañcāyatanaṃ samatikkamma ‘anantaṃ viññāṇan’ti viññāṇañcāyatanaṃ upasampajja viharati …pe… ","eng":"Furthermore, a mendicant, going totally beyond the dimension of infinite space, aware that ‘consciousness is infinite’, enters and remains in the dimension of infinite consciousness. … ","html":"<p>{}"},"an11.16:9.2":{"pli":"sabbaso viññāṇañcāyatanaṃ samatikkamma ‘natthi kiñcī’ti ākiñcaññāyatanaṃ upasampajja viharati. ","eng":"Going totally beyond the dimension of infinite consciousness, aware that ‘there is nothing at all’, they enter and remain in the dimension of nothingness. … ","html":"{}"},"an11.16:9.3":{"pli":"So iti paṭisañcikkhati: ","eng":"Then they reflect: ","html":"{}"},"an11.16:9.4":{"pli":"‘ayampi kho ākiñcaññāyatanasamāpatti abhisaṅkhatā abhisañcetayitā’. ","eng":"‘Even this attainment of the dimension of nothingness is produced by choices and intentions.’ ","html":"{}"},"an11.16:9.5":{"pli":"‘Yaṃ kho pana kiñci abhisaṅkhataṃ abhisañcetayitaṃ tadaniccaṃ nirodhadhamman’ti pajānāti. ","eng":"They understand: ‘But whatever is produced by choices and intentions is impermanent and liable to cessation.’ ","html":"{}"},"an11.16:9.6":{"pli":"So tattha ṭhito āsavānaṃ khayaṃ pāpuṇāti; ","eng":"Abiding in that they attain the ending of defilements. ","html":"{}"},"an11.16:9.7":{"pli":"no ce āsavānaṃ khayaṃ pāpuṇāti, teneva dhammarāgena tāya dhammanandiyā pañcannaṃ orambhāgiyānaṃ saṃyojanānaṃ parikkhayā opapātiko hoti tattha parinibbāyī anāvattidhammo tasmā lokā. ","eng":"If they don’t attain the ending of defilements, with the ending of the five lower fetters they’re reborn spontaneously, because of their passion and love for that meditation. They are extinguished there, and are not liable to return from that world. ","html":"{}"},"an11.16:9.8":{"pli":"Ayampi kho, gahapati, tena bhagavatā jānatā …pe… ananuppattaṃ vā anuttaraṃ yogakkhemaṃ anupāpuṇātī”ti. ","eng":"This too is one thing that has been rightly explained by the Blessed One—who knows and sees, the perfected one, the fully awakened Buddha—practicing which a diligent, keen, and resolute mendicant’s mind is freed, their defilements are ended, and they reach the supreme sanctuary from the yoke.” ","html":"{}</p>"},"an11.16:10.1":{"pli":"Evaṃ vutte dasamo gahapati aṭṭhakanāgaro āyasmantaṃ ānandaṃ etadavoca: ","eng":"When he said this, the householder Dasama said to Venerable Ānanda: ","html":"<p>{}</p>"},"an11.16:10.2":{"pli":"“seyyathāpi, bhante ānanda, puriso ekaṃ nidhimukhaṃ gavesanto sakideva ekādasa nidhimukhāni adhigaccheyya; ","eng":"“Honorable Ānanda, suppose a person was looking for the entrance to a treasure trove. And all at once they’d come across eleven entrances! ","html":"<p>{}"},"an11.16:10.3":{"pli":"evamevaṃ kho ahaṃ, bhante, ekaṃ amatadvāraṃ gavesanto sakideva ekādasa amatadvārāni alatthaṃ sevanāya. ","eng":"In the same way, I was searching for the door to freedom from death. And all at once I found eleven doors to freedom from death for cultivation. ","html":"{}"},"an11.16:10.4":{"pli":"Seyyathāpi, bhante, purisassa agāraṃ ekādasa dvāraṃ. So tasmiṃ agāre āditte ekamekenapi dvārena sakkuṇeyya attānaṃ sotthiṃ kātuṃ; ","eng":"Suppose a person had a house with eleven doors. If the house caught fire they’d be able to flee to safety through any one of those doors. ","html":"{}"},"an11.16:10.5":{"pli":"evamevaṃ kho ahaṃ, bhante, imesaṃ ekādasannaṃ amatadvārānaṃ ekamekenapi amatadvārena sakkuṇissāmi attānaṃ sotthiṃ kātuṃ. ","eng":"In the same way, I’m able to flee to safety through any one of these eleven doors to freedom from death. ","html":"{}"},"an11.16:10.6":{"pli":"Ime hi nāma, bhante, aññatitthiyā ācariyassa ācariyadhanaṃ pariyesissanti. ","eng":"Sir, those of other religions will seek a fee for the tutor. ","html":"{}"},"an11.16:10.7":{"pli":"Kiṃ panāhaṃ āyasmato ānandassa pūjaṃ na karissāmī”ti. ","eng":"Why shouldn’t I make an offering to Venerable Ānanda?” ","html":"{}</p>"},"an11.16:11.1":{"pli":"Atha kho dasamo gahapati aṭṭhakanāgaro vesālikañca pāṭaliputtakañca bhikkhusaṅghaṃ sannipātāpetvā paṇītena khādanīyena bhojanīyena sahatthā santappesi sampavāresi. ","eng":"Then the householder Dasama, having assembled the Saṅgha from Vesālī and Pāṭaliputta, served and satisfied them with his own hands with delicious fresh and cooked foods. ","html":"<p>{}"},"an11.16:11.2":{"pli":"Ekamekañca bhikkhuṃ paccekaṃ dussayugena acchādesi, āyasmantañca ānandaṃ ticīvarena. ","eng":"He clothed each and every mendicant in a pair of garments, with a set of three robes for Ānanda. ","html":"{}"},"an11.16:11.3":{"pli":"Āyasmato ānandassa pañcasataṃ vihāraṃ kārāpesīti. ","eng":"And he had a dwelling worth five hundred built for Ānanda. ","html":"{}</p>"},"an11.16:11.4":{"pli":"Chaṭṭhaṃ. ","html":"<p class='endsutta'>{}</p></article>"}},"an11.166-213":{"an11.166-213:0.1":{"pli":"Aṅguttara Nikāya 11 ","eng":"Numbered Discourses 11.166–213 ","html":"<article id='an11.166-213'><header><ul><li class='division'>{}</li>"},"an11.166-213:0.2":{"pli":"Paṭhamapaṇṇāsaka ","eng":"The First Fifty ","html":"<li class='pannasaka'>{}</li>"},"an11.166-213:0.3":{"pli":"Sāmaññavagga ","eng":"Similarity ","html":"<li class='vagga'>{}</li></ul>"},"an11.166-213:0.4":{"pli":"~ ","eng":"Untitled Discourses on Eye Contact, Etc. ","html":"<h1 class='sutta-title'>{}</h1></header>"},"an11.166-213:1.1":{"pli":"… ","eng":"… ","html":"<p>{}"},"an11.166-213:1.2":{"pli":"Cakkhusamphasse… ","eng":"“… eye contact … ","html":"{}"},"an11.166-213:1.3":{"pli":"sotasamphasse… ","eng":"ear contact … ","html":"{}"},"an11.166-213:1.4":{"pli":"ghānasamphasse… ","eng":"nose contact … ","html":"{}"},"an11.166-213:1.5":{"pli":"jivhāsamphasse… ","eng":"tongue contact … ","html":"{}"},"an11.166-213:1.6":{"pli":"kāyasamphasse… ","eng":"body contact … ","html":"{}"},"an11.166-213:1.7":{"pli":"manosamphasse… ","eng":"mind contact. …” ","html":"{}</p></article>"}},"an11.17":{"an11.17:0.1":{"pli":"Aṅguttara Nikāya 11.17 ","eng":"Numbered Discourses 11.17 ","html":"<article id='an11.17'><header><ul><li class='division'>{}</li>"},"an11.17:0.2":{"pli":"2. Anussativagga ","eng":"2. Recollection ","html":"<li>{}</li></ul>"},"an11.17:0.3":{"pli":"Gopālasutta ","eng":"The Cowherd ","html":"<h1 class='sutta-title'>{}</h1></header>"},"an11.17:1.1":{"pli":"“Ekādasahi, bhikkhave, aṅgehi samannāgato gopālako abhabbo gogaṇaṃ pariharituṃ phātiṃ kātuṃ. ","eng":"“Mendicants, a cowherd with eleven factors can’t maintain and expand a herd of cattle. ","html":"<p>{}"},"an11.17:1.2":{"pli":"Katamehi ekādasahi? ","eng":"What eleven? ","html":"{}"},"an11.17:1.3":{"pli":"Idha, bhikkhave, gopālako na rūpaññū hoti, na lakkhaṇakusalo hoti, na āsāṭikaṃ hāretā hoti, na vaṇaṃ paṭicchādetā hoti, na dhūmaṃ kattā hoti, na titthaṃ jānāti, na pītaṃ jānāti, na vīthiṃ jānāti, na gocarakusalo hoti, anavasesadohī ca hoti, ye te usabhā gopitaro gopariṇāyakā te na atirekapūjāya pūjetā hoti. ","eng":"It’s when a cowherd doesn’t know form, is unskilled in characteristics, doesn’t pick out flies’ eggs, doesn’t dress wounds, doesn’t spread smoke, doesn’t know the ford, doesn’t know satisfaction, doesn’t know the trail, is not skilled in pastures, milks dry, and doesn’t show extra respect to the bulls who are fathers and captains of the herd. ","html":"{}"},"an11.17:1.4":{"pli":"Imehi kho, bhikkhave, ekādasahi aṅgehi samannāgato gopālako abhabbo gogaṇaṃ pariharituṃ phātiṃ kātuṃ. ","eng":"A cowherd with these eleven factors can’t maintain and expand a herd of cattle. ","html":"{}</p>"},"an11.17:2.1":{"pli":"Evamevaṃ kho, bhikkhave, ekādasahi dhammehi samannāgato bhikkhu abhabbo imasmiṃ dhammavinaye vuddhiṃ virūḷhiṃ vepullaṃ āpajjituṃ. ","eng":"In the same way, a mendicant with eleven qualities can’t achieve growth, improvement, or maturity in this teaching and training. ","html":"<p>{}"},"an11.17:2.2":{"pli":"Katamehi ekādasahi? ","eng":"What eleven? ","html":"{}"},"an11.17:2.3":{"pli":"Idha, bhikkhave, bhikkhu na rūpaññū hoti, na lakkhaṇakusalo hoti, na āsāṭikaṃ hāretā hoti, na vaṇaṃ paṭicchādetā hoti, na dhūmaṃ kattā hoti, na titthaṃ jānāti, na pītaṃ jānāti, na vīthiṃ jānāti, na gocarakusalo hoti, anavasesadohī ca hoti, ye te bhikkhū therā rattaññū cirapabbajitā saṅghapitaro saṅghapariṇāyakā te na atirekapūjāya pūjetā hoti. ","eng":"It’s when a mendicant doesn’t know form, is unskilled in characteristics, doesn’t pick out flies’ eggs, doesn’t dress wounds, doesn’t spread smoke, doesn’t know the ford, doesn’t know satisfaction, doesn’t know the trail, is not skilled in pastures, milks dry, and doesn’t show extra respect to senior mendicants of long standing, long gone forth, fathers and leaders of the Saṅgha. ","html":"{}</p>"},"an11.17:3.1":{"pli":"Kathañca, bhikkhave, bhikkhu na rūpaññū hoti? ","eng":"And how does a mendicant not know form? ","html":"<p data-counter='1'>{}"},"an11.17:3.2":{"pli":"Idha, bhikkhave, bhikkhu yaṃ kiñci rūpaṃ (…) ‘cattāri mahābhūtāni, catunnañca mahābhūtānaṃ upādāyarūpan’ti yathābhūtaṃ nappajānāti. ","eng":"It’s when a mendicant doesn’t truly understand that all form is the four principal states, or form derived from the four principal states. ","html":"{}"},"an11.17:3.3":{"pli":"Evaṃ kho, bhikkhave, bhikkhu na rūpaññū hoti. ","eng":"That’s how a mendicant doesn’t know form. ","html":"{}</p>"},"an11.17:4.1":{"pli":"Kathañca, bhikkhave, bhikkhu na lakkhaṇakusalo hoti? ","eng":"And how is a mendicant not skilled in characteristics? ","html":"<p data-counter='2'>{}"},"an11.17:4.2":{"pli":"Idha, bhikkhave, bhikkhu ‘kammalakkhaṇo bālo, kammalakkhaṇo paṇḍito’ti yathābhūtaṃ nappajānāti. ","eng":"It’s when a mendicant doesn’t understand that a fool is characterized by their deeds, and an astute person is characterized by their deeds. ","html":"{}"},"an11.17:4.3":{"pli":"Evaṃ kho, bhikkhave, bhikkhu na lakkhaṇakusalo hoti. ","eng":"That’s how a mendicant isn’t skilled in characteristics. ","html":"{}</p>"},"an11.17:5.1":{"pli":"Kathañca, bhikkhave, bhikkhu na āsāṭikaṃ hāretā hoti? ","eng":"And how does a mendicant not pick out flies’ eggs? ","html":"<p data-counter='3'>{}"},"an11.17:5.2":{"pli":"Idha, bhikkhave, bhikkhu uppannaṃ kāmavitakkaṃ adhivāseti nappajahati na vinodeti na byantīkaroti na anabhāvaṃ gameti, uppannaṃ byāpādavitakkaṃ … uppannaṃ vihiṃsāvitakkaṃ … ","eng":"It’s when a mendicant tolerates a sensual, malicious, or cruel thought that has arisen. They don’t give it up, get rid of it, eliminate it, and obliterate it. ","html":"{}"},"an11.17:5.3":{"pli":"uppannuppanne pāpake akusale dhamme adhivāseti nappajahati na vinodeti na byantīkaroti na anabhāvaṃ gameti. ","eng":"They tolerate any bad, unskillful qualities that have arisen. They don’t give them up, get rid of them, eliminate them, and obliterate them. ","html":"{}"},"an11.17:5.4":{"pli":"Evaṃ kho, bhikkhave, bhikkhu na āsāṭikaṃ hāretā hoti. ","eng":"That’s how a mendicant doesn’t pick out flies’ eggs. ","html":"{}</p>"},"an11.17:6.1":{"pli":"Kathañca, bhikkhave, bhikkhu na vaṇaṃ paṭicchādetā hoti? ","eng":"And how does a mendicant not dress wounds? ","html":"<p data-counter='4'>{}"},"an11.17:6.2":{"pli":"Idha, bhikkhave, bhikkhu cakkhunā rūpaṃ disvā nimittaggāhī hoti anubyañjanaggāhī; ","eng":"When a mendicant sees a sight with their eyes, they get caught up in the features and details. ","html":"{}"},"an11.17:6.3":{"pli":"yatvādhikaraṇamenaṃ cakkhundriyaṃ asaṃvutaṃ viharantaṃ abhijjhādomanassā pāpakā akusalā dhammā anvāssaveyyuṃ, tassa saṃvarāya na paṭipajjati; na rakkhati cakkhundriyaṃ, cakkhundriye saṃvaraṃ nāpajjati. ","eng":"Since the faculty of sight is left unrestrained, bad unskillful qualities of covetousness and displeasure become overwhelming. They don’t practice restraint, they don’t protect the faculty of sight, and they don’t achieve its restraint. ","html":"{}"},"an11.17:6.4":{"pli":"Sotena saddaṃ sutvā … ","eng":"When they hear a sound with their ears … ","html":"{}"},"an11.17:6.5":{"pli":"ghānena gandhaṃ ghāyitvā … ","eng":"When they smell an odor with their nose … ","html":"{}"},"an11.17:6.6":{"pli":"jivhāya rasaṃ sāyitvā … ","eng":"When they taste a flavor with their tongue … ","html":"{}"},"an11.17:6.7":{"pli":"kāyena phoṭṭhabbaṃ phusitvā … ","eng":"When they feel a touch with their body … ","html":"{}"},"an11.17:6.8":{"pli":"manasā dhammaṃ viññāya nimittaggāhī hoti anubyañjanaggāhī; ","eng":"When they know an idea with their mind, they get caught up in the features and details. ","html":"{}"},"an11.17:6.9":{"pli":"yatvādhikaraṇamenaṃ manindriyaṃ asaṃvutaṃ viharantaṃ abhijjhādomanassā pāpakā akusalā dhammā anvāssaveyyuṃ, tassa saṃvarāya na paṭipajjati; na rakkhati manindriyaṃ, manindriye saṃvaraṃ nāpajjati. ","eng":"Since the faculty of the mind is left unrestrained, bad unskillful qualities of covetousness and displeasure become overwhelming. They don’t practice restraint, they don’t protect the faculty of the mind, and they don’t achieve its restraint. ","html":"{}"},"an11.17:6.10":{"pli":"Evaṃ kho, bhikkhave, bhikkhu na vaṇaṃ paṭicchādetā hoti. ","eng":"That’s how a mendicant doesn’t dress wounds. ","html":"{}</p>"},"an11.17:7.1":{"pli":"Kathañca, bhikkhave, bhikkhu na dhūmaṃ kattā hoti? ","eng":"And how does a mendicant not spread smoke? ","html":"<p data-counter='5'>{}"},"an11.17:7.2":{"pli":"Idha, bhikkhave, bhikkhu na yathāsutaṃ yathāpariyattaṃ dhammaṃ vitthārena paresaṃ desetā hoti. ","eng":"It’s when a mendicant doesn’t teach others the Dhamma in detail as they learned and memorized it. ","html":"{}"},"an11.17:7.3":{"pli":"Evaṃ kho, bhikkhave, bhikkhu na dhūmaṃ kattā hoti. ","eng":"That’s how a mendicant doesn’t spread smoke. ","html":"{}</p>"},"an11.17:8.1":{"pli":"Kathañca, bhikkhave, bhikkhu na titthaṃ jānāti? ","eng":"And how does a mendicant not know the ford? ","html":"<p data-counter='6'>{}"},"an11.17:8.2":{"pli":"Idha, bhikkhave, bhikkhu ye te bhikkhū bahussutā āgatāgamā dhammadharā vinayadharā mātikādharā, te kālena kālaṃ upasaṅkamitvā na paripucchati na paripañhati: ","eng":"It’s when a mendicant doesn’t from time to time go up to those mendicants who are very learned—inheritors of the heritage, who have memorized the teachings, the monastic law, and the outlines—and ask them questions: ","html":"{}"},"an11.17:8.3":{"pli":"‘idaṃ, bhante, kathaṃ, imassa ko attho’ti? ","eng":"‘Why, sir, does it say this? What does that mean?’ ","html":"{}"},"an11.17:8.4":{"pli":"Tassa te āyasmanto avivaṭañceva na vivaranti, anuttānīkatañca na uttānīkaronti, anekavihitesu ca kaṅkhāṭhāniyesu dhammesu kaṅkhaṃ na paṭivinodenti. ","eng":"Those venerables don’t reveal what is hidden, clarify what is unclear, and dispel doubt regarding the many doubtful matters. ","html":"{}"},"an11.17:8.5":{"pli":"Evaṃ kho, bhikkhave, bhikkhu na titthaṃ jānāti. ","eng":"That’s how a mendicant doesn’t know the ford. ","html":"{}</p>"},"an11.17:9.1":{"pli":"Kathañca, bhikkhave, bhikkhu na pītaṃ jānāti? ","eng":"And how does a mendicant not know satisfaction? ","html":"<p data-counter='7'>{}"},"an11.17:9.2":{"pli":"Idha, bhikkhave, bhikkhu tathāgatappavedite dhammavinaye desiyamāne na labhati atthavedaṃ, na labhati dhammavedaṃ, na labhati dhammūpasaṃhitaṃ pāmojjaṃ. ","eng":"It’s when a mendicant, when the teaching and training proclaimed by the Realized One are being taught, finds no inspiration in the meaning and the teaching, and finds no joy connected with the teaching. ","html":"{}"},"an11.17:9.3":{"pli":"Evaṃ kho, bhikkhave, bhikkhu na pītaṃ jānāti. ","eng":"That’s how a mendicant doesn’t know satisfaction. ","html":"{}</p>"},"an11.17:10.1":{"pli":"Kathañca, bhikkhave, bhikkhu na vīthiṃ jānāti? ","eng":"And how does a mendicant not know the trail? ","html":"<p data-counter='8'>{}"},"an11.17:10.2":{"pli":"Idha, bhikkhave, bhikkhu ariyaṃ aṭṭhaṅgikaṃ maggaṃ yathābhūtaṃ nappajānāti. ","eng":"It’s when a mendicant doesn’t truly understand the noble eightfold path. ","html":"{}"},"an11.17:10.3":{"pli":"Evaṃ kho, bhikkhave, bhikkhu na vīthiṃ jānāti. ","eng":"That’s how a mendicant doesn’t know the trail. ","html":"{}</p>"},"an11.17:11.1":{"pli":"Kathañca, bhikkhave, bhikkhu na gocarakusalo hoti? ","eng":"And how is a mendicant not skilled in pastures? ","html":"<p data-counter='9'>{}"},"an11.17:11.2":{"pli":"Idha, bhikkhave, bhikkhu cattāro satipaṭṭhāne yathābhūtaṃ nappajānāti. ","eng":"It’s when a mendicant doesn’t truly understand the four kinds of mindfulness meditation. ","html":"{}"},"an11.17:11.3":{"pli":"Evaṃ kho, bhikkhave, bhikkhu na gocarakusalo hoti. ","eng":"That’s how a mendicant is not skilled in pastures. ","html":"{}</p>"},"an11.17:12.1":{"pli":"Kathañca, bhikkhave, bhikkhu anavasesadohī hoti? ","eng":"And how does a mendicant milk dry? ","html":"<p data-counter='10'>{}"},"an11.17:12.2":{"pli":"Idha, bhikkhave, bhikkhuṃ saddhā gahapatikā abhihaṭṭhuṃ pavārenti cīvarapiṇḍapātasenāsanagilānapaccayabhesajjaparikkhārehi. Tatra bhikkhu mattaṃ na jānāti paṭiggahaṇāya. ","eng":"It’s when a mendicant is invited by a householder to accept robes, almsfood, lodgings, and medicines and supplies for the sick. But they don’t know moderation in accepting. ","html":"{}"},"an11.17:12.3":{"pli":"Evaṃ kho, bhikkhave, bhikkhu anavasesadohī hoti. ","eng":"That’s how a mendicant milks dry. ","html":"{}</p>"},"an11.17:13.1":{"pli":"Kathañca, bhikkhave, bhikkhu ye te bhikkhū therā rattaññū cirapabbajitā saṅghapitaro saṅghapariṇāyakā, te na atirekapūjāya pūjetā hoti? ","eng":"And how does a mendicant not show extra respect to senior mendicants of long standing, long gone forth, fathers and leaders of the Saṅgha? ","html":"<p data-counter='11'>{}"},"an11.17:13.2":{"pli":"Idha, bhikkhave, bhikkhu ye te bhikkhū therā rattaññū cirapabbajitā saṅghapitaro saṅghapariṇāyakā, tesu na mettaṃ kāyakammaṃ paccupaṭṭhāpeti āvi ceva raho ca, na mettaṃ vacīkammaṃ … na mettaṃ manokammaṃ paccupaṭṭhāpeti āvi ceva raho ca. ","eng":"It’s when a mendicant doesn’t consistently treat senior mendicants of long standing, long gone forth, fathers and leaders of the Saṅgha with kindness by way of body, speech, and mind, both in public and in private. ","html":"{}"},"an11.17:13.3":{"pli":"Evaṃ kho, bhikkhave, bhikkhu ye te bhikkhū therā rattaññū cirapabbajitā saṅghapitaro saṅghapariṇāyakā, na te atirekapūjāya pūjetā hoti. ","eng":"That’s how a mendicant doesn’t show extra respect to senior mendicants of long standing, long gone forth, fathers and leaders of the Saṅgha. ","html":"{}</p>"},"an11.17:14.1":{"pli":"Imehi kho, bhikkhave, ekādasahi dhammehi samannāgato bhikkhu abhabbo imasmiṃ dhammavinaye vuddhiṃ virūḷhiṃ vepullaṃ āpajjituṃ. ","eng":"A mendicant with these eleven qualities can’t achieve growth, improvement, or maturity in this teaching and training. ","html":"<p>{}</p>"},"an11.17:15.1":{"pli":"Ekādasahi, bhikkhave, aṅgehi samannāgato gopālako bhabbo gogaṇaṃ pariharituṃ phātiṃ kātuṃ. ","eng":"A cowherd with eleven factors can maintain and expand a herd of cattle. ","html":"<p>{}"},"an11.17:15.2":{"pli":"Katamehi ekādasahi? ","eng":"What eleven? ","html":"{}"},"an11.17:15.3":{"pli":"Idha, bhikkhave, gopālako rūpaññū hoti, lakkhaṇakusalo hoti, āsāṭikaṃ hāretā hoti, vaṇaṃ paṭicchādetā hoti, dhūmaṃ kattā hoti, titthaṃ jānāti, pītaṃ jānāti, vīthiṃ jānāti, gocarakusalo hoti, sāvasesadohī ca hoti, ye te usabhā gopitaro gopariṇāyakā te atirekapūjāya pūjetā hoti—","eng":"It’s when a cowherd knows form, is skilled in characteristics, picks out flies’ eggs, dresses wounds, spreads smoke, knows the ford, knows satisfaction, knows the trail, is skilled in pastures, doesn’t milk dry, and shows extra respect to the bulls who are fathers and captains of the herd. ","html":"{}"},"an11.17:15.4":{"pli":"imehi kho, bhikkhave, ekādasahi aṅgehi samannāgato gopālako bhabbo gogaṇaṃ pariharituṃ phātiṃ kātuṃ. ","eng":"A cowherd with these eleven factors can maintain and expand a herd of cattle. ","html":"{}</p>"},"an11.17:16.1":{"pli":"Evamevaṃ kho, bhikkhave, ekādasahi dhammehi samannāgato bhikkhu bhabbo imasmiṃ dhammavinaye vuddhiṃ virūḷhiṃ vepullaṃ āpajjituṃ. ","eng":"In the same way, a mendicant with eleven qualities can achieve growth, improvement, and maturity in this teaching and training. ","html":"<p>{}"},"an11.17:16.2":{"pli":"Katamehi ekādasahi? ","eng":"What eleven? ","html":"{}"},"an11.17:16.3":{"pli":"Idha, bhikkhave, bhikkhu rūpaññū hoti, lakkhaṇakusalo hoti, āsāṭikaṃ hāretā hoti, vaṇaṃ paṭicchādetā hoti, dhūmaṃ kattā hoti, titthaṃ jānāti, pītaṃ jānāti, vīthiṃ jānāti, gocarakusalo hoti, sāvasesadohī ca hoti, ye te bhikkhū therā rattaññū cirapabbajitā saṅghapitaro saṅghapariṇāyakā te atirekapūjāya pūjetā hoti. ","eng":"It’s when a mendicant knows form, is skilled in characteristics, picks out flies’ eggs, dresses wounds, spreads smoke, knows the ford, knows satisfaction, knows the trail, is skilled in pastures, doesn’t milk dry, and shows extra respect to senior mendicants of long standing, long gone forth, fathers and leaders of the Saṅgha. ","html":"{}</p>"},"an11.17:17.1":{"pli":"Kathañca, bhikkhave, bhikkhu rūpaññū hoti? ","eng":"And how does a mendicant know form? ","html":"<p data-counter='1'>{}"},"an11.17:17.2":{"pli":"Idha, bhikkhave, bhikkhu yaṃ kiñci rūpaṃ ‘cattāri mahābhūtāni, catunnañca mahābhūtānaṃ upādāyarūpan’ti yathābhūtaṃ pajānāti. ","eng":"It’s when a mendicant truly understands that all form is the four principal states, or form derived from the four principal states. ","html":"{}"},"an11.17:17.3":{"pli":"Evaṃ kho, bhikkhave, bhikkhu rūpaññū hoti. ","eng":"That’s how a mendicant knows form. ","html":"{}</p>"},"an11.17:18.1":{"pli":"Kathañca, bhikkhave, bhikkhu lakkhaṇakusalo hoti? ","eng":"And how is a mendicant skilled in characteristics? ","html":"<p data-counter='2'>{}"},"an11.17:18.2":{"pli":"Idha, bhikkhave, bhikkhu ‘kammalakkhaṇo bālo, kammalakkhaṇo paṇḍito’ti yathābhūtaṃ pajānāti. ","eng":"It’s when a mendicant understands that a fool is characterized by their deeds, and an astute person is characterized by their deeds. ","html":"{}"},"an11.17:18.3":{"pli":"Evaṃ kho, bhikkhave, bhikkhu lakkhaṇakusalo hoti. ","eng":"That’s how a mendicant is skilled in characteristics. ","html":"{}</p>"},"an11.17:19.1":{"pli":"Kathañca, bhikkhave, bhikkhu āsāṭikaṃ hāretā hoti? ","eng":"And how does a mendicant pick out flies’ eggs? ","html":"<p data-counter='3'>{}"},"an11.17:19.2":{"pli":"Idha, bhikkhave, bhikkhu uppannaṃ kāmavitakkaṃ nādhivāseti pajahati vinodeti byantīkaroti anabhāvaṃ gameti, uppannaṃ byāpādavitakkaṃ … uppannaṃ vihiṃsāvitakkaṃ … uppannuppanne pāpake akusale dhamme nādhivāseti pajahati vinodeti byantīkaroti anabhāvaṃ gameti. ","eng":"It’s when a mendicant doesn’t tolerate a sensual, malicious, or cruel thought that has arisen, but gives it up, gets rid of it, eliminates it, and exterminates it. They don’t tolerate any bad, unskillful qualities that have arisen, but give them up, get rid of them, eliminate them, and obliterate them. ","html":"{}"},"an11.17:19.3":{"pli":"Evaṃ kho, bhikkhave, bhikkhu āsāṭikaṃ hāretā hoti. ","eng":"That’s how a mendicant picks out flies’ eggs. ","html":"{}</p>"},"an11.17:20.1":{"pli":"Kathañca, bhikkhave, bhikkhu vaṇaṃ paṭicchādetā hoti? ","eng":"And how does a mendicant dress wounds? ","html":"<p data-counter='4'>{}"},"an11.17:20.2":{"pli":"Idha, bhikkhave, bhikkhu cakkhunā rūpaṃ disvā na nimittaggāhī hoti nānubyañjanaggāhī; ","eng":"When a mendicant sees a sight with their eyes, they don’t get caught up in the features and details. ","html":"{}"},"an11.17:20.3":{"pli":"yatvādhikaraṇamenaṃ cakkhundriyaṃ asaṃvutaṃ viharantaṃ abhijjhādomanassā pāpakā akusalā dhammā anvāssaveyyuṃ, tassa saṃvarāya paṭipajjati; rakkhati cakkhundriyaṃ, cakkhundriye saṃvaraṃ āpajjati. ","eng":"If the faculty of sight were left unrestrained, bad unskillful qualities of covetousness and displeasure would become overwhelming. For this reason, they practice restraint, protecting the faculty of sight, and achieving its restraint. ","html":"{}"},"an11.17:20.4":{"pli":"Sotena saddaṃ sutvā … ","eng":"When they hear a sound with their ears … ","html":"{}"},"an11.17:20.5":{"pli":"ghānena gandhaṃ ghāyitvā … ","eng":"When they smell an odor with their nose … ","html":"{}"},"an11.17:20.6":{"pli":"jivhāya rasaṃ sāyitvā … ","eng":"When they taste a flavor with their tongue … ","html":"{}"},"an11.17:20.7":{"pli":"kāyena phoṭṭhabbaṃ phusitvā … ","eng":"When they feel a touch with their body … ","html":"{}"},"an11.17:20.8":{"pli":"manasā dhammaṃ viññāya na nimittaggāhī hoti nānubyañjanaggāhī; ","eng":"When they know an idea with their mind, they don’t get caught up in the features and details. ","html":"{}"},"an11.17:20.9":{"pli":"yatvādhikaraṇamenaṃ manindriyaṃ asaṃvutaṃ viharantaṃ abhijjhādomanassā pāpakā akusalā dhammā anvāssaveyyuṃ, tassa saṃvarāya paṭipajjati; rakkhati manindriyaṃ, manindriye saṃvaraṃ āpajjati. ","eng":"If the faculty of mind were left unrestrained, bad unskillful qualities of covetousness and displeasure would become overwhelming. For this reason, they practice restraint, protecting the faculty of mind, and achieving its restraint. ","html":"{}"},"an11.17:20.10":{"pli":"Evaṃ kho, bhikkhave, bhikkhu vaṇaṃ paṭicchādetā hoti. ","eng":"That’s how a mendicant dresses wounds. ","html":"{}</p>"},"an11.17:21.1":{"pli":"Kathañca, bhikkhave, bhikkhu dhūmaṃ kattā hoti? ","eng":"And how does a mendicant spread smoke? ","html":"<p data-counter='5'>{}"},"an11.17:21.2":{"pli":"Idha, bhikkhave, bhikkhu yathāsutaṃ yathāpariyattaṃ dhammaṃ vitthārena paresaṃ desetā hoti. ","eng":"It’s when a mendicant teaches others the Dhamma in detail as they learned and memorized it. ","html":"{}"},"an11.17:21.3":{"pli":"Evaṃ kho, bhikkhave, bhikkhu dhūmaṃ kattā hoti. ","eng":"That’s how a mendicant spreads smoke. ","html":"{}</p>"},"an11.17:22.1":{"pli":"Kathañca, bhikkhave, bhikkhu titthaṃ jānāti? ","eng":"And how does a mendicant know the ford? ","html":"<p data-counter='6'>{}"},"an11.17:22.2":{"pli":"Idha, bhikkhave, bhikkhu ye te bhikkhū bahussutā āgatāgamā dhammadharā vinayadharā mātikādharā, te kālena kālaṃ upasaṅkamitvā paripucchati paripañhati: ","eng":"It’s when from time to time a mendicant goes up to those mendicants who are very learned—inheritors of the heritage, who have memorized the teachings, the monastic law, and the outlines—and asks them questions: ","html":"{}"},"an11.17:22.3":{"pli":"‘idaṃ, bhante, kathaṃ, imassa ko attho’ti? ","eng":"‘Why, sir, does it say this? What does that mean?’ ","html":"{}"},"an11.17:22.4":{"pli":"Tassa te āyasmanto avivaṭañceva vivaranti, anuttānīkatañca uttānīkaronti, anekavihitesu ca kaṅkhāṭhāniyesu dhammesu kaṅkhaṃ paṭivinodenti. ","eng":"Those venerables reveal what is hidden, clarify what is unclear, and dispel doubt regarding the many doubtful matters. ","html":"{}"},"an11.17:22.5":{"pli":"Evaṃ kho, bhikkhave, bhikkhu titthaṃ jānāti. ","eng":"That’s how a mendicant knows the ford. ","html":"{}</p>"},"an11.17:23.1":{"pli":"Kathañca, bhikkhave, bhikkhu pītaṃ jānāti? ","eng":"And how does a mendicant know satisfaction? ","html":"<p data-counter='7'>{}"},"an11.17:23.2":{"pli":"Idha, bhikkhave, bhikkhu tathāgatappavedite dhammavinaye desiyamāne labhati atthavedaṃ, labhati dhammavedaṃ, labhati dhammūpasaṃhitaṃ pāmojjaṃ. ","eng":"It’s when a mendicant, when the teaching and training proclaimed by the Realized One are being taught, finds inspiration in the meaning and the teaching, and finds joy connected with the teaching. ","html":"{}"},"an11.17:23.3":{"pli":"Evaṃ kho, bhikkhave, bhikkhu pītaṃ jānāti. ","eng":"That’s how a mendicant knows satisfaction. ","html":"{}</p>"},"an11.17:24.1":{"pli":"Kathañca, bhikkhave, bhikkhu vīthiṃ jānāti? ","eng":"And how does a mendicant know the trail? ","html":"<p data-counter='8'>{}"},"an11.17:24.2":{"pli":"Idha, bhikkhave, bhikkhu ariyaṃ aṭṭhaṅgikaṃ maggaṃ yathābhūtaṃ pajānāti. ","eng":"It’s when a mendicant truly understands the noble eightfold path. ","html":"{}"},"an11.17:24.3":{"pli":"Evaṃ kho, bhikkhave, bhikkhu vīthiṃ jānāti. ","eng":"That’s how a mendicant knows the trail. ","html":"{}</p>"},"an11.17:25.1":{"pli":"Kathañca, bhikkhave, bhikkhu gocarakusalo hoti? ","eng":"And how is a mendicant skilled in pastures? ","html":"<p data-counter='9'>{}"},"an11.17:25.2":{"pli":"Idha, bhikkhave, bhikkhu cattāro satipaṭṭhāne yathābhūtaṃ pajānāti. ","eng":"It’s when a mendicant truly understands the four kinds of mindfulness meditation. ","html":"{}"},"an11.17:25.3":{"pli":"Evaṃ kho, bhikkhave, bhikkhu gocarakusalo hoti. ","eng":"That’s how a mendicant is skilled in pastures. ","html":"{}</p>"},"an11.17:26.1":{"pli":"Kathañca, bhikkhave, bhikkhu sāvasesadohī hoti? ","eng":"And how does a mendicant not milk dry? ","html":"<p data-counter='10'>{}"},"an11.17:26.2":{"pli":"Idha, bhikkhave, bhikkhu saddhā gahapatikā abhihaṭṭhuṃ pavārenti cīvarapiṇḍapātasenāsanagilānapaccayabhesajjaparikkhārehi. ","eng":"It’s when a mendicant is invited by a householder to accept robes, almsfood, lodgings, and medicines and supplies for the sick. ","html":"{}"},"an11.17:26.3":{"pli":"Tatra bhikkhu mattaṃ jānāti paṭiggahaṇāya. ","eng":"And that mendicant knows moderation in accepting. ","html":"{}"},"an11.17:26.4":{"pli":"Evaṃ kho, bhikkhave, bhikkhu sāvasesadohī hoti. ","eng":"That’s how a mendicant doesn’t milk dry. ","html":"{}</p>"},"an11.17:27.1":{"pli":"Kathañca, bhikkhave, bhikkhu ye te bhikkhū therā rattaññū cirapabbajitā saṅghapitaro saṅghapariṇāyakā, te atirekapūjāya pūjetā hoti? ","eng":"And how does a mendicant show extra respect to senior mendicants of long standing, long gone forth, fathers and leaders of the Saṅgha? ","html":"<p data-counter='11'>{}"},"an11.17:27.2":{"pli":"Idha, bhikkhave, bhikkhu ye te therā rattaññū cirapabbajitā saṅghapitaro saṅghapariṇāyakā, tesu mettaṃ kāyakammaṃ paccupaṭṭhāpeti āvi ceva raho ca, mettaṃ vacīkammaṃ … mettaṃ manokammaṃ paccupaṭṭhāpeti āvi ceva raho ca. ","eng":"It’s when a mendicant consistently treats senior mendicants of long standing, long gone forth, fathers and leaders of the Saṅgha with kindness by way of body, speech, and mind, both in public and in private. ","html":"{}"},"an11.17:27.3":{"pli":"Evaṃ kho, bhikkhave, bhikkhu ye te bhikkhū therā rattaññū cirapabbajitā saṅghapitaro saṅghapariṇāyakā, te atirekapūjāya pūjetā hoti. ","eng":"That’s how a mendicant shows extra respect to senior mendicants of long standing, long gone forth, fathers and leaders of the Saṅgha. ","html":"{}</p>"},"an11.17:28.1":{"pli":"Imehi kho, bhikkhave, ekādasahi dhammehi samannāgato bhikkhu bhabbo imasmiṃ dhammavinaye vuddhiṃ virūḷhiṃ vepullaṃ āpajjitun”ti. ","eng":"A mendicant with these eleven qualities can achieve growth, improvement, or maturity in this teaching and training.” ","html":"<p>{}</p>"},"an11.17:28.2":{"pli":"Sattamaṃ. ","html":"<p class='endsutta'>{}</p></article>"}}}