{"an2.64-76":{"an2.64:0.1":{"pli":"Aṅguttara Nikāya 2 ","eng":"Numbered Discourses 2.64–76 ","html":"<section class='range' id='an2.64-76'><header><ul><li class='division'>{}</li></ul>"},"an2.64:0.2":{"pli":"7. Sukhavagga ","eng":"The Chapter on Happiness ","html":"<h1 class='range-title'>{}</h1></header>"},"an2.64:1.0":{"pli":"64 ","eng":"64 ","html":"<article id='an2.64'><h2 class='sutta-title'>{}</h2>"},"an2.64:1.1":{"pli":"“Dvemāni, bhikkhave, sukhāni. ","eng":"“There are, mendicants, these two kinds of happiness. ","html":"<p>{}"},"an2.64:1.2":{"pli":"Katamāni dve? ","eng":"What two? ","html":"{}"},"an2.64:1.3":{"pli":"Gihisukhañca pabbajitasukhañca. ","eng":"The happiness of laypeople, and the happiness of renunciates. ","html":"{}"},"an2.64:1.4":{"pli":"Imāni kho, bhikkhave, dve sukhāni. ","eng":"These are the two kinds of happiness. ","html":"{}"},"an2.64:1.5":{"pli":"Etadaggaṃ, bhikkhave, imesaṃ dvinnaṃ sukhānaṃ yadidaṃ pabbajitasukhan”ti. ","eng":"The better of these two kinds of happiness is the happiness of renunciates.” ","html":"{}</p></article>"},"an2.65:1.0":{"pli":"65 ","eng":"65 ","html":"<article id='an2.65'><h2 class='sutta-title'>{}</h2>"},"an2.65:1.1":{"pli":"“Dvemāni, bhikkhave, sukhāni. ","eng":"“There are, mendicants, these two kinds of happiness. ","html":"<p>{}"},"an2.65:1.2":{"pli":"Katamāni dve? ","eng":"What two? ","html":"{}"},"an2.65:1.3":{"pli":"Kāmasukhañca nekkhammasukhañca. ","eng":"Sensual happiness and the happiness of renunciation. ","html":"{}"},"an2.65:1.4":{"pli":"Imāni kho, bhikkhave, dve sukhāni. ","eng":"These are the two kinds of happiness. ","html":"{}"},"an2.65:1.5":{"pli":"Etadaggaṃ, bhikkhave, imesaṃ dvinnaṃ sukhānaṃ yadidaṃ nekkhammasukhan”ti. ","eng":"The better of these two kinds of happiness is the happiness of renunciation.” ","html":"{}</p></article>"},"an2.66:1.0":{"pli":"66 ","eng":"66 ","html":"<article id='an2.66'><h2 class='sutta-title'>{}</h2>"},"an2.66:1.1":{"pli":"“Dvemāni, bhikkhave, sukhāni. ","eng":"“There are, mendicants, these two kinds of happiness. ","html":"<p>{}"},"an2.66:1.2":{"pli":"Katamāni dve? ","eng":"What two? ","html":"{}"},"an2.66:1.3":{"pli":"Upadhisukhañca nirupadhisukhañca. ","eng":"The happiness of attachments, and the happiness of no attachments. ","html":"{}"},"an2.66:1.4":{"pli":"Imāni kho, bhikkhave, dve sukhāni. ","eng":"These are the two kinds of happiness. ","html":"{}"},"an2.66:1.5":{"pli":"Etadaggaṃ, bhikkhave, imesaṃ dvinnaṃ sukhānaṃ yadidaṃ nirupadhisukhan”ti. ","eng":"The better of these two kinds of happiness is the happiness of no attachments.” ","html":"{}</p></article>"},"an2.67:1.0":{"pli":"67 ","eng":"67 ","html":"<article id='an2.67'><h2 class='sutta-title'>{}</h2>"},"an2.67:1.1":{"pli":"“Dvemāni, bhikkhave, sukhāni. ","eng":"“There are, mendicants, these two kinds of happiness. ","html":"<p>{}"},"an2.67:1.2":{"pli":"Katamāni dve? ","eng":"What two? ","html":"{}"},"an2.67:1.3":{"pli":"Sāsavasukhañca anāsavasukhañca. ","eng":"Defiled happiness and undefiled happiness. ","html":"{}"},"an2.67:1.4":{"pli":"Imāni kho, bhikkhave, dve sukhāni. ","eng":"These are the two kinds of happiness. ","html":"{}"},"an2.67:1.5":{"pli":"Etadaggaṃ, bhikkhave, imesaṃ dvinnaṃ sukhānaṃ yadidaṃ anāsavasukhan”ti. ","eng":"The better of these two kinds of happiness is the happiness of no defilements.” ","html":"{}</p></article>"},"an2.68:1.0":{"pli":"68 ","eng":"68 ","html":"<article id='an2.68'><h2 class='sutta-title'>{}</h2>"},"an2.68:1.1":{"pli":"“Dvemāni, bhikkhave, sukhāni. ","eng":"“There are, mendicants, these two kinds of happiness. ","html":"<p>{}"},"an2.68:1.2":{"pli":"Katamāni dve? ","eng":"What two? ","html":"{}"},"an2.68:1.3":{"pli":"Sāmisañca sukhaṃ nirāmisañca sukhaṃ. ","eng":"Happiness of the flesh and happiness not of the flesh. ","html":"{}"},"an2.68:1.4":{"pli":"Imāni kho, bhikkhave, dve sukhāni. ","eng":"These are the two kinds of happiness. ","html":"{}"},"an2.68:1.5":{"pli":"Etadaggaṃ, bhikkhave, imesaṃ dvinnaṃ sukhānaṃ yadidaṃ nirāmisaṃ sukhan”ti. ","eng":"The better of these two kinds of happiness is happiness not of the flesh.” ","html":"{}</p></article>"},"an2.69:1.0":{"pli":"69 ","eng":"69 ","html":"<article id='an2.69'><h2 class='sutta-title'>{}</h2>"},"an2.69:1.1":{"pli":"“Dvemāni, bhikkhave, sukhāni. ","eng":"“There are, mendicants, these two kinds of happiness. ","html":"<p>{}"},"an2.69:1.2":{"pli":"Katamāni dve? ","eng":"What two? ","html":"{}"},"an2.69:1.3":{"pli":"Ariyasukhañca anariyasukhañca. ","eng":"Noble happiness and ignoble happiness. ","html":"{}"},"an2.69:1.4":{"pli":"Imāni kho, bhikkhave, dve sukhāni. ","eng":"These are the two kinds of happiness. ","html":"{}"},"an2.69:1.5":{"pli":"Etadaggaṃ, bhikkhave, imesaṃ dvinnaṃ sukhānaṃ yadidaṃ ariyasukhan”ti. ","eng":"The better of these two kinds of happiness is noble happiness.” ","html":"{}</p></article>"},"an2.70:1.0":{"pli":"70 ","eng":"70 ","html":"<article id='an2.70'><h2 class='sutta-title'>{}</h2>"},"an2.70:1.1":{"pli":"“Dvemāni, bhikkhave, sukhāni. ","eng":"“There are, mendicants, these two kinds of happiness. ","html":"<p>{}"},"an2.70:1.2":{"pli":"Katamāni dve? ","eng":"What two? ","html":"{}"},"an2.70:1.3":{"pli":"Kāyikañca sukhaṃ cetasikañca sukhaṃ. ","eng":"Physical happiness and mental happiness. ","html":"{}"},"an2.70:1.4":{"pli":"Imāni kho, bhikkhave, dve sukhāni. ","eng":"These are the two kinds of happiness. ","html":"{}"},"an2.70:1.5":{"pli":"Etadaggaṃ, bhikkhave, imesaṃ dvinnaṃ sukhānaṃ yadidaṃ cetasikaṃ sukhan”ti. ","eng":"The better of these two kinds of happiness is mental happiness.” ","html":"{}</p></article>"},"an2.71:1.0":{"pli":"71 ","eng":"71 ","html":"<article id='an2.71'><h2 class='sutta-title'>{}</h2>"},"an2.71:1.1":{"pli":"“Dvemāni, bhikkhave, sukhāni. ","eng":"“There are, mendicants, these two kinds of happiness. ","html":"<p>{}"},"an2.71:1.2":{"pli":"Katamāni dve? ","eng":"What two? ","html":"{}"},"an2.71:1.3":{"pli":"Sappītikañca sukhaṃ nippītikañca sukhaṃ. ","eng":"Happiness with rapture and happiness free of rapture. ","html":"{}"},"an2.71:1.4":{"pli":"Imāni kho, bhikkhave, dve sukhāni. ","eng":"These are the two kinds of happiness. ","html":"{}"},"an2.71:1.5":{"pli":"Etadaggaṃ, bhikkhave, imesaṃ dvinnaṃ sukhānaṃ yadidaṃ nippītikaṃ sukhan”ti. ","eng":"The better of these two kinds of happiness is happiness free of rapture.” ","html":"{}</p></article>"},"an2.72:1.0":{"pli":"72 ","eng":"72 ","html":"<article id='an2.72'><h2 class='sutta-title'>{}</h2>"},"an2.72:1.1":{"pli":"“Dvemāni, bhikkhave, sukhāni. ","eng":"“There are, mendicants, these two kinds of happiness. ","html":"<p>{}"},"an2.72:1.2":{"pli":"Katamāni dve? ","eng":"What two? ","html":"{}"},"an2.72:1.3":{"pli":"Sātasukhañca upekkhāsukhañca. ","eng":"Happiness with pleasure and happiness with equanimity. ","html":"{}"},"an2.72:1.4":{"pli":"Imāni kho, bhikkhave, dve sukhāni. ","eng":"These are the two kinds of happiness. ","html":"{}"},"an2.72:1.5":{"pli":"Etadaggaṃ, bhikkhave, imesaṃ dvinnaṃ sukhānaṃ yadidaṃ upekkhāsukhan”ti. ","eng":"The better of these two kinds of happiness is happiness with equanimity.” ","html":"{}</p></article>"},"an2.73:1.0":{"pli":"73 ","eng":"73 ","html":"<article id='an2.73'><h2 class='sutta-title'>{}</h2>"},"an2.73:1.1":{"pli":"“Dvemāni, bhikkhave, sukhāni. ","eng":"“There are, mendicants, these two kinds of happiness. ","html":"<p>{}"},"an2.73:1.2":{"pli":"Katamāni dve? ","eng":"What two? ","html":"{}"},"an2.73:1.3":{"pli":"Samādhisukhañca asamādhisukhañca. ","eng":"The happiness of immersion and the happiness without immersion. ","html":"{}"},"an2.73:1.4":{"pli":"Imāni kho, bhikkhave, dve sukhāni. ","eng":"These are the two kinds of happiness. ","html":"{}"},"an2.73:1.5":{"pli":"Etadaggaṃ, bhikkhave, imesaṃ dvinnaṃ sukhānaṃ yadidaṃ samādhisukhan”ti. ","eng":"The better of these two kinds of happiness is the happiness of immersion.” ","html":"{}</p></article>"},"an2.74:1.0":{"pli":"74 ","eng":"74 ","html":"<article id='an2.74'><h2 class='sutta-title'>{}</h2>"},"an2.74:1.1":{"pli":"“Dvemāni, bhikkhave, sukhāni. ","eng":"“There are, mendicants, these two kinds of happiness. ","html":"<p>{}"},"an2.74:1.2":{"pli":"Katamāni dve? ","eng":"What two? ","html":"{}"},"an2.74:1.3":{"pli":"Sappītikārammaṇañca sukhaṃ nippītikārammaṇañca sukhaṃ. ","eng":"Happiness that relies on rapture and happiness that relies on freedom from rapture. ","html":"{}"},"an2.74:1.4":{"pli":"Imāni kho, bhikkhave, dve sukhāni. ","eng":"These are the two kinds of happiness. ","html":"{}"},"an2.74:1.5":{"pli":"Etadaggaṃ, bhikkhave, imesaṃ dvinnaṃ sukhānaṃ yadidaṃ nippītikārammaṇaṃ sukhan”ti. ","eng":"The better of these two kinds of happiness is happiness that relies on freedom from rapture.” ","html":"{}</p></article>"},"an2.75:1.0":{"pli":"75 ","eng":"75 ","html":"<article id='an2.75'><h2 class='sutta-title'>{}</h2>"},"an2.75:1.1":{"pli":"“Dvemāni, bhikkhave, sukhāni. ","eng":"“There are, mendicants, these two kinds of happiness. ","html":"<p>{}"},"an2.75:1.2":{"pli":"Katamāni dve? ","eng":"What two? ","html":"{}"},"an2.75:1.3":{"pli":"Sātārammaṇañca sukhaṃ upekkhārammaṇañca sukhaṃ. ","eng":"Happiness that relies on pleasure and happiness that relies on equanimity. ","html":"{}"},"an2.75:1.4":{"pli":"Imāni kho, bhikkhave, dve sukhāni. ","eng":"These are the two kinds of happiness. ","html":"{}"},"an2.75:1.5":{"pli":"Etadaggaṃ, bhikkhave, imesaṃ dvinnaṃ sukhānaṃ yadidaṃ upekkhārammaṇaṃ sukhan”ti. ","eng":"The better of these two kinds of happiness is happiness that relies on equanimity.” ","html":"{}</p></article>"},"an2.76:1.0":{"pli":"76 ","eng":"76 ","html":"<article id='an2.76'><h2 class='sutta-title'>{}</h2>"},"an2.76:1.1":{"pli":"“Dvemāni, bhikkhave, sukhāni. ","eng":"“There are, mendicants, these two kinds of happiness. ","html":"<p>{}"},"an2.76:1.2":{"pli":"Katamāni dve? ","eng":"What two? ","html":"{}"},"an2.76:1.3":{"pli":"Rūpārammaṇañca sukhaṃ arūpārammaṇañca sukhaṃ. ","eng":"Happiness that relies on form and happiness that relies on the formless. ","html":"{}"},"an2.76:1.4":{"pli":"Imāni kho, bhikkhave, dve sukhāni. ","eng":"These are the two kinds of happiness. ","html":"{}"},"an2.76:1.5":{"pli":"Etadaggaṃ, bhikkhave, imesaṃ dvinnaṃ sukhānaṃ yadidaṃ arūpārammaṇaṃ sukhan”ti. ","eng":"The better of these two kinds of happiness is happiness that relies on the formless.” ","html":"{}</p>"},"an2.76:1.6":{"pli":"Sukhavaggo dutiyo. ","html":"<p class='endsutta'>{}</p></article></section>"}},"an2.77-86":{"an2.77:0.1":{"pli":"Aṅguttara Nikāya 2 ","eng":"Numbered Discourses 2.77–86 ","html":"<section class='range' id='an2.77-86'><header><ul><li class='division'>{}</li></ul>"},"an2.77:0.2":{"pli":"8. Sanimittavagga ","eng":"The Chapter with a Basis ","html":"<h1 class='range-title'>{}</h1></header>"},"an2.77:1.0":{"pli":"77 ","eng":"77 ","html":"<article id='an2.77'><h2 class='sutta-title'>{}</h2>"},"an2.77:1.1":{"pli":"“Sanimittā, bhikkhave, uppajjanti pāpakā akusalā dhammā, no animittā. ","eng":"“Bad, unskillful qualities, mendicants, arise with a basis, not without a basis. ","html":"<p>{}"},"an2.77:1.2":{"pli":"Tasseva nimittassa pahānā evaṃ te pāpakā akusalā dhammā na hontī”ti. ","eng":"By giving up that basis, those bad, unskillful qualities do not occur.” ","html":"{}</p></article>"},"an2.78:1.0":{"pli":"78 ","eng":"78 ","html":"<article id='an2.78'><h2 class='sutta-title'>{}</h2>"},"an2.78:1.1":{"pli":"“Sanidānā, bhikkhave, uppajjanti pāpakā akusalā dhammā, no anidānā. ","eng":"“Bad, unskillful qualities, mendicants, arise with a source, not without a source. ","html":"<p>{}"},"an2.78:1.2":{"pli":"Tasseva nidānassa pahānā evaṃ te pāpakā akusalā dhammā na hontī”ti. ","eng":"By giving up that source, those bad, unskillful qualities do not occur.” ","html":"{}</p></article>"},"an2.79:1.0":{"pli":"79 ","eng":"79 ","html":"<article id='an2.79'><h2 class='sutta-title'>{}</h2>"},"an2.79:1.1":{"pli":"“Sahetukā, bhikkhave, uppajjanti pāpakā akusalā dhammā, no ahetukā. ","eng":"“Bad, unskillful qualities, mendicants, arise with a cause, not without a cause. ","html":"<p>{}"},"an2.79:1.2":{"pli":"Tasseva hetussa pahānā evaṃ te pāpakā akusalā dhammā na hontī”ti. ","eng":"By giving up that cause, those bad, unskillful qualities do not occur.” ","html":"{}</p></article>"},"an2.80:1.0":{"pli":"80 ","eng":"80 ","html":"<article id='an2.80'><h2 class='sutta-title'>{}</h2>"},"an2.80:1.1":{"pli":"“Sasaṅkhārā, bhikkhave, uppajjanti pāpakā akusalā dhammā, no asaṅkhārā. ","eng":"“Bad, unskillful qualities, mendicants, arise with conditions, not without conditions. ","html":"<p>{}"},"an2.80:1.2":{"pli":"Tesaṃyeva saṅkhārānaṃ pahānā evaṃ te pāpakā akusalā dhammā na hontī”ti. ","eng":"By giving up those conditions, those bad, unskillful qualities do not occur.” ","html":"{}</p></article>"},"an2.81:1.0":{"pli":"81 ","eng":"81 ","html":"<article id='an2.81'><h2 class='sutta-title'>{}</h2>"},"an2.81:1.1":{"pli":"“Sappaccayā, bhikkhave, uppajjanti pāpakā akusalā dhammā, no appaccayā. ","eng":"“Bad, unskillful qualities, mendicants, arise with a reason, not without a reason. ","html":"<p>{}"},"an2.81:1.2":{"pli":"Tasseva paccayassa pahānā evaṃ te pāpakā akusalā dhammā na hontī”ti. ","eng":"By giving up that reason, those bad, unskillful qualities do not occur.” ","html":"{}</p></article>"},"an2.82:1.0":{"pli":"82 ","eng":"82 ","html":"<article id='an2.82'><h2 class='sutta-title'>{}</h2>"},"an2.82:1.1":{"pli":"“Sarūpā, bhikkhave, uppajjanti pāpakā akusalā dhammā, no arūpā. ","eng":"“Bad, unskillful qualities, mendicants, arise with form, not without form. ","html":"<p>{}"},"an2.82:1.2":{"pli":"Tasseva rūpassa pahānā evaṃ te pāpakā akusalā dhammā na hontī”ti. ","eng":"By giving up that form, those bad, unskillful qualities do not occur.” ","html":"{}</p></article>"},"an2.83:1.0":{"pli":"83 ","eng":"83 ","html":"<article id='an2.83'><h2 class='sutta-title'>{}</h2>"},"an2.83:1.1":{"pli":"“Savedanā, bhikkhave, uppajjanti pāpakā akusalā dhammā, no avedanā. ","eng":"“Bad, unskillful qualities, mendicants, arise with feeling, not without feeling. ","html":"<p>{}"},"an2.83:1.2":{"pli":"Tassāyeva vedanāya pahānā evaṃ te pāpakā akusalā dhammā na hontī”ti. ","eng":"By giving up that feeling, those bad, unskillful qualities do not occur.” ","html":"{}</p></article>"},"an2.84:1.0":{"pli":"84 ","eng":"84 ","html":"<article id='an2.84'><h2 class='sutta-title'>{}</h2>"},"an2.84:1.1":{"pli":"“Sasaññā, bhikkhave, uppajjanti pāpakā akusalā dhammā, no asaññā. ","eng":"“Bad, unskillful qualities, mendicants, arise with perception, not without perception. ","html":"<p>{}"},"an2.84:1.2":{"pli":"Tassāyeva saññāya pahānā evaṃ te pāpakā akusalā dhammā na hontī”ti. ","eng":"By giving up that perception, those bad, unskillful qualities do not occur.” ","html":"{}</p></article>"},"an2.85:1.0":{"pli":"85 ","eng":"85 ","html":"<article id='an2.85'><h2 class='sutta-title'>{}</h2>"},"an2.85:1.1":{"pli":"“Saviññāṇā, bhikkhave, uppajjanti pāpakā akusalā dhammā, no aviññāṇā. ","eng":"“Bad, unskillful qualities, mendicants, arise with consciousness, not without consciousness. ","html":"<p>{}"},"an2.85:1.2":{"pli":"Tasseva viññāṇassa pahānā evaṃ te pāpakā akusalā dhammā na hontī”ti. ","eng":"By giving up that consciousness, those bad, unskillful qualities do not occur.” ","html":"{}</p></article>"},"an2.86:1.0":{"pli":"86 ","eng":"86 ","html":"<article id='an2.86'><h2 class='sutta-title'>{}</h2>"},"an2.86:1.1":{"pli":"“Saṅkhatārammaṇā, bhikkhave, uppajjanti pāpakā akusalā dhammā, no asaṅkhatārammaṇā. ","eng":"“Bad, unskillful qualities, mendicants, arise with a conditioned basis, not without a conditioned basis. ","html":"<p>{}"},"an2.86:1.2":{"pli":"Tasseva saṅkhatassa pahānā evaṃ te pāpakā akusalā dhammā na hontī”ti. ","eng":"By giving up that conditioned basis, those bad, unskillful qualities do not occur.” ","html":"{}</p>"},"an2.86:1.3":{"pli":"Sanimittavaggo tatiyo. ","html":"<p class='endsutta'>{}</p></article></section>"}},"an2.87-97":{"an2.87:0.1":{"pli":"Aṅguttara Nikāya 2 ","eng":"Numbered Discourses 2.87–97 ","html":"<section class='range' id='an2.87-97'><header><ul><li class='division'>{}</li></ul>"},"an2.87:0.2":{"pli":"9. Dhammavagga ","eng":"The Chapter on Two Things ","html":"<h1 class='range-title'>{}</h1></header>"},"an2.87:1.0":{"pli":"87 ","eng":"87 ","html":"<article id='an2.87'><h2 class='sutta-title'>{}</h2>"},"an2.87:1.1":{"pli":"“Dveme, bhikkhave, dhammā. ","eng":"“There are, mendicants, these two things. ","html":"<p>{}"},"an2.87:1.2":{"pli":"Katame dve? ","eng":"What two? ","html":"{}"},"an2.87:1.3":{"pli":"Cetovimutti ca paññāvimutti ca. ","eng":"Freedom of heart and freedom by wisdom. ","html":"{}"},"an2.87:1.4":{"pli":"Ime kho, bhikkhave, dve dhammā”ti. ","eng":"These are the two things.” ","html":"{}</p></article>"},"an2.88:1.0":{"pli":"88 ","eng":"88 ","html":"<article id='an2.88'><h2 class='sutta-title'>{}</h2>"},"an2.88:1.1":{"pli":"“Dveme, bhikkhave, dhammā. ","eng":"“There are, mendicants, these two things. ","html":"<p>{}"},"an2.88:1.2":{"pli":"Katame dve? ","eng":"What two? ","html":"{}"},"an2.88:1.3":{"pli":"Paggāho ca avikkhepo ca. ","eng":"Exertion, and not being scattered. ","html":"{}"},"an2.88:1.4":{"pli":"Ime kho, bhikkhave, dve dhammā”ti. ","eng":"These are the two things.” ","html":"{}</p></article>"},"an2.89:1.0":{"pli":"89 ","eng":"89 ","html":"<article id='an2.89'><h2 class='sutta-title'>{}</h2>"},"an2.89:1.1":{"pli":"“Dveme, bhikkhave, dhammā. ","eng":"“There are, mendicants, these two things. ","html":"<p>{}"},"an2.89:1.2":{"pli":"Katame dve? ","eng":"What two? ","html":"{}"},"an2.89:1.3":{"pli":"Nāmañca rūpañca. ","eng":"Name and form. ","html":"{}"},"an2.89:1.4":{"pli":"Ime kho, bhikkhave, dve dhammā”ti. ","eng":"These are the two things.” ","html":"{}</p></article>"},"an2.90:1.0":{"pli":"90 ","eng":"90 ","html":"<article id='an2.90'><h2 class='sutta-title'>{}</h2>"},"an2.90:1.1":{"pli":"“Dveme, bhikkhave, dhammā. ","eng":"“There are, mendicants, these two things. ","html":"<p>{}"},"an2.90:1.2":{"pli":"Katame dve? ","eng":"What two? ","html":"{}"},"an2.90:1.3":{"pli":"Vijjā ca vimutti ca. ","eng":"Knowledge and freedom. ","html":"{}"},"an2.90:1.4":{"pli":"Ime kho, bhikkhave, dve dhammā”ti. ","eng":"These are the two things.” ","html":"{}</p></article>"},"an2.91:1.0":{"pli":"91 ","eng":"91 ","html":"<article id='an2.91'><h2 class='sutta-title'>{}</h2>"},"an2.91:1.1":{"pli":"“Dveme, bhikkhave, dhammā. ","eng":"“There are, mendicants, these two things. ","html":"<p>{}"},"an2.91:1.2":{"pli":"Katame dve? ","eng":"What two? ","html":"{}"},"an2.91:1.3":{"pli":"Bhavadiṭṭhi ca vibhavadiṭṭhi ca. ","eng":"Views favoring existence and views favoring nonexistence. ","html":"{}"},"an2.91:1.4":{"pli":"Ime kho, bhikkhave, dve dhammā”ti. ","eng":"These are the two things.” ","html":"{}</p></article>"},"an2.92:1.0":{"pli":"92 ","eng":"92 ","html":"<article id='an2.92'><h2 class='sutta-title'>{}</h2>"},"an2.92:1.1":{"pli":"“Dveme, bhikkhave, dhammā. ","eng":"“There are, mendicants, these two things. ","html":"<p>{}"},"an2.92:1.2":{"pli":"Katame dve? ","eng":"What two? ","html":"{}"},"an2.92:1.3":{"pli":"Ahirikañca anottappañca. ","eng":"Lack of conscience and prudence. ","html":"{}"},"an2.92:1.4":{"pli":"Ime kho, bhikkhave, dve dhammā”ti. ","eng":"These are the two things.” ","html":"{}</p></article>"},"an2.93:1.0":{"pli":"93 ","eng":"93 ","html":"<article id='an2.93'><h2 class='sutta-title'>{}</h2>"},"an2.93:1.1":{"pli":"“Dveme, bhikkhave, dhammā. ","eng":"“There are, mendicants, these two things. ","html":"<p>{}"},"an2.93:1.2":{"pli":"Katame dve? ","eng":"What two? ","html":"{}"},"an2.93:1.3":{"pli":"Hirī ca ottappañca. ","eng":"Conscience and prudence. ","html":"{}"},"an2.93:1.4":{"pli":"Ime kho, bhikkhave, dve dhammā”ti. ","eng":"These are the two things.” ","html":"{}</p></article>"},"an2.94:1.0":{"pli":"94 ","eng":"94 ","html":"<article id='an2.94'><h2 class='sutta-title'>{}</h2>"},"an2.94:1.1":{"pli":"“Dveme, bhikkhave, dhammā. ","eng":"“There are, mendicants, these two things. ","html":"<p>{}"},"an2.94:1.2":{"pli":"Katame dve? ","eng":"What two? ","html":"{}"},"an2.94:1.3":{"pli":"Dovacassatā ca pāpamittatā ca. ","eng":"Being hard to admonish and having bad friends. ","html":"{}"},"an2.94:1.4":{"pli":"Ime kho, bhikkhave, dve dhammā”ti. ","eng":"These are the two things.” ","html":"{}</p></article>"},"an2.95:1.0":{"pli":"95 ","eng":"95 ","html":"<article id='an2.95'><h2 class='sutta-title'>{}</h2>"},"an2.95:1.1":{"pli":"“Dveme, bhikkhave, dhammā. ","eng":"“There are, mendicants, these two things. ","html":"<p>{}"},"an2.95:1.2":{"pli":"Katame dve? ","eng":"What two? ","html":"{}"},"an2.95:1.3":{"pli":"Sovacassatā ca kalyāṇamittatā ca. ","eng":"Being easy to admonish and having good friends. ","html":"{}"},"an2.95:1.4":{"pli":"Ime kho, bhikkhave, dve dhammā”ti. ","eng":"These are the two things.” ","html":"{}</p></article>"},"an2.96:1.0":{"pli":"96 ","eng":"96 ","html":"<article id='an2.96'><h2 class='sutta-title'>{}</h2>"},"an2.96:1.1":{"pli":"“Dveme, bhikkhave, dhammā. ","eng":"“There are, mendicants, these two things. ","html":"<p>{}"},"an2.96:1.2":{"pli":"Katame dve? ","eng":"What two? ","html":"{}"},"an2.96:1.3":{"pli":"Dhātukusalatā ca manasikārakusalatā ca. ","eng":"Skill in the elements and skill in application of mind. ","html":"{}"},"an2.96:1.4":{"pli":"Ime kho, bhikkhave, dve dhammā”ti. ","eng":"These are the two things.” ","html":"{}</p></article>"},"an2.97:1.0":{"pli":"97 ","eng":"97 ","html":"<article id='an2.97'><h2 class='sutta-title'>{}</h2>"},"an2.97:1.1":{"pli":"“Dveme, bhikkhave, dhammā. ","eng":"“There are, mendicants, these two things. ","html":"<p>{}"},"an2.97:1.2":{"pli":"Katame dve? ","eng":"What two? ","html":"{}"},"an2.97:1.3":{"pli":"Āpattikusalatā ca āpattivuṭṭhānakusalatā ca. ","eng":"Skill in offenses and skill in resolving offenses. ","html":"{}"},"an2.97:1.4":{"pli":"Ime kho, bhikkhave, dve dhammā”ti. ","eng":"These are the two things.” ","html":"{}</p>"},"an2.97:1.5":{"pli":"Dhammavaggo catuttho. ","html":"<p class='endsutta'>{}</p></article></section>"}},"an2.98-117":{"an2.98:0.1":{"pli":"Aṅguttara Nikāya 2 ","eng":"Numbered Discourses 2.98–117 ","html":"<section class='range' id='an2.98-117'><header><ul><li class='division'>{}</li></ul>"},"an2.98:0.2":{"pli":"10. Bālavagga ","eng":"The Chapter on Fools ","html":"<h1 class='range-title'>{}</h1></header>"},"an2.98:1.0":{"pli":"98 ","eng":"98 ","html":"<article id='an2.98'><h2 class='sutta-title'>{}</h2>"},"an2.98:1.1":{"pli":"“Dveme, bhikkhave, bālā. ","eng":"“Mendicants, there are two fools. ","html":"<p>{}"},"an2.98:1.2":{"pli":"Katame dve? ","eng":"What two? ","html":"{}"},"an2.98:1.3":{"pli":"Yo ca anāgataṃ bhāraṃ vahati, yo ca āgataṃ bhāraṃ na vahati. ","eng":"One who carries the burden of what has not come to pass, and one who doesn’t carry the burden of what has come to pass. ","html":"{}"},"an2.98:1.4":{"pli":"Ime kho, bhikkhave, dve bālā”ti. ","eng":"These are the two fools.” ","html":"{}</p></article>"},"an2.99:1.0":{"pli":"99 ","eng":"99 ","html":"<article id='an2.99'><h2 class='sutta-title'>{}</h2>"},"an2.99:1.1":{"pli":"“Dveme, bhikkhave, paṇḍitā. ","eng":"“There are two who are astute. ","html":"<p>{}"},"an2.99:1.2":{"pli":"Katame dve? ","eng":"What two? ","html":"{}"},"an2.99:1.3":{"pli":"Yo ca anāgataṃ bhāraṃ na vahati, yo ca āgataṃ bhāraṃ vahati. ","eng":"One who doesn’t carry the burden of what has not come to pass, and one who carries the burden of what has come to pass. ","html":"{}"},"an2.99:1.4":{"pli":"Ime kho, bhikkhave, dve paṇḍitā”ti. ","eng":"These are the two who are astute.” ","html":"{}</p></article>"},"an2.100:1.0":{"pli":"100 ","eng":"100 ","html":"<article id='an2.100'><h2 class='sutta-title'>{}</h2>"},"an2.100:1.1":{"pli":"“Dveme, bhikkhave, bālā. ","eng":"“Mendicants, there are two fools. ","html":"<p>{}"},"an2.100:1.2":{"pli":"Katame dve? ","eng":"What two? ","html":"{}"},"an2.100:1.3":{"pli":"Yo ca akappiye kappiyasaññī, yo ca kappiye akappiyasaññī. ","eng":"One who perceives what is unallowable as allowable, and one who perceives what is allowable as unallowable. ","html":"{}"},"an2.100:1.4":{"pli":"Ime kho, bhikkhave, dve bālā”ti. ","eng":"These are the two fools.” ","html":"{}</p></article>"},"an2.101:1.0":{"pli":"101 ","eng":"101 ","html":"<article id='an2.101'><h2 class='sutta-title'>{}</h2>"},"an2.101:1.1":{"pli":"“Dveme, bhikkhave, paṇḍitā. ","eng":"“There are two who are astute. ","html":"<p>{}"},"an2.101:1.2":{"pli":"Katame dve? ","eng":"What two? ","html":"{}"},"an2.101:1.3":{"pli":"Yo ca akappiye akappiyasaññī, yo ca kappiye kappiyasaññī. ","eng":"One who perceives what is unallowable as unallowable, and one who perceives what is allowable as allowable. ","html":"{}"},"an2.101:1.4":{"pli":"Ime kho, bhikkhave, dve paṇḍitā”ti. ","eng":"These are the two who are astute.” ","html":"{}</p></article>"},"an2.102:1.0":{"pli":"102 ","eng":"102 ","html":"<article id='an2.102'><h2 class='sutta-title'>{}</h2>"},"an2.102:1.1":{"pli":"“Dveme, bhikkhave, bālā. ","eng":"“Mendicants, there are two fools. ","html":"<p>{}"},"an2.102:1.2":{"pli":"Katame dve? ","eng":"What two? ","html":"{}"},"an2.102:1.3":{"pli":"Yo ca anāpattiyā āpattisaññī, yo ca āpattiyā anāpattisaññī. ","eng":"One who perceives a non-offense as an offense, and one who perceives an offense as a non-offense. ","html":"{}"},"an2.102:1.4":{"pli":"Ime kho, bhikkhave, dve bālā”ti. ","eng":"These are the two fools.” ","html":"{}</p></article>"},"an2.103:1.0":{"pli":"103 ","eng":"103 ","html":"<article id='an2.103'><h2 class='sutta-title'>{}</h2>"},"an2.103:1.1":{"pli":"“Dveme, bhikkhave, paṇḍitā. ","eng":"“There are two who are astute. ","html":"<p>{}"},"an2.103:1.2":{"pli":"Katame dve? ","eng":"What two? ","html":"{}"},"an2.103:1.3":{"pli":"Yo ca anāpattiyā anāpattisaññī, yo ca āpattiyā āpattisaññī. ","eng":"One who perceives a non-offense as a non-offense, and one who perceives an offense as an offense. ","html":"{}"},"an2.103:1.4":{"pli":"Ime kho, bhikkhave, dve paṇḍitā”ti. ","eng":"These are the two who are astute.” ","html":"{}</p></article>"},"an2.104:1.0":{"pli":"104 ","eng":"104 ","html":"<article id='an2.104'><h2 class='sutta-title'>{}</h2>"},"an2.104:1.1":{"pli":"“Dveme, bhikkhave, bālā. ","eng":"“Mendicants, there are two fools. ","html":"<p>{}"},"an2.104:1.2":{"pli":"Katame dve? ","eng":"What two? ","html":"{}"},"an2.104:1.3":{"pli":"Yo ca adhamme dhammasaññī, yo ca dhamme adhammasaññī. ","eng":"One who perceives what is not the teaching as the teaching, and one who perceives the teaching as not the teaching. ","html":"{}"},"an2.104:1.4":{"pli":"Ime kho, bhikkhave, dve bālā”ti. ","eng":"These are the two fools.” ","html":"{}</p></article>"},"an2.105:1.0":{"pli":"105 ","eng":"105 ","html":"<article id='an2.105'><h2 class='sutta-title'>{}</h2>"},"an2.105:1.1":{"pli":"“Dveme, bhikkhave, paṇḍitā. ","eng":"“There are two who are astute. ","html":"<p>{}"},"an2.105:1.2":{"pli":"Katame dve? ","eng":"What two? ","html":"{}"},"an2.105:1.3":{"pli":"Yo ca dhamme dhammasaññī, yo ca adhamme adhammasaññī. ","eng":"One who perceives the teaching as the teaching, and one who perceives what is not the teaching as not the teaching. ","html":"{}"},"an2.105:1.4":{"pli":"Ime kho, bhikkhave, dve paṇḍitā”ti. ","eng":"These are the two who are astute.” ","html":"{}</p></article>"},"an2.106:1.0":{"pli":"106 ","eng":"106 ","html":"<article id='an2.106'><h2 class='sutta-title'>{}</h2>"},"an2.106:1.1":{"pli":"“Dveme, bhikkhave, bālā. ","eng":"“Mendicants, there are two fools. ","html":"<p>{}"},"an2.106:1.2":{"pli":"Katame dve? ","eng":"What two? ","html":"{}"},"an2.106:1.3":{"pli":"Yo ca avinaye vinayasaññī, yo ca vinaye avinayasaññī. ","eng":"One who perceives what is not the training as the training, and one who perceives what is the training as not the training. ","html":"{}"},"an2.106:1.4":{"pli":"Ime kho, bhikkhave, dve bālā”ti. ","eng":"These are the two fools.” ","html":"{}</p></article>"},"an2.107:1.0":{"pli":"107 ","eng":"107 ","html":"<article id='an2.107'><h2 class='sutta-title'>{}</h2>"},"an2.107:1.1":{"pli":"“Dveme, bhikkhave, paṇḍitā. ","eng":"“There are two who are astute. ","html":"<p>{}"},"an2.107:1.2":{"pli":"Katame dve? ","eng":"What two? ","html":"{}"},"an2.107:1.3":{"pli":"Yo ca avinaye avinayasaññī, yo ca vinaye vinayasaññī. ","eng":"One who perceives what is not the training as not the training, and one who perceives what is the training as the training. ","html":"{}"},"an2.107:1.4":{"pli":"Ime kho, bhikkhave, dve paṇḍitā”ti. ","eng":"These are the two who are astute.” ","html":"{}</p></article>"},"an2.108:1.0":{"pli":"108 ","eng":"108 ","html":"<article id='an2.108'><h2 class='sutta-title'>{}</h2>"},"an2.108:1.1":{"pli":"“Dvinnaṃ, bhikkhave, āsavā vaḍḍhanti. ","eng":"“For these two, defilements grow. ","html":"<p>{}"},"an2.108:1.2":{"pli":"Katamesaṃ dvinnaṃ? ","eng":"What two? ","html":"{}"},"an2.108:1.3":{"pli":"Yo ca na kukkuccāyitabbaṃ kukkuccāyati, yo ca kukkuccāyitabbaṃ na kukkuccāyati. ","eng":"One who is remorseful over something they shouldn’t be, and one who isn’t remorseful over something they should be. ","html":"{}"},"an2.108:1.4":{"pli":"Imesaṃ kho, bhikkhave, dvinnaṃ āsavā vaḍḍhantī”ti. ","eng":"These are the two whose defilements grow.” ","html":"{}</p></article>"},"an2.109:1.0":{"pli":"109 ","eng":"109 ","html":"<article id='an2.109'><h2 class='sutta-title'>{}</h2>"},"an2.109:1.1":{"pli":"“Dvinnaṃ, bhikkhave, āsavā na vaḍḍhanti. ","eng":"“For these two, defilements don’t grow. ","html":"<p>{}"},"an2.109:1.2":{"pli":"Katamesaṃ dvinnaṃ? ","eng":"What two? ","html":"{}"},"an2.109:1.3":{"pli":"Yo ca na kukkuccāyitabbaṃ na kukkuccāyati, yo ca kukkuccāyitabbaṃ kukkuccāyati. ","eng":"One who isn’t remorseful over something they shouldn’t be, and one who is remorseful over something they should be. ","html":"{}"},"an2.109:1.4":{"pli":"Imesaṃ kho, bhikkhave, dvinnaṃ āsavā na vaḍḍhantī”ti. ","eng":"These are the two whose defilements don’t grow.” ","html":"{}</p></article>"},"an2.110:1.0":{"pli":"110 ","eng":"110 ","html":"<article id='an2.110'><h2 class='sutta-title'>{}</h2>"},"an2.110:1.1":{"pli":"“Dvinnaṃ, bhikkhave, āsavā vaḍḍhanti. ","eng":"“For these two, defilements grow. ","html":"<p>{}"},"an2.110:1.2":{"pli":"Katamesaṃ dvinnaṃ? ","eng":"What two? ","html":"{}"},"an2.110:1.3":{"pli":"Yo ca akappiye kappiyasaññī, yo ca kappiye akappiyasaññī. ","eng":"One who perceives what is unallowable as allowable, and one who perceives what is allowable as unallowable. ","html":"{}"},"an2.110:1.4":{"pli":"Imesaṃ kho, bhikkhave, dvinnaṃ āsavā vaḍḍhantī”ti. ","eng":"These are the two whose defilements grow.” ","html":"{}</p></article>"},"an2.111:1.0":{"pli":"111 ","eng":"111 ","html":"<article id='an2.111'><h2 class='sutta-title'>{}</h2>"},"an2.111:1.1":{"pli":"“Dvinnaṃ, bhikkhave, āsavā na vaḍḍhanti. ","eng":"“For these two, defilements don’t grow. ","html":"<p>{}"},"an2.111:1.2":{"pli":"Katamesaṃ dvinnaṃ? ","eng":"What two? ","html":"{}"},"an2.111:1.3":{"pli":"Yo ca akappiye akappiyasaññī, yo ca kappiye kappiyasaññī. ","eng":"One who perceives what is unallowable as unallowable, and one who perceives what is allowable as allowable. ","html":"{}"},"an2.111:1.4":{"pli":"Imesaṃ kho, bhikkhave, dvinnaṃ āsavā na vaḍḍhantī”ti. ","eng":"These are the two whose defilements don’t grow.” ","html":"{}</p></article>"},"an2.112:1.0":{"pli":"112 ","eng":"112 ","html":"<article id='an2.112'><h2 class='sutta-title'>{}</h2>"},"an2.112:1.1":{"pli":"“Dvinnaṃ, bhikkhave, āsavā vaḍḍhanti. ","eng":"“For these two, defilements grow. ","html":"<p>{}"},"an2.112:1.2":{"pli":"Katamesaṃ dvinnaṃ? ","eng":"What two? ","html":"{}"},"an2.112:1.3":{"pli":"Yo ca āpattiyā anāpattisaññī, yo ca anāpattiyā āpattisaññī. ","eng":"One who perceives an offense as a non-offense, and one who perceives a non-offense as an offense. ","html":"{}"},"an2.112:1.4":{"pli":"Imesaṃ kho, bhikkhave, dvinnaṃ āsavā vaḍḍhantī”ti. ","eng":"These are the two whose defilements grow.” ","html":"{}</p></article>"},"an2.113:1.0":{"pli":"113 ","eng":"113 ","html":"<article id='an2.113'><h2 class='sutta-title'>{}</h2>"},"an2.113:1.1":{"pli":"“Dvinnaṃ, bhikkhave, āsavā na vaḍḍhanti. ","eng":"“For these two, defilements don’t grow. ","html":"<p>{}"},"an2.113:1.2":{"pli":"Katamesaṃ dvinnaṃ? ","eng":"What two? ","html":"{}"},"an2.113:1.3":{"pli":"Yo ca āpattiyā āpattisaññī, yo ca anāpattiyā anāpattisaññī. ","eng":"One who perceives an offense as an offense, and one who perceives a non-offense as a non-offense. ","html":"{}"},"an2.113:1.4":{"pli":"Imesaṃ kho, bhikkhave, dvinnaṃ āsavā na vaḍḍhantī”ti. ","eng":"These are the two whose defilements don’t grow.” ","html":"{}</p></article>"},"an2.114:1.0":{"pli":"114 ","eng":"114 ","html":"<article id='an2.114'><h2 class='sutta-title'>{}</h2>"},"an2.114:1.1":{"pli":"“Dvinnaṃ, bhikkhave, āsavā vaḍḍhanti. ","eng":"“For these two, defilements grow. ","html":"<p>{}"},"an2.114:1.2":{"pli":"Katamesaṃ dvinnaṃ? ","eng":"What two? ","html":"{}"},"an2.114:1.3":{"pli":"Yo ca adhamme dhammasaññī, yo ca dhamme adhammasaññī. ","eng":"One who perceives what is not the teaching as the teaching, and one who perceives the teaching as not the teaching. ","html":"{}"},"an2.114:1.4":{"pli":"Imesaṃ kho, bhikkhave, dvinnaṃ āsavā vaḍḍhantī”ti. ","eng":"These are the two whose defilements grow.” ","html":"{}</p></article>"},"an2.115:1.0":{"pli":"115 ","eng":"115 ","html":"<article id='an2.115'><h2 class='sutta-title'>{}</h2>"},"an2.115:1.1":{"pli":"“Dvinnaṃ, bhikkhave, āsavā na vaḍḍhanti. ","eng":"“For these two, defilements don’t grow. ","html":"<p>{}"},"an2.115:1.2":{"pli":"Katamesaṃ dvinnaṃ? ","eng":"What two? ","html":"{}"},"an2.115:1.3":{"pli":"Yo ca dhamme dhammasaññī, yo ca adhamme adhammasaññī. ","eng":"One who perceives the teaching as the teaching, and one who perceives what is not the teaching as not the teaching. ","html":"{}"},"an2.115:1.4":{"pli":"Imesaṃ kho, bhikkhave, dvinnaṃ āsavā na vaḍḍhantī”ti. ","eng":"These are the two whose defilements don’t grow.” ","html":"{}</p></article>"},"an2.116:1.0":{"pli":"116 ","eng":"116 ","html":"<article id='an2.116'><h2 class='sutta-title'>{}</h2>"},"an2.116:1.1":{"pli":"“Dvinnaṃ, bhikkhave, āsavā vaḍḍhanti. ","eng":"“For these two, defilements grow. ","html":"<p>{}"},"an2.116:1.2":{"pli":"Katamesaṃ dvinnaṃ? ","eng":"What two? ","html":"{}"},"an2.116:1.3":{"pli":"Yo ca avinaye vinayasaññī, yo ca vinaye avinayasaññī. ","eng":"One who perceives what is not the training as the training, and one who perceives what is the training as not the training. ","html":"{}"},"an2.116:1.4":{"pli":"Imesaṃ kho, bhikkhave, dvinnaṃ āsavā vaḍḍhantī”ti. ","eng":"These are the two whose defilements grow.” ","html":"{}</p></article>"},"an2.117:1.0":{"pli":"117 ","eng":"117 ","html":"<article id='an2.117'><h2 class='sutta-title'>{}</h2>"},"an2.117:1.1":{"pli":"“Dvinnaṃ, bhikkhave, āsavā na vaḍḍhanti. ","eng":"“For these two, defilements don’t grow. ","html":"<p>{}"},"an2.117:1.2":{"pli":"Katamesaṃ dvinnaṃ? ","eng":"What two? ","html":"{}"},"an2.117:1.3":{"pli":"Yo ca avinaye avinayasaññī, yo ca vinaye vinayasaññī. ","eng":"One who perceives what is not the training as not the training, and one who perceives what is the training as the training. ","html":"{}"},"an2.117:1.4":{"pli":"Imesaṃ kho, bhikkhave, dvinnaṃ āsavā na vaḍḍhantī”ti. ","eng":"These are the two whose defilements don’t grow.” ","html":"{}</p>"},"an2.117:1.5":{"pli":"Bālavaggo pañcamo. ","html":"<p class='endsutta'>{}</p>"},"an2.117:1.6":{"pli":"Dutiyo paṇṇāsako samatto. ","html":"<p class='endvagga'>{}</p></article></section>"}}}