{"an3.19":{"an3.19:0.1":{"pli":"Aṅguttara Nikāya 3.19 ","eng":"Numbered Discourses 3.19 ","html":"<article id='an3.19'><header><ul><li class='division'>{}</li>"},"an3.19:0.2":{"pli":"2. Rathakāravagga ","eng":"2. The Chariot-Maker ","html":"<li>{}</li></ul>"},"an3.19:0.3":{"pli":"Paṭhamapāpaṇikasutta ","eng":"A Shopkeeper (1st) ","html":"<h1 class='sutta-title'>{}</h1></header>"},"an3.19:1.1":{"pli":"“Tīhi, bhikkhave, aṅgehi samannāgato pāpaṇiko abhabbo anadhigataṃ vā bhogaṃ adhigantuṃ, adhigataṃ vā bhogaṃ phātiṃ kātuṃ. ","eng":"“Mendicants, a shopkeeper who has three factors is unable to acquire more wealth or to increase the wealth they’ve already acquired. ","html":"<p>{}"},"an3.19:1.2":{"pli":"Katamehi tīhi? ","eng":"What three? ","html":"{}"},"an3.19:1.3":{"pli":"Idha, bhikkhave, pāpaṇiko pubbaṇhasamayaṃ na sakkaccaṃ kammantaṃ adhiṭṭhāti, majjhanhikasamayaṃ na sakkaccaṃ kammantaṃ adhiṭṭhāti, sāyanhasamayaṃ na sakkaccaṃ kammantaṃ adhiṭṭhāti. ","eng":"It’s when a shopkeeper doesn’t carefully focus on their work in the morning, at midday, and in the afternoon. ","html":"{}"},"an3.19:1.4":{"pli":"Imehi kho, bhikkhave, tīhi aṅgehi samannāgato pāpaṇiko abhabbo anadhigataṃ vā bhogaṃ adhigantuṃ, adhigataṃ vā bhogaṃ phātiṃ kātuṃ. ","eng":"A shopkeeper who has these three factors is unable to acquire more wealth or to increase the wealth they’ve already acquired. ","html":"{}</p>"},"an3.19:2.1":{"pli":"Evamevaṃ kho, bhikkhave, tīhi dhammehi samannāgato bhikkhu abhabbo anadhigataṃ vā kusalaṃ dhammaṃ adhigantuṃ, adhigataṃ vā kusalaṃ dhammaṃ phātiṃ kātuṃ. ","eng":"In the same way, a mendicant who has three qualities is unable to acquire more skillful qualities or to increase the skillful qualities they’ve already acquired. ","html":"<p>{}"},"an3.19:2.2":{"pli":"Katamehi tīhi? ","eng":"What three? ","html":"{}"},"an3.19:2.3":{"pli":"Idha, bhikkhave, bhikkhu pubbaṇhasamayaṃ na sakkaccaṃ samādhinimittaṃ adhiṭṭhāti, majjhanhikasamayaṃ na sakkaccaṃ samādhinimittaṃ adhiṭṭhāti, sāyanhasamayaṃ na sakkaccaṃ samādhinimittaṃ adhiṭṭhāti. ","eng":"It’s when a mendicant doesn’t carefully focus on a meditation subject as a basis of immersion in the morning, at midday, and in the afternoon. ","html":"{}</p>"},"an3.19:2.4":{"pli":"Imehi kho, bhikkhave, tīhi dhammehi samannāgato bhikkhu abhabbo anadhigataṃ vā kusalaṃ dhammaṃ adhigantuṃ, adhigataṃ vā kusalaṃ dhammaṃ phātiṃ kātuṃ. ","eng":"A mendicant who possesses these three qualities is unable to acquire more skillful qualities or to increase the skillful qualities they’ve already acquired. ","html":"<p>{}</p>"},"an3.19:3.1":{"pli":"Tīhi, bhikkhave, aṅgehi samannāgato pāpaṇiko bhabbo anadhigataṃ vā bhogaṃ adhigantuṃ, adhigataṃ vā bhogaṃ phātiṃ kātuṃ. ","eng":"A shopkeeper who has three factors is able to acquire more wealth or to increase the wealth they’ve already acquired. ","html":"<p>{}"},"an3.19:3.2":{"pli":"Katamehi tīhi? ","eng":"What three? ","html":"{}"},"an3.19:3.3":{"pli":"Idha, bhikkhave, pāpaṇiko pubbaṇhasamayaṃ sakkaccaṃ kammantaṃ adhiṭṭhāti, majjhanhikasamayaṃ …pe… sāyanhasamayaṃ sakkaccaṃ kammantaṃ adhiṭṭhāti. ","eng":"It’s when a shopkeeper carefully focuses on their work in the morning, at midday, and in the afternoon. ","html":"{}"},"an3.19:3.4":{"pli":"Imehi kho, bhikkhave, tīhi aṅgehi samannāgato pāpaṇiko bhabbo anadhigataṃ vā bhogaṃ adhigantuṃ, adhigataṃ vā bhogaṃ phātiṃ kātuṃ. ","eng":"A shopkeeper who has these three factors is able to acquire more wealth or to increase the wealth they’ve already acquired. ","html":"{}</p>"},"an3.19:4.1":{"pli":"Evamevaṃ kho, bhikkhave, tīhi dhammehi samannāgato bhikkhu bhabbo anadhigataṃ vā kusalaṃ dhammaṃ adhigantuṃ, adhigataṃ vā kusalaṃ dhammaṃ phātiṃ kātuṃ. ","eng":"In the same way, a mendicant who has three qualities is able to acquire more skillful qualities or to increase the skillful qualities they’ve already acquired. ","html":"<p>{}"},"an3.19:4.2":{"pli":"Katamehi tīhi? ","eng":"What three? ","html":"{}"},"an3.19:4.3":{"pli":"Idha, bhikkhave, bhikkhu pubbaṇhasamayaṃ sakkaccaṃ samādhinimittaṃ adhiṭṭhāti, majjhanhikasamayaṃ …pe… sāyanhasamayaṃ sakkaccaṃ samādhinimittaṃ adhiṭṭhāti. ","eng":"It’s when a mendicant carefully focuses on a meditation subject as a basis of immersion in the morning, at midday, and in the afternoon. ","html":"{}</p>"},"an3.19:4.4":{"pli":"Imehi kho, bhikkhave, tīhi dhammehi samannāgato bhikkhu bhabbo anadhigataṃ vā kusalaṃ dhammaṃ adhigantuṃ, adhigataṃ vā kusalaṃ dhammaṃ phātiṃ kātun”ti. ","eng":"A mendicant who possesses these three qualities is able to acquire more skillful qualities or to increase the skillful qualities they’ve already acquired.” ","html":"<p>{}</p>"},"an3.19:4.5":{"pli":"Navamaṃ. ","html":"<p class='endsutta'>{}</p></article>"}},"an3.2":{"an3.2:0.1":{"pli":"Aṅguttara Nikāya 3.2 ","eng":"Numbered Discourses 3.2 ","html":"<article id='an3.2'><header><ul><li class='division'>{}</li>"},"an3.2:0.2":{"pli":"1. Bālavagga ","eng":"1. Fools ","html":"<li>{}</li></ul>"},"an3.2:0.3":{"pli":"Lakkhaṇasutta ","eng":"Characteristics ","html":"<h1 class='sutta-title'>{}</h1></header>"},"an3.2:1.1":{"pli":"“Kammalakkhaṇo, bhikkhave, bālo, kammalakkhaṇo paṇḍito, apadānasobhanī paññāti. ","eng":"“A fool is characterized by their deeds, and an astute person is characterized by their deeds, for wisdom shines in its traces. ","html":"<p>{}"},"an3.2:1.2":{"pli":"Tīhi, bhikkhave, dhammehi samannāgato bālo veditabbo. ","eng":"A fool is known by three things. ","html":"{}"},"an3.2:1.3":{"pli":"Katamehi tīhi? ","eng":"What three? ","html":"{}"},"an3.2:1.4":{"pli":"Kāyaduccaritena, vacīduccaritena, manoduccaritena. ","eng":"Bad conduct by way of body, speech, and mind. ","html":"{}</p>"},"an3.2:1.5":{"pli":"Imehi kho, bhikkhave, tīhi dhammehi samannāgato bālo veditabbo. ","eng":"These are the three things by which a fool is known. ","html":"<p>{}</p>"},"an3.2:2.1":{"pli":"Tīhi, bhikkhave, dhammehi samannāgato paṇḍito veditabbo. ","eng":"An astute person is known by three things. ","html":"<p>{}"},"an3.2:2.2":{"pli":"Katamehi tīhi? ","eng":"What three? ","html":"{}"},"an3.2:2.3":{"pli":"Kāyasucaritena, vacīsucaritena, manosucaritena. ","eng":"Good conduct by way of body, speech, and mind. ","html":"{}</p>"},"an3.2:2.4":{"pli":"Imehi kho, bhikkhave, tīhi dhammehi samannāgato paṇḍito veditabbo. ","eng":"These are the three things by which an astute person is known. ","html":"<p>{}</p>"},"an3.2:3.1":{"pli":"Tasmātiha, bhikkhave, evaṃ sikkhitabbaṃ: ","eng":"So you should train like this: ","html":"<p>{}"},"an3.2:3.2":{"pli":"‘yehi tīhi dhammehi samannāgato bālo veditabbo te tayo dhamme abhinivajjetvā, yehi tīhi dhammehi samannāgato paṇḍito veditabbo te tayo dhamme samādāya vattissāmā’ti. ","eng":"‘We will shun the three things by which a fool is known, and we will undertake and follow the three things by which an astute person is known.’ ","html":"{}"},"an3.2:3.3":{"pli":"Evañhi vo, bhikkhave, sikkhitabban”ti. ","eng":"That’s how you should train.” ","html":"{}</p>"},"an3.2:3.4":{"pli":"Dutiyaṃ. ","html":"<p class='endsutta'>{}</p></article>"}},"an3.20":{"an3.20:0.1":{"pli":"Aṅguttara Nikāya 3.20 ","eng":"Numbered Discourses 3.20 ","html":"<article id='an3.20'><header><ul><li class='division'>{}</li>"},"an3.20:0.2":{"pli":"2. Rathakāravagga ","eng":"2. The Chariot-Maker ","html":"<li>{}</li></ul>"},"an3.20:0.3":{"pli":"Dutiyapāpaṇikasutta ","eng":"A Shopkeeper (2nd) ","html":"<h1 class='sutta-title'>{}</h1></header>"},"an3.20:1.1":{"pli":"“Tīhi, bhikkhave, aṅgehi samannāgato pāpaṇiko nacirasseva mahattaṃ vepullattaṃ pāpuṇāti bhogesu. ","eng":"“Mendicants, a shopkeeper who has three factors soon acquires great and abundant wealth. ","html":"<p>{}"},"an3.20:1.2":{"pli":"Katamehi tīhi? ","eng":"What three? ","html":"{}"},"an3.20:1.3":{"pli":"Idha, bhikkhave, pāpaṇiko cakkhumā ca hoti vidhuro ca nissayasampanno ca. ","eng":"It’s when a shopkeeper sees clearly, is indefatigable, and has supporters. ","html":"{}</p>"},"an3.20:1.4":{"pli":"Kathañca, bhikkhave, pāpaṇiko cakkhumā hoti? ","eng":"And how does a shopkeeper see clearly? ","html":"<p>{}"},"an3.20:1.5":{"pli":"Idha, bhikkhave, pāpaṇiko paṇiyaṃ jānāti: ","eng":"It’s when a shopkeeper knows of a product: ","html":"{}"},"an3.20:1.6":{"pli":"‘idaṃ paṇiyaṃ evaṃ kītaṃ, evaṃ vikkayamānaṃ, ettakaṃ mūlaṃ bhavissati, ettako udayo’ti. ","eng":"‘This product is bought at this price and is selling at this price. With this much investment, it’ll bring this much profit.’ ","html":"{}"},"an3.20:1.7":{"pli":"Evaṃ kho, bhikkhave, pāpaṇiko cakkhumā hoti. ","eng":"That’s how a shopkeeper sees clearly. ","html":"{}</p>"},"an3.20:2.1":{"pli":"Kathañca, bhikkhave, pāpaṇiko vidhuro hoti? ","eng":"And how is a shopkeeper indefatigable? ","html":"<p>{}"},"an3.20:2.2":{"pli":"Idha, bhikkhave, pāpaṇiko kusalo hoti paṇiyaṃ ketuñca vikketuñca. ","eng":"It’s when a shopkeeper is skilled in buying and selling products. ","html":"{}"},"an3.20:2.3":{"pli":"Evaṃ kho, bhikkhave, pāpaṇiko vidhuro hoti. ","eng":"That’s how a shopkeeper is indefatigable. ","html":"{}</p>"},"an3.20:3.1":{"pli":"Kathañca, bhikkhave, pāpaṇiko nissayasampanno hoti? ","eng":"And how does a shopkeeper have supporters? ","html":"<p>{}"},"an3.20:3.2":{"pli":"Idha, bhikkhave, pāpaṇikaṃ ye te gahapatī vā gahapatiputtā vā aḍḍhā mahaddhanā mahābhogā te evaṃ jānanti: ","eng":"It’s when rich, affluent, and wealthy householders or householders’ children know of him: ","html":"{}"},"an3.20:3.3":{"pli":"‘ayaṃ kho bhavaṃ pāpaṇiko cakkhumā vidhuro ca paṭibalo puttadārañca posetuṃ, amhākañca kālena kālaṃ anuppadātun’ti. ","eng":"‘This good shopkeeper sees clearly and is indefatigable. They are capable of providing for their wives and children, and paying us back from time to time.’ ","html":"{}"},"an3.20:3.4":{"pli":"Te naṃ bhogehi nipatanti: ","eng":"They deposit money with the shopkeeper, saying: ","html":"{}"},"an3.20:3.5":{"pli":"‘ito, samma pāpaṇika, bhoge karitvā puttadārañca posehi, amhākañca kālena kālaṃ anuppadehī’ti. ","eng":"‘With this, friend shopkeeper, earn money to  provide for your wives and children, and pay us back from time to time.’ ","html":"{}"},"an3.20:3.6":{"pli":"Evaṃ kho, bhikkhave, pāpaṇiko nissayasampanno hoti. ","eng":"That’s how a shopkeeper has supporters. ","html":"{}</p>"},"an3.20:3.7":{"pli":"Imehi kho, bhikkhave, tīhi aṅgehi samannāgato pāpaṇiko nacirasseva mahattaṃ vepullattaṃ pāpuṇāti bhogesu. ","eng":"A shopkeeper who has these three factors soon acquires great and abundant wealth. ","html":"<p>{}</p>"},"an3.20:4.1":{"pli":"Evamevaṃ kho, bhikkhave, tīhi dhammehi samannāgato bhikkhu nacirasseva mahattaṃ vepullattaṃ pāpuṇāti kusalesu dhammesu. ","eng":"In the same way, a mendicant who has three qualities soon acquires great and abundant skillful qualities. ","html":"<p>{}"},"an3.20:4.2":{"pli":"Katamehi tīhi? ","eng":"What three? ","html":"{}"},"an3.20:4.3":{"pli":"Idha, bhikkhave, bhikkhu cakkhumā ca hoti vidhuro ca nissayasampanno ca. ","eng":"It’s when a mendicant sees clearly, is indefatigable, and has supporters. ","html":"{}</p>"},"an3.20:4.4":{"pli":"Kathañca, bhikkhave, bhikkhu cakkhumā hoti? ","eng":"And how does a mendicant see clearly? ","html":"<p>{}"},"an3.20:4.5":{"pli":"Idha, bhikkhave, bhikkhu ‘idaṃ dukkhan’ti yathābhūtaṃ pajānāti, ‘ayaṃ dukkhasamudayo’ti yathābhūtaṃ pajānāti, ‘ayaṃ dukkhanirodho’ti yathābhūtaṃ pajānāti, ‘ayaṃ dukkhanirodhagāminī paṭipadā’ti yathābhūtaṃ pajānāti. ","eng":"It’s when a mendicant truly understands: ‘This is suffering’ … ‘This is the origin of suffering’ … ‘This is the cessation of suffering’ … ‘This is the practice that leads to the cessation of suffering’. ","html":"{}"},"an3.20:4.6":{"pli":"Evaṃ kho, bhikkhave, bhikkhu cakkhumā hoti. ","eng":"That’s how a mendicant sees clearly. ","html":"{}</p>"},"an3.20:5.1":{"pli":"Kathañca, bhikkhave, bhikkhu vidhuro hoti? ","eng":"And how is a mendicant indefatigable? ","html":"<p>{}"},"an3.20:5.2":{"pli":"Idha, bhikkhave, bhikkhu āraddhavīriyo viharati akusalānaṃ dhammānaṃ pahānāya, kusalānaṃ dhammānaṃ upasampadāya, thāmavā daḷhaparakkamo anikkhittadhuro kusalesu dhammesu. ","eng":"It’s when a mendicant lives with energy roused up for giving up unskillful qualities and embracing skillful qualities. They are strong, staunchly vigorous, not slacking off when it comes to developing skillful qualities. ","html":"{}"},"an3.20:5.3":{"pli":"Evaṃ kho, bhikkhave, bhikkhu vidhuro hoti. ","eng":"That’s how a mendicant is indefatigable. ","html":"{}</p>"},"an3.20:6.1":{"pli":"Kathañca, bhikkhave, bhikkhu nissayasampanno hoti? ","eng":"And how does a mendicant have supporters? ","html":"<p>{}"},"an3.20:6.2":{"pli":"Idha, bhikkhave, bhikkhu ye te bhikkhū bahussutā āgatāgamā dhammadharā vinayadharā mātikādharā te kālena kālaṃ upasaṅkamitvā paripucchati paripañhati: ","eng":"It’s when from time to time a mendicant goes up to those mendicants who are very learned—inheritors of the heritage, who have memorized the teachings, the monastic law, and the outlines—and asks them questions: ","html":"{}"},"an3.20:6.3":{"pli":"‘idaṃ, bhante, kathaṃ, imassa ko attho’ti? ","eng":"‘Why, sir, does it say this? What does that mean?’ ","html":"{}"},"an3.20:6.4":{"pli":"Tassa te āyasmanto avivaṭañceva vivaranti, anuttānīkatañca uttānīkaronti, anekavihitesu ca kaṅkhāṭhāniyesu dhammesu kaṅkhaṃ paṭivinodenti. ","eng":"Those venerables reveal what is hidden, clarify what is unclear, and dispel doubt regarding the many doubtful matters. ","html":"{}"},"an3.20:6.5":{"pli":"Evaṃ kho, bhikkhave, bhikkhu nissayasampanno hoti. ","eng":"That’s how a mendicant has supporters. ","html":"{}</p>"},"an3.20:6.6":{"pli":"Imehi kho, bhikkhave, tīhi dhammehi samannāgato bhikkhu nacirasseva mahattaṃ vepullattaṃ pāpuṇāti kusalesu dhammesū”ti. ","eng":"A mendicant who possesses these three qualities soon acquires great and abundant skillful qualities.” ","html":"<p>{}</p>"},"an3.20:6.7":{"pli":"Dasamaṃ. ","html":"<p class='endsutta'>{}</p>"},"an3.20:6.8":{"pli":"Paṭhamabhāṇavāro niṭṭhito. ","html":"<p class='endsection'>{}</p>"},"an3.20:6.9":{"pli":"Rathakāravaggo dutiyo. ","html":"<p class='endvagga'>{}</p>"},"an3.20:7.0":{"pli":"Tassuddānaṃ ","html":"<p class='uddana-intro'>{}</p>"},"an3.20:7.1":{"pli":"Ñāto sāraṇīyo bhikkhu, ","html":"<blockquote class='uddanagatha'><p><span class='verse-line'>{}</span>"},"an3.20:7.2":{"pli":"cakkavattī sacetano; ","html":"<span class='verse-line'>{}</span>"},"an3.20:7.3":{"pli":"Apaṇṇakattā devo ca, ","html":"<span class='verse-line'>{}</span>"},"an3.20:7.4":{"pli":"duve pāpaṇikena cāti. ","html":"<span class='verse-line'>{}</span></p></blockquote></article>"}},"an3.21":{"an3.21:0.1":{"pli":"Aṅguttara Nikāya 3.21 ","eng":"Numbered Discourses 3.21 ","html":"<article id='an3.21'><header><ul><li class='division'>{}</li>"},"an3.21:0.2":{"pli":"3. Puggalavagga ","eng":"3. Individuals ","html":"<li>{}</li></ul>"},"an3.21:0.3":{"pli":"Samiddhasutta ","eng":"With Saviṭṭha ","html":"<h1 class='sutta-title'>{}</h1></header>"},"an3.21:1.1":{"pli":"Evaṃ me sutaṃ—","eng":"So I have heard. ","html":"<p><span class='evam'>{}</span>"},"an3.21:1.2":{"pli":"ekaṃ samayaṃ bhagavā sāvatthiyaṃ viharati jetavane anāthapiṇḍikassa ārāme. ","eng":"At one time the Buddha was staying near Sāvatthī in Jeta’s Grove, Anāthapiṇḍika’s monastery. ","html":"{}</p>"},"an3.21:1.3":{"pli":"Atha kho āyasmā ca samiddho āyasmā ca mahākoṭṭhiko yenāyasmā sāriputto tenupasaṅkamiṃsu; upasaṅkamitvā āyasmatā sāriputtena saddhiṃ sammodiṃsu. ","eng":"Then Venerable Saviṭṭha and Venerable Mahākoṭṭhita went up to Venerable Sāriputta, and exchanged greetings with him. ","html":"<p>{}</p>"},"an3.21:1.4":{"pli":"Sammodanīyaṃ kathaṃ sāraṇīyaṃ vītisāretvā ekamantaṃ nisīdiṃsu. Ekamantaṃ nisinnaṃ kho āyasmantaṃ samiddhaṃ āyasmā sāriputto etadavoca: ","eng":"When the greetings and polite conversation were over, they sat down to one side and Venerable Sāriputta said to Venerable Saviṭṭha, ","html":"<p>{}"},"an3.21:2.1":{"pli":"“Tayome, āvuso samiddha, puggalā santo saṃvijjamānā lokasmiṃ. ","eng":"“Reverend Saviṭṭha, these three individuals are found in the world. ","html":"{}"},"an3.21:2.2":{"pli":"Katame tayo? ","eng":"What three? ","html":"{}"},"an3.21:2.3":{"pli":"Kāyasakkhī, diṭṭhippatto, saddhāvimutto. ","eng":"The direct witness, the one attained to view, and the one freed by faith. ","html":"{}"},"an3.21:2.4":{"pli":"Ime kho, āvuso, tayo puggalā santo saṃvijjamānā lokasmiṃ. ","eng":"These are the three individuals found in the world. ","html":"{}"},"an3.21:2.5":{"pli":"Imesaṃ, āvuso, tiṇṇaṃ puggalānaṃ katamo te puggalo khamati abhikkantataro ca paṇītataro cā”ti? ","eng":"Of these three individuals, who do you believe to be the finest?” ","html":"{}</p>"},"an3.21:3.1":{"pli":"“Tayome, āvuso sāriputta, puggalā santo saṃvijjamānā lokasmiṃ. ","eng":"“Reverend Sāriputta, these three individuals are found in the world. ","html":"<p>{}"},"an3.21:3.2":{"pli":"Katame tayo? ","eng":"What three? ","html":"{}"},"an3.21:3.3":{"pli":"Kāyasakkhī, diṭṭhippatto, saddhāvimutto. ","eng":"The direct witness, the one attained to view, and the one freed by faith. ","html":"{}"},"an3.21:3.4":{"pli":"Ime kho, āvuso, tayo puggalā santo saṃvijjamānā lokasmiṃ. ","eng":"These are the three individuals found in the world. ","html":"{}"},"an3.21:3.5":{"pli":"Imesaṃ, āvuso, tiṇṇaṃ puggalānaṃ yvāyaṃ puggalo saddhāvimutto, ayaṃ me puggalo khamati imesaṃ tiṇṇaṃ puggalānaṃ abhikkantataro ca paṇītataro ca. ","eng":"Of these three individuals, I believe the individual freed by faith to be finest. ","html":"{}"},"an3.21:3.6":{"pli":"Taṃ kissa hetu? ","eng":"Why is that? ","html":"{}"},"an3.21:3.7":{"pli":"Imassa, āvuso, puggalassa saddhindriyaṃ adhimattan”ti. ","eng":"Because this individual’s faculty of faith is extraordinary.” ","html":"{}</p>"},"an3.21:4.1":{"pli":"Atha kho āyasmā sāriputto āyasmantaṃ mahākoṭṭhikaṃ etadavoca: ","eng":"Then Sāriputta said to Mahākoṭṭhita, ","html":"<p>{}"},"an3.21:4.2":{"pli":"“tayome, āvuso koṭṭhika, puggalā santo saṃvijjamānā lokasmiṃ. ","eng":"“Reverend Koṭṭhika, these three individuals are found in the world. ","html":"{}"},"an3.21:4.3":{"pli":"Katame tayo? ","eng":"What three? ","html":"{}"},"an3.21:4.4":{"pli":"Kāyasakkhī, diṭṭhippatto, saddhāvimutto. ","eng":"The direct witness, the one attained to view, and the one freed by faith. ","html":"{}"},"an3.21:4.5":{"pli":"Ime kho, āvuso, tayo puggalā santo saṃvijjamānā lokasmiṃ. ","eng":"These are the three individuals found in the world. ","html":"{}"},"an3.21:4.6":{"pli":"Imesaṃ, āvuso, tiṇṇaṃ puggalānaṃ katamo te puggalo khamati abhikkantataro ca paṇītataro cā”ti? ","eng":"Of these three individuals, who do you believe to be the finest?” ","html":"{}</p>"},"an3.21:5.1":{"pli":"“Tayome, āvuso sāriputta, puggalā santo saṃvijjamānā lokasmiṃ. ","eng":"“Reverend Sāriputta, these three individuals are found in the world. ","html":"<p>{}"},"an3.21:5.2":{"pli":"Katame tayo? ","eng":"What three? ","html":"{}"},"an3.21:5.3":{"pli":"Kāyasakkhī, diṭṭhippatto, saddhāvimutto. ","eng":"The direct witness, the one attained to view, and the one freed by faith. ","html":"{}"},"an3.21:5.4":{"pli":"Ime kho, āvuso, tayo puggalā santo saṃvijjamānā lokasmiṃ. ","eng":"These are the three individuals found in the world. ","html":"{}"},"an3.21:5.5":{"pli":"Imesaṃ, āvuso, tiṇṇaṃ puggalānaṃ yvāyaṃ puggalo kāyasakkhī, ayaṃ me puggalo khamati imesaṃ tiṇṇaṃ puggalānaṃ abhikkantataro ca paṇītataro ca. ","eng":"Of these three individuals, I believe the direct witness to be finest. ","html":"{}"},"an3.21:5.6":{"pli":"Taṃ kissa hetu? ","eng":"Why is that? ","html":"{}"},"an3.21:5.7":{"pli":"Imassa, āvuso, puggalassa samādhindriyaṃ adhimattan”ti. ","eng":"Because this individuals’s faculty of immersion is extraordinary.” ","html":"{}</p>"},"an3.21:6.1":{"pli":"Atha kho āyasmā mahākoṭṭhiko āyasmantaṃ sāriputtaṃ etadavoca: ","eng":"Then Mahākoṭṭhita said to Sāriputta, ","html":"<p>{}"},"an3.21:6.2":{"pli":"“tayome, āvuso sāriputta, puggalā santo saṃvijjamānā lokasmiṃ. ","eng":"“Reverend Sāriputta, these three individuals are found in the world. ","html":"{}"},"an3.21:6.3":{"pli":"Katame tayo? ","eng":"What three? ","html":"{}"},"an3.21:6.4":{"pli":"Kāyasakkhī, diṭṭhippatto, saddhāvimutto. ","eng":"The direct witness, the one attained to view, and the one freed by faith. ","html":"{}"},"an3.21:6.5":{"pli":"Ime kho, āvuso, tayo puggalā santo saṃvijjamānā lokasmiṃ. ","eng":"These are the three individuals found in the world. ","html":"{}"},"an3.21:6.6":{"pli":"Imesaṃ, āvuso, tiṇṇaṃ puggalānaṃ katamo te puggalo khamati abhikkantataro ca paṇītataro cā”ti? ","eng":"Of these three individuals, who do you believe to be the finest?” ","html":"{}</p>"},"an3.21:7.1":{"pli":"“Tayome, āvuso koṭṭhika, puggalā santo saṃvijjamānā lokasmiṃ. ","eng":"“Reverend Koṭṭhika, these three individuals are found in the world. ","html":"<p>{}"},"an3.21:7.2":{"pli":"Katame tayo? ","eng":"What three? ","html":"{}"},"an3.21:7.3":{"pli":"Kāyasakkhī, diṭṭhippatto, saddhāvimutto. ","eng":"The direct witness, the one attained to view, and the one freed by faith. ","html":"{}"},"an3.21:7.4":{"pli":"Ime kho, āvuso, tayo puggalā santo saṃvijjamānā lokasmiṃ. ","eng":"These are the three individuals found in the world. ","html":"{}"},"an3.21:7.5":{"pli":"Imesaṃ, āvuso, tiṇṇaṃ puggalānaṃ yvāyaṃ puggalo diṭṭhippatto, ayaṃ me puggalo khamati imesaṃ tiṇṇaṃ puggalānaṃ abhikkantataro ca paṇītataro ca. ","eng":"Of these three individuals, I believe the individual attained to view to be finest. ","html":"{}"},"an3.21:7.6":{"pli":"Taṃ kissa hetu? ","eng":"Why is that? ","html":"{}"},"an3.21:7.7":{"pli":"Imassa, āvuso, puggalassa paññindriyaṃ adhimattan”ti. ","eng":"Because this individual’s faculty of wisdom is extraordinary.” ","html":"{}</p>"},"an3.21:8.1":{"pli":"Atha kho āyasmā sāriputto āyasmantañca samiddhaṃ āyasmantañca mahākoṭṭhikaṃ etadavoca: ","eng":"Then Sāriputta said to Saviṭṭha and Mahākoṭṭhita, ","html":"<p>{}"},"an3.21:8.2":{"pli":"“byākataṃ kho, āvuso, amhehi sabbeheva yathāsakaṃ paṭibhānaṃ. ","eng":"“Each of us has spoken from the heart. ","html":"{}"},"an3.21:8.3":{"pli":"Āyāmāvuso, yena bhagavā tenupasaṅkamissāma; upasaṅkamitvā bhagavato etamatthaṃ ārocessāma. ","eng":"Come, reverends, let’s go to the Buddha, and tell him about this. ","html":"{}"},"an3.21:8.4":{"pli":"Yathā no bhagavā byākarissati tathā naṃ dhāressāmā”ti. ","eng":"As he answers, so we’ll remember it.” ","html":"{}</p>"},"an3.21:8.5":{"pli":"“Evamāvuso”ti kho āyasmā ca samiddho āyasmā ca mahākoṭṭhiko āyasmato sāriputtassa paccassosuṃ. ","eng":"“Yes, reverend,” they replied. ","html":"<p>{}"},"an3.21:8.6":{"pli":"Atha kho āyasmā ca sāriputto āyasmā ca samiddho āyasmā ca mahākoṭṭhiko yena bhagavā tenupasaṅkamiṃsu; upasaṅkamitvā bhagavantaṃ abhivādetvā ekamantaṃ nisīdiṃsu. ","eng":"Then Sāriputta, Saviṭṭha, and Mahākoṭṭhita went up to the Buddha, bowed, and sat down to one side. ","html":"{}"},"an3.21:8.7":{"pli":"Ekamantaṃ nisinno kho āyasmā sāriputto yāvatako ahosi āyasmatā ca samiddhena āyasmatā ca mahākoṭṭhikena saddhiṃ kathāsallāpo taṃ sabbaṃ bhagavato ārocesi. ","eng":"Then Sāriputta told the Buddha of all they had discussed. ","html":"{}</p>"},"an3.21:9.1":{"pli":"“Na khvettha, sāriputta, sukaraṃ ekaṃsena byākātuṃ: ","eng":"“In this matter, Sāriputta, it’s not easy to categorically declare that ","html":"<p>{}"},"an3.21:9.2":{"pli":"‘ayaṃ imesaṃ tiṇṇaṃ puggalānaṃ abhikkantataro ca paṇītataro cā’ti. ","eng":"one of these three individuals is finest. ","html":"{}"},"an3.21:9.3":{"pli":"Ṭhānañhetaṃ, sāriputta, vijjati yvāyaṃ puggalo saddhāvimutto svāssa arahattāya paṭipanno, yvāyaṃ puggalo kāyasakkhī svāssa sakadāgāmī vā anāgāmī vā, yo cāyaṃ puggalo diṭṭhippatto sopassa sakadāgāmī vā anāgāmī vā. ","eng":"In some cases, an individual freed by faith is practicing for perfection, while the direct witness and the one attained to view are once-returners or non-returners. ","html":"{}</p>"},"an3.21:10.1":{"pli":"Na khvettha, sāriputta, sukaraṃ ekaṃsena byākātuṃ: ","eng":"In this matter, it’s not easy to categorically declare that ","html":"<p>{}"},"an3.21:10.2":{"pli":"‘ayaṃ imesaṃ tiṇṇaṃ puggalānaṃ abhikkantataro ca paṇītataro cā’ti. ","eng":"one of these three individuals is finest. ","html":"{}"},"an3.21:10.3":{"pli":"Ṭhānañhetaṃ, sāriputta, vijjati yvāyaṃ puggalo kāyasakkhī svāssa arahattāya paṭipanno, yvāyaṃ puggalo saddhāvimutto svāssa sakadāgāmī vā anāgāmī vā, yo cāyaṃ puggalo diṭṭhippatto sopassa sakadāgāmī vā anāgāmī vā. ","eng":"In some cases, a direct witness is practicing for perfection, while the one freed by faith and the one attained to view are once-returners or non-returners. ","html":"{}</p>"},"an3.21:11.1":{"pli":"Na khvettha, sāriputta, sukaraṃ ekaṃsena byākātuṃ: ","eng":"In this matter, it’s not easy to categorically declare that ","html":"<p>{}"},"an3.21:11.2":{"pli":"‘ayaṃ imesaṃ tiṇṇaṃ puggalānaṃ abhikkantataro ca paṇītataro cā’ti. ","eng":"one of these three individuals is finest. ","html":"{}"},"an3.21:11.3":{"pli":"Ṭhānañhetaṃ, sāriputta, vijjati yvāyaṃ puggalo diṭṭhippatto svāssa arahattāya paṭipanno, yvāyaṃ puggalo saddhāvimutto svāssa sakadāgāmī vā anāgāmī vā, yo cāyaṃ puggalo kāyasakkhī sopassa sakadāgāmī vā anāgāmī vā. ","eng":"In some cases, one attained to view is practicing for perfection, while the one freed by faith and the direct witness are once-returners or non-returners. ","html":"{}</p>"},"an3.21:12.1":{"pli":"Na khvettha, sāriputta, sukaraṃ ekaṃsena byākātuṃ: ","eng":"In this matter, it’s not easy to categorically declare that ","html":"<p>{}"},"an3.21:12.2":{"pli":"‘ayaṃ imesaṃ tiṇṇaṃ puggalānaṃ abhikkantataro ca paṇītataro cā’”ti. ","eng":"one of these three individuals is finest.” ","html":"{}</p>"},"an3.21:12.3":{"pli":"Paṭhamaṃ. ","html":"<p class='endsutta'>{}</p></article>"}},"an3.22":{"an3.22:0.1":{"pli":"Aṅguttara Nikāya 3.22 ","eng":"Numbered Discourses 3.22 ","html":"<article id='an3.22'><header><ul><li class='division'>{}</li>"},"an3.22:0.2":{"pli":"3. Puggalavagga ","eng":"3. Individuals ","html":"<li>{}</li></ul>"},"an3.22:0.3":{"pli":"Gilānasutta ","eng":"Patients ","html":"<h1 class='sutta-title'>{}</h1></header>"},"an3.22:1.1":{"pli":"“Tayome, bhikkhave, gilānā santo saṃvijjamānā lokasmiṃ. ","eng":"“These three patients are found in the world. ","html":"<p>{}"},"an3.22:1.2":{"pli":"Katame tayo? ","eng":"What three? ","html":"{}</p>"},"an3.22:1.3":{"pli":"Idha, bhikkhave, ekacco gilāno labhanto vā sappāyāni bhojanāni alabhanto vā sappāyāni bhojanāni, labhanto vā sappāyāni bhesajjāni alabhanto vā sappāyāni bhesajjāni, labhanto vā patirūpaṃ upaṭṭhākaṃ alabhanto vā patirūpaṃ upaṭṭhākaṃ neva vuṭṭhāti tamhā ābādhā. ","eng":"In some cases a patient won’t recover from an illness, regardless of whether or not they get suitable food and medicines, and a capable carer. ","html":"<p>{}</p>"},"an3.22:2.1":{"pli":"Idha pana, bhikkhave, ekacco gilāno labhanto vā sappāyāni bhojanāni alabhanto vā sappāyāni bhojanāni, labhanto vā sappāyāni bhesajjāni alabhanto vā sappāyāni bhesajjāni, labhanto vā patirūpaṃ upaṭṭhākaṃ alabhanto vā patirūpaṃ upaṭṭhākaṃ vuṭṭhāti tamhā ābādhā. ","eng":"In some cases a patient will recover from an illness, regardless of whether or not they get suitable food and medicines, and a capable carer. ","html":"<p>{}</p>"},"an3.22:3.1":{"pli":"Idha pana, bhikkhave, ekacco gilāno labhantova sappāyāni bhojanāni no alabhanto, labhantova sappāyāni bhesajjāni no alabhanto, labhantova patirūpaṃ upaṭṭhākaṃ no alabhanto vuṭṭhāti tamhā ābādhā. ","eng":"In some cases a patient can recover from an illness, but only if they get suitable food and medicines, and a capable carer, and not if they don’t get these things. ","html":"<p>{}</p>"},"an3.22:4.1":{"pli":"Tatra, bhikkhave, yvāyaṃ gilāno labhantova sappāyāni bhojanāni no alabhanto, labhantova sappāyāni bhesajjāni no alabhanto, labhantova patirūpaṃ upaṭṭhākaṃ no alabhanto vuṭṭhāti tamhā ābādhā, imaṃ kho, bhikkhave, gilānaṃ paṭicca gilānabhattaṃ anuññātaṃ gilānabhesajjaṃ anuññātaṃ gilānupaṭṭhāko anuññāto. ","eng":"Now, it’s for the sake of the last patient—who will recover only if they get suitable food and medicines, and a capable carer—that food, medicines, and a carer are prescribed. ","html":"<p>{}"},"an3.22:4.2":{"pli":"Imañca pana, bhikkhave, gilānaṃ paṭicca aññepi gilānā upaṭṭhātabbā. ","eng":"But also, for the sake of this patient, the other patients should be looked after. ","html":"{}</p>"},"an3.22:4.3":{"pli":"Ime kho, bhikkhave, tayo gilānā santo saṃvijjamānā lokasmiṃ. ","eng":"These are the three kinds of patients found in the world. ","html":"<p>{}</p>"},"an3.22:5.1":{"pli":"Evamevaṃ kho, bhikkhave, tayome gilānūpamā puggalā santo saṃvijjamānā lokasmiṃ. ","eng":"In the same way, these three individuals similar to patients are found in the world. ","html":"<p>{}"},"an3.22:5.2":{"pli":"Katame tayo? ","eng":"What three? ","html":"{}"},"an3.22:5.3":{"pli":"Idha, bhikkhave, ekacco puggalo labhanto vā tathāgataṃ dassanāya alabhanto vā tathāgataṃ dassanāya, labhanto vā tathāgatappaveditaṃ dhammavinayaṃ savanāya alabhanto vā tathāgatappaveditaṃ dhammavinayaṃ savanāya neva okkamati niyāmaṃ kusalesu dhammesu sammattaṃ. ","eng":"Some people don’t step into the sure path with regards to skillful qualities, regardless of whether or not they get to see a Realized One, and to hear the teaching and training that he proclaims. ","html":"{}</p>"},"an3.22:6.1":{"pli":"Idha, pana, bhikkhave, ekacco puggalo labhanto vā tathāgataṃ dassanāya alabhanto vā tathāgataṃ dassanāya, labhanto vā tathāgatappaveditaṃ dhammavinayaṃ savanāya alabhanto vā tathāgatappaveditaṃ dhammavinayaṃ savanāya okkamati niyāmaṃ kusalesu dhammesu sammattaṃ. ","eng":"Some people do step into the sure path with regards to skillful qualities, regardless of whether or not they get to see a Realized One, and to hear the teaching and training that he proclaims. ","html":"<p>{}</p>"},"an3.22:7.1":{"pli":"Idha pana, bhikkhave, ekacco puggalo labhantova tathāgataṃ dassanāya no alabhanto, labhantova tathāgatappaveditaṃ dhammavinayaṃ savanāya no alabhanto okkamati niyāmaṃ kusalesu dhammesu sammattaṃ. ","eng":"Some people can step into the sure path with regards to skillful qualities, but only if they get to see a Realized One, and to hear the teaching and training that he proclaims, and not when they don’t get those things. ","html":"<p>{}</p>"},"an3.22:8.1":{"pli":"Tatra, bhikkhave, yvāyaṃ puggalo labhantova tathāgataṃ dassanāya no alabhanto, labhantova tathāgatappaveditaṃ dhammavinayaṃ savanāya no alabhanto okkamati niyāmaṃ kusalesu dhammesu sammattaṃ, imaṃ kho, bhikkhave, puggalaṃ paṭicca dhammadesanā anuññātā. ","eng":"Now, it’s for the sake of this last individual that teaching the Dhamma is prescribed, that is, the one who can step into the sure path with regards to skillful qualities, but only if they get to see a Realized One, and to hear the teaching and training that he proclaims. ","html":"<p>{}"},"an3.22:8.2":{"pli":"Imañca pana, bhikkhave, puggalaṃ paṭicca aññesampi dhammo desetabbo. ","eng":"But also, for the sake of this individual, the other people should be taught Dhamma. ","html":"{}</p>"},"an3.22:8.3":{"pli":"Ime kho, bhikkhave, tayo gilānūpamā puggalā santo saṃvijjamānā lokasmin”ti. ","eng":"These are the three individuals similar to patients found in the world.” ","html":"<p>{}</p>"},"an3.22:8.4":{"pli":"Dutiyaṃ. ","html":"<p class='endsutta'>{}</p></article>"}},"an3.23":{"an3.23:0.1":{"pli":"Aṅguttara Nikāya 3.23 ","eng":"Numbered Discourses 3.23 ","html":"<article id='an3.23'><header><ul><li class='division'>{}</li>"},"an3.23:0.2":{"pli":"3. Puggalavagga ","eng":"3. Individuals ","html":"<li>{}</li></ul>"},"an3.23:0.3":{"pli":"Saṅkhārasutta ","eng":"Choices ","html":"<h1 class='sutta-title'>{}</h1></header>"},"an3.23:1.1":{"pli":"“Tayome, bhikkhave, puggalā santo saṃvijjamānā lokasmiṃ. ","eng":"“These three individuals are found in the world. ","html":"<p>{}"},"an3.23:1.2":{"pli":"Katame tayo? ","eng":"What three? ","html":"{}</p>"},"an3.23:1.3":{"pli":"Idha, bhikkhave, ekacco puggalo sabyābajjhaṃ kāyasaṅkhāraṃ abhisaṅkharoti, sabyābajjhaṃ vacīsaṅkhāraṃ abhisaṅkharoti, sabyābajjhaṃ manosaṅkhāraṃ abhisaṅkharoti. ","eng":"Firstly, a certain individual makes hurtful choices by way of body, speech, and mind. ","html":"<p>{}"},"an3.23:1.4":{"pli":"So sabyābajjhaṃ kāyasaṅkhāraṃ abhisaṅkharitvā, sabyābajjhaṃ vacīsaṅkhāraṃ abhisaṅkharitvā, sabyābajjhaṃ manosaṅkhāraṃ abhisaṅkharitvā sabyābajjhaṃ lokaṃ upapajjati. ","eng":"Having made these choices, they’re reborn in a hurtful world, ","html":"{}"},"an3.23:1.5":{"pli":"Tamenaṃ sabyābajjhaṃ lokaṃ upapannaṃ samānaṃ sabyābajjhā phassā phusanti. ","eng":"where hurtful contacts strike them. ","html":"{}"},"an3.23:1.6":{"pli":"So sabyābajjhehi phassehi phuṭṭho samāno sabyābajjhaṃ vedanaṃ vedayati ekantadukkhaṃ, seyyathāpi sattā nerayikā. ","eng":"Touched by hurtful contacts, they experience hurtful feelings that are exclusively painful—like the beings in hell. ","html":"{}</p>"},"an3.23:2.1":{"pli":"Idha pana, bhikkhave, ekacco puggalo abyābajjhaṃ kāyasaṅkhāraṃ abhisaṅkharoti, abyābajjhaṃ vacīsaṅkhāraṃ abhisaṅkharoti, abyābajjhaṃ manosaṅkhāraṃ abhisaṅkharoti. ","eng":"Furthermore, another individual makes pleasing choices by way of body, speech, and mind. ","html":"<p>{}"},"an3.23:2.2":{"pli":"So abyābajjhaṃ kāyasaṅkhāraṃ abhisaṅkharitvā, abyābajjhaṃ vacīsaṅkhāraṃ abhisaṅkharitvā, abyābajjhaṃ manosaṅkhāraṃ abhisaṅkharitvā abyābajjhaṃ lokaṃ upapajjati. ","eng":"Having made these choices, they are reborn in a pleasing world, ","html":"{}"},"an3.23:2.3":{"pli":"Tamenaṃ abyābajjhaṃ lokaṃ upapannaṃ samānaṃ abyābajjhā phassā phusanti. ","eng":"where pleasing contacts strike them. ","html":"{}"},"an3.23:2.4":{"pli":"So abyābajjhehi phassehi phuṭṭho samāno abyābajjhaṃ vedanaṃ vedayati ekantasukhaṃ, seyyathāpi devā subhakiṇhā. ","eng":"Touched by pleasing contacts, they experience pleasing feelings of perfect happiness—like the gods of universal beauty. ","html":"{}</p>"},"an3.23:3.1":{"pli":"Idha pana, bhikkhave, ekacco puggalo sabyābajjhampi abyābajjhampi kāyasaṅkhāraṃ abhisaṅkharoti, sabyābajjhampi abyābajjhampi vacīsaṅkhāraṃ abhisaṅkharoti, sabyābajjhampi abyābajjhampi manosaṅkhāraṃ abhisaṅkharoti. ","eng":"Furthermore, another individual makes both hurtful and pleasing choices by way of body, speech, and mind. ","html":"<p>{}"},"an3.23:3.2":{"pli":"So sabyābajjhampi abyābajjhampi kāyasaṅkhāraṃ abhisaṅkharitvā, sabyābajjhampi abyābajjhampi vacīsaṅkhāraṃ abhisaṅkharitvā, sabyābajjhampi abyābajjhampi manosaṅkhāraṃ abhisaṅkharitvā sabyābajjhampi abyābajjhampi lokaṃ upapajjati. ","eng":"Having made these choices, they are reborn in a world that is both hurtful and pleasing, ","html":"{}"},"an3.23:3.3":{"pli":"Tamenaṃ sabyābajjhampi abyābajjhampi lokaṃ upapannaṃ samānaṃ sabyābajjhāpi abyābajjhāpi phassā phusanti. ","eng":"where hurtful and pleasing contacts strike them. ","html":"{}"},"an3.23:3.4":{"pli":"So sabyābajjhehipi abyābajjhehipi phassehi phuṭṭho samāno sabyābajjhampi abyābajjhampi vedanaṃ vedayati vokiṇṇasukhadukkhaṃ, seyyathāpi manussā ekacce ca devā ekacce ca vinipātikā. ","eng":"Touched by both hurtful and pleasing contacts, they experience both hurtful and pleasing feelings that are a mixture of pleasure and pain—like humans, some gods, and some beings in the underworld. ","html":"{}</p>"},"an3.23:3.5":{"pli":"Ime kho, bhikkhave, tayo puggalā santo saṃvijjamānā lokasmin”ti. ","eng":"These are the three individuals found in the world.” ","html":"<p>{}</p>"},"an3.23:3.6":{"pli":"Tatiyaṃ. ","html":"<p class='endsutta'>{}</p></article>"}},"an3.24":{"an3.24:0.1":{"pli":"Aṅguttara Nikāya 3.24 ","eng":"Numbered Discourses 3.24 ","html":"<article id='an3.24'><header><ul><li class='division'>{}</li>"},"an3.24:0.2":{"pli":"3. Puggalavagga ","eng":"3. Individuals ","html":"<li>{}</li></ul>"},"an3.24:0.3":{"pli":"Bahukārasutta ","eng":"Very Helpful ","html":"<h1 class='sutta-title'>{}</h1></header>"},"an3.24:1.1":{"pli":"“Tayome, bhikkhave, puggalā puggalassa bahukārā. ","eng":"“Mendicants, these three individuals are very helpful to another. ","html":"<p>{}"},"an3.24:1.2":{"pli":"Katame tayo? ","eng":"What three? ","html":"{}</p>"},"an3.24:1.3":{"pli":"Yaṃ, bhikkhave, puggalaṃ āgamma puggalo buddhaṃ saraṇaṃ gato hoti, dhammaṃ saraṇaṃ gato hoti, saṅghaṃ saraṇaṃ gato hoti; ","eng":"The individual who has enabled you to go for refuge to the Buddha, the teaching, and the Saṅgha. ","html":"<p>{}"},"an3.24:1.4":{"pli":"ayaṃ, bhikkhave, puggalo imassa puggalassa bahukāro. ","eng":"This individual is very helpful to another. ","html":"{}</p>"},"an3.24:2.1":{"pli":"Puna caparaṃ, bhikkhave, yaṃ puggalaṃ āgamma puggalo ‘idaṃ dukkhan’ti yathābhūtaṃ pajānāti, ‘ayaṃ dukkhasamudayo’ti yathābhūtaṃ pajānāti, ‘ayaṃ dukkhanirodho’ti yathābhūtaṃ pajānāti, ‘ayaṃ dukkhanirodhagāminī paṭipadā’ti yathābhūtaṃ pajānāti; ","eng":"Furthermore, the individual who has enabled you to truly understand: ‘This is suffering’ … ‘This is the origin of suffering’ … ‘This is the cessation of suffering’ … ‘This is the practice that leads to the cessation of suffering’. ","html":"<p>{}"},"an3.24:2.2":{"pli":"ayaṃ, bhikkhave, puggalo imassa puggalassa bahukāro. ","eng":"This individual is very helpful to another. ","html":"{}</p>"},"an3.24:3.1":{"pli":"Puna caparaṃ, bhikkhave, yaṃ puggalaṃ āgamma puggalo āsavānaṃ khayā anāsavaṃ cetovimuttiṃ paññāvimuttiṃ diṭṭheva dhamme sayaṃ abhiññā sacchikatvā upasampajja viharati; ","eng":"Furthermore, the individual who has enabled you to realize the undefiled freedom of heart and freedom by wisdom in this very life, and live having realized it with your own insight due to the ending of defilements. ","html":"<p>{}"},"an3.24:3.2":{"pli":"ayaṃ, bhikkhave, puggalo imassa puggalassa bahukāro. ","eng":"This individual is very helpful to another. ","html":"{}</p>"},"an3.24:3.3":{"pli":"Ime kho, bhikkhave, tayo puggalā puggalassa bahukārā. ","eng":"These are the three individuals who are very helpful to another individual. ","html":"<p>{}</p>"},"an3.24:4.1":{"pli":"Imehi ca pana, bhikkhave, tīhi puggalehi imassa puggalassa natthañño puggalo bahukāroti vadāmi. ","eng":"And I say that there is no-one more helpful to another than these three individuals. ","html":"<p>{}"},"an3.24:4.2":{"pli":"Imesaṃ pana, bhikkhave, tiṇṇaṃ puggalānaṃ iminā puggalena na suppatikāraṃ vadāmi, yadidaṃ abhivādanapaccuṭṭhānaañjalikammasāmīcikammacīvarapiṇḍapātasenāsanagilānapaccayabhesajjaparikkhārānuppadānenā”ti. ","eng":"And I also say that it’s not easy to repay these three individuals by bowing down to them, rising up for them, greeting them with joined palms, and observing proper etiquette for them; or by providing them with robes, almsfood, lodgings, and medicines and supplies for the sick.” ","html":"{}</p>"},"an3.24:4.3":{"pli":"Catutthaṃ. ","html":"<p class='endsutta'>{}</p></article>"}},"an3.25":{"an3.25:0.1":{"pli":"Aṅguttara Nikāya 3.25 ","eng":"Numbered Discourses 3.25 ","html":"<article id='an3.25'><header><ul><li class='division'>{}</li>"},"an3.25:0.2":{"pli":"3. Puggalavagga ","eng":"3. Individuals ","html":"<li>{}</li></ul>"},"an3.25:0.3":{"pli":"Vajirūpamasutta ","eng":"Like Diamond ","html":"<h1 class='sutta-title'>{}</h1></header>"},"an3.25:1.1":{"pli":"“Tayome, bhikkhave, puggalā santo saṃvijjamānā lokasmiṃ. ","eng":"“These three individuals are found in the world. ","html":"<p>{}"},"an3.25:1.2":{"pli":"Katame tayo? ","eng":"What three? ","html":"{}"},"an3.25:1.3":{"pli":"Arukūpamacitto puggalo, vijjūpamacitto puggalo, vajirūpamacitto puggalo. ","eng":"An individual with a mind like an open sore, an individual with a mind like lightning, and an individual with a mind like diamond. ","html":"{}</p>"},"an3.25:1.4":{"pli":"Katamo ca, bhikkhave, arukūpamacitto puggalo? ","eng":"And who has a mind like an open sore? ","html":"<p>{}"},"an3.25:1.5":{"pli":"Idha, bhikkhave, ekacco puggalo kodhano hoti upāyāsabahulo ","eng":"It’s an individual who is irritable and bad-tempered. ","html":"{}"},"an3.25:1.6":{"pli":"appampi vutto samāno abhisajjati kuppati byāpajjati patitthīyati kopañca dosañca appaccayañca pātukaroti. ","eng":"Even when lightly criticized they lose their temper, becoming annoyed, hostile, and hard-hearted, and they display annoyance, hate, and bitterness. ","html":"{}"},"an3.25:1.7":{"pli":"Seyyathāpi, bhikkhave, duṭṭhāruko kaṭṭhena vā kaṭhalāya vā ghaṭṭito bhiyyoso mattāya āsavaṃ deti; ","eng":"They’re like a festering sore, which, when you hit it with a stick or a stone, discharges even more. ","html":"{}"},"an3.25:1.8":{"pli":"evamevaṃ kho, bhikkhave, idhekacco puggalo kodhano hoti upāyāsabahulo ","eng":"In the same way, an individual is irritable and bad-tempered. ","html":"{}"},"an3.25:1.9":{"pli":"appampi vutto samāno abhisajjati kuppati byāpajjati patitthīyati kopañca dosañca appaccayañca pātukaroti. ","eng":"Even when lightly criticized they lose their temper, becoming annoyed, hostile, and hard-hearted, and they display annoyance, hate, and bitterness. ","html":"{}"},"an3.25:1.10":{"pli":"Ayaṃ vuccati, bhikkhave, arukūpamacitto puggalo. ","eng":"This is called an individual with a mind like an open sore. ","html":"{}</p>"},"an3.25:2.1":{"pli":"Katamo ca, bhikkhave, vijjūpamacitto puggalo? ","eng":"And who has a mind like lightning? ","html":"<p>{}"},"an3.25:2.2":{"pli":"Idha, bhikkhave, ekacco puggalo ‘idaṃ dukkhan’ti yathābhūtaṃ pajānāti, ‘ayaṃ dukkhasamudayo’ti yathābhūtaṃ pajānāti, ‘ayaṃ dukkhanirodho’ti yathābhūtaṃ pajānāti, ‘ayaṃ dukkhanirodhagāminī paṭipadā’ti yathābhūtaṃ pajānāti. ","eng":"It’s an individual who truly understands: ‘This is suffering’ … ‘This is the origin of suffering’ … ‘This is the cessation of suffering’ … ‘This is the practice that leads to the cessation of suffering’. ","html":"{}"},"an3.25:2.3":{"pli":"Seyyathāpi, bhikkhave, cakkhumā puriso rattandhakāratimisāyaṃ vijjantarikāya rūpāni passeyya; ","eng":"They’re like a person with keen eyes in the dark of the night, who sees by a flash of lightning. ","html":"{}"},"an3.25:2.4":{"pli":"evamevaṃ kho, bhikkhave, idhekacco puggalo ‘idaṃ dukkhan’ti yathābhūtaṃ pajānāti …pe… ‘ayaṃ dukkhanirodhagāminī paṭipadā’ti yathābhūtaṃ pajānāti. ","eng":"In the same way, an individual truly understands: ‘This is suffering’ … ‘This is the origin of suffering’ … ‘This is the cessation of suffering’ … ‘This is the practice that leads to the cessation of suffering’. ","html":"{}"},"an3.25:2.5":{"pli":"Ayaṃ vuccati, bhikkhave, vijjūpamacitto puggalo. ","eng":"This is called an individual with a mind like lightning. ","html":"{}</p>"},"an3.25:3.1":{"pli":"Katamo ca, bhikkhave, vajirūpamacitto puggalo? ","eng":"And who has a mind like diamond? ","html":"<p>{}"},"an3.25:3.2":{"pli":"Idha, bhikkhave, ekacco puggalo āsavānaṃ khayā anāsavaṃ cetovimuttiṃ paññāvimuttiṃ diṭṭheva dhamme sayaṃ abhiññā sacchikatvā upasampajja viharati. ","eng":"It’s an individual who realizes the undefiled freedom of heart and freedom by wisdom in this very life. And they live having realized it with their own insight due to the ending of defilements. ","html":"{}"},"an3.25:3.3":{"pli":"Seyyathāpi, bhikkhave, vajirassa natthi kiñci abhejjaṃ maṇi vā pāsāṇo vā; ","eng":"It’s like a diamond, which can’t be cut by anything at all, not even a gem or a stone. ","html":"{}"},"an3.25:3.4":{"pli":"evamevaṃ kho, bhikkhave, idhekacco puggalo āsavānaṃ khayā …pe… upasampajja viharati. ","eng":"In the same way, an individual realizes the undefiled freedom of heart and freedom by wisdom in this very life. … ","html":"{}"},"an3.25:3.5":{"pli":"Ayaṃ vuccati, bhikkhave, vajirūpamacitto puggalo. ","eng":"This is called an individual with a mind like diamond. ","html":"{}</p>"},"an3.25:3.6":{"pli":"Ime kho, bhikkhave, tayo puggalā santo saṃvijjamānā lokasmin”ti. ","eng":"These are the three individuals found in the world.” ","html":"<p>{}</p>"},"an3.25:3.7":{"pli":"Pañcamaṃ. ","html":"<p class='endsutta'>{}</p></article>"}}}