{"an3.1":{"an3.1:0.1":{"pli":"Aṅguttara Nikāya 3.1 ","eng":"Numbered Discourses 3.1 ","html":"<article id='an3.1'><header><ul><li class='division'>{}</li>"},"an3.1:0.2":{"pli":"1. Bālavagga ","eng":"1. Fools ","html":"<li>{}</li></ul>"},"an3.1:0.3":{"pli":"Bhayasutta ","eng":"Perils ","html":"<h1 class='sutta-title'>{}</h1></header>"},"an3.1:1.1":{"pli":"Evaṃ me sutaṃ—","eng":"So I have heard. ","html":"<p><span class='evam'>{}</span>"},"an3.1:1.2":{"pli":"ekaṃ samayaṃ bhagavā sāvatthiyaṃ viharati jetavane anāthapiṇḍikassa ārāme. ","eng":"At one time the Buddha was staying near Sāvatthī in Jeta’s Grove, Anāthapiṇḍika’s monastery. ","html":"{}"},"an3.1:1.3":{"pli":"Tatra kho bhagavā bhikkhū āmantesi: ","eng":"There the Buddha addressed the mendicants, ","html":"{}"},"an3.1:1.4":{"pli":"“bhikkhavo”ti. ","eng":"“Mendicants!” ","html":"{}</p>"},"an3.1:1.5":{"pli":"“Bhadante”ti te bhikkhū bhagavato paccassosuṃ. ","eng":"“Venerable sir,” they replied. ","html":"<p>{}"},"an3.1:1.6":{"pli":"Bhagavā etadavoca: ","eng":"The Buddha said this: ","html":"{}</p>"},"an3.1:2.1":{"pli":"“Yāni kānici, bhikkhave, bhayāni uppajjanti sabbāni tāni bālato uppajjanti, no paṇḍitato. ","eng":"“Whatever dangers there are, all come from the foolish, not from the astute. ","html":"<p>{}"},"an3.1:2.2":{"pli":"Ye keci upaddavā uppajjanti sabbe te bālato uppajjanti, no paṇḍitato. ","eng":"Whatever perils there are, all come from the foolish, not from the astute. ","html":"{}"},"an3.1:2.3":{"pli":"Ye keci upasaggā uppajjanti sabbe te bālato uppajjanti, no paṇḍitato. ","eng":"Whatever hazards there are, all come from the foolish, not from the astute. ","html":"{}"},"an3.1:2.4":{"pli":"Seyyathāpi, bhikkhave, naḷāgārā vā tiṇāgārā vā aggi mutto kūṭāgārānipi ḍahati ullittāvalittāni nivātāni phusitaggaḷāni pihitavātapānāni; ","eng":"It’s like a fire that spreads from a hut made of reeds or grass, and burns down even a bungalow, plastered inside and out, draft-free, with doors fastened and windows shuttered. ","html":"{}"},"an3.1:2.5":{"pli":"evamevaṃ kho, bhikkhave, yāni kānici bhayāni uppajjanti sabbāni tāni bālato uppajjanti, no paṇḍitato. ","eng":"In the same way, whatever dangers there are, all come from the foolish, not from the astute. ","html":"{}"},"an3.1:2.6":{"pli":"Ye keci upaddavā uppajjanti sabbe te bālato uppajjanti, no paṇḍitato. ","eng":"Whatever perils there are, all come from the foolish, not from the astute. ","html":"{}"},"an3.1:2.7":{"pli":"Ye keci upasaggā uppajjanti sabbe te bālato uppajjanti, no paṇḍitato. ","eng":"Whatever hazards there are, all come from the foolish, not from the astute. ","html":"{}</p>"},"an3.1:3.1":{"pli":"Iti kho, bhikkhave, sappaṭibhayo bālo, appaṭibhayo paṇḍito. ","eng":"So, the fool is dangerous, but the astute person is safe. ","html":"<p>{}"},"an3.1:3.2":{"pli":"Saupaddavo bālo, anupaddavo paṇḍito. ","eng":"The fool is perilous, but the astute person is not. ","html":"{}"},"an3.1:3.3":{"pli":"Saupasaggo bālo, anupasaggo paṇḍito. ","eng":"The fool is hazardous, but the astute person is not. ","html":"{}"},"an3.1:3.4":{"pli":"Natthi, bhikkhave, paṇḍitato bhayaṃ, natthi paṇḍitato upaddavo, natthi paṇḍitato upasaggo. ","eng":"There’s no danger, peril, or hazard that comes from the astute. ","html":"{}</p>"},"an3.1:4.1":{"pli":"Tasmātiha, bhikkhave, evaṃ sikkhitabbaṃ: ","eng":"So you should train like this: ","html":"<p>{}"},"an3.1:4.2":{"pli":"‘yehi tīhi dhammehi samannāgato bālo veditabbo te tayo dhamme abhinivajjetvā, yehi tīhi dhammehi samannāgato paṇḍito veditabbo te tayo dhamme samādāya vattissāmā’ti. ","eng":"‘We will shun the three things by which a fool is known, and we will undertake and follow the three things by which an astute person is known.’ ","html":"{}"},"an3.1:4.3":{"pli":"Evañhi vo, bhikkhave, sikkhitabban”ti. ","eng":"That’s how you should train.” ","html":"{}</p>"},"an3.1:4.4":{"pli":"Paṭhamaṃ. ","html":"<p class='endsutta'>{}</p></article>"}},"an3.10":{"an3.10:0.1":{"pli":"Aṅguttara Nikāya 3.10 ","eng":"Numbered Discourses 3.10 ","html":"<article id='an3.10'><header><ul><li class='division'>{}</li>"},"an3.10:0.2":{"pli":"1. Bālavagga ","eng":"1. Fools ","html":"<li>{}</li></ul>"},"an3.10:0.3":{"pli":"Malasutta ","eng":"Stains ","html":"<h1 class='sutta-title'>{}</h1></header>"},"an3.10:1.1":{"pli":"“Tīhi, bhikkhave, dhammehi samannāgato tayo male appahāya yathābhataṃ nikkhitto evaṃ niraye. ","eng":"“Anyone who has three qualities, and has not given up three stains, is cast down to hell. ","html":"<p>{}"},"an3.10:1.2":{"pli":"Katamehi tīhi? ","eng":"What three? ","html":"{}"},"an3.10:1.3":{"pli":"Dussīlo ca hoti, dussīlyamalañcassa appahīnaṃ hoti; ","eng":"They’re unethical, and haven’t given up the stain of immorality. ","html":"{}"},"an3.10:1.4":{"pli":"issukī ca hoti, issāmalañcassa appahīnaṃ hoti; ","eng":"They’re jealous, and haven’t given up the stain of jealousy. ","html":"{}"},"an3.10:1.5":{"pli":"maccharī ca hoti, maccheramalañcassa appahīnaṃ hoti. ","eng":"They’re stingy, and haven’t given up the stain of stinginess. ","html":"{}</p>"},"an3.10:1.6":{"pli":"Imehi kho, bhikkhave, tīhi dhammehi samannāgato ime tayo male appahāya yathābhataṃ nikkhitto evaṃ niraye. ","eng":"Anyone who possesses these three qualities, and has not given up these three stains, is cast down to hell. ","html":"<p>{}</p>"},"an3.10:2.1":{"pli":"Tīhi, bhikkhave, dhammehi samannāgato tayo male pahāya yathābhataṃ nikkhitto evaṃ sagge. ","eng":"Anyone who has three qualities, and has given up three stains, is raised up to heaven. ","html":"<p>{}"},"an3.10:2.2":{"pli":"Katamehi tīhi? ","eng":"What three? ","html":"{}"},"an3.10:2.3":{"pli":"Sīlavā ca hoti, dussīlyamalañcassa pahīnaṃ hoti; ","eng":"They’re ethical, and have given up the stain of immorality. ","html":"{}"},"an3.10:2.4":{"pli":"anissukī ca hoti, issāmalañcassa pahīnaṃ hoti; ","eng":"They’re not jealous, and have given up the stain of jealousy. ","html":"{}"},"an3.10:2.5":{"pli":"amaccharī ca hoti, maccheramalañcassa pahīnaṃ hoti. ","eng":"They’re not stingy, and have given up the stain of stinginess. ","html":"{}</p>"},"an3.10:2.6":{"pli":"Imehi kho, bhikkhave, tīhi dhammehi samannāgato ime tayo male pahāya yathābhataṃ nikkhitto evaṃ sagge”ti. ","eng":"Anyone who possesses these three qualities, and has given up these three stains, is raised up to heaven.” ","html":"<p>{}</p>"},"an3.10:2.7":{"pli":"Dasamaṃ. ","html":"<p class='endsutta'>{}</p>"},"an3.10:2.8":{"pli":"Bālavaggo paṭhamo. ","html":"<p class='endvagga'>{}</p>"},"an3.10:3.0":{"pli":"Tassuddānaṃ ","html":"<p class='uddana-intro'>{}</p>"},"an3.10:3.1":{"pli":"Bhayaṃ lakkhaṇacintī ca, ","html":"<blockquote class='uddanagatha'><p><span class='verse-line'>{}</span>"},"an3.10:3.2":{"pli":"accayañca ayoniso; ","html":"<span class='verse-line'>{}</span>"},"an3.10:3.3":{"pli":"Akusalañca sāvajjaṃ, ","html":"<span class='verse-line'>{}</span>"},"an3.10:3.4":{"pli":"sabyābajjhakhataṃ malanti. ","html":"<span class='verse-line'>{}</span></p></blockquote></article>"}},"an3.100":{"an3.100:0.1":{"pli":"Aṅguttara Nikāya 3.100 ","eng":"Numbered Discourses 3.100 ","html":"<article id='an3.100'><header><ul><li class='division'>{}</li>"},"an3.100:0.2":{"pli":"10. Loṇakapallavagga ","eng":"10. A Lump of Salt ","html":"<li>{}</li></ul>"},"an3.100:0.3":{"pli":"Loṇakapallasutta ","eng":"A Lump of Salt ","html":"<h1 class='sutta-title'>{}</h1></header>"},"an3.100:1.1":{"pli":"“Yo, bhikkhave, evaṃ vadeyya: ","eng":"“Mendicants, suppose you say: ","html":"<p>{}"},"an3.100:1.2":{"pli":"‘yathā yathāyaṃ puriso kammaṃ karoti tathā tathā taṃ paṭisaṃvediyatī’ti, evaṃ santaṃ, bhikkhave, brahmacariyavāso na hoti, okāso na paññāyati sammā dukkhassa antakiriyāya. ","eng":"‘No matter how this person performs a deed, they experience it the same way.’ This being so, the spiritual life could not be lived, and there’d be no chance of making a complete end of suffering. ","html":"{}</p>"},"an3.100:1.3":{"pli":"Yo ca kho, bhikkhave, evaṃ vadeyya: ","eng":"Suppose you say: ","html":"<p>{}"},"an3.100:1.4":{"pli":"‘yathā yathā vedanīyaṃ ayaṃ puriso kammaṃ karoti tathā tathāssa vipākaṃ paṭisaṃvediyatī’ti, evaṃ santaṃ, bhikkhave, brahmacariyavāso hoti, okāso paññāyati sammā dukkhassa antakiriyāya. ","eng":"‘No matter how this person performs a deed, they experience the result as it should be experienced.’ This being so, the spiritual life can be lived, and there is a chance of making a complete end of suffering. ","html":"{}</p>"},"an3.100:1.5":{"pli":"Idha, bhikkhave, ekaccassa puggalassa appamattakampi pāpakammaṃ kataṃ tamenaṃ nirayaṃ upaneti. ","eng":"Take the case of the individual who does a trivial bad deed, but it lands them in hell. ","html":"<p>{}"},"an3.100:1.6":{"pli":"Idha pana, bhikkhave, ekaccassa puggalassa tādisaṃyeva appamattakaṃ pāpakammaṃ kataṃ diṭṭhadhammavedanīyaṃ hoti, nāṇupi khāyati, kiṃ bahudeva. ","eng":"Meanwhile, another individual does the same trivial bad deed, but experiences it in this life, so that not even a little remains, let alone a lot. ","html":"{}</p>"},"an3.100:2.1":{"pli":"Kathaṃrūpassa, bhikkhave, puggalassa appamattakampi pāpakammaṃ kataṃ tamenaṃ nirayaṃ upaneti? ","eng":"What kind of individual does a trivial bad deed, but it lands them in hell? ","html":"<p>{}"},"an3.100:2.2":{"pli":"Idha pana, bhikkhave, ekacco puggalo abhāvitakāyo hoti abhāvitasīlo abhāvitacitto abhāvitapañño paritto appātumo appadukkhavihārī. ","eng":"An individual who hasn’t developed their physical endurance, ethics, mind, or wisdom. They’re small-minded and mean-spirited, living in suffering. ","html":"{}"},"an3.100:2.3":{"pli":"Evarūpassa, bhikkhave, puggalassa appamattakampi pāpakammaṃ kataṃ tamenaṃ nirayaṃ upaneti. ","eng":"That kind of individual does a trivial bad deed, but it lands them in hell. ","html":"{}</p>"},"an3.100:3.1":{"pli":"Kathaṃrūpassa, bhikkhave, puggalassa tādisaṃyeva appamattakaṃ pāpakammaṃ kataṃ diṭṭhadhammavedanīyaṃ hoti, nāṇupi khāyati, kiṃ bahudeva? ","eng":"What kind of individual does the same trivial bad deed, but experiences it in this life, so that not even a little remains, let alone a lot? ","html":"<p>{}"},"an3.100:3.2":{"pli":"Idha, bhikkhave, ekacco puggalo bhāvitakāyo hoti bhāvitasīlo bhāvitacitto bhāvitapañño aparitto mahatto appamāṇavihārī. ","eng":"An individual who has developed their physical endurance, ethics, mind, and wisdom. They’re not small-minded, but are big-hearted, meditating on the immeasurables. ","html":"{}"},"an3.100:3.3":{"pli":"Evarūpassa, bhikkhave, puggalassa tādisaṃyeva appamattakaṃ pāpakammaṃ kataṃ diṭṭhadhammavedanīyaṃ hoti, nāṇupi khāyati, kiṃ bahudeva. ","eng":"That kind of individual does the same trivial bad deed, but experiences it in this life, so that not even a little remains, let alone a lot. ","html":"{}</p>"},"an3.100:4.1":{"pli":"Seyyathāpi, bhikkhave, puriso loṇakapallaṃ paritte udakamallake pakkhipeyya. ","eng":"Suppose a person was to drop a lump of salt into a mug of water. ","html":"<p>{}"},"an3.100:4.2":{"pli":"Taṃ kiṃ maññatha, bhikkhave, ","eng":"What do you think, mendicants? ","html":"{}"},"an3.100:4.3":{"pli":"api nu taṃ parittaṃ udakaṃ amunā loṇakapallena loṇaṃ assa apeyyan”ti? ","eng":"Would that mug of water become salty and undrinkable?” ","html":"{}</p>"},"an3.100:4.4":{"pli":"“Evaṃ, bhante”. ","eng":"“Yes, sir. ","html":"<p>{}"},"an3.100:4.5":{"pli":"“Taṃ kissa hetu”? ","eng":"Why is that? ","html":"{}"},"an3.100:4.6":{"pli":"“Aduñhi, bhante, parittaṃ udakakapallake udakaṃ, taṃ amunā loṇakapallena loṇaṃ assa apeyyan”ti. ","eng":"Because there is only a little water in the bowl.” ","html":"{}</p>"},"an3.100:4.7":{"pli":"“Seyyathāpi, bhikkhave, puriso loṇakapallakaṃ gaṅgāya nadiyā pakkhipeyya. ","eng":"“Suppose a person was to drop a lump of salt into the Ganges river. ","html":"<p>{}"},"an3.100:4.8":{"pli":"Taṃ kiṃ maññatha, bhikkhave, ","eng":"What do you think, mendicants? ","html":"{}"},"an3.100:4.9":{"pli":"api nu sā gaṅgā nadī amunā loṇakapallena loṇaṃ assa apeyyā”ti? ","eng":"Would the Ganges river become salty and undrinkable?” ","html":"{}</p>"},"an3.100:4.10":{"pli":"“No hetaṃ, bhante”. ","eng":"“No, sir. ","html":"<p>{}"},"an3.100:4.11":{"pli":"“Taṃ kissa hetu”? ","eng":"Why is that? ","html":"{}"},"an3.100:4.12":{"pli":"“Asu hi, bhante, gaṅgāya nadiyā mahā udakakkhandho so amunā loṇakapallena loṇo na assa apeyyo”ti. ","eng":"Because the Ganges river is a vast mass of water.” ","html":"{}</p>"},"an3.100:5.1":{"pli":"“Evamevaṃ kho, bhikkhave, idhekaccassa puggalassa appamattakampi pāpakammaṃ kataṃ tamenaṃ nirayaṃ upaneti. ","eng":"“This is how it is in the case of an individual who does a trivial bad deed, but it lands them in hell. ","html":"<p>{}"},"an3.100:5.2":{"pli":"Idha, bhikkhave, ekaccassa puggalassa tādisaṃyeva appamattakaṃ pāpakammaṃ kataṃ diṭṭhadhammavedanīyaṃ hoti, nāṇupi khāyati, kiṃ bahudeva. ","eng":"Meanwhile, another individual does the same trivial bad deed, but experiences it in this life, so that not even a little remains, let alone a lot. … ","html":"{}</p>"},"an3.100:6.1":{"pli":"Kathaṃrūpassa, bhikkhave, puggalassa appamattakampi pāpakammaṃ kataṃ tamenaṃ nirayaṃ upaneti? ","html":"<p>{}"},"an3.100:6.2":{"pli":"Idha, bhikkhave, ekacco puggalo abhāvitakāyo hoti abhāvitasīlo abhāvitacitto abhāvitapañño paritto appātumo appadukkhavihārī. ","html":"{}"},"an3.100:6.3":{"pli":"Evarūpassa, bhikkhave, puggalassa appamattakampi pāpakammaṃ kataṃ tamenaṃ nirayaṃ upaneti. ","html":"{}</p>"},"an3.100:7.1":{"pli":"Kathaṃrūpassa, bhikkhave, puggalassa tādisaṃyeva appamattakaṃ pāpakammaṃ kataṃ diṭṭhadhammavedanīyaṃ hoti, nāṇupi khāyati, kiṃ bahudeva? ","html":"<p data-counter='1'>{}"},"an3.100:7.2":{"pli":"Idha, bhikkhave, ekacco puggalo bhāvitakāyo hoti bhāvitasīlo bhāvitacitto bhāvitapañño aparitto mahatto appamāṇavihārī. ","html":"{}"},"an3.100:7.3":{"pli":"Evarūpassa, bhikkhave, puggalassa tādisaṃyeva appamattakaṃ pāpakammaṃ kataṃ diṭṭhadhammavedanīyaṃ hoti, nāṇupi khāyati, kiṃ bahudeva. ","html":"{}</p>"},"an3.100:8.1":{"pli":"Idha, bhikkhave, ekacco aḍḍhakahāpaṇenapi bandhanaṃ nigacchati, kahāpaṇenapi bandhanaṃ nigacchati, kahāpaṇasatenapi bandhanaṃ nigacchati. ","eng":"Take the case of someone who is thrown in jail for stealing half a dollar, a dollar, or a hundred dollars. ","html":"<p>{}"},"an3.100:8.2":{"pli":"Idha, bhikkhave, ekacco aḍḍhakahāpaṇenapi na bandhanaṃ nigacchati, kahāpaṇenapi na bandhanaṃ nigacchati, kahāpaṇasatenapi na bandhanaṃ nigacchati. ","eng":"While someone else isn’t thrown in jail for stealing half a dollar, a dollar, or a hundred dollars. ","html":"{}</p>"},"an3.100:9.1":{"pli":"Kathaṃrūpo, bhikkhave, aḍḍhakahāpaṇenapi bandhanaṃ nigacchati, kahāpaṇenapi bandhanaṃ nigacchati, kahāpaṇasatenapi bandhanaṃ nigacchati? ","eng":"What sort of person is thrown in jail for stealing half a dollar, a dollar, or a hundred dollars? ","html":"<p>{}"},"an3.100:9.2":{"pli":"Idha, bhikkhave, ekacco daliddo hoti appassako appabhogo. ","eng":"Someone who is poor, with few possessions and little wealth. ","html":"{}"},"an3.100:9.3":{"pli":"Evarūpo, bhikkhave, aḍḍhakahāpaṇenapi bandhanaṃ nigacchati, kahāpaṇenapi bandhanaṃ nigacchati, kahāpaṇasatenapi bandhanaṃ nigacchati. ","eng":"That kind of person is thrown in jail for stealing half a dollar, a dollar, or a hundred dollars. ","html":"{}</p>"},"an3.100:10.1":{"pli":"Kathaṃrūpo, bhikkhave, aḍḍhakahāpaṇenapi na bandhanaṃ nigacchati, kahāpaṇenapi na bandhanaṃ nigacchati, kahāpaṇasatenapi na bandhanaṃ nigacchati? ","eng":"What sort of person isn’t thrown in jail for stealing half a dollar, a dollar, or a hundred dollars? ","html":"<p>{}"},"an3.100:10.2":{"pli":"Idha, bhikkhave, ekacco aḍḍho hoti mahaddhano mahābhogo. ","eng":"Someone who is rich, affluent, and wealthy. ","html":"{}"},"an3.100:10.3":{"pli":"Evarūpo, bhikkhave, aḍḍhakahāpaṇenapi na bandhanaṃ nigacchati, kahāpaṇenapi na bandhanaṃ nigacchati, kahāpaṇasatenapi na bandhanaṃ nigacchati. ","eng":"That kind of person isn’t thrown in jail for stealing half a dollar, a dollar, or a hundred dollars. ","html":"{}</p>"},"an3.100:10.4":{"pli":"Evamevaṃ kho, bhikkhave, idhekaccassa puggalassa appamattakaṃ pāpakammaṃ kataṃ. ","eng":"This is how it is in the case of an individual who does a trivial bad deed, but they go to hell. ","html":"<p>{}"},"an3.100:10.5":{"pli":"Tamenaṃ nirayaṃ upaneti. ","html":"{}"},"an3.100:10.6":{"pli":"Idha, bhikkhave, ekaccassa puggalassa tādisaṃyeva appamattakaṃ pāpakammaṃ kataṃ diṭṭhadhammavedanīyaṃ hoti, nāṇupi khāyati, kiṃ bahudeva. ","eng":"Meanwhile, another individual does the same trivial bad deed, but experiences it in this life, so that not even a little remains, let alone a lot. … ","html":"{}</p>"},"an3.100:11.1":{"pli":"Kathaṃrūpassa, bhikkhave, puggalassa appamattakaṃ pāpakammaṃ kataṃ, tamenaṃ nirayaṃ upaneti? ","html":"<p>{}"},"an3.100:11.2":{"pli":"Idha, bhikkhave, ekacco puggalo abhāvitakāyo hoti abhāvitasīlo abhāvitacitto abhāvitapañño paritto appātumo appadukkhavihārī. ","html":"{}"},"an3.100:11.3":{"pli":"Evarūpassa, bhikkhave, puggalassa tādisaṃyeva appamattakaṃ pāpakammaṃ kataṃ tamenaṃ nirayaṃ upaneti. ","html":"{}</p>"},"an3.100:12.1":{"pli":"Kathaṃrūpassa, bhikkhave, puggalassa tādisaṃyeva appamattakaṃ pāpakammaṃ kataṃ diṭṭhadhammavedanīyaṃ hoti, nāṇupi khāyati, kiṃ bahudeva? ","html":"<p data-counter='2'>{}"},"an3.100:12.2":{"pli":"Idha, bhikkhave, ekacco puggalo bhāvitakāyo hoti bhāvitasīlo bhāvitacitto bhāvitapañño aparitto mahatto appamāṇavihārī. ","html":"{}"},"an3.100:12.3":{"pli":"Evarūpassa, bhikkhave, puggalassa tādisaṃyeva appamattakaṃ pāpakammaṃ kataṃ diṭṭhadhammavedanīyaṃ hoti, nāṇupi khāyati, kiṃ bahudeva. ","html":"{}</p>"},"an3.100:13.1":{"pli":"Idha, bhikkhave, ekacco puggalo bhāvitakāyo hoti bhāvitasīlo bhāvitacitto bhāvitapañño aparitto mahatto appamāṇavihārī. ","html":"<p>{}"},"an3.100:13.2":{"pli":"Evarūpassa, bhikkhave, puggalassa tādisaṃyeva appamattakaṃ pāpakammaṃ kataṃ diṭṭhadhammavedanīyaṃ hoti, nāṇupi khāyati, kiṃ bahudeva. ","html":"{}"},"an3.100:13.3":{"pli":"Seyyathāpi, bhikkhave, orabbhiko vā urabbhaghātako vā appekaccaṃ urabbhaṃ adinnaṃ ādiyamānaṃ pahoti hantuṃ vā bandhituṃ vā jāpetuṃ vā yathāpaccayaṃ vā kātuṃ, appekaccaṃ urabbhaṃ adinnaṃ ādiyamānaṃ nappahoti hantuṃ vā bandhituṃ vā jāpetuṃ vā yathāpaccayaṃ vā kātuṃ. ","eng":"It’s like a sheep dealer or butcher. They can execute, jail, fine, or otherwise punish one person who steals from them, but not another. ","html":"{}</p>"},"an3.100:14.1":{"pli":"Kathaṃrūpaṃ, bhikkhave, orabbhiko vā urabbhaghātako vā urabbhaṃ adinnaṃ ādiyamānaṃ pahoti hantuṃ vā bandhituṃ vā jāpetuṃ vā yathāpaccayaṃ vā kātuṃ? ","eng":"What sort of person can they punish? ","html":"<p>{}"},"an3.100:14.2":{"pli":"Idha, bhikkhave, ekacco daliddo hoti appassako appabhogo. ","eng":"Someone who is poor, with few possessions and little wealth. ","html":"{}"},"an3.100:14.3":{"pli":"Evarūpaṃ, bhikkhave, orabbhiko vā urabbhaghātako vā urabbhaṃ adinnaṃ ādiyamānaṃ pahoti hantuṃ vā bandhituṃ vā jāpetuṃ vā yathāpaccayaṃ vā kātuṃ. ","eng":"That’s the kind of person they can punish. ","html":"{}</p>"},"an3.100:15.1":{"pli":"Kathaṃrūpaṃ, bhikkhave, orabbhiko vā urabbhaghātako vā urabbhaṃ adinnaṃ ādiyamānaṃ nappahoti hantuṃ vā bandhituṃ vā jāpetuṃ vā yathāpaccayaṃ vā kātuṃ. ","eng":"What sort of person can’t they punish? ","html":"<p>{}"},"an3.100:15.2":{"pli":"Idha, bhikkhave, ekacco aḍḍho hoti mahaddhano mahābhogo rājā vā rājamahāmatto vā. ","eng":"A ruler or their chief minister who is rich, affluent, and wealthy. ","html":"{}"},"an3.100:15.3":{"pli":"Evarūpaṃ, bhikkhave, orabbhiko vā urabbhaghātako vā urabbhaṃ adinnaṃ ādiyamānaṃ nappahoti hantuṃ vā bandhituṃ vā jāpetuṃ vā yathāpaccayaṃ vā kātuṃ. ","eng":"That’s the kind of person they can’t punish. ","html":"{}"},"an3.100:15.4":{"pli":"Aññadatthu pañjalikova naṃ yācati: ","eng":"In fact, all they can do is raise their joined palms and ask: ","html":"{}"},"an3.100:15.5":{"pli":"‘dehi me, mārisa, urabbhaṃ vā urabbhadhanaṃ vā’ti. ","eng":"‘Please, good fellow, give me my sheep or pay me for it.’ ","html":"{}</p>"},"an3.100:15.6":{"pli":"Evamevaṃ kho, bhikkhave, idhekaccassa puggalassa tādisaṃyeva appamattakampi pāpakammaṃ kataṃ tamenaṃ nirayaṃ upaneti. ","eng":"This is how it is in the case of an individual who does a trivial bad deed, but it lands them in hell. ","html":"<p>{}"},"an3.100:15.7":{"pli":"Idha pana, bhikkhave, ekaccassa puggalassa tādisaṃyeva appamattakaṃ pāpakammaṃ kataṃ diṭṭhadhammavedanīyaṃ hoti, nāṇupi khāyati, kiṃ bahudeva. ","eng":"Meanwhile, another individual does the same trivial bad deed, but experiences it in this life, so that not even a little remains, let alone a lot. … ","html":"{}</p>"},"an3.100:16.1":{"pli":"Kathaṃrūpassa, bhikkhave, puggalassa appamattakampi pāpakammaṃ kataṃ tamenaṃ nirayaṃ upaneti? ","html":"<p>{}"},"an3.100:16.2":{"pli":"Idha, bhikkhave, ekacco puggalo abhāvitakāyo hoti abhāvitasīlo abhāvitacitto abhāvitapañño paritto appātumo appadukkhavihārī. ","html":"{}"},"an3.100:16.3":{"pli":"Evarūpassa, bhikkhave, puggalassa appamattakampi pāpakammaṃ kataṃ tamenaṃ nirayaṃ upaneti. ","html":"{}</p>"},"an3.100:17.1":{"pli":"Kathaṃrūpassa, bhikkhave, puggalassa tādisaṃyeva appamattakaṃ pāpakammaṃ kataṃ diṭṭhadhammavedanīyaṃ hoti, nāṇupi khāyati, kiṃ bahudeva? ","html":"<p data-counter='3'>{}"},"an3.100:17.2":{"pli":"Idha, bhikkhave, ekacco puggalo bhāvitakāyo hoti bhāvitasīlo bhāvitacitto bhāvitapañño aparitto mahatto appamāṇavihārī. ","html":"{}"},"an3.100:17.3":{"pli":"Evarūpassa, bhikkhave, puggalassa tādisaṃyeva appamattakaṃ pāpakammaṃ kataṃ diṭṭhadhammavedanīyaṃ hoti, nāṇupi khāyati, kiṃ bahudeva. ","html":"{}</p>"},"an3.100:18.1":{"pli":"Yo, bhikkhave, evaṃ vadeyya: ","eng":"Mendicants, suppose you say: ","html":"<p>{}"},"an3.100:18.2":{"pli":"‘yathā yathāyaṃ puriso kammaṃ karoti tathā tathā taṃ paṭisaṃvedetī’ti, evaṃ santaṃ, bhikkhave, brahmacariyavāso na hoti, okāso na paññāyati sammā dukkhassa antakiriyāya. ","eng":"‘No matter how this person performs a deed, they experience it the same way.’ This being so, the spiritual life could not be lived, and there’d be no chance of making a complete end of suffering. ","html":"{}</p>"},"an3.100:18.3":{"pli":"Yo ca kho, bhikkhave, evaṃ vadeyya: ","eng":"Suppose you say: ","html":"<p>{}"},"an3.100:18.4":{"pli":"‘yathā yathā vedanīyaṃ ayaṃ puriso kammaṃ karoti tathā tathā tassa vipākaṃ paṭisaṃvedetī’ti, evaṃ santaṃ, bhikkhave, brahmacariyavāso hoti, okāso paññāyati sammā dukkhassa antakiriyāyā”ti. ","eng":"‘No matter how this person performs a deed, they experience the result as it should be experienced.’ This being so, the spiritual life can be lived, and there is a chance of making a complete end of suffering.” ","html":"{}</p>"},"an3.100:18.5":{"pli":"Navamaṃ. ","html":"<p class='endsutta'>{}</p></article>"}},"an3.101":{"an3.101:0.1":{"pli":"Aṅguttara Nikāya 3.101 ","eng":"Numbered Discourses 3.101 ","html":"<article id='an3.101'><header><ul><li class='division'>{}</li>"},"an3.101:0.2":{"pli":"10. Loṇakapallavagga ","eng":"10. A Lump of Salt ","html":"<li>{}</li></ul>"},"an3.101:0.3":{"pli":"Paṃsudhovakasutta ","eng":"A Panner ","html":"<h1 class='sutta-title'>{}</h1></header>"},"an3.101:1.1":{"pli":"“Santi, bhikkhave, jātarūpassa oḷārikā upakkilesā paṃsuvālukā sakkharakaṭhalā. ","eng":"“Native gold has coarse corruptions: sand, soil, and gravel. ","html":"<p>{}"},"an3.101:1.2":{"pli":"Tamenaṃ paṃsudhovako vā paṃsudhovakantevāsī vā doṇiyaṃ ākiritvā dhovati sandhovati niddhovati. ","eng":"A panner or their apprentice pours it into a pan, where they wash, rinse, and clean it. ","html":"{}"},"an3.101:1.3":{"pli":"Tasmiṃ pahīne tasmiṃ byantīkate santi jātarūpassa majjhimasahagatā upakkilesā sukhumasakkharā thūlavālukā. ","eng":"When that’s been eliminated, there are medium corruptions in the native gold: fine grit and coarse sand. ","html":"{}"},"an3.101:1.4":{"pli":"Tamenaṃ paṃsudhovako vā paṃsudhovakantevāsī vā dhovati sandhovati niddhovati. ","eng":"The panner washes it again. ","html":"{}"},"an3.101:1.5":{"pli":"Tasmiṃ pahīne tasmiṃ byantīkate santi jātarūpassa sukhumasahagatā upakkilesā sukhumavālukā kāḷajallikā. ","eng":"When that’s been eliminated, there are fine corruptions in the native gold: fine sand and black grime. ","html":"{}"},"an3.101:1.6":{"pli":"Tamenaṃ paṃsudhovako vā paṃsudhovakantevāsī vā dhovati sandhovati niddhovati. ","eng":"The panner washes it again. ","html":"{}"},"an3.101:1.7":{"pli":"Tasmiṃ pahīne tasmiṃ byantīkate athāparaṃ suvaṇṇasikatāvasissanti. ","eng":"When that’s been eliminated, only golden flecks remain. ","html":"{}"},"an3.101:1.8":{"pli":"Tamenaṃ suvaṇṇakāro vā suvaṇṇakārantevāsī vā jātarūpaṃ mūsāyaṃ pakkhipitvā dhamati sandhamati niddhamati. ","eng":"A goldsmith or their apprentice places the native gold in a crucible where they blow, melt, and smelt it. ","html":"{}"},"an3.101:1.9":{"pli":"Taṃ hoti jātarūpaṃ dhantaṃ sandhantaṃ niddhantaṃ aniddhantakasāvaṃ, na ceva mudu hoti na ca kammaniyaṃ, na ca pabhassaraṃ pabhaṅgu ca, na ca sammā upeti kammāya. ","eng":"Still the native gold is not settled and the dross is not totally gone. It’s not pliable, workable, or radiant, but is brittle and not completely ready for working. ","html":"{}"},"an3.101:1.10":{"pli":"Hoti so, bhikkhave, samayo yaṃ suvaṇṇakāro vā suvaṇṇakārantevāsī vā taṃ jātarūpaṃ dhamati sandhamati niddhamati. ","eng":"But the goldsmith keeps on blowing, melting, and smelting it. ","html":"{}"},"an3.101:1.11":{"pli":"Taṃ hoti jātarūpaṃ dhantaṃ sandhantaṃ niddhantaṃ niddhantakasāvaṃ, mudu ca hoti kammaniyañca pabhassarañca, na ca pabhaṅgu, sammā upeti kammāya. ","eng":"The native gold becomes pliable, workable, and radiant, not brittle, and ready to be worked. ","html":"{}"},"an3.101:1.12":{"pli":"Yassā yassā ca pilandhanavikatiyā ākaṅkhati—yadi paṭṭikāya, yadi kuṇḍalāya, yadi gīveyyake, yadi suvaṇṇamālāya—tañcassa atthaṃ anubhoti. ","eng":"Then the goldsmith can successfully create any kind of ornament they want, whether a bracelet, earrings, a necklace, or a golden garland. ","html":"{}</p>"},"an3.101:2.1":{"pli":"Evamevaṃ kho, bhikkhave, santi adhicittamanuyuttassa bhikkhuno oḷārikā upakkilesā kāyaduccaritaṃ vacīduccaritaṃ manoduccaritaṃ, tamenaṃ sacetaso bhikkhu dabbajātiko pajahati vinodeti byantīkaroti anabhāvaṃ gameti. ","eng":"In the same way, a mendicant who is committed to the higher mind has coarse corruptions: bad bodily, verbal, and mental conduct. A sincere, capable mendicant gives these up, gets rid of, eliminates, and obliterates them. ","html":"<p>{}</p>"},"an3.101:2.2":{"pli":"Tasmiṃ pahīne tasmiṃ byantīkate santi adhicittamanuyuttassa bhikkhuno majjhimasahagatā upakkilesā kāmavitakko byāpādavitakko vihiṃsāvitakko, tamenaṃ sacetaso bhikkhu dabbajātiko pajahati vinodeti byantīkaroti anabhāvaṃ gameti. ","eng":"When they’ve been given up and eliminated, there are middling corruptions: sensual, malicious, or cruel thoughts. A sincere, capable mendicant gives these up, gets rid of, eliminates, and obliterates them. ","html":"<p>{}</p>"},"an3.101:2.3":{"pli":"Tasmiṃ pahīne tasmiṃ byantīkate santi adhicittamanuyuttassa bhikkhuno sukhumasahagatā upakkilesā ñātivitakko janapadavitakko anavaññattipaṭisaṃyutto vitakko, tamenaṃ sacetaso bhikkhu dabbajātiko pajahati vinodeti byantīkaroti anabhāvaṃ gameti. ","eng":"When they’ve been given up and eliminated, there are fine corruptions: thoughts of family, country, and status. A sincere, capable mendicant gives these up, gets rid of, eliminates, and obliterates them. ","html":"<p>{}</p>"},"an3.101:2.4":{"pli":"Tasmiṃ pahīne tasmiṃ byantīkate athāparaṃ dhammavitakkāvasissanti. ","eng":"When they’ve been given up and eliminated, only thoughts about the teaching are left. ","html":"<p>{}"},"an3.101:2.5":{"pli":"So hoti samādhi na ceva santo na ca paṇīto nappaṭippassaddhaladdho na ekodibhāvādhigato sasaṅkhāraniggayhavāritagato. ","eng":"That immersion is not peaceful or sublime or tranquil or unified, but is held in place by forceful suppression. ","html":"{}</p>"},"an3.101:2.6":{"pli":"Hoti so, bhikkhave, samayo yaṃ taṃ cittaṃ ajjhattaṃyeva santiṭṭhati sannisīdati ekodi hoti samādhiyati. ","eng":"But there comes a time when that mind is stilled internally; it settles, unifies, and becomes immersed in samādhi. ","html":"<p>{}"},"an3.101:2.7":{"pli":"So hoti samādhi santo paṇīto paṭippassaddhiladdho ekodibhāvādhigato na sasaṅkhāraniggayhavāritagato. ","eng":"That immersion is peaceful and sublime and tranquil and unified, not held in place by forceful suppression. ","html":"{}"},"an3.101:2.8":{"pli":"Yassa yassa ca abhiññā sacchikaraṇīyassa dhammassa cittaṃ abhininnāmeti abhiññā sacchikiriyāya tatra tatreva sakkhibhabbataṃ pāpuṇāti sati satiāyatane. ","eng":"They extend the mind to realize by insight each and every thing that can be realized by insight; and they are capable of realizing those things, since each and every one is within range. ","html":"{}</p>"},"an3.101:3.1":{"pli":"So sace ākaṅkhati: ‘anekavihitaṃ iddhividhaṃ paccanubhaveyyaṃ—ekopi hutvā bahudhā assaṃ, bahudhāpi hutvā eko assaṃ; āvibhāvaṃ, tirobhāvaṃ; tirokuṭṭaṃ tiropākāraṃ tiropabbataṃ asajjamāno gaccheyyaṃ, seyyathāpi ākāse; pathaviyāpi ummujjanimujjaṃ kareyyaṃ, seyyathāpi udake; udakepi abhijjamāne gaccheyyaṃ, seyyathāpi pathaviyaṃ; ākāsepi pallaṅkena kameyyaṃ, seyyathāpi pakkhī sakuṇo; imepi candimasūriye evaṃmahiddhike evaṃmahānubhāve pāṇinā parimaseyyaṃ parimajjeyyaṃ; yāva brahmalokāpi kāyena vasaṃ vatteyyan’ti, ","eng":"If they wish: ‘May I wield the many kinds of psychic power: multiplying myself and becoming one again; materializing and dematerializing; going unobstructed through a wall, a rampart, or a mountain as if through space; diving in and out of the earth as if it were water; walking on water as if it were earth; flying cross-legged through the sky like a bird; touching and stroking with my hand the sun and moon, so mighty and powerful; controlling my body as far as the realm of divinity.’ ","html":"<p>{}"},"an3.101:3.2":{"pli":"tatra tatreva sakkhibhabbataṃ pāpuṇāti sati satiāyatane. ","eng":"They are capable of realizing these things, since each and every one is within range. ","html":"{}</p>"},"an3.101:4.1":{"pli":"So sace ākaṅkhati: ‘dibbāya sotadhātuyā visuddhāya atikkantamānusikāya ubho sadde suṇeyyaṃ dibbe ca mānuse ca ye dūre santike cā’ti, ","eng":"If they wish: ‘With clairaudience that is purified and superhuman, may I hear both kinds of sounds, human and heavenly, whether near or far.’ ","html":"<p>{}"},"an3.101:4.2":{"pli":"tatra tatreva sakkhibhabbataṃ pāpuṇāti sati satiāyatane. ","eng":"They are capable of realizing these things, since each and every one is within range. ","html":"{}</p>"},"an3.101:5.1":{"pli":"So sace ākaṅkhati: ‘parasattānaṃ parapuggalānaṃ cetasā ceto paricca pajāneyyaṃ—","eng":"If they wish: ‘May I understand the minds of other beings and individuals, having encompassed them with my mind. ","html":"<p>{}"},"an3.101:5.2":{"pli":"sarāgaṃ vā cittaṃ sarāgaṃ cittanti pajāneyyaṃ, ","eng":"May I understand mind with greed as “mind with greed”, ","html":"{}"},"an3.101:5.3":{"pli":"vītarāgaṃ vā cittaṃ vītarāgaṃ cittanti pajāneyyaṃ; ","eng":"and mind without greed as “mind without greed”; ","html":"{}"},"an3.101:5.4":{"pli":"sadosaṃ vā cittaṃ sadosaṃ cittanti pajāneyyaṃ, ","eng":"mind with hate as “mind with hate”, ","html":"{}"},"an3.101:5.5":{"pli":"vītadosaṃ vā cittaṃ vītadosaṃ cittanti pajāneyyaṃ; ","eng":"and mind without hate as “mind without hate”; ","html":"{}"},"an3.101:5.6":{"pli":"samohaṃ vā cittaṃ samohaṃ cittanti pajāneyyaṃ, ","eng":"mind with delusion as “mind with delusion”, ","html":"{}"},"an3.101:5.7":{"pli":"vītamohaṃ vā cittaṃ vītamohaṃ cittanti pajāneyyaṃ; ","eng":"and mind without delusion as “mind without delusion”; ","html":"{}"},"an3.101:5.8":{"pli":"saṅkhittaṃ vā cittaṃ saṅkhittaṃ cittanti pajāneyyaṃ, ","eng":"constricted mind as “constricted mind”, ","html":"{}"},"an3.101:5.9":{"pli":"vikkhittaṃ vā cittaṃ vikkhittaṃ cittanti pajāneyyaṃ; ","eng":"and scattered mind as “scattered mind”; ","html":"{}"},"an3.101:5.10":{"pli":"mahaggataṃ vā cittaṃ mahaggataṃ cittanti pajāneyyaṃ, ","eng":"expansive mind as “expansive mind”, ","html":"{}"},"an3.101:5.11":{"pli":"amahaggataṃ vā cittaṃ amahaggataṃ cittanti pajāneyyaṃ; ","eng":"and unexpansive mind as “unexpansive mind”; ","html":"{}"},"an3.101:5.12":{"pli":"sauttaraṃ vā cittaṃ sauttaraṃ cittanti pajāneyyaṃ, ","eng":"mind that is not supreme as “mind that is not supreme”, ","html":"{}"},"an3.101:5.13":{"pli":"anuttaraṃ vā cittaṃ anuttaraṃ cittanti pajāneyyaṃ; ","eng":"and mind that is supreme as “mind that is supreme”; ","html":"{}"},"an3.101:5.14":{"pli":"samāhitaṃ vā cittaṃ samāhitaṃ cittanti pajāneyyaṃ, ","eng":"mind immersed in samādhi as “mind immersed in samādhi”, ","html":"{}"},"an3.101:5.15":{"pli":"asamāhitaṃ vā cittaṃ asamāhitaṃ cittanti pajāneyyaṃ; ","eng":"and mind not immersed in samādhi as “mind not immersed in samādhi”; ","html":"{}"},"an3.101:5.16":{"pli":"vimuttaṃ vā cittaṃ vimuttaṃ cittanti pajāneyyaṃ, ","eng":"freed mind as “freed mind”, ","html":"{}"},"an3.101:5.17":{"pli":"avimuttaṃ vā cittaṃ avimuttaṃ cittanti pajāneyyan’ti, ","eng":"and unfreed mind as “unfreed mind”.’ ","html":"{}"},"an3.101:5.18":{"pli":"tatra tatreva sakkhibhabbataṃ pāpuṇāti sati satiāyatane. ","eng":"They are capable of realizing these things, since each and every one is within range. ","html":"{}</p>"},"an3.101:6.1":{"pli":"So sace ākaṅkhati: ‘anekavihitaṃ pubbenivāsaṃ anussareyyaṃ, seyyathidaṃ—ekampi jātiṃ dvepi jātiyo tissopi jātiyo catassopi jātiyo pañcapi jātiyo dasapi jātiyo vīsampi jātiyo tiṃsampi jātiyo cattālīsampi jātiyo paññāsampi jātiyo jātisatampi jātisahassampi jātisatasahassampi anekepi saṃvaṭṭakappe anekepi vivaṭṭakappe anekepi saṃvaṭṭavivaṭṭakappe: “amutrāsiṃ evaṃnāmo evaṅgotto evaṃvaṇṇo evamāhāro evaṃsukhadukkhappaṭisaṃvedī evamāyupariyanto, so tato cuto amutra udapādiṃ; tatrāpāsiṃ evaṃnāmo evaṅgotto evaṃvaṇṇo evamāhāro evaṃsukhadukkhappaṭisaṃvedī evamāyupariyanto, so tato cuto idhūpapanno”ti, iti sākāraṃ sauddesaṃ anekavihitaṃ pubbenivāsaṃ anussareyyan’ti, ","eng":"If they wish: ‘May I recollect many kinds of past lives. That is: one, two, three, four, five, ten, twenty, thirty, forty, fifty, a hundred, a thousand, a hundred thousand rebirths; many eons of the world contracting, many eons of the world expanding, many eons of the world contracting and expanding. May I remember: “There, I was named this, my clan was that, I looked like this, and that was my food. This was how I felt pleasure and pain, and that was how my life ended. When I passed away from that place I was reborn somewhere else. There, too, I was named this, my clan was that, I looked like this, and that was my food. This was how I felt pleasure and pain, and that was how my life ended. When I passed away from that place I was reborn here.” May I recollect my many past lives, with features and details.’ ","html":"<p>{}"},"an3.101:6.2":{"pli":"tatra tatreva sakkhibhabbataṃ pāpuṇāti sati satiāyatane. ","eng":"They are capable of realizing these things, since each and every one is within range. ","html":"{}</p>"},"an3.101:7.1":{"pli":"So sace ākaṅkhati: ‘dibbena cakkhunā visuddhena atikkantamānusakena satte passeyyaṃ cavamāne upapajjamāne hīne paṇīte suvaṇṇe dubbaṇṇe, sugate duggate yathākammūpage satte pajāneyyaṃ: “ime vata bhonto sattā kāyaduccaritena samannāgatā vacīduccaritena samannāgatā manoduccaritena samannāgatā ariyānaṃ upavādakā micchādiṭṭhikā micchādiṭṭhikammasamādānā, te kāyassa bhedā paraṃ maraṇā apāyaṃ duggatiṃ vinipātaṃ nirayaṃ upapannā; ime vā pana bhonto sattā kāyasucaritena samannāgatā vacīsucaritena samannāgatā manosucaritena samannāgatā ariyānaṃ anupavādakā sammādiṭṭhikā sammādiṭṭhikammasamādānā, te kāyassa bhedā paraṃ maraṇā sugatiṃ saggaṃ lokaṃ upapannā”ti, iti dibbena cakkhunā visuddhena atikkantamānusakena satte passeyyaṃ cavamāne upapajjamāne hīne paṇīte suvaṇṇe dubbaṇṇe, sugate duggate yathākammūpage satte pajāneyyan’ti, ","eng":"If they wish: ‘With clairvoyance that is purified and superhuman, may I see sentient beings passing away and being reborn—inferior and superior, beautiful and ugly, in a good place or a bad place—and understand how sentient beings pass on according to their deeds: “These dear beings did bad things by way of body, speech, and mind. They denounced the noble ones; they had wrong view; and they chose to act out of that wrong view. When their body breaks up, after death, they’re reborn in a place of loss, a bad place, the underworld, hell. These dear beings, however, did good things by way of body, speech, and mind. They never denounced the noble ones; they had right view; and they chose to act out of that right view. When their body breaks up, after death, they’re reborn in a good place, a heavenly realm.” And so, with clairvoyance that is purified and superhuman, may I see sentient beings passing away and being reborn—inferior and superior, beautiful and ugly, in a good place or a bad place. And may I understand how sentient beings pass on according to their deeds.’ ","html":"<p>{}"},"an3.101:7.2":{"pli":"tatra tatreva sakkhibhabbataṃ pāpuṇāti sati satiāyatane. ","eng":"They are capable of realizing these things, since each and every one is within range. ","html":"{}</p>"},"an3.101:8.1":{"pli":"So sace ākaṅkhati: ‘āsavānaṃ khayā anāsavaṃ cetovimuttiṃ paññāvimuttiṃ diṭṭheva dhamme sayaṃ abhiññā sacchikatvā upasampajja vihareyyan’ti, ","eng":"If they wish: ‘May I realize the undefiled freedom of heart and freedom by wisdom in this very life, and live having realized it with my own insight due to the ending of defilements.’ ","html":"<p>{}"},"an3.101:8.2":{"pli":"tatra tatreva sakkhibhabbataṃ pāpuṇāti sati satiāyatane”ti. ","eng":"They are capable of realizing these things, since each and every one is within range.” ","html":"{}</p>"},"an3.101:8.3":{"pli":"Dasamaṃ. ","html":"<p class='endsutta'>{}</p></article>"}}}