{"an3.154":{"an3.154:0.1":{"pli":"Aṅguttara Nikāya 3.154 ","eng":"Numbered Discourses 3.154 ","html":"<article id='an3.154'><header><ul><li class='division'>{}</li>"},"an3.154:0.2":{"pli":"15. Maṅgalavagga ","eng":"15. Good Fortune ","html":"<li>{}</li></ul>"},"an3.154:0.3":{"pli":"Vandanāsutta ","eng":"Homage ","html":"<h1 class='sutta-title'>{}</h1></header>"},"an3.154:1.1":{"pli":"“Tisso imā, bhikkhave, vandanā. ","eng":"“Mendicants, there are three kinds of homage. ","html":"<p>{}"},"an3.154:1.2":{"pli":"Katamā tisso? ","eng":"What three? ","html":"{}"},"an3.154:1.3":{"pli":"Kāyena, vācāya, manasā—","eng":"By way of body, speech, and mind. ","html":"{}"},"an3.154:1.4":{"pli":"imā kho, bhikkhave, tisso vandanā”ti. ","eng":"These are the three kinds of homage.” ","html":"{}</p>"},"an3.154:1.5":{"pli":"Navamaṃ. ","html":"<p class='endsutta'>{}</p></article>"}},"an3.155":{"an3.155:0.1":{"pli":"Aṅguttara Nikāya 3.155 ","eng":"Numbered Discourses 3.155 ","html":"<article id='an3.155'><header><ul><li class='division'>{}</li>"},"an3.155:0.2":{"pli":"15. Maṅgalavagga ","eng":"15. Good Fortune ","html":"<li>{}</li></ul>"},"an3.155:0.3":{"pli":"Pubbaṇhasutta ","eng":"Morning ","html":"<h1 class='sutta-title'>{}</h1></header>"},"an3.155:1.1":{"pli":"“Ye, bhikkhave, sattā pubbaṇhasamayaṃ kāyena sucaritaṃ caranti, vācāya sucaritaṃ caranti, manasā sucaritaṃ caranti, supubbaṇho, bhikkhave, tesaṃ sattānaṃ. ","eng":"“Mendicants, those sentient beings who do good things in the morning by way of body, speech, and mind have a good morning. ","html":"<p>{}</p>"},"an3.155:2.1":{"pli":"Ye, bhikkhave, sattā majjhanhikasamayaṃ kāyena sucaritaṃ caranti, vācāya sucaritaṃ caranti, manasā sucaritaṃ caranti, sumajjhanhiko, bhikkhave, tesaṃ sattānaṃ. ","eng":"Those sentient beings who do good things at midday by way of body, speech, and mind have a good midday. ","html":"<p>{}</p>"},"an3.155:3.1":{"pli":"Ye, bhikkhave, sattā sāyanhasamayaṃ kāyena sucaritaṃ caranti, vācāya sucaritaṃ caranti, manasā sucaritaṃ caranti, susāyanho, bhikkhave, tesaṃ sattānanti. ","eng":"Those sentient beings who do good things in the evening by way of body, speech, and mind have a good evening. ","html":"<p>{}</p>"},"an3.155:4.1":{"pli":"Sunakkhattaṃ sumaṅgalaṃ, ","eng":"A good star, a good fortune, ","html":"<blockquote class='gatha'><p><span class='verse-line'>{}</span>"},"an3.155:4.2":{"pli":"suppabhātaṃ suhuṭṭhitaṃ; ","eng":"a good dawn, a good rising, ","html":"<span class='verse-line'>{}</span>"},"an3.155:4.3":{"pli":"Sukhaṇo sumuhutto ca, ","eng":"a good moment, a good hour: ","html":"<span class='verse-line'>{}</span>"},"an3.155:4.4":{"pli":"suyiṭṭhaṃ brahmacārisu. ","eng":"these come with good gifts to spiritual practitioners. ","html":"<span class='verse-line'>{}</span></p>"},"an3.155:5.1":{"pli":"Padakkhiṇaṃ kāyakammaṃ, ","eng":"Auspicious deeds of body, ","html":"<p><span class='verse-line'>{}</span>"},"an3.155:5.2":{"pli":"vācākammaṃ padakkhiṇaṃ; ","eng":"verbal auspicious deeds, ","html":"<span class='verse-line'>{}</span>"},"an3.155:5.3":{"pli":"Padakkhiṇaṃ manokammaṃ, ","eng":"auspicious deeds of mind, ","html":"<span class='verse-line'>{}</span>"},"an3.155:5.4":{"pli":"paṇīdhi te padakkhiṇe; ","eng":"auspicious resolutions: ","html":"<span class='verse-line'>{}</span>"},"an3.155:5.5":{"pli":"Padakkhiṇāni katvāna, ","eng":"when your deeds have been auspicious, ","html":"<span class='verse-line'>{}</span>"},"an3.155:5.6":{"pli":"labhantatthe padakkhiṇe. ","eng":"you get auspicious benefits. ","html":"<span class='verse-line'>{}</span></p>"},"an3.155:6.1":{"pli":"Te atthaladdhā sukhitā, ","eng":"Those happy with these benefits ","html":"<p><span class='verse-line'>{}</span>"},"an3.155:6.2":{"pli":"viruḷhā buddhasāsane; ","eng":"flourish in the Buddha’s teaching. ","html":"<span class='verse-line'>{}</span>"},"an3.155:6.3":{"pli":"Arogā sukhitā hotha, ","eng":"May you and all your relatives ","html":"<span class='verse-line'>{}</span>"},"an3.155:6.4":{"pli":"saha sabbehi ñātibhī”ti. ","eng":"be healthy and happy!” ","html":"<span class='verse-line'>{}</span></p></blockquote>"},"an3.155:6.5":{"pli":"Dasamaṃ. ","html":"<p class='endsutta'>{}</p>"},"an3.155:6.6":{"pli":"Maṅgalavaggo pañcamo. ","html":"<p class='endvagga'>{}</p>"},"an3.155:7.0":{"pli":"Tassuddānaṃ ","html":"<p class='uddana-intro'>{}</p>"},"an3.155:7.1":{"pli":"Akusalañca sāvajjaṃ, ","html":"<blockquote class='uddanagatha'><p><span class='verse-line'>{}</span>"},"an3.155:7.2":{"pli":"visamāsucinā saha; ","html":"<span class='verse-line'>{}</span>"},"an3.155:7.3":{"pli":"Caturo khatā vandanā, ","html":"<span class='verse-line'>{}</span>"},"an3.155:7.4":{"pli":"pubbaṇhena ca te dasāti. ","html":"<span class='verse-line'>{}</span></p></blockquote>"},"an3.155:7.5":{"pli":"Tatiyo paṇṇāsako samatto. ","html":"<p class='endbook'>{}</p></article>"}},"an3.156-162":{"an3.156:0.1":{"pli":"Aṅguttara Nikāya 3 ","eng":"Numbered Discourses 3 ","html":"<section class='range' id='an3.156-162'><header><ul><li class='division'>{}</li>"},"an3.156:0.2":{"pli":"16. Acelakavagga ","eng":"The Chapter on Practices ","html":"<li>{}</li></ul>"},"an3.156:0.3":{"pli":"~ ","eng":"Untitled Discourses on Three Practices ","html":"<h1 class='range-title'>{}</h1></header>"},"an3.156:1.1":{"pli":"“Tisso imā, bhikkhave, paṭipadā. ","eng":"“Mendicants, there are three practices. ","html":"<article id='an3.156'><p>{}"},"an3.156:1.2":{"pli":"Katamā tisso? ","eng":"What three? ","html":"{}"},"an3.156:1.3":{"pli":"Āgāḷhā paṭipadā, nijjhāmā paṭipadā, majjhimā paṭipadā. ","eng":"The addicted practice, the scorching practice, and the middle practice. ","html":"{}</p>"},"an3.156:1.4":{"pli":"Katamā ca, bhikkhave, āgāḷhā paṭipadā? ","eng":"And what’s the addicted practice? ","html":"<p>{}"},"an3.156:1.5":{"pli":"Idha, bhikkhave, ekacco evaṃvādī hoti evaṃdiṭṭhi: ","eng":"It’s when someone has this doctrine and view: ","html":"{}"},"an3.156:1.6":{"pli":"‘natthi kāmesu doso’ti. ","eng":"‘There’s nothing wrong with sensual pleasures’; ","html":"{}"},"an3.156:1.7":{"pli":"So kāmesu pātabyataṃ āpajjati. ","eng":"so they throw themselves into sensual pleasures. ","html":"{}"},"an3.156:1.8":{"pli":"Ayaṃ vuccati, bhikkhave, āgāḷhā paṭipadā. ","eng":"This is called the addicted practice. ","html":"{}</p>"},"an3.156:2.1":{"pli":"Katamā ca, bhikkhave, nijjhāmā paṭipadā? ","eng":"And what’s the scorching practice? ","html":"<p>{}"},"an3.156:2.2":{"pli":"Idha, bhikkhave, ekacco acelako hoti muttācāro, hatthāpalekhano, naehibhadantiko, natiṭṭhabhadantiko, nābhihaṭaṃ na uddissakataṃ na nimantanaṃ sādiyati. ","eng":"It’s when someone goes naked, ignoring conventions. They lick their hands, and don’t come or wait when called. They don’t consent to food brought to them, or food prepared on their behalf, or an invitation for a meal. ","html":"{}"},"an3.156:2.3":{"pli":"So na kumbhimukhā paṭiggaṇhāti, na kaḷopimukhā paṭiggaṇhāti na eḷakamantaraṃ na daṇḍamantaraṃ na musalamantaraṃ na dvinnaṃ bhuñjamānānaṃ na gabbhiniyā na pāyamānāya na purisantaragatāya na saṅkittīsu na yattha sā upaṭṭhito hoti na yattha makkhikā saṇḍasaṇḍacārinī na macchaṃ na maṃsaṃ na suraṃ na merayaṃ, na thusodakaṃ pivati. ","eng":"They don’t receive anything from a pot or bowl; or from someone who keeps sheep, or who has a weapon or a shovel in their home; or where a couple is eating; or where there is a woman who is pregnant, breastfeeding, or who lives with a man; or where there’s a hound waiting or flies buzzing. They accept no fish or meat or beer or wine, and drink no fermented gruel. ","html":"{}"},"an3.156:2.4":{"pli":"So ekāgāriko vā hoti ekālopiko, dvāgāriko vā hoti dvālopiko … sattāgāriko vā hoti sattālopiko; ","eng":"They go to just one house for alms, taking just one mouthful, or two houses and two mouthfuls, up to seven houses and seven mouthfuls. ","html":"{}"},"an3.156:2.5":{"pli":"ekissāpi dattiyā yāpeti, dvīhipi dattīhi yāpeti … sattahipi dattīhi yāpeti; ","eng":"They feed on one saucer a day, two saucers a day, up to seven saucers a day. ","html":"{}"},"an3.156:2.6":{"pli":"ekāhikampi āhāraṃ āhāreti, dvāhikampi āhāraṃ āhāreti … sattāhikampi āhāraṃ āhāreti—iti evarūpaṃ addhamāsikampi pariyāyabhattabhojanānuyogamanuyutto viharati. ","eng":"They eat once a day, once every second day, up to once a week, and so on, even up to once a fortnight. They live pursuing the practice of eating food at set intervals. ","html":"{}</p>"},"an3.156:3.1":{"pli":"So sākabhakkhopi hoti, sāmākabhakkhopi hoti, nīvārabhakkhopi hoti, daddulabhakkhopi hoti, haṭabhakkhopi hoti, kaṇabhakkhopi hoti, ācāmabhakkhopi hoti, piññākabhakkhopi hoti, tiṇabhakkhopi hoti, gomayabhakkhopi hoti, vanamūlaphalāhāro yāpeti pavattaphalabhojī. ","eng":"They eat herbs, millet, wild rice, poor rice, water lettuce, rice bran, scum from boiling rice, sesame flour, grass, or cow dung. They survive on forest roots and fruits, or eating fallen fruit. ","html":"<p>{}</p>"},"an3.156:4.1":{"pli":"So sāṇānipi dhāreti, masāṇānipi dhāreti, chavadussānipi dhāreti, paṃsukūlānipi dhāreti, tirīṭānipi dhāreti, ajinampi dhāreti, ajinakkhipampi dhāreti, kusacīrampi dhāreti, vākacīrampi dhāreti, phalakacīrampi dhāreti, kesakambalampi dhāreti, vāḷakambalampi dhāreti, ulūkapakkhikampi dhāreti, ","eng":"They wear robes of sunn hemp, mixed hemp, corpse-wrapping cloth, rags, lodh tree bark, antelope hide (whole or in strips), kusa grass, bark, wood-chips, human hair, horse-tail hair, or owls’ wings. ","html":"<p>{}"},"an3.156:4.2":{"pli":"kesamassulocakopi hoti kesamassulocanānuyogamanuyutto, ","eng":"They tear out their hair and beard, committed to this practice. ","html":"{}"},"an3.156:4.3":{"pli":"ubbhaṭṭhakopi hoti āsanapaṭikkhitto, ","eng":"They constantly stand, turning down seats. ","html":"{}"},"an3.156:4.4":{"pli":"ukkuṭikopi hoti ukkuṭikappadhānamanuyutto, ","eng":"They squat, committed to the endeavor of squatting. ","html":"{}"},"an3.156:4.5":{"pli":"kaṇṭakāpassayikopi hoti kaṇṭakāpassaye seyyaṃ kappeti, ","eng":"They lie on a mat of thorns, making a mat of thorns their bed. ","html":"{}"},"an3.156:4.6":{"pli":"sāyatatiyakampi udakorohanānuyogamanuyutto viharati—","eng":"They’re devoted to ritual bathing three times a day, including at dusk. ","html":"{}"},"an3.156:4.7":{"pli":"iti evarūpaṃ anekavihitaṃ kāyassa ātāpanaparitāpanānuyogamanuyutto viharati. ","eng":"And so they live pursuing these various ways of mortifying and tormenting the body. ","html":"{}"},"an3.156:4.8":{"pli":"Ayaṃ vuccati, bhikkhave, nijjhāmā paṭipadā. ","eng":"This is called the scorching practice. ","html":"{}</p>"},"an3.156:5.1":{"pli":"Katamā ca, bhikkhave, majjhimā paṭipadā? ","eng":"And what’s the middle practice? ","html":"<p>{}"},"an3.156:5.2":{"pli":"Idha, bhikkhave, bhikkhu kāye kāyānupassī viharati ātāpī sampajāno satimā vineyya loke abhijjhādomanassaṃ; ","eng":"It’s when a mendicant meditates by observing an aspect of the body—keen, aware, and mindful, rid of covetousness and displeasure for the world. ","html":"{}"},"an3.156:5.3":{"pli":"vedanāsu …pe… ","eng":"They meditate observing an aspect of feelings … ","html":"{}"},"an3.156:5.4":{"pli":"citte …pe… ","eng":"They meditate observing an aspect of the mind … ","html":"{}"},"an3.156:5.5":{"pli":"dhammesu dhammānupassī viharati ātāpī sampajāno satimā vineyya loke abhijjhādomanassaṃ. ","eng":"They meditate observing an aspect of principles—keen, aware, and mindful, rid of covetousness and displeasure for the world. ","html":"{}"},"an3.156:5.6":{"pli":"Ayaṃ vuccati, bhikkhave, majjhimā paṭipadā. ","eng":"This is called the middle practice. ","html":"{}</p>"},"an3.156:5.7":{"pli":"Imā kho, bhikkhave, tisso paṭipadāti. ","eng":"These are the three practices. ","html":"<p data-counter='1'>{}</p></article>"},"an3.157:1.1":{"pli":"Tisso imā, bhikkhave, paṭipadā. ","eng":"Mendicants, there are three practices. ","html":"<article id='an3.157'><p>{}"},"an3.157:1.2":{"pli":"Katamā tisso? ","eng":"What three? ","html":"{}"},"an3.157:1.3":{"pli":"Āgāḷhā paṭipadā, nijjhāmā paṭipadā, majjhimā paṭipadā. ","eng":"The addicted practice, the scorching practice, the middle practice. ","html":"{}</p>"},"an3.157:1.4":{"pli":"Katamā ca, bhikkhave, āgāḷhā paṭipadā …pe… ","eng":"And what’s the addicted practice? … ","html":"<p>{}"},"an3.157:1.5":{"pli":"ayaṃ vuccati, bhikkhave, āgāḷhā paṭipadā. ","eng":"This is called the addicted practice. ","html":"{}</p>"},"an3.157:2.1":{"pli":"Katamā ca, bhikkhave, nijjhāmā paṭipadā …pe… ","eng":"And what is the scorching practice? … ","html":"<p>{}"},"an3.157:2.2":{"pli":"ayaṃ vuccati, bhikkhave, nijjhāmā paṭipadā. ","eng":"This is called the scorching practice. ","html":"{}</p>"},"an3.157:3.1":{"pli":"Katamā ca, bhikkhave, majjhimā paṭipadā? ","eng":"And what’s the middle practice? ","html":"<p data-counter='2'>{}"},"an3.157:3.2":{"pli":"Idha, bhikkhave, bhikkhu anuppannānaṃ pāpakānaṃ akusalānaṃ dhammānaṃ anuppādāya chandaṃ janeti vāyamati vīriyaṃ ārabhati cittaṃ paggaṇhāti padahati; ","eng":"It’s when a mendicant generates enthusiasm, tries, makes an effort, exerts the mind, and strives so that bad, unskillful qualities don’t arise. ","html":"{}"},"an3.157:3.3":{"pli":"uppannānaṃ pāpakānaṃ akusalānaṃ dhammānaṃ pahānāya chandaṃ janeti vāyamati vīriyaṃ ārabhati cittaṃ paggaṇhāti padahati; ","eng":"They generate enthusiasm, try, make an effort, exert the mind, and strive so that bad, unskillful qualities that have arisen are given up. ","html":"{}"},"an3.157:3.4":{"pli":"anuppannānaṃ kusalānaṃ dhammānaṃ uppādāya chandaṃ janeti vāyamati vīriyaṃ ārabhati cittaṃ paggaṇhāti padahati; ","eng":"They generate enthusiasm, try, make an effort, exert the mind, and strive so that skillful qualities arise. ","html":"{}"},"an3.157:3.5":{"pli":"uppannānaṃ kusalānaṃ dhammānaṃ ṭhitiyā asammosāya bhiyyobhāvāya vepullāya bhāvanāya pāripūriyā chandaṃ janeti vāyamati vīriyaṃ ārabhati cittaṃ paggaṇhāti padahati …. ","eng":"They generate enthusiasm, try, make an effort, exert the mind, and strive so that skillful qualities that have arisen remain, are not lost, but increase, mature, and are completed by development. … ","html":"{}</p></article>"},"an3.158:1.1":{"pli":"Chandasamādhipadhānasaṅkhārasamannāgataṃ iddhipādaṃ bhāveti ","eng":"They develop the basis of psychic power that has immersion due to enthusiasm, and active effort. ","html":"<article id='an3.158'><p data-counter='3'>{}"},"an3.158:1.2":{"pli":"vīriyasamādhi …pe… ","eng":"They develop the basis of psychic power that has immersion due to energy, and active effort. ","html":"{}"},"an3.158:1.3":{"pli":"cittasamādhi …pe… ","eng":"They develop the basis of psychic power that has immersion due to mental development, and active effort. ","html":"{}"},"an3.158:1.4":{"pli":"vīmaṃsāsamādhipadhānasaṅkhārasamannāgataṃ iddhipādaṃ bhāveti …pe…. ","eng":"They develop the basis of psychic power that has immersion due to inquiry, and active effort. … ","html":"{}</p></article>"},"an3.159:1.1":{"pli":"Saddhindriyaṃ bhāveti … ","eng":"They develop the faculty of faith … ","html":"<article id='an3.159'><p data-counter='4'>{}"},"an3.159:1.2":{"pli":"vīriyindriyaṃ bhāveti … ","eng":"energy … ","html":"{}"},"an3.159:1.3":{"pli":"satindriyaṃ bhāveti … ","eng":"mindfulness … ","html":"{}"},"an3.159:1.4":{"pli":"samādhindriyaṃ bhāveti … ","eng":"immersion … ","html":"{}"},"an3.159:1.5":{"pli":"paññindriyaṃ bhāveti …pe…. ","eng":"wisdom … ","html":"{}</p></article>"},"an3.160:1.1":{"pli":"Saddhābalaṃ bhāveti … ","eng":"They develop the power of faith … ","html":"<article id='an3.160'><p data-counter='5'>{}"},"an3.160:1.2":{"pli":"vīriyabalaṃ bhāveti … ","eng":"energy … ","html":"{}"},"an3.160:1.3":{"pli":"satibalaṃ bhāveti … ","eng":"mindfulness … ","html":"{}"},"an3.160:1.4":{"pli":"samādhibalaṃ bhāveti … ","eng":"immersion … ","html":"{}"},"an3.160:1.5":{"pli":"paññābalaṃ bhāveti …pe…. ","eng":"wisdom … ","html":"{}</p></article>"},"an3.161:1.1":{"pli":"Satisambojjhaṅgaṃ bhāveti … ","eng":"They develop the awakening factor of mindfulness … ","html":"<article id='an3.161'><p data-counter='6'>{}"},"an3.161:1.2":{"pli":"dhammavicayasambojjhaṅgaṃ bhāveti … ","eng":"investigation of principles … ","html":"{}"},"an3.161:1.3":{"pli":"vīriyasambojjhaṅgaṃ bhāveti … ","eng":"energy … ","html":"{}"},"an3.161:1.4":{"pli":"pītisambojjhaṅgaṃ bhāveti … ","eng":"rapture … ","html":"{}"},"an3.161:1.5":{"pli":"passaddhisambojjhaṅgaṃ bhāveti … ","eng":"tranquility … ","html":"{}"},"an3.161:1.6":{"pli":"samādhisambojjhaṅgaṃ bhāveti … ","eng":"immersion … ","html":"{}"},"an3.161:1.7":{"pli":"upekkhāsambojjhaṅgaṃ bhāveti …pe…. ","eng":"equanimity … ","html":"{}</p></article>"},"an3.162:1.1":{"pli":"Sammādiṭṭhiṃ bhāveti … ","eng":"They develop right view … ","html":"<article id='an3.162'><p data-counter='7'>{}"},"an3.162:1.2":{"pli":"sammāsaṅkappaṃ bhāveti … ","eng":"right thought … ","html":"{}"},"an3.162:1.3":{"pli":"sammāvācaṃ bhāveti … ","eng":"right speech … ","html":"{}"},"an3.162:1.4":{"pli":"sammākammantaṃ bhāveti … ","eng":"right action … ","html":"{}"},"an3.162:1.5":{"pli":"sammāājīvaṃ bhāveti … ","eng":"right livelihood … ","html":"{}"},"an3.162:1.6":{"pli":"sammāvāyāmaṃ bhāveti … ","eng":"right effort … ","html":"{}"},"an3.162:1.7":{"pli":"sammāsatiṃ bhāveti … ","eng":"right mindfulness … ","html":"{}"},"an3.162:1.8":{"pli":"sammāsamādhiṃ bhāveti …. ","eng":"right immersion … ","html":"{}"},"an3.162:1.9":{"pli":"Ayaṃ vuccati, bhikkhave, majjhimā paṭipadā. ","eng":"This is called the middle practice. ","html":"{}"},"an3.162:1.10":{"pli":"Imā kho, bhikkhave, tisso paṭipadā”ti. ","eng":"These are the three practices.” ","html":"{}</p>"},"an3.162:1.11":{"pli":"Acelakavaggo chaṭṭho. ","html":"<p class='endvagga'>{}</p>"},"an3.162:2.0":{"pli":"Tassuddānaṃ ","html":"<p class='uddana-intro'>{}</p>"},"an3.162:2.1":{"pli":"Satipaṭṭhānaṃ sammappadhānaṃ, ","html":"<blockquote class='uddanagatha'><p><span class='verse-line'>{}</span>"},"an3.162:2.2":{"pli":"Iddhipādindriyena ca; ","html":"<span class='verse-line'>{}</span>"},"an3.162:2.3":{"pli":"Balaṃ bojjhaṅgo maggo ca, ","html":"<span class='verse-line'>{}</span>"},"an3.162:2.4":{"pli":"Paṭipadāya yojayeti. ","html":"<span class='verse-line'>{}</span></p></blockquote></article></section>"}},"an3.16":{"an3.16:0.1":{"pli":"Aṅguttara Nikāya 3.16 ","eng":"Numbered Discourses 3.16 ","html":"<article id='an3.16'><header><ul><li class='division'>{}</li>"},"an3.16:0.2":{"pli":"2. Rathakāravagga ","eng":"2. The Chariot-Maker ","html":"<li>{}</li></ul>"},"an3.16:0.3":{"pli":"Apaṇṇakasutta ","eng":"Unfailing ","html":"<h1 class='sutta-title'>{}</h1></header>"},"an3.16:1.1":{"pli":"“Tīhi, bhikkhave, dhammehi samannāgato bhikkhu apaṇṇakapaṭipadaṃ paṭipanno hoti, yoni cassa āraddhā hoti āsavānaṃ khayāya. ","eng":"“Mendicants, when a mendicant has three things their practice is unfailing, and they have laid the groundwork for ending the defilements. ","html":"<p>{}"},"an3.16:1.2":{"pli":"Katamehi tīhi? ","eng":"What three? ","html":"{}"},"an3.16:1.3":{"pli":"Idha, bhikkhave, bhikkhu indriyesu guttadvāro hoti, bhojane mattaññū hoti, jāgariyaṃ anuyutto hoti. ","eng":"It’s when a mendicant guards the sense doors, eats in moderation, and is dedicated to wakefulness. ","html":"{}</p>"},"an3.16:2.1":{"pli":"Kathañca, bhikkhave, bhikkhu indriyesu guttadvāro hoti? ","eng":"And how does a mendicant guard the sense doors? ","html":"<p>{}"},"an3.16:2.2":{"pli":"Idha, bhikkhave, bhikkhu cakkhunā rūpaṃ disvā na nimittaggāhī hoti nānubyañjanaggāhī. ","eng":"When a mendicant sees a sight with their eyes, they don’t get caught up in the features and details. ","html":"{}"},"an3.16:2.3":{"pli":"Yatvādhikaraṇamenaṃ cakkhundriyaṃ asaṃvutaṃ viharantaṃ abhijjhādomanassā pāpakā akusalā dhammā anvāssaveyyuṃ tassa saṃvarāya paṭipajjati, rakkhati cakkhundriyaṃ, cakkhundriye saṃvaraṃ āpajjati. ","eng":"If the faculty of sight were left unrestrained, bad unskillful qualities of covetousness and displeasure would become overwhelming. For this reason, they practice restraint, protecting the faculty of sight, and achieving its restraint. ","html":"{}"},"an3.16:2.4":{"pli":"Sotena saddaṃ sutvā … ","eng":"When they hear a sound with their ears … ","html":"{}"},"an3.16:2.5":{"pli":"ghānena gandhaṃ ghāyitvā … ","eng":"When they smell an odor with their nose … ","html":"{}"},"an3.16:2.6":{"pli":"jivhāya rasaṃ sāyitvā … ","eng":"When they taste a flavor with their tongue … ","html":"{}"},"an3.16:2.7":{"pli":"kāyena phoṭṭhabbaṃ phusitvā … ","eng":"When they feel a touch with their body … ","html":"{}"},"an3.16:2.8":{"pli":"manasā dhammaṃ viññāya na nimittaggāhī hoti nānubyañjanaggāhī. ","eng":"When they know an idea with their mind, they don’t get caught up in the features and details. ","html":"{}"},"an3.16:2.9":{"pli":"Yatvādhikaraṇamenaṃ manindriyaṃ asaṃvutaṃ viharantaṃ abhijjhādomanassā pāpakā akusalā dhammā anvāssaveyyuṃ tassa saṃvarāya paṭipajjati, rakkhati manindriyaṃ, manindriye saṃvaraṃ āpajjati. ","eng":"If the faculty of mind were left unrestrained, bad unskillful qualities of covetousness and displeasure would become overwhelming. For this reason, they practice restraint, protecting the faculty of mind, and achieving its restraint. ","html":"{}"},"an3.16:2.10":{"pli":"Evaṃ kho, bhikkhave, bhikkhu indriyesu guttadvāro hoti. ","eng":"That’s how a mendicant guards the sense doors. ","html":"{}</p>"},"an3.16:3.1":{"pli":"Kathañca, bhikkhave, bhikkhu bhojane mattaññū hoti? ","eng":"And how does a mendicant eat in moderation? ","html":"<p>{}"},"an3.16:3.2":{"pli":"Idha, bhikkhave, bhikkhu paṭisaṅkhā yoniso āhāraṃ āhāreti: ","eng":"It’s when a mendicant reflects rationally on the food that they eat: ","html":"{}"},"an3.16:3.3":{"pli":"‘neva davāya na madāya na maṇḍanāya na vibhūsanāya, yāvadeva imassa kāyassa ṭhitiyā yāpanāya vihiṃsūparatiyā brahmacariyānuggahāya, iti purāṇañca vedanaṃ paṭihaṅkhāmi, navañca vedanaṃ na uppādessāmi, yātrā ca me bhavissati anavajjatā ca phāsuvihāro cā’ti. ","eng":"‘Not for fun, indulgence, adornment, or decoration, but only to sustain this body, to avoid harm, and to support spiritual practice. In this way, I shall put an end to old discomfort and not give rise to new discomfort, and I will have the means to keep going, blamelessness, and a comfortable abiding.’ ","html":"{}"},"an3.16:3.4":{"pli":"Evaṃ kho, bhikkhave, bhikkhu bhojane mattaññū hoti. ","eng":"That’s how a mendicant eats in moderation. ","html":"{}</p>"},"an3.16:4.1":{"pli":"Kathañca, bhikkhave, bhikkhu jāgariyaṃ anuyutto hoti? ","eng":"And how is a mendicant dedicated to wakefulness? ","html":"<p>{}"},"an3.16:4.2":{"pli":"Idha, bhikkhave, bhikkhu divasaṃ caṅkamena nisajjāya āvaraṇīyehi dhammehi cittaṃ parisodheti, rattiyā paṭhamaṃ yāmaṃ caṅkamena nisajjāya āvaraṇīyehi dhammehi cittaṃ parisodheti, rattiyā majjhimaṃ yāmaṃ dakkhiṇena passena sīhaseyyaṃ kappeti pāde pādaṃ accādhāya sato sampajāno uṭṭhānasaññaṃ manasi karitvā, rattiyā pacchimaṃ yāmaṃ paccuṭṭhāya caṅkamena nisajjāya āvaraṇīyehi dhammehi cittaṃ parisodheti. ","eng":"It’s when a mendicant practices walking and sitting meditation by day, purifying their mind from obstacles. In the first watch of the night, they continue to practice walking and sitting meditation. In the middle watch, they lie down in the lion’s posture—on the right side, placing one foot on top of the other—mindful and aware, and focused on the time of getting up. In the last watch, they get up and continue to practice walking and sitting meditation, purifying their mind from obstacles. ","html":"{}"},"an3.16:4.3":{"pli":"Evaṃ kho, bhikkhave, bhikkhu jāgariyaṃ anuyutto hoti. ","eng":"This is how a mendicant is dedicated to wakefulness. ","html":"{}</p>"},"an3.16:4.4":{"pli":"Imehi kho, bhikkhave, tīhi dhammehi samannāgato bhikkhu apaṇṇakapaṭipadaṃ paṭipanno hoti, yoni cassa āraddhā hoti āsavānaṃ khayāyā”ti. ","eng":"When a mendicant possesses these three things their practice is unfailing, and they have laid the groundwork for ending the defilements.” ","html":"<p>{}</p>"},"an3.16:4.5":{"pli":"Chaṭṭhaṃ. ","html":"<p class='endsutta'>{}</p></article>"}},"an3.163-182":{"an3.163:0.1":{"pli":"Aṅguttara Nikāya 3 ","eng":"Numbered Discourses 3 ","html":"<section class='range' id='an3.163-182'><header><ul><li class='division'>{}</li>"},"an3.163:0.2":{"pli":"17. Kammapathapeyyāla ","eng":"The Chapter on Ways of Performing Deeds ","html":"<li>{}</li></ul>"},"an3.163:0.3":{"pli":"~ ","eng":"Untitled Discourses on Three Qualities ","html":"<h1 class='range-title'>{}</h1></header>"},"an3.163:1.1":{"pli":"“Tīhi, bhikkhave, dhammehi samannāgato yathābhataṃ nikkhitto evaṃ niraye. ","eng":"“Someone with three qualities is cast down to hell. ","html":"<article id='an3.163'><p>{}"},"an3.163:1.2":{"pli":"Katamehi tīhi? ","eng":"What three? ","html":"{}"},"an3.163:1.3":{"pli":"Attanā ca pāṇātipātī hoti, parañca pāṇātipāte samādapeti, pāṇātipāte ca samanuñño hoti. ","eng":"They themselves kill living creatures. They encourage others to kill living creatures. And they approve of killing living creatures. ","html":"{}</p>"},"an3.163:1.4":{"pli":"Imehi kho, bhikkhave, tīhi dhammehi samannāgato yathābhataṃ nikkhitto evaṃ niraye. ","eng":"Someone with these three qualities is cast down to hell. ","html":"<p>{}</p></article>"},"an3.164:1.1":{"pli":"Tīhi, bhikkhave, dhammehi samannāgato yathābhataṃ nikkhitto evaṃ sagge. ","eng":"Someone with three qualities is raised up to heaven. ","html":"<article id='an3.164'><p data-counter='2'>{}"},"an3.164:1.2":{"pli":"Katamehi tīhi? ","eng":"What three? ","html":"{}"},"an3.164:1.3":{"pli":"Attanā ca pāṇātipātā paṭivirato hoti, parañca pāṇātipātā veramaṇiyā samādapeti, pāṇātipātā veramaṇiyā ca samanuñño hoti …pe…. ","eng":"They don’t themselves kill living creatures. They encourage others to not kill living creatures. And they approve of not killing living creatures. … ","html":"{}</p></article>"},"an3.165:1.1":{"pli":"Attanā ca adinnādāyī hoti, parañca adinnādāne samādapeti, adinnādāne ca samanuñño hoti …pe…. ","eng":"They themselves steal. They encourage others to steal. And they approve of stealing. … ","html":"<article id='an3.165'><p>{}</p></article>"},"an3.166:1.1":{"pli":"Attanā ca adinnādānā paṭivirato hoti, parañca adinnādānā veramaṇiyā samādapeti, adinnādānā veramaṇiyā ca samanuñño hoti …pe…. ","eng":"They don’t themselves steal. They encourage others to not steal. And they approve of not stealing. … ","html":"<article id='an3.166'><p data-counter='4'>{}</p></article>"},"an3.167:1.1":{"pli":"Attanā ca kāmesumicchācārī hoti, parañca kāmesumicchācāre samādapeti, kāmesumicchācāre ca samanuñño hoti …pe…. ","eng":"They themselves commit sexual misconduct. They encourage others to commit sexual misconduct. And they approve of committing sexual misconduct. … ","html":"<article id='an3.167'><p>{}</p></article>"},"an3.168:1.1":{"pli":"Attanā ca kāmesumicchācārā paṭivirato hoti, parañca kāmesumicchācārā veramaṇiyā samādapeti, kāmesumicchācārā veramaṇiyā ca samanuñño hoti …pe…. ","eng":"They don’t themselves commit sexual misconduct. They encourage others to not commit sexual misconduct. And they approve of not committing sexual misconduct. … ","html":"<article id='an3.168'><p data-counter='6'>{}</p></article>"},"an3.169:1.1":{"pli":"Attanā ca musāvādī hoti, parañca musāvāde samādapeti, musāvāde ca samanuñño hoti …pe…. ","eng":"They themselves lie. They encourage others to lie. And they approve of lying. … ","html":"<article id='an3.169'><p>{}</p></article>"},"an3.170:1.1":{"pli":"Attanā ca musāvādā paṭivirato hoti, parañca musāvādā veramaṇiyā samādapeti, musāvādā veramaṇiyā ca samanuñño hoti …pe…. ","eng":"They don’t themselves lie. They encourage others to not lie. And they approve of not lying. … ","html":"<article id='an3.170'><p data-counter='8'>{}</p></article>"},"an3.171:1.1":{"pli":"Attanā ca pisuṇavāco hoti, parañca pisuṇāya vācāya samādapeti, pisuṇāya vācāya ca samanuñño hoti …pe…. ","eng":"They themselves speak divisively. They encourage others to speak divisively. And they approve of speaking divisively. … ","html":"<article id='an3.171'><p>{}</p></article>"},"an3.172:1.1":{"pli":"Attanā ca pisuṇāya vācāya paṭivirato hoti, parañca pisuṇāya vācāya veramaṇiyā samādapeti, pisuṇāya vācāya veramaṇiyā ca samanuñño hoti …pe…. ","eng":"They don’t themselves speak divisively. They encourage others to not speak divisively. And they approve of not speaking divisively. … ","html":"<article id='an3.172'><p data-counter='10'>{}</p></article>"},"an3.173:1.1":{"pli":"Attanā ca pharusavāco hoti, parañca pharusāya vācāya samādapeti, pharusāya vācāya ca samanuñño hoti …pe…. ","eng":"They themselves speak harshly. They encourage others to speak harshly. And they approve of speaking harshly. … ","html":"<article id='an3.173'><p>{}</p></article>"},"an3.174:1.1":{"pli":"Attanā ca pharusāya vācāya paṭivirato hoti, parañca pharusāya vācāya veramaṇiyā samādapeti, pharusāya vācāya veramaṇiyā ca samanuñño hoti …pe…. ","eng":"They don’t themselves speak harshly. They encourage others to not speak harshly. And they approve of not speaking harshly. … ","html":"<article id='an3.174'><p data-counter='12'>{}</p></article>"},"an3.175:1.1":{"pli":"Attanā ca samphappalāpī hoti, parañca samphappalāpe samādapeti, samphappalāpe ca samanuñño hoti …pe…. ","eng":"They themselves talk nonsense. They encourage others to talk nonsense. And they approve of talking nonsense. … ","html":"<article id='an3.175'><p>{}</p></article>"},"an3.176:1.1":{"pli":"Attanā ca samphappalāpā paṭivirato hoti, parañca samphappalāpā veramaṇiyā samādapeti, samphappalāpā veramaṇiyā ca samanuñño hoti …pe…. ","eng":"They don’t themselves talk nonsense. They encourage others to not talk nonsense. And they approve of not talking nonsense. … ","html":"<article id='an3.176'><p data-counter='14'>{}</p></article>"},"an3.177:1.1":{"pli":"Attanā ca abhijjhālu hoti, parañca abhijjhāya samādapeti, abhijjhāya ca samanuñño hoti …pe…. ","eng":"They themselves are covetous. They encourage others to be covetous. And they approve of covetousness. … ","html":"<article id='an3.177'><p>{}</p></article>"},"an3.178:1.1":{"pli":"Attanā ca anabhijjhālu hoti, parañca anabhijjhāya samādapeti, anabhijjhāya ca samanuñño hoti …pe…. ","eng":"They themselves are content. They encourage others to be contented. And they approve of being contented. … ","html":"<article id='an3.178'><p data-counter='16'>{}</p></article>"},"an3.179:1.1":{"pli":"Attanā ca byāpannacitto hoti, parañca byāpāde samādapeti, byāpāde ca samanuñño hoti …pe…. ","eng":"They themselves have ill will. They encourage others to have ill will. And they approve of having ill will. … ","html":"<article id='an3.179'><p>{}</p></article>"},"an3.180:1.1":{"pli":"Attanā ca abyāpannacitto hoti, parañca abyāpāde samādapeti, abyāpāde ca samanuñño hoti …pe…. ","eng":"They themselves are kind-hearted. They encourage others to be kind-hearted. And they approve of kind-heartedness. … ","html":"<article id='an3.180'><p data-counter='18'>{}</p></article>"},"an3.181:1.1":{"pli":"Attanā ca micchādiṭṭhiko hoti, parañca micchādiṭṭhiyā samādapeti, micchādiṭṭhiyā ca samanuñño hoti …pe…. ","eng":"They themselves have wrong view. They encourage others to have wrong view. And they approve of wrong view. … ","html":"<article id='an3.181'><p>{}</p></article>"},"an3.182:1.1":{"pli":"Attanā ca sammādiṭṭhiko hoti, parañca sammādiṭṭhiyā samādapeti, sammādiṭṭhiyā ca samanuñño hoti. ","eng":"They themselves have right view. They encourage others to have right view. And they approve of right view. ","html":"<article id='an3.182'><p>{}</p>"},"an3.182:1.2":{"pli":"Imehi kho, bhikkhave, tīhi dhammehi samannāgato yathābhataṃ nikkhitto evaṃ sagge”ti. ","eng":"Someone with these three qualities is raised up to heaven.” ","html":"<p data-counter='20'>{}</p>"},"an3.182:1.3":{"pli":"Kammapathapeyyālaṃ niṭṭhitaṃ. ","html":"<p class='endsutta'>{}</p>"},"an3.182:2.0":{"pli":"Tassuddānaṃ ","html":"<p class='uddana-intro'>{}</p>"},"an3.182:2.1":{"pli":"Pāṇaṃ adinnamicchā ca, ","html":"<blockquote class='uddanagatha'><p><span class='verse-line'>{}</span>"},"an3.182:2.2":{"pli":"musāvādī ca pisuṇā; ","html":"<span class='verse-line'>{}</span>"},"an3.182:2.3":{"pli":"Pharusā samphappalāpo ca, ","html":"<span class='verse-line'>{}</span>"},"an3.182:2.4":{"pli":"abhijjhā byāpādadiṭṭhi ca; ","html":"<span class='verse-line'>{}</span>"},"an3.182:2.5":{"pli":"Kammapathesu peyyālaṃ, ","html":"<span class='verse-line'>{}</span>"},"an3.182:2.6":{"pli":"tikakena niyojayeti. ","html":"<span class='verse-line'>{}</span></p></blockquote></article></section>"}},"an3.17":{"an3.17:0.1":{"pli":"Aṅguttara Nikāya 3.17 ","eng":"Numbered Discourses 3.17 ","html":"<article id='an3.17'><header><ul><li class='division'>{}</li>"},"an3.17:0.2":{"pli":"2. Rathakāravagga ","eng":"2. The Chariot-Maker ","html":"<li>{}</li></ul>"},"an3.17:0.3":{"pli":"Attabyābādhasutta ","eng":"Hurting Yourself ","html":"<h1 class='sutta-title'>{}</h1></header>"},"an3.17:1.1":{"pli":"“Tayome, bhikkhave, dhammā attabyābādhāyapi saṃvattanti, parabyābādhāyapi saṃvattanti, ubhayabyābādhāyapi saṃvattanti. ","eng":"“These three things, mendicants, lead to hurting yourself, hurting others, and hurting both. ","html":"<p>{}"},"an3.17:1.2":{"pli":"Katame tayo? ","eng":"What three? ","html":"{}"},"an3.17:1.3":{"pli":"Kāyaduccaritaṃ, vacīduccaritaṃ, manoduccaritaṃ. ","eng":"Bad conduct by way of body, speech, and mind. ","html":"{}</p>"},"an3.17:1.4":{"pli":"Ime kho, bhikkhave, tayo dhammā attabyābādhāyapi saṃvattanti, parabyābādhāyapi saṃvattanti, ubhayabyābādhāyapi saṃvattanti. ","eng":"These are three things that lead to hurting yourself, hurting others, and hurting both. ","html":"<p>{}</p>"},"an3.17:2.1":{"pli":"Tayome, bhikkhave, dhammā nevattabyābādhāyapi saṃvattanti, na parabyābādhāyapi saṃvattanti, na ubhayabyābādhāyapi saṃvattanti. ","eng":"These three things, mendicants, don’t lead to hurting yourself, hurting others, or hurting both. ","html":"<p>{}"},"an3.17:2.2":{"pli":"Katame tayo? ","eng":"What three? ","html":"{}"},"an3.17:2.3":{"pli":"Kāyasucaritaṃ, vacīsucaritaṃ, manosucaritaṃ. ","eng":"Good conduct by way of body, speech, and mind. ","html":"{}</p>"},"an3.17:2.4":{"pli":"Ime kho, bhikkhave, tayo dhammā nevattabyābādhāyapi saṃvattanti, na parabyābādhāyapi saṃvattanti, na ubhayabyābādhāyapi saṃvattantī”ti. ","eng":"These are three things that don’t lead to hurting yourself, hurting others, or hurting both.” ","html":"<p>{}</p>"},"an3.17:2.5":{"pli":"Sattamaṃ. ","html":"<p class='endsutta'>{}</p></article>"}},"an3.18":{"an3.18:0.1":{"pli":"Aṅguttara Nikāya 3.18 ","eng":"Numbered Discourses 3.18 ","html":"<article id='an3.18'><header><ul><li class='division'>{}</li>"},"an3.18:0.2":{"pli":"2. Rathakāravagga ","eng":"2. The Chariot-Maker ","html":"<li>{}</li></ul>"},"an3.18:0.3":{"pli":"Devalokasutta ","eng":"The Realm of the Gods ","html":"<h1 class='sutta-title'>{}</h1></header>"},"an3.18:1.1":{"pli":"“Sace vo, bhikkhave, aññatitthiyā paribbājakā evaṃ puccheyyuṃ: ","eng":"“Mendicants, if wanderers who follow another religion were to ask you: ","html":"<p>{}"},"an3.18:1.2":{"pli":"‘devalokūpapattiyā, āvuso, samaṇe gotame brahmacariyaṃ vussathā’ti? ","eng":"‘Reverend, do you lead the spiritual life with the ascetic Gotama so that you can be reborn in the realm of the gods?’ ","html":"{}"},"an3.18:1.3":{"pli":"Nanu tumhe, bhikkhave, evaṃ puṭṭhā aṭṭīyeyyātha harāyeyyātha jiguccheyyāthā”ti? ","eng":"Being questioned like this, wouldn’t you be horrified, repelled, and disgusted?” ","html":"{}</p>"},"an3.18:1.4":{"pli":"“Evaṃ, bhante”. ","eng":"“Yes, sir.” ","html":"<p>{}</p>"},"an3.18:1.5":{"pli":"“Iti kira tumhe, bhikkhave, dibbena āyunā aṭṭīyatha harāyatha jigucchatha, dibbena vaṇṇena dibbena sukhena dibbena yasena dibbenādhipateyyena aṭṭīyatha harāyatha jigucchatha; ","eng":"“So it seems that you are horrified, repelled, and disgusted by heavenly lifespan, beauty, happiness, glory, and sovereignty. ","html":"<p>{}"},"an3.18:1.6":{"pli":"pageva kho pana, bhikkhave, tumhehi kāyaduccaritena aṭṭīyitabbaṃ harāyitabbaṃ jigucchitabbaṃ, vacīduccaritena … manoduccaritena aṭṭīyitabbaṃ harāyitabbaṃ jigucchitabban”ti. ","eng":"How much more then should you be horrified, embarrassed, and disgusted by bad conduct by way of body, speech, and mind.” ","html":"{}</p>"},"an3.18:1.7":{"pli":"Aṭṭhamaṃ. ","html":"<p class='endsutta'>{}</p></article>"}},"an3.183-352":{"an3.183-352:0.1":{"pli":"Aṅguttara Nikāya 3 ","eng":"Numbered Discourses 3 ","html":"<article id='an3.183-352'><header><ul><li class='division'>{}</li>"},"an3.183-352:0.2":{"pli":"18. Rāgapeyyāla ","eng":"The Chapter on Abbreviated Texts Beginning with Greed ","html":"<li>{}</li></ul>"},"an3.183-352:0.3":{"pli":"~ ","eng":"Untitled Discourses on Greed, Etc. ","html":"<h1 class='sutta-title'>{}</h1></header>"},"an3.183-352:1.1":{"pli":"“Rāgassa, bhikkhave, abhiññāya tayo dhammā bhāvetabbā. ","eng":"“For insight into greed, three things should be developed. ","html":"<p>{}"},"an3.183-352:1.2":{"pli":"Katame tayo? ","eng":"What three? ","html":"{}"},"an3.183-352:1.3":{"pli":"Suññato samādhi, animitto samādhi, appaṇihito samādhi—","eng":"Emptiness immersion; signless immersion; and undirected immersion. ","html":"{}"},"an3.183-352:1.4":{"pli":"rāgassa, bhikkhave, abhiññāya ime tayo dhammā bhāvetabbā. (…) ","eng":"For insight into greed, these three things should be developed. ","html":"{}</p>"},"an3.183-352:2.1":{"pli":"Rāgassa, bhikkhave, pariññāya …pe… ","eng":"For the complete understanding of greed … ","html":"<p>{}"},"an3.183-352:2.2":{"pli":"parikkhayāya … ","eng":"complete ending … ","html":"{}"},"an3.183-352:2.3":{"pli":"pahānāya … ","eng":"giving up … ","html":"{}"},"an3.183-352:2.4":{"pli":"khayāya … ","eng":"ending … ","html":"{}"},"an3.183-352:2.5":{"pli":"vayāya … ","eng":"vanishing … ","html":"{}"},"an3.183-352:2.6":{"pli":"virāgāya … ","eng":"fading away … ","html":"{}"},"an3.183-352:2.7":{"pli":"nirodhāya … ","eng":"cessation … ","html":"{}"},"an3.183-352:2.8":{"pli":"cāgāya … ","eng":"giving away … ","html":"{}"},"an3.183-352:2.9":{"pli":"paṭinissaggāya ime tayo dhammā bhāvetabbā. ","eng":"letting go … ","html":"{}</p>"},"an3.183-352:3.1":{"pli":"Dosassa … ","eng":"hate … ","html":"<p>{}"},"an3.183-352:3.2":{"pli":"mohassa … ","eng":"delusion … ","html":"{}"},"an3.183-352:3.3":{"pli":"kodhassa … ","eng":"anger … ","html":"{}"},"an3.183-352:3.4":{"pli":"upanāhassa … ","eng":"acrimony … ","html":"{}"},"an3.183-352:3.5":{"pli":"makkhassa … ","eng":"disdain … ","html":"{}"},"an3.183-352:3.6":{"pli":"paḷāsassa … ","eng":"contempt … ","html":"{}"},"an3.183-352:3.7":{"pli":"issāya … ","eng":"jealousy … ","html":"{}"},"an3.183-352:3.8":{"pli":"macchariyassa … ","eng":"stinginess … ","html":"{}"},"an3.183-352:3.9":{"pli":"māyāya … ","eng":"deceitfulness … ","html":"{}"},"an3.183-352:3.10":{"pli":"sāṭheyyassa … ","eng":"deviousness … ","html":"{}"},"an3.183-352:3.11":{"pli":"thambhassa … ","eng":"obstinacy … ","html":"{}"},"an3.183-352:3.12":{"pli":"sārambhassa … ","eng":"aggression … ","html":"{}"},"an3.183-352:3.13":{"pli":"mānassa … ","eng":"conceit … ","html":"{}"},"an3.183-352:3.14":{"pli":"atimānassa … ","eng":"arrogance … ","html":"{}"},"an3.183-352:3.15":{"pli":"madassa … ","eng":"vanity … ","html":"{}"},"an3.183-352:3.16":{"pli":"pamādassa … ","eng":"negligence … ","html":"{}"},"an3.183-352:3.17":{"pli":"abhiññāya … ","eng":"insight … ","html":"{}"},"an3.183-352:3.18":{"pli":"pariññāya … ","eng":"complete understanding … ","html":"{}"},"an3.183-352:3.19":{"pli":"parikkhayāya … ","eng":"complete ending … ","html":"{}"},"an3.183-352:3.20":{"pli":"pahānāya … ","eng":"giving up … ","html":"{}"},"an3.183-352:3.21":{"pli":"khayāya … ","eng":"ending … ","html":"{}"},"an3.183-352:3.22":{"pli":"vayāya … ","eng":"vanishing … ","html":"{}"},"an3.183-352:3.23":{"pli":"virāgāya … ","eng":"fading away … ","html":"{}"},"an3.183-352:3.24":{"pli":"nirodhāya … ","eng":"cessation … ","html":"{}"},"an3.183-352:3.25":{"pli":"cāgāya … ","eng":"giving away … ","html":"{}"},"an3.183-352:3.26":{"pli":"paṭinissaggāya ime tayo dhammā bhāvetabbā”ti. ","eng":"For the letting go of negligence, these three things should be developed.” ","html":"{}</p>"},"an3.183-352:4.1":{"pli":"Idamavoca bhagavā. ","eng":"That is what the Buddha said. ","html":"<p>{}"},"an3.183-352:4.2":{"pli":"Attamanā te bhikkhū bhagavato bhāsitaṃ abhinandunti. ","eng":"Satisfied, the mendicants approved what the Buddha said. ","html":"{}</p>"},"an3.183-352:4.3":{"pli":"Rāgapeyyālaṃ niṭṭhitaṃ. ","html":"<p class='endsutta'>{}</p>"},"an3.183-352:5.0":{"pli":"Tassuddānaṃ ","html":"<p class='uddana-intro'>{}</p>"},"an3.183-352:5.1":{"pli":"Rāgaṃ dosañca mohañca, ","html":"<blockquote class='uddanagatha'><p><span class='verse-line'>{}</span>"},"an3.183-352:5.2":{"pli":"kodhūpanāhapañcamaṃ; ","html":"<span class='verse-line'>{}</span>"},"an3.183-352:5.3":{"pli":"Makkhapaḷāsaissā ca, ","html":"<span class='verse-line'>{}</span>"},"an3.183-352:5.4":{"pli":"maccharimāyāsāṭheyyā. ","html":"<span class='verse-line'>{}</span></p>"},"an3.183-352:6.1":{"pli":"Thambhasārambhamānañca, ","html":"<p><span class='verse-line'>{}</span>"},"an3.183-352:6.2":{"pli":"atimānamadassa ca; ","html":"<span class='verse-line'>{}</span>"},"an3.183-352:6.3":{"pli":"Pamādā sattarasa vuttā, ","html":"<span class='verse-line'>{}</span>"},"an3.183-352:6.4":{"pli":"rāgapeyyālanissitā. ","html":"<span class='verse-line'>{}</span></p>"},"an3.183-352:7.1":{"pli":"Ete opammayuttena, ","html":"<p><span class='verse-line'>{}</span>"},"an3.183-352:7.2":{"pli":"āpādena abhiññāya; ","html":"<span class='verse-line'>{}</span>"},"an3.183-352:7.3":{"pli":"Pariññāya parikkhayā, ","html":"<span class='verse-line'>{}</span>"},"an3.183-352:7.4":{"pli":"pahānakkhayabbayena; ","html":"<span class='verse-line'>{}</span>"},"an3.183-352:7.5":{"pli":"Virāganirodhacāgaṃ, ","html":"<span class='verse-line'>{}</span>"},"an3.183-352:7.6":{"pli":"paṭinissagge ime dasa. ","html":"<span class='verse-line'>{}</span></p>"},"an3.183-352:8.1":{"pli":"Suññato animitto ca, ","html":"<p><span class='verse-line'>{}</span>"},"an3.183-352:8.2":{"pli":"appaṇihito ca tayo; ","html":"<span class='verse-line'>{}</span>"},"an3.183-352:8.3":{"pli":"Samādhimūlakā peyyā—","html":"<span class='verse-line'>{}</span>"},"an3.183-352:8.4":{"pli":"lesupi vavatthitā cāti. ","html":"<span class='verse-line'>{}</span></p></blockquote>"},"an3.183-352:8.5":{"pli":"Tatiyo paṇṇāsako niṭṭhito. ","html":"<p class='endbook'>{}</p>"},"an3.183-352:8.6":{"pli":"Tikanipātapāḷi niṭṭhitā. ","eng":"The Book of the Threes is finished. ","html":"<p class='endbook'>{}</p></article>"}}}