{"an3.52":{"an3.52:0.1":{"pli":"Aṅguttara Nikāya 3.52 ","eng":"Numbered Discourses 3.52 ","html":"<article id='an3.52'><header><ul><li class='division'>{}</li>"},"an3.52:0.2":{"pli":"6. Brāhmaṇavagga ","eng":"6. Brahmins ","html":"<li>{}</li></ul>"},"an3.52:0.3":{"pli":"Dutiyadvebrāhmaṇasutta ","eng":"Two Brahmins (2nd) ","html":"<h1 class='sutta-title'>{}</h1></header>"},"an3.52:1.1":{"pli":"Atha kho dve brāhmaṇā jiṇṇā vuddhā mahallakā addhagatā vayoanuppattā vīsavassasatikā jātiyā yena bhagavā tenupasaṅkamiṃsu; upasaṅkamitvā bhagavantaṃ abhivādetvā ekamantaṃ nisīdiṃsu. Ekamantaṃ nisinnā kho te brāhmaṇā bhagavantaṃ etadavocuṃ: ","eng":"Then two old brahmins—elderly and senior, who were advanced in years and had reached the final stage of life, being a hundred and twenty years old—went up to the Buddha, bowed, sat down to one side, and said to the Buddha: ","html":"<p>{}</p>"},"an3.52:1.2":{"pli":"“mayamassu, bho gotama, brāhmaṇā jiṇṇā vuddhā mahallakā addhagatā vayoanuppattā vīsavassasatikā jātiyā; ","eng":"“We brahmins, worthy Gotama, are old, elderly and senior, we’re advanced in years and have reached the final stage of life; we’re a hundred and twenty years old. ","html":"<p>{}"},"an3.52:1.3":{"pli":"te camhā akatakalyāṇā akatakusalā akatabhīruttāṇā. ","eng":"And we haven’t done what is good and skillful, nor have we made a shelter from fear. ","html":"{}"},"an3.52:1.4":{"pli":"Ovadatu no bhavaṃ gotamo, anusāsatu no bhavaṃ gotamo yaṃ amhākaṃ assa dīgharattaṃ hitāya sukhāyā”ti. ","eng":"Advise us, worthy Gotama, instruct us! It will be for our lasting welfare and happiness.” ","html":"{}</p>"},"an3.52:2.1":{"pli":"“Taggha tumhe, brāhmaṇā, jiṇṇā vuddhā mahallakā addhagatā vayoanuppattā vīsavassasatikā jātiyā; ","eng":"“Indeed, brahmins, you’re old, elderly and senior. ","html":"<p>{}"},"an3.52:2.2":{"pli":"te cattha akatakalyāṇā akatakusalā akatabhīruttāṇā. ","eng":"And you haven’t done what is good and skillful, nor have you made a shelter from fear. ","html":"{}"},"an3.52:2.3":{"pli":"Āditto kho ayaṃ, brāhmaṇā, loko jarāya byādhinā maraṇena. ","eng":"This world is burning with old age, sickness, and death. ","html":"{}"},"an3.52:2.4":{"pli":"Evaṃ āditte kho, brāhmaṇā, loke jarāya byādhinā maraṇena, yo idha kāyena saṃyamo vācāya saṃyamo manasā saṃyamo, taṃ tassa petassa tāṇañca leṇañca dīpañca saraṇañca parāyaṇañcāti. ","eng":"But restraint here by way of body, speech, and mind is the shelter, protection, island, refuge, and haven for the departed. ","html":"{}</p>"},"an3.52:3.1":{"pli":"Ādittasmiṃ agārasmiṃ, ","eng":"When your house is on fire, ","html":"<blockquote class='gatha'><p><span class='verse-line'>{}</span>"},"an3.52:3.2":{"pli":"yaṃ nīharati bhājanaṃ; ","eng":"you rescue the pot ","html":"<span class='verse-line'>{}</span>"},"an3.52:3.3":{"pli":"Taṃ tassa hoti atthāya, ","eng":"that’s useful, ","html":"<span class='verse-line'>{}</span>"},"an3.52:3.4":{"pli":"no ca yaṃ tattha ḍayhati. ","eng":"not the one that’s burnt. ","html":"<span class='verse-line'>{}</span></p>"},"an3.52:4.1":{"pli":"Evaṃ āditto kho loko, ","eng":"And as the world is on fire ","html":"<p><span class='verse-line'>{}</span>"},"an3.52:4.2":{"pli":"jarāya maraṇena ca; ","eng":"with old age and death, ","html":"<span class='verse-line'>{}</span>"},"an3.52:4.3":{"pli":"Nīharetheva dānena, ","eng":"you should rescue by giving, ","html":"<span class='verse-line'>{}</span>"},"an3.52:4.4":{"pli":"dinnaṃ hoti sunīhataṃ. ","eng":"for what’s given is rescued. ","html":"<span class='verse-line'>{}</span></p>"},"an3.52:5.1":{"pli":"Yodha kāyena saṃyamo, ","eng":"The restraint practiced here—","html":"<p><span class='verse-line'>{}</span>"},"an3.52:5.2":{"pli":"Vācāya uda cetasā; ","eng":"of body, speech, and mind—","html":"<span class='verse-line'>{}</span>"},"an3.52:5.3":{"pli":"Taṃ tassa petassa sukhāya hoti, ","eng":"leads the departed to happiness, ","html":"<span class='verse-line'>{}</span>"},"an3.52:5.4":{"pli":"Yaṃ jīvamāno pakaroti puññan”ti. ","eng":"as the good deeds done while living.” ","html":"<span class='verse-line'>{}</span></p></blockquote>"},"an3.52:5.5":{"pli":"Dutiyaṃ. ","html":"<p class='endsutta'>{}</p></article>"}},"an3.53":{"an3.53:0.1":{"pli":"Aṅguttara Nikāya 3.53 ","eng":"Numbered Discourses 3.53 ","html":"<article id='an3.53'><header><ul><li class='division'>{}</li>"},"an3.53:0.2":{"pli":"6. Brāhmaṇavagga ","eng":"6. Brahmins ","html":"<li>{}</li></ul>"},"an3.53:0.3":{"pli":"Aññatarabrāhmaṇasutta ","eng":"A Certain Brahmin ","html":"<h1 class='sutta-title'>{}</h1></header>"},"an3.53:1.1":{"pli":"Atha kho aññataro brāhmaṇo yena bhagavā tenupasaṅkami; upasaṅkamitvā bhagavatā saddhiṃ sammodi …pe… ekamantaṃ nisinno kho so brāhmaṇo bhagavantaṃ etadavoca: ","eng":"Then a brahmin went up to the Buddha, and exchanged greetings with him. Seated to one side he said to the Buddha: ","html":"<p>{}</p>"},"an3.53:1.2":{"pli":"“‘sandiṭṭhiko dhammo sandiṭṭhiko dhammo’ti, bho gotama, vuccati. ","eng":"“Worthy Gotama, they speak of ‘a teaching apparent in the present life’. ","html":"<p>{}"},"an3.53:1.3":{"pli":"Kittāvatā nu kho, bho gotama, sandiṭṭhiko dhammo hoti akāliko ehipassiko opaneyyiko paccattaṃ veditabbo viññūhī”ti? ","eng":"In what way is the teaching apparent in the present life, immediately effective, inviting inspection, relevant, so that sensible people can know it for themselves?” ","html":"{}</p>"},"an3.53:2.1":{"pli":"“Ratto kho, brāhmaṇa, rāgena abhibhūto pariyādinnacitto attabyābādhāyapi ceteti, parabyābādhāyapi ceteti, ubhayabyābādhāyapi ceteti, cetasikampi dukkhaṃ domanassaṃ paṭisaṃvedeti. ","eng":"“A greedy person, overcome and overwhelmed by greed, intends to hurt themselves, hurt others, and hurt both. They experience mental pain and sadness. ","html":"<p>{}"},"an3.53:2.2":{"pli":"Rāge pahīne nevattabyābādhāyapi ceteti, na parabyābādhāyapi ceteti, na ubhayabyābādhāyapi ceteti, na cetasikaṃ dukkhaṃ domanassaṃ paṭisaṃvedeti. ","eng":"When greed has been given up, they don’t intend to hurt themselves, hurt others, and hurt both. They don’t experience mental pain and sadness. ","html":"{}"},"an3.53:2.3":{"pli":"Ratto kho …pe… kāyena duccaritaṃ carati, vācāya duccaritaṃ carati, manasā duccaritaṃ carati. ","html":"{}"},"an3.53:2.4":{"pli":"Rāge pahīne neva kāyena duccaritaṃ carati, na vācāya duccaritaṃ carati, na manasā duccaritaṃ carati. ","html":"{}"},"an3.53:2.5":{"pli":"Ratto kho …pe… attatthampi yathābhūtaṃ nappajānāti, paratthampi yathābhūtaṃ nappajānāti, ubhayatthampi yathābhūtaṃ nappajānāti. ","html":"{}"},"an3.53:2.6":{"pli":"Rāge pahīne attatthampi yathābhūtaṃ pajānāti, paratthampi yathābhūtaṃ pajānāti, ubhayatthampi yathābhūtaṃ pajānāti. ","html":"{}"},"an3.53:2.7":{"pli":"Evampi kho, brāhmaṇa, sandiṭṭhiko dhammo hoti …pe…. ","eng":"This is how the teaching is apparent in the present life, immediately effective, inviting inspection, relevant, so that sensible people can know it for themselves. ","html":"{}</p>"},"an3.53:3.1":{"pli":"Duṭṭho kho, brāhmaṇa, dosena abhibhūto pariyādinnacitto attabyābādhāyapi ceteti, parabyābādhāyapi ceteti, ubhayabyābādhāyapi ceteti, cetasikampi dukkhaṃ domanassaṃ paṭisaṃvedeti. ","eng":"A hateful person, overcome by hate, intends to hurt themselves, hurt others, and hurt both. They experience mental pain and sadness. ","html":"<p>{}"},"an3.53:3.2":{"pli":"Dose pahīne nevattabyābādhāyapi ceteti, na parabyābādhāyapi ceteti, na ubhayabyābādhāyapi ceteti, na cetasikampi dukkhaṃ domanassaṃ paṭisaṃvedeti. ","eng":"When hate has been given up, they don’t intend to hurt themselves, hurt others, and hurt both. They don’t experience mental pain and sadness. ","html":"{}"},"an3.53:3.3":{"pli":"Evampi kho, brāhmaṇa, sandiṭṭhiko dhammo hoti …pe…. ","eng":"This, too, is how the teaching is apparent in the present life, immediately effective, inviting inspection, relevant, so that sensible people can know it for themselves. ","html":"{}</p>"},"an3.53:4.1":{"pli":"Mūḷho kho, brāhmaṇa, mohena abhibhūto pariyādinnacitto attabyābādhāyapi ceteti, parabyābādhāyapi ceteti, ubhayabyābādhāyapi ceteti, cetasikampi dukkhaṃ domanassaṃ paṭisaṃvedeti. ","eng":"A deluded person, overcome by delusion, intends to hurt themselves, hurt others, and hurt both. They experience mental pain and sadness. ","html":"<p>{}"},"an3.53:4.2":{"pli":"Mohe pahīne nevattabyābādhāyapi ceteti, na parabyābādhāyapi ceteti, na ubhayabyābādhāyapi ceteti, na cetasikaṃ dukkhaṃ domanassaṃ paṭisaṃvedeti. ","eng":"When delusion has been given up, they don’t intend to hurt themselves, hurt others, and hurt both. They don’t experience mental pain and sadness. ","html":"{}"},"an3.53:4.3":{"pli":"Evaṃ kho, brāhmaṇa, sandiṭṭhiko dhammo hoti akāliko ehipassiko opaneyyiko paccattaṃ veditabbo viññūhī”ti. ","eng":"This, too, is how the teaching is apparent in the present life, immediately effective, inviting inspection, relevant, so that sensible people can know it for themselves.” ","html":"{}</p>"},"an3.53:5.1":{"pli":"“Abhikkantaṃ, bho gotama, abhikkantaṃ, bho gotama. ","eng":"“Excellent, worthy Gotama! Excellent! ","html":"<p>{}"},"an3.53:5.2":{"pli":"Seyyathāpi, bho gotama, nikkujjitaṃ vā ukkujjeyya, paṭicchannaṃ vā vivareyya, mūḷhassa vā maggaṃ ācikkheyya, andhakāre vā telapajjotaṃ dhāreyya: ‘cakkhumanto rūpāni dakkhantī’ti; evamevaṃ bhotā gotamena anekapariyāyena dhammo pakāsito. ","eng":"As if he were righting the overturned, or revealing the hidden, or pointing out the path to the lost, or lighting a lamp in the dark so people with clear eyes can see what’s there, worthy Gotama has made the teaching clear in many ways. ","html":"{}"},"an3.53:5.3":{"pli":"Esāhaṃ bhavantaṃ gotamaṃ saraṇaṃ gacchāmi dhammañca bhikkhusaṅghañca. ","eng":"I go for refuge to the worthy Gotama, to the teaching, and to the mendicant Saṅgha. ","html":"{}"},"an3.53:5.4":{"pli":"Upāsakaṃ maṃ bhavaṃ gotamo dhāretu ajjatagge pāṇupetaṃ saraṇaṃ gatan”ti. ","eng":"From this day forth, may the worthy Gotama remember me as a lay follower who has gone for refuge for life.” ","html":"{}</p>"},"an3.53:5.5":{"pli":"Tatiyaṃ. ","html":"<p class='endsutta'>{}</p></article>"}},"an3.54":{"an3.54:0.1":{"pli":"Aṅguttara Nikāya 3.54 ","eng":"Numbered Discourses 3.54 ","html":"<article id='an3.54'><header><ul><li class='division'>{}</li>"},"an3.54:0.2":{"pli":"6. Brāhmaṇavagga ","eng":"6. Brahmins ","html":"<li>{}</li></ul>"},"an3.54:0.3":{"pli":"Paribbājakasutta ","eng":"A Wanderer ","html":"<h1 class='sutta-title'>{}</h1></header>"},"an3.54:1.1":{"pli":"Atha kho aññataro brāhmaṇaparibbājako yena bhagavā tenupasaṅkami; upasaṅkamitvā …pe… ekamantaṃ nisinno kho so brāhmaṇaparibbājako bhagavantaṃ etadavoca: ","eng":"Then a brahmin wanderer went up to the Buddha … Seated to one side he said to the Buddha: ","html":"<p>{}</p>"},"an3.54:1.2":{"pli":"“‘sandiṭṭhiko dhammo sandiṭṭhiko dhammo’ti, bho gotama, vuccati. ","eng":"“Worthy Gotama, they speak of ‘a teaching apparent in the present life’. ","html":"<p>{}"},"an3.54:1.3":{"pli":"Kittāvatā nu kho, bho gotama, sandiṭṭhiko dhammo hoti akāliko ehipassiko opaneyyiko paccattaṃ veditabbo viññūhī”ti? ","eng":"In what way is the teaching apparent in the present life, immediately effective, inviting inspection, relevant, so that sensible people can know it for themselves?” ","html":"{}</p>"},"an3.54:2.1":{"pli":"“Ratto kho, brāhmaṇa, rāgena abhibhūto pariyādinnacitto attabyābādhāyapi ceteti, parabyābādhāyapi ceteti, ubhayabyābādhāyapi ceteti, cetasikampi dukkhaṃ domanassaṃ paṭisaṃvedeti. ","eng":"“A greedy person, overcome by greed, intends to hurt themselves, hurt others, and hurt both. They experience mental pain and sadness. ","html":"<p>{}"},"an3.54:2.2":{"pli":"Rāge pahīne nevattabyābādhāyapi ceteti, na parabyābādhāyapi ceteti, na ubhayabyābādhāyapi ceteti, na cetasikampi dukkhaṃ domanassaṃ paṭisaṃvedeti. ","eng":"When greed has been given up, they don’t intend to hurt themselves, hurt others, and hurt both. They don’t experience mental pain and sadness. ","html":"{}</p>"},"an3.54:3.1":{"pli":"Ratto kho, brāhmaṇa, rāgena abhibhūto pariyādinnacitto kāyena duccaritaṃ carati, vācāya duccaritaṃ carati, manasā duccaritaṃ carati. ","eng":"A greedy person does bad things by way of body, speech, and mind. ","html":"<p>{}"},"an3.54:3.2":{"pli":"Rāge pahīne neva kāyena duccaritaṃ carati, na vācāya duccaritaṃ carati, na manasā duccaritaṃ carati. ","eng":"When greed has been given up, they don’t do bad things by way of body, speech, and mind. ","html":"{}</p>"},"an3.54:4.1":{"pli":"Ratto kho, brāhmaṇa, rāgena abhibhūto pariyādinnacitto attatthampi yathābhūtaṃ nappajānāti, paratthampi yathābhūtaṃ nappajānāti, ubhayatthampi yathābhūtaṃ nappajānāti. ","eng":"A greedy person doesn’t truly understand what’s for their own good, the good of another, or the good of both. ","html":"<p>{}"},"an3.54:4.2":{"pli":"Rāge pahīne attatthampi yathābhūtaṃ pajānāti, paratthampi yathābhūtaṃ pajānāti, ubhayatthampi yathābhūtaṃ pajānāti. ","eng":"When greed has been given up, they truly understand what’s for their own good, the good of another, or the good of both. ","html":"{}"},"an3.54:4.3":{"pli":"Evampi kho, brāhmaṇa, sandiṭṭhiko dhammo hoti …pe…. ","eng":"This is how the teaching is apparent in the present life, immediately effective, inviting inspection, relevant, so that sensible people can know it for themselves. ","html":"{}</p>"},"an3.54:5.1":{"pli":"Duṭṭho kho, brāhmaṇa, dosena …pe… ","eng":"A hateful person … ","html":"<p>{}"},"an3.54:5.2":{"pli":"mūḷho kho, brāhmaṇa, mohena abhibhūto pariyādinnacitto attabyābādhāyapi ceteti, parabyābādhāyapi ceteti, ubhayabyābādhāyapi ceteti, cetasikampi dukkhaṃ domanassaṃ paṭisaṃvedeti. ","eng":"A deluded person, overcome by delusion, intends to hurt themselves, hurt others, and hurt both. They experience mental pain and sadness. ","html":"{}"},"an3.54:5.3":{"pli":"Mohe pahīne nevattabyābādhāyapi ceteti, na parabyābādhāyapi ceteti, na ubhayabyābādhāyapi ceteti, na cetasikaṃ dukkhaṃ domanassaṃ paṭisaṃvedeti. ","eng":"When delusion has been given up, they don’t intend to hurt themselves, hurt others, and hurt both. They don’t experience mental pain and sadness. ","html":"{}</p>"},"an3.54:6.1":{"pli":"Mūḷho kho, brāhmaṇa, mohena abhibhūto pariyādinnacitto, kāyena duccaritaṃ carati, vācāya duccaritaṃ carati, manasā duccaritaṃ carati. ","eng":"A deluded person does bad things by way of body, speech, and mind. ","html":"<p>{}"},"an3.54:6.2":{"pli":"Mohe pahīne neva kāyena duccaritaṃ carati, na vācāya duccaritaṃ carati, na manasā duccaritaṃ carati. ","eng":"When delusion has been given up, they don’t do bad things by way of body, speech, and mind. ","html":"{}</p>"},"an3.54:7.1":{"pli":"Mūḷho kho, brāhmaṇa, mohena abhibhūto pariyādinnacitto attatthampi yathābhūtaṃ nappajānāti, paratthampi yathābhūtaṃ nappajānāti, ubhayatthampi yathābhūtaṃ nappajānāti. ","eng":"A deluded person doesn’t truly understand what’s for their own good, the good of another, or the good of both. ","html":"<p>{}"},"an3.54:7.2":{"pli":"Mohe pahīne attatthampi yathābhūtaṃ pajānāti, paratthampi yathābhūtaṃ pajānāti, ubhayatthampi yathābhūtaṃ pajānāti. ","eng":"When delusion has been given up, they truly understand what’s for their own good, the good of another, or the good of both. ","html":"{}"},"an3.54:7.3":{"pli":"Evaṃ kho, brāhmaṇa, sandiṭṭhiko dhammo hoti akāliko ehipassiko opaneyyiko paccattaṃ veditabbo viññūhī”ti. ","eng":"This, too, is how the teaching is apparent in the present life, immediately effective, inviting inspection, relevant, so that sensible people can know it for themselves.” ","html":"{}</p>"},"an3.54:8.1":{"pli":"“Abhikkantaṃ, bho gotama …pe… ","eng":"“Excellent, worthy Gotama! Excellent! … ","html":"<p>{}"},"an3.54:8.2":{"pli":"upāsakaṃ maṃ bhavaṃ gotamo dhāretu ajjatagge pāṇupetaṃ saraṇaṃ gatan”ti. ","eng":"From this day forth, may the worthy Gotama remember me as a lay follower who has gone for refuge for life.” ","html":"{}</p>"},"an3.54:8.3":{"pli":"Catutthaṃ. ","html":"<p class='endsutta'>{}</p></article>"}},"an3.55":{"an3.55:0.1":{"pli":"Aṅguttara Nikāya 3.55 ","eng":"Numbered Discourses 3.55 ","html":"<article id='an3.55'><header><ul><li class='division'>{}</li>"},"an3.55:0.2":{"pli":"6. Brāhmaṇavagga ","eng":"6. Brahmins ","html":"<li>{}</li></ul>"},"an3.55:0.3":{"pli":"Nibbutasutta ","eng":"Quenched ","html":"<h1 class='sutta-title'>{}</h1></header>"},"an3.55:1.1":{"pli":"Atha kho jāṇussoṇi brāhmaṇo yena bhagavā tenupasaṅkami; upasaṅkamitvā bhagavantaṃ abhivādetvā ekamantaṃ nisīdi. Ekamantaṃ nisinno kho jāṇussoṇi brāhmaṇo bhagavantaṃ etadavoca: ","eng":"Then the brahmin Jānussoṇi went up to the Buddha, bowed, sat down to one side, and said to the Buddha: ","html":"<p>{}</p>"},"an3.55:1.2":{"pli":"“‘sandiṭṭhikaṃ nibbānaṃ sandiṭṭhikaṃ nibbānan’ti, bho gotama, vuccati. ","eng":"“Worthy Gotama, they say that ‘extinguishment is apparent in the present life’. ","html":"<p>{}"},"an3.55:1.3":{"pli":"Kittāvatā nu kho, bho gotama, sandiṭṭhikaṃ nibbānaṃ hoti akālikaṃ ehipassikaṃ opaneyyikaṃ paccattaṃ veditabbaṃ viññūhī”ti? ","eng":"In what way is extinguishment apparent in the present life, immediately effective, inviting inspection, relevant, so that sensible people can know it for themselves?” ","html":"{}</p>"},"an3.55:2.1":{"pli":"Ratto kho, brāhmaṇa, rāgena abhibhūto pariyādinnacitto attabyābādhāyapi ceteti, parabyābādhāyapi ceteti, ubhayabyābādhāyapi ceteti, cetasikampi dukkhaṃ domanassaṃ paṭisaṃvedeti. ","eng":"“A greedy person, overcome by greed, intends to hurt themselves, hurt others, and hurt both. They experience mental pain and sadness. ","html":"<p>{}"},"an3.55:2.2":{"pli":"Rāge pahīne nevattabyābādhāyapi ceteti, na parabyābādhāyapi ceteti, na ubhayabyābādhāyapi ceteti, na cetasikampi dukkhaṃ domanassaṃ paṭisaṃvedeti. ","eng":"When greed has been given up, they don’t intend to hurt themselves, hurt others, and hurt both. They don’t experience mental pain and sadness. ","html":"{}"},"an3.55:2.3":{"pli":"Evampi kho, brāhmaṇa, sandiṭṭhikaṃ nibbānaṃ hoti. ","eng":"This is how extinguishment is apparent in the present life. ","html":"{}</p>"},"an3.55:3.1":{"pli":"Duṭṭho kho, brāhmaṇa …pe… ","eng":"A hateful person … ","html":"<p>{}</p>"},"an3.55:3.2":{"pli":"mūḷho kho, brāhmaṇa, mohena abhibhūto pariyādinnacitto attabyābādhāyapi ceteti, parabyābādhāyapi ceteti, ubhayabyābādhāyapi ceteti, cetasikampi dukkhaṃ domanassaṃ paṭisaṃvedeti. ","eng":"A deluded person, overcome by delusion, intends to hurt themselves, hurt others, and hurt both. They experience mental pain and sadness. ","html":"<p>{}"},"an3.55:3.3":{"pli":"Mohe pahīne nevattabyābādhāyapi ceteti, na parabyābādhāyapi ceteti, na ubhayabyābādhāyapi ceteti, na cetasikaṃ dukkhaṃ domanassaṃ paṭisaṃvedeti. ","eng":"When delusion has been given up, they don’t intend to hurt themselves, hurt others, and hurt both. They don’t experience mental pain and sadness. ","html":"{}"},"an3.55:3.4":{"pli":"Evampi kho, brāhmaṇa, sandiṭṭhikaṃ nibbānaṃ hoti. ","eng":"This, too, is how extinguishment is apparent in the present life. ","html":"{}</p>"},"an3.55:4.1":{"pli":"Yato kho ayaṃ, brāhmaṇa, anavasesaṃ rāgakkhayaṃ paṭisaṃvedeti, anavasesaṃ dosakkhayaṃ paṭisaṃvedeti, anavasesaṃ mohakkhayaṃ paṭisaṃvedeti; ","eng":"When you experience the ending of greed, hate, and delusion without anything left over, ","html":"<p>{}"},"an3.55:4.2":{"pli":"evaṃ kho, brāhmaṇa, sandiṭṭhikaṃ nibbānaṃ hoti akālikaṃ ehipassikaṃ opaneyyikaṃ paccattaṃ veditabbaṃ viññūhī”ti. ","eng":"that’s how extinguishment is apparent in the present life, immediately effective, inviting inspection, relevant, so that sensible people can know it for themselves.” ","html":"{}</p>"},"an3.55:5.1":{"pli":"“Abhikkantaṃ, bho gotama …pe… ","eng":"“Excellent, worthy Gotama! Excellent! … ","html":"<p>{}"},"an3.55:5.2":{"pli":"upāsakaṃ maṃ bhavaṃ gotamo dhāretu ajjatagge pāṇupetaṃ saraṇaṃ gatan”ti. ","eng":"From this day forth, may the worthy Gotama remember me as a lay follower who has gone for refuge for life.” ","html":"{}</p>"},"an3.55:5.3":{"pli":"Pañcamaṃ. ","html":"<p class='endsutta'>{}</p></article>"}},"an3.56":{"an3.56:0.1":{"pli":"Aṅguttara Nikāya 3.56 ","eng":"Numbered Discourses 3.56 ","html":"<article id='an3.56'><header><ul><li class='division'>{}</li>"},"an3.56:0.2":{"pli":"6. Brāhmaṇavagga ","eng":"6. Brahmins ","html":"<li>{}</li></ul>"},"an3.56:0.3":{"pli":"Palokasutta ","eng":"Breaking Apart ","html":"<h1 class='sutta-title'>{}</h1></header>"},"an3.56:1.1":{"pli":"Atha kho aññataro brāhmaṇamahāsālo yena bhagavā tenupasaṅkami …pe… ekamantaṃ nisinno kho so brāhmaṇamahāsālo bhagavantaṃ etadavoca: ","eng":"Then a well-to-do Brahmin went up to the Buddha, and seated to one side he said to him: ","html":"<p>{}</p>"},"an3.56:1.2":{"pli":"“sutaṃ metaṃ, bho gotama, pubbakānaṃ brāhmaṇānaṃ vuddhānaṃ mahallakānaṃ ācariyapācariyānaṃ bhāsamānānaṃ: ","eng":"“Worthy Gotama, I have heard that brahmins of the past who were elderly and senior, the tutors of tutors, said: ","html":"<p>{}"},"an3.56:1.3":{"pli":"‘pubbe sudaṃ ayaṃ loko avīci maññe phuṭo ahosi manussehi, kukkuṭasaṃpātikā gāmanigamarājadhāniyo’ti. ","eng":"‘In the old days this world was so full of humans you’d think they were squashed together. The villages, towns and capital cities were no more than a chicken’s flight apart.’ ","html":"{}"},"an3.56:1.4":{"pli":"Ko nu kho, bho gotama, hetu ko paccayo yenetarahi manussānaṃ khayo hoti, tanuttaṃ paññāyati, gāmāpi agāmā honti, nigamāpi anigamā honti, nagarāpi anagarā honti, janapadāpi ajanapadā hontī”ti? ","eng":"What is the cause, sir, what is the reason why these days human numbers have dwindled, a decline in population is evident, and whole villages, towns, cities, and countries have disappeared?” ","html":"{}</p>"},"an3.56:2.1":{"pli":"“Etarahi, brāhmaṇa, manussā adhammarāgarattā visamalobhābhibhūtā micchādhammaparetā. ","eng":"“These days, brahmin, humans just love illicit desire. They’re overcome by immoral greed, and mired in wrong custom. ","html":"<p>{}"},"an3.56:2.2":{"pli":"Te adhammarāgarattā visamalobhābhibhūtā micchādhammaparetā tiṇhāni satthāni gahetvā aññamaññaṃ jīvitā voropenti, tena bahū manussā kālaṃ karonti. ","eng":"Taking up sharp knives, they murder each other. And so many people perish. ","html":"{}"},"an3.56:2.3":{"pli":"Ayampi kho, brāhmaṇa, hetu ayaṃ paccayo yenetarahi manussānaṃ khayo hoti, tanuttaṃ paññāyati, gāmāpi agāmā honti, nigamāpi anigamā honti, nagarāpi anagarā honti, janapadāpi ajanapadā honti. ","eng":"This is the cause, this is the reason why these days human numbers have dwindled. ","html":"{}</p>"},"an3.56:3.1":{"pli":"Puna caparaṃ, brāhmaṇa, etarahi manussā adhammarāgarattā visamalobhābhibhūtā micchādhammaparetā. ","eng":"Furthermore, because these days humans just love illicit desire … ","html":"<p>{}"},"an3.56:3.2":{"pli":"Tesaṃ adhammarāgarattānaṃ visamalobhābhibhūtānaṃ micchādhammaparetānaṃ devo na sammādhāraṃ anuppavecchati. ","eng":"the heavens don’t provide enough rain, ","html":"{}"},"an3.56:3.3":{"pli":"Tena dubbhikkhaṃ hoti dussassaṃ setaṭṭhikaṃ salākāvuttaṃ. ","eng":"so there’s famine, a bad harvest, with blighted crops that turn to straw. ","html":"{}"},"an3.56:3.4":{"pli":"Tena bahū manussā kālaṃ karonti. ","eng":"And so many people perish. ","html":"{}"},"an3.56:3.5":{"pli":"Ayampi kho, brāhmaṇa, hetu ayaṃ paccayo yenetarahi manussānaṃ khayo hoti, tanuttaṃ paññāyati, gāmāpi agāmā honti, nigamāpi anigamā honti, nagarāpi anagarā honti, janapadāpi ajanapadā honti. ","eng":"This is the cause, this is the reason why these days human numbers have dwindled. ","html":"{}</p>"},"an3.56:4.1":{"pli":"Puna caparaṃ, brāhmaṇa, etarahi manussā adhammarāgarattā visamalobhābhibhūtā micchādhammaparetā. ","eng":"Furthermore, because these days humans just love illicit desire … ","html":"<p>{}"},"an3.56:4.2":{"pli":"Tesaṃ adhammarāgarattānaṃ visamalobhābhibhūtānaṃ micchādhammaparetānaṃ yakkhā vāḷe amanusse ossajjanti, tena bahū manussā kālaṃ karonti. ","eng":"native spirits let vicious monsters loose. And so many humans perish. ","html":"{}"},"an3.56:4.3":{"pli":"Ayampi kho, brāhmaṇa, hetu ayaṃ paccayo yenetarahi manussānaṃ khayo hoti, tanuttaṃ paññāyati, gāmāpi agāmā honti, nigamāpi anigamā honti, nagarāpi anagarā honti, janapadāpi ajanapadā hontī”ti. ","eng":"This is the cause, this is the reason why these days human numbers have dwindled.” ","html":"{}</p>"},"an3.56:5.1":{"pli":"“Abhikkantaṃ, bho gotama …pe… ","eng":"“Excellent, worthy Gotama! Excellent! … ","html":"<p>{}"},"an3.56:5.2":{"pli":"upāsakaṃ maṃ bhavaṃ gotamo dhāretu ajjatagge pāṇupetaṃ saraṇaṃ gatan”ti. ","eng":"From this day forth, may the worthy Gotama remember me as a lay follower who has gone for refuge for life.” ","html":"{}</p>"},"an3.56:5.3":{"pli":"Chaṭṭhaṃ. ","html":"<p class='endsutta'>{}</p></article>"}},"an3.57":{"an3.57:0.1":{"pli":"Aṅguttara Nikāya 3.57 ","eng":"Numbered Discourses 3.57 ","html":"<article id='an3.57'><header><ul><li class='division'>{}</li>"},"an3.57:0.2":{"pli":"6. Brāhmaṇavagga ","eng":"6. Brahmins ","html":"<li>{}</li></ul>"},"an3.57:0.3":{"pli":"Vacchagottasutta ","eng":"With Vacchagotta ","html":"<h1 class='sutta-title'>{}</h1></header>"},"an3.57:1.1":{"pli":"Atha kho vacchagotto paribbājako yena bhagavā tenupasaṅkami; upasaṅkamitvā bhagavatā saddhiṃ sammodi. ","eng":"Then the wanderer Vacchagotta went up to the Buddha, and exchanged greetings with him. ","html":"<p>{}"},"an3.57:1.2":{"pli":"Sammodanīyaṃ kathaṃ sāraṇīyaṃ vītisāretvā ekamantaṃ nisīdi. Ekamantaṃ nisinno kho vacchagotto paribbājako bhagavantaṃ etadavoca: ","eng":"When the greetings and polite conversation were over, he sat down to one side and said to the Buddha: ","html":"{}</p>"},"an3.57:1.3":{"pli":"“sutaṃ metaṃ, bho gotama, samaṇo gotamo evamāha: ","eng":"“I have heard, worthy Gotama, that the ascetic Gotama says this: ","html":"<p>{}"},"an3.57:1.4":{"pli":"‘mayhameva dānaṃ dātabbaṃ, nāññesaṃ dānaṃ dātabbaṃ; ","eng":"‘Gifts should only be given to me, not to others. ","html":"{}"},"an3.57:1.5":{"pli":"mayhameva sāvakānaṃ dānaṃ dātabbaṃ, nāññesaṃ sāvakānaṃ dānaṃ dātabbaṃ; ","eng":"Gifts should only be given to my disciples, not to the disciples of others. ","html":"{}"},"an3.57:1.6":{"pli":"mayhameva dinnaṃ mahapphalaṃ, nāññesaṃ dinnaṃ mahapphalaṃ; ","eng":"Only what is given to me is very fruitful, not what is given to others. ","html":"{}"},"an3.57:1.7":{"pli":"mayhameva sāvakānaṃ dinnaṃ mahapphalaṃ, nāññesaṃ sāvakānaṃ dinnaṃ mahapphalan’ti. ","eng":"Only what is given to my disciples is very fruitful, not what is given to the disciples of others.’ ","html":"{}"},"an3.57:1.8":{"pli":"Ye te, bho gotama, evamāhaṃsu ‘samaṇo gotamo evamāha: ","html":"{}"},"an3.57:1.9":{"pli":"“mayhameva dānaṃ dātabbaṃ, nāññesaṃ dānaṃ dātabbaṃ. ","html":"{}"},"an3.57:1.10":{"pli":"Mayhameva sāvakānaṃ dānaṃ dātabbaṃ, nāññesaṃ sāvakānaṃ dānaṃ dātabbaṃ. ","html":"{}"},"an3.57:1.11":{"pli":"Mayhameva dinnaṃ mahapphalaṃ, nāññesaṃ dinnaṃ mahapphalaṃ. ","html":"{}"},"an3.57:1.12":{"pli":"Mayhameva sāvakānaṃ dinnaṃ mahapphalaṃ, nāññesaṃ sāvakānaṃ dinnaṃ mahapphalan”’ti. ","html":"{}</p>"},"an3.57:1.13":{"pli":"Kacci te bhoto gotamassa vuttavādino na ca bhavantaṃ gotamaṃ abhūtena abbhācikkhanti, dhammassa cānudhammaṃ byākaronti, na ca koci sahadhammiko vādānupāto gārayhaṃ ṭhānaṃ āgacchati? ","eng":"I trust that those who say this repeat what the Buddha has said, and do not misrepresent him with an untruth? Is their explanation in line with the teaching? Are there any legitimate grounds for rebuttal and criticism? ","html":"<p>{}"},"an3.57:1.14":{"pli":"Anabbhakkhātukāmā hi mayaṃ bhavantaṃ gotaman”ti. ","eng":"For we don’t want to misrepresent the worthy Gotama.” ","html":"{}</p>"},"an3.57:2.1":{"pli":"“Ye te, vaccha, evamāhaṃsu: ","eng":"“Vaccha, those who say this ","html":"<p>{}"},"an3.57:2.2":{"pli":"‘samaṇo gotamo evamāha: ","html":"{}"},"an3.57:2.3":{"pli":"“mayhameva dānaṃ dātabbaṃ …pe… ","html":"{}"},"an3.57:2.4":{"pli":"nāññesaṃ sāvakānaṃ dinnaṃ mahapphalan”’ti ","html":"{}"},"an3.57:2.5":{"pli":"na me te vuttavādino. Abbhācikkhanti ca pana maṃ asatā abhūtena. ","eng":"do not repeat what I have said. They misrepresent me with what is false and untrue. ","html":"{}</p>"},"an3.57:2.6":{"pli":"Yo kho, vaccha, paraṃ dānaṃ dadantaṃ vāreti so tiṇṇaṃ antarāyakaro hoti, tiṇṇaṃ pāripanthiko. ","eng":"Anyone who prevents another from giving makes an obstacle and a roadblock for three individuals. ","html":"<p>{}"},"an3.57:2.7":{"pli":"Katamesaṃ tiṇṇaṃ? ","eng":"What three? ","html":"{}"},"an3.57:2.8":{"pli":"Dāyakassa puññantarāyakaro hoti, paṭiggāhakānaṃ lābhantarāyakaro hoti, pubbeva kho panassa attā khato ca hoti upahato ca. ","eng":"The giver is obstructed from making merit. The receiver is obstructed from getting what is offered. And they’ve already broken and damaged themselves. ","html":"{}"},"an3.57:2.9":{"pli":"Yo kho, vaccha, paraṃ dānaṃ dadantaṃ vāreti so imesaṃ tiṇṇaṃ antarāyakaro hoti, tiṇṇaṃ pāripanthiko. ","eng":"Anyone who prevents another from giving makes an obstacle and a roadblock for these three individuals. ","html":"{}</p>"},"an3.57:3.1":{"pli":"Ahaṃ kho pana, vaccha, evaṃ vadāmi: ","eng":"Vaccha, this is what I say: ","html":"<p>{}"},"an3.57:3.2":{"pli":"‘ye hi te candanikāya vā oligalle vā pāṇā, tatrapi yo thālidhovanaṃ vā sarāvadhovanaṃ vā chaḍḍeti: ","eng":"‘You even make merit by tipping out dish-washing water in a cesspool or a sump with living creatures in it, thinking, ","html":"{}"},"an3.57:3.3":{"pli":"“ye tattha pāṇā te tena yāpentū”’ti, tato nidānampāhaṃ, vaccha, puññassa āgamaṃ vadāmi. ","eng":"“May any creatures here be nourished!”’ ","html":"{}"},"an3.57:3.4":{"pli":"Ko pana vādo manussabhūte. ","eng":"How much more then for human beings! ","html":"{}</p>"},"an3.57:3.5":{"pli":"Api cāhaṃ, vaccha, sīlavato dinnaṃ mahapphalaṃ vadāmi, no tathā dussīlassa, so ca hoti pañcaṅgavippahīno pañcaṅgasamannāgato. ","eng":"However, I also say that a gift to an ethical person is more fruitful than one to an unethical person. They’ve given up five factors, and possess five factors. ","html":"<p>{}</p>"},"an3.57:4.1":{"pli":"Katamāni pañcaṅgāni pahīnāni honti? ","eng":"What are the five factors they’ve given up? ","html":"<p>{}"},"an3.57:4.2":{"pli":"Kāmacchando pahīno hoti, byāpādo pahīno hoti, thinamiddhaṃ pahīnaṃ hoti, uddhaccakukkuccaṃ pahīnaṃ hoti, vicikicchā pahīnā hoti. ","eng":"Sensual desire, ill will, dullness and drowsiness, restlessness and remorse, and doubt. ","html":"{}"},"an3.57:4.3":{"pli":"Imāni pañcaṅgāni vippahīnāni honti. ","eng":"These are the five factors they’ve given up. ","html":"{}</p>"},"an3.57:5.1":{"pli":"Katamehi pañcahi aṅgehi samannāgato hoti? ","eng":"What are the five factors they possess? ","html":"<p>{}"},"an3.57:5.2":{"pli":"Asekkhena sīlakkhandhena samannāgato hoti, asekkhena samādhikkhandhena samannāgato hoti, asekkhena paññākkhandhena samannāgato hoti, asekkhena vimuttikkhandhena samannāgato hoti, asekkhena vimuttiñāṇadassanakkhandhena samannāgato hoti; ","eng":"The entire spectrum of an adept’s ethics, immersion, wisdom, freedom, and knowledge and vision of freedom. ","html":"{}"},"an3.57:5.3":{"pli":"imehi pañcahi aṅgehi samannāgato hoti. ","eng":"These are the five factors they possess. ","html":"{}</p>"},"an3.57:5.4":{"pli":"Iti pañcaṅgavippahīne pañcaṅgasamannāgate dinnaṃ mahapphalanti vadāmīti. ","eng":"I say that a gift to anyone who has given up these five factors and possesses these five factors is very fruitful. ","html":"<p>{}</p>"},"an3.57:6.1":{"pli":"Iti kaṇhāsu setāsu, ","eng":"Cows may be black or white, ","html":"<blockquote class='gatha'><p><span class='verse-line'>{}</span>"},"an3.57:6.2":{"pli":"rohiṇīsu harīsu vā; ","eng":"red or tawny, ","html":"<span class='verse-line'>{}</span>"},"an3.57:6.3":{"pli":"Kammāsāsu sarūpāsu, ","eng":"mottled or uniform, ","html":"<span class='verse-line'>{}</span>"},"an3.57:6.4":{"pli":"gosu pārevatāsu vā. ","eng":"or pigeon-colored. ","html":"<span class='verse-line'>{}</span></p>"},"an3.57:7.1":{"pli":"Yāsu kāsuci etāsu, ","eng":"But when one is born among them, ","html":"<p><span class='verse-line'>{}</span>"},"an3.57:7.2":{"pli":"danto jāyati puṅgavo; ","eng":"the bull that’s tamed—","html":"<span class='verse-line'>{}</span>"},"an3.57:7.3":{"pli":"Dhorayho balasampanno, ","eng":"a behemoth, powerful, ","html":"<span class='verse-line'>{}</span>"},"an3.57:7.4":{"pli":"kalyāṇajavanikkamo; ","eng":"well-paced in pulling forward—","html":"<span class='verse-line'>{}</span>"},"an3.57:7.5":{"pli":"Tameva bhāre yuñjanti, ","eng":"they yoke the load just to him, ","html":"<span class='verse-line'>{}</span>"},"an3.57:7.6":{"pli":"nāssa vaṇṇaṃ parikkhare. ","eng":"regardless of his color. ","html":"<span class='verse-line'>{}</span></p>"},"an3.57:8.1":{"pli":"Evamevaṃ manussesu, ","eng":"So it is for humans, ","html":"<p><span class='verse-line'>{}</span>"},"an3.57:8.2":{"pli":"yasmiṃ kasmiñci jātiye; ","eng":"wherever they may be born—","html":"<span class='verse-line'>{}</span>"},"an3.57:8.3":{"pli":"Khattiye brāhmaṇe vesse, ","eng":"among aristocrats, brahmins, peasants, ","html":"<span class='verse-line'>{}</span>"},"an3.57:8.4":{"pli":"sudde caṇḍālapukkuse. ","eng":"menials, or corpse-workers and scavengers—","html":"<span class='verse-line'>{}</span></p>"},"an3.57:9.1":{"pli":"Yāsu kāsuci etāsu, ","eng":"one is born among them, ","html":"<p><span class='verse-line'>{}</span>"},"an3.57:9.2":{"pli":"danto jāyati subbato; ","eng":"tamed, true to their vows. ","html":"<span class='verse-line'>{}</span>"},"an3.57:9.3":{"pli":"Dhammaṭṭho sīlasampanno, ","eng":"Firm in principle, accomplished in ethical conduct, ","html":"<span class='verse-line'>{}</span>"},"an3.57:9.4":{"pli":"saccavādī hirīmano. ","eng":"truthful, conscientious, ","html":"<span class='verse-line'>{}</span></p>"},"an3.57:10.1":{"pli":"Pahīnajātimaraṇo, ","eng":"they’ve given up birth and death. ","html":"<p><span class='verse-line'>{}</span>"},"an3.57:10.2":{"pli":"brahmacariyassa kevalī; ","eng":"Complete in the spiritual journey, ","html":"<span class='verse-line'>{}</span>"},"an3.57:10.3":{"pli":"Pannabhāro visaṃyutto, ","eng":"with burden put down, detached, ","html":"<span class='verse-line'>{}</span>"},"an3.57:10.4":{"pli":"katakicco anāsavo. ","eng":"they’ve completed the task <j>and are free of defilements. ","html":"<span class='verse-line'>{}</span></p>"},"an3.57:11.1":{"pli":"Pāragū sabbadhammānaṃ, ","eng":"Gone beyond all things, ","html":"<p><span class='verse-line'>{}</span>"},"an3.57:11.2":{"pli":"anupādāya nibbuto; ","eng":"they’re quenched by not grasping. ","html":"<span class='verse-line'>{}</span>"},"an3.57:11.3":{"pli":"Tasmiṃyeva viraje khette, ","eng":"In that flawless field, ","html":"<span class='verse-line'>{}</span>"},"an3.57:11.4":{"pli":"vipulā hoti dakkhiṇā. ","eng":"a religious donation is abundant. ","html":"<span class='verse-line'>{}</span></p>"},"an3.57:12.1":{"pli":"Bālā ca avijānantā, ","eng":"Fools who don’t understand—","html":"<p><span class='verse-line'>{}</span>"},"an3.57:12.2":{"pli":"dummedhā assutāvino; ","eng":"unlearned simpletons—","html":"<span class='verse-line'>{}</span>"},"an3.57:12.3":{"pli":"Bahiddhā denti dānāni, ","eng":"give their gifts to those outside, ","html":"<span class='verse-line'>{}</span>"},"an3.57:12.4":{"pli":"na hi sante upāsare. ","eng":"and don’t attend the peaceful ones. ","html":"<span class='verse-line'>{}</span></p>"},"an3.57:13.1":{"pli":"Ye ca sante upāsanti, ","eng":"But those who do attend the peaceful ones—","html":"<p><span class='verse-line'>{}</span>"},"an3.57:13.2":{"pli":"sappaññe dhīrasammate; ","eng":"wise, esteemed as attentive—","html":"<span class='verse-line'>{}</span>"},"an3.57:13.3":{"pli":"Saddhā ca nesaṃ sugate, ","eng":"and whose faith in the Holy One ","html":"<span class='verse-line'>{}</span>"},"an3.57:13.4":{"pli":"mūlajātā patiṭṭhitā. ","eng":"has roots planted deep, ","html":"<span class='verse-line'>{}</span></p>"},"an3.57:14.1":{"pli":"Devalokañca te yanti, ","eng":"they go to the realm of the gods, ","html":"<p><span class='verse-line'>{}</span>"},"an3.57:14.2":{"pli":"kule vā idha jāyare; ","eng":"or are born here in a good family. ","html":"<span class='verse-line'>{}</span>"},"an3.57:14.3":{"pli":"Anupubbena nibbānaṃ, ","eng":"Gradually those astute ones ","html":"<span class='verse-line'>{}</span>"},"an3.57:14.4":{"pli":"adhigacchanti paṇḍitā”ti. ","eng":"reach extinguishment.” ","html":"<span class='verse-line'>{}</span></p></blockquote>"},"an3.57:14.5":{"pli":"Sattamaṃ. ","html":"<p class='endsutta'>{}</p></article>"}}}