{"an3.65":{"an3.65:0.1":{"pli":"Aṅguttara Nikāya 3.65 ","eng":"Numbered Discourses 3.65 ","html":"<article id='an3.65'><header><ul><li class='division'>{}</li>"},"an3.65:0.2":{"pli":"7. Mahāvagga ","eng":"7. The Great Chapter ","html":"<li>{}</li></ul>"},"an3.65:0.3":{"pli":"Kesamuttisutta ","eng":"With the Kālāmas of Kesamutta ","html":"<h1 class='sutta-title'>{}</h1></header>"},"an3.65:1.1":{"pli":"Evaṃ me sutaṃ—","eng":"So I have heard. ","html":"<p><span class='evam'>{}</span>"},"an3.65:1.2":{"pli":"ekaṃ samayaṃ bhagavā kosalesu cārikaṃ caramāno mahatā bhikkhusaṅghena saddhiṃ yena kesamuttaṃ nāma kālāmānaṃ nigamo tadavasari. ","eng":"At one time the Buddha was wandering in the land of the Kosalans together with a large Saṅgha of mendicants when he arrived at a town of the Kālāmas named Kesamutta. ","html":"{}"},"an3.65:1.3":{"pli":"Assosuṃ kho kesamuttiyā kālāmā: ","eng":"The Kālāmas of Kesamutta heard: ","html":"{}</p>"},"an3.65:1.4":{"pli":"“samaṇo khalu, bho, gotamo sakyaputto sakyakulā pabbajito kesamuttaṃ anuppatto. ","eng":"“It seems the ascetic Gotama—a Sakyan, gone forth from a Sakyan family—has arrived at Kesamutta. ","html":"<p>{}"},"an3.65:1.5":{"pli":"Taṃ kho pana bhavantaṃ gotamaṃ evaṃ kalyāṇo kittisaddo abbhuggato: ","eng":"He has this good reputation: ","html":"{}"},"an3.65:1.6":{"pli":"‘itipi so bhagavā …pe… ","eng":"‘That Blessed One is perfected, a fully awakened Buddha …’ ","html":"{}"},"an3.65:1.7":{"pli":"sādhu kho pana tathārūpānaṃ arahataṃ dassanaṃ hotī’”ti. ","eng":"It’s good to see such perfected ones.” ","html":"{}</p>"},"an3.65:2.1":{"pli":"Atha kho kesamuttiyā kālāmā yena bhagavā tenupasaṅkamiṃsu; upasaṅkamitvā appekacce bhagavantaṃ abhivādetvā ekamantaṃ nisīdiṃsu, appekacce bhagavatā saddhiṃ sammodiṃsu, sammodanīyaṃ kathaṃ sāraṇīyaṃ vītisāretvā ekamantaṃ nisīdiṃsu, appekacce yena bhagavā tenañjaliṃ paṇāmetvā ekamantaṃ nisīdiṃsu, appekacce nāmagottaṃ sāvetvā ekamantaṃ nisīdiṃsu, appekacce tuṇhībhūtā ekamantaṃ nisīdiṃsu. Ekamantaṃ nisinnā kho te kesamuttiyā kālāmā bhagavantaṃ etadavocuṃ: ","eng":"Then the Kālāmas went up to the Buddha. Before sitting down to one side, some bowed, some exchanged greetings and polite conversation, some held up their joined palms toward the Buddha, some announced their name and clan, while some kept silent. Seated to one side the Kālāmas said to the Buddha: ","html":"<p>{}</p>"},"an3.65:3.1":{"pli":"“Santi, bhante, eke samaṇabrāhmaṇā kesamuttaṃ āgacchanti. ","eng":"“There are, sir, some ascetics and brahmins who come to Kesamutta. ","html":"<p>{}"},"an3.65:3.2":{"pli":"Te sakaṃyeva vādaṃ dīpenti jotenti, parappavādaṃ pana khuṃsenti vambhenti paribhavanti omakkhiṃ karonti. ","eng":"They explain and promote only their own doctrine, while they attack, badmouth, disparage, and smear the doctrines of others. ","html":"{}"},"an3.65:3.3":{"pli":"Aparepi, bhante, eke samaṇabrāhmaṇā kesamuttaṃ āgacchanti. ","eng":"Then some other ascetics and brahmins come to Kesamutta. ","html":"{}"},"an3.65:3.4":{"pli":"Tepi sakaṃyeva vādaṃ dīpenti jotenti, parappavādaṃ pana khuṃsenti vambhenti paribhavanti omakkhiṃ karonti. ","eng":"They too explain and promote only their own doctrine, while they attack, badmouth, disparage, and smear the doctrines of others. ","html":"{}"},"an3.65:3.5":{"pli":"Tesaṃ no, bhante, amhākaṃ hoteva kaṅkhā hoti vicikicchā: ","eng":"So, sir, we’re doubting and uncertain: ","html":"{}"},"an3.65:3.6":{"pli":"‘ko su nāma imesaṃ bhavataṃ samaṇabrāhmaṇānaṃ saccaṃ āha, ko musā’”ti? ","eng":"‘I wonder who of these respected ascetics and brahmins speaks the truth, and who speaks falsehood?’” ","html":"{}</p>"},"an3.65:3.7":{"pli":"“Alañhi vo, kālāmā, kaṅkhituṃ alaṃ vicikicchituṃ. ","eng":"“It is enough, Kālāmas, for you to be doubting and uncertain. ","html":"<p>{}"},"an3.65:3.8":{"pli":"Kaṅkhanīyeva pana vo ṭhāne vicikicchā uppannā. ","eng":"Doubt has come up in you about an uncertain matter. ","html":"{}</p>"},"an3.65:4.1":{"pli":"Etha tumhe, kālāmā, mā anussavena, mā paramparāya, mā itikirāya, mā piṭakasampadānena, mā takkahetu, mā nayahetu, mā ākāraparivitakkena, mā diṭṭhinijjhānakkhantiyā, mā bhabbarūpatāya, mā samaṇo no garūti. ","eng":"Please, Kālāmas, don’t go by oral transmission, don’t go by lineage, don’t go by testament, don’t go by canonical authority, don’t rely on logic, don’t rely on inference, don’t go by reasoned train of thought, don’t go by the acceptance of a view after deliberation, don’t go by the appearance of competence, and don’t think ‘The ascetic is our respected teacher.’ ","html":"<p>{}"},"an3.65:4.2":{"pli":"Yadā tumhe, kālāmā, attanāva jāneyyātha: ","eng":"But when you know for yourselves: ","html":"{}"},"an3.65:4.3":{"pli":"‘ime dhammā akusalā, ime dhammā sāvajjā, ime dhammā viññugarahitā, ime dhammā samattā samādinnā ahitāya dukkhāya saṃvattantī’ti, atha tumhe, kālāmā, pajaheyyātha. ","eng":"‘These things are unskillful, blameworthy, criticized by sensible people, and when you undertake them, they lead to harm and suffering’, then you should give them up. ","html":"{}</p>"},"an3.65:5.1":{"pli":"Taṃ kiṃ maññatha, kālāmā, ","eng":"What do you think, Kālāmas? ","html":"<p>{}"},"an3.65:5.2":{"pli":"lobho purisassa ajjhattaṃ uppajjamāno uppajjati hitāya vā ahitāya vā”ti? ","eng":"Does greed come up in a person for their welfare or harm?” ","html":"{}</p>"},"an3.65:6.1":{"pli":"“Ahitāya, bhante”. ","eng":"“Harm, sir.” ","html":"<p>{}</p>"},"an3.65:7.1":{"pli":"“Luddho panāyaṃ, kālāmā, purisapuggalo lobhena abhibhūto pariyādinnacitto pāṇampi hanati, adinnampi ādiyati, paradārampi gacchati, musāpi bhaṇati, parampi tathattāya samādapeti, yaṃ sa hoti dīgharattaṃ ahitāya dukkhāyā”ti. ","eng":"“A greedy individual, overcome by greed, kills living creatures, steals, commits adultery, lies, and encourages others to do the same. Is that for their lasting harm and suffering?” ","html":"<p>{}</p>"},"an3.65:8.1":{"pli":"“Evaṃ, bhante”. ","eng":"“Yes, sir.” ","html":"<p>{}</p>"},"an3.65:9.1":{"pli":"“Taṃ kiṃ maññatha, kālāmā, ","eng":"“What do you think, Kālāmas? ","html":"<p>{}"},"an3.65:9.2":{"pli":"doso purisassa ajjhattaṃ uppajjamāno uppajjati hitāya vā ahitāya vā”ti? ","eng":"Does hate come up in a person for their welfare or harm?” ","html":"{}</p>"},"an3.65:10.1":{"pli":"“Ahitāya, bhante”. ","eng":"“Harm, sir.” ","html":"<p>{}</p>"},"an3.65:11.1":{"pli":"“Duṭṭho panāyaṃ, kālāmā, purisapuggalo dosena abhibhūto pariyādinnacitto pāṇampi hanati, adinnampi ādiyati, paradārampi gacchati, musāpi bhaṇati, parampi tathattāya samādapeti, yaṃ sa hoti dīgharattaṃ ahitāya dukkhāyā”ti. ","eng":"“A hateful individual, overcome by hate, kills living creatures, steals, commits adultery, lies, and encourages others to do the same. Is that for their lasting harm and suffering?” ","html":"<p>{}</p>"},"an3.65:12.1":{"pli":"“Evaṃ, bhante”. ","eng":"“Yes, sir.” ","html":"<p>{}</p>"},"an3.65:13.1":{"pli":"“Taṃ kiṃ maññatha, kālāmā, ","eng":"“What do you think, Kālāmas? ","html":"<p>{}"},"an3.65:13.2":{"pli":"moho purisassa ajjhattaṃ uppajjamāno uppajjati hitāya vā ahitāya vā”ti? ","eng":"Does delusion come up in a person for their welfare or harm?” ","html":"{}</p>"},"an3.65:14.1":{"pli":"“Ahitāya, bhante”. ","eng":"“Harm, sir.” ","html":"<p>{}</p>"},"an3.65:15.1":{"pli":"“Mūḷho panāyaṃ, kālāmā, purisapuggalo mohena abhibhūto pariyādinnacitto pāṇampi hanati, adinnampi ādiyati, paradārampi gacchati, musāpi bhaṇati, parampi tathattāya samādapeti, yaṃ sa hoti dīgharattaṃ ahitāya dukkhāyā”ti. ","eng":"“A deluded individual, overcome by delusion, kills living creatures, steals, commits adultery, lies, and encourages others to do the same. Is that for their lasting harm and suffering?” ","html":"<p>{}</p>"},"an3.65:16.1":{"pli":"“Evaṃ, bhante”. ","eng":"“Yes, sir.” ","html":"<p>{}</p>"},"an3.65:17.1":{"pli":"“Taṃ kiṃ maññatha, kālāmā, ime dhammā kusalā vā akusalā vā”ti? ","eng":"“What do you think, Kālāmas, are these things skillful or unskillful?” ","html":"<p>{}</p>"},"an3.65:18.1":{"pli":"“Akusalā, bhante”. ","eng":"“Unskillful, sir.” ","html":"<p>{}</p>"},"an3.65:19.1":{"pli":"“Sāvajjā vā anavajjā vā”ti? ","eng":"“Blameworthy or blameless?” ","html":"<p>{}</p>"},"an3.65:20.1":{"pli":"“Sāvajjā, bhante”. ","eng":"“Blameworthy, sir.” ","html":"<p>{}</p>"},"an3.65:21.1":{"pli":"“Viññugarahitā vā viññuppasatthā vā”ti? ","eng":"“Criticized or praised by sensible people?” ","html":"<p>{}</p>"},"an3.65:22.1":{"pli":"“Viññugarahitā, bhante”. ","eng":"“Criticized by sensible people, sir.” ","html":"<p>{}</p>"},"an3.65:23.1":{"pli":"“Samattā samādinnā ahitāya dukkhāya saṃvattanti, no vā? ","eng":"“When you undertake them, do they lead to harm and suffering, or not? ","html":"<p>{}"},"an3.65:23.2":{"pli":"Kathaṃ vā ettha hotī”ti? ","eng":"Or how do you see this?” ","html":"{}</p>"},"an3.65:24.1":{"pli":"“Samattā, bhante, samādinnā ahitāya dukkhāya saṃvattantīti. ","eng":"“When you undertake them, they lead to harm and suffering. ","html":"<p>{}"},"an3.65:24.2":{"pli":"Evaṃ no ettha hotī”ti. ","eng":"That’s how we see it.” ","html":"{}</p>"},"an3.65:25.1":{"pli":"“Iti kho, kālāmā, yaṃ taṃ avocumhā: ","eng":"“So, Kālāmas, when I said: ","html":"<p>{}"},"an3.65:25.2":{"pli":"‘etha tumhe, kālāmā. ","eng":"‘Please, ","html":"{}"},"an3.65:25.3":{"pli":"Mā anussavena, mā paramparāya, mā itikirāya, mā piṭakasampadānena, mā takkahetu, mā nayahetu, mā ākāraparivitakkena, mā diṭṭhinijjhānakkhantiyā, mā bhabbarūpatāya, mā samaṇo no garūti. ","eng":"don’t go by oral transmission, don’t go by lineage, don’t go by testament, don’t go by canonical authority, don’t rely on logic, don’t rely on inference, don’t go by reasoned train of thought, don’t go by the acceptance of a view after deliberation, don’t go by the appearance of competence, and don’t think “The ascetic is our respected teacher.” ","html":"{}"},"an3.65:25.4":{"pli":"Yadā tumhe kālāmā attanāva jāneyyātha: ","eng":"But when you know for yourselves: ","html":"{}"},"an3.65:25.5":{"pli":"“ime dhammā akusalā, ime dhammā sāvajjā, ime dhammā viññugarahitā, ime dhammā samattā samādinnā ahitāya dukkhāya saṃvattantīti, atha tumhe, kālāmā, pajaheyyāthā”’ti, ","eng":"“These things are unskillful, blameworthy, criticized by sensible people, and when you undertake them, they lead to harm and suffering”, then you should give them up.’ ","html":"{}"},"an3.65:25.6":{"pli":"iti yaṃ taṃ vuttaṃ, idametaṃ paṭicca vuttaṃ. ","eng":"That’s what I said, and this is why I said it. ","html":"{}</p>"},"an3.65:26.1":{"pli":"Etha tumhe, kālāmā, mā anussavena, mā paramparāya, mā itikirāya, mā piṭakasampadānena, mā takkahetu, mā nayahetu, mā ākāraparivitakkena, mā diṭṭhinijjhānakkhantiyā, mā bhabbarūpatāya, mā samaṇo no garūti. ","eng":"Please, Kālāmas, don’t go by oral transmission, don’t go by lineage, don’t go by testament, don’t go by canonical authority, don’t rely on logic, don’t rely on inference, don’t go by reasoned train of thought, don’t go by the acceptance of a view after deliberation, don’t go by the appearance of competence, and don’t think ‘The ascetic is our respected teacher.’ ","html":"<p>{}"},"an3.65:26.2":{"pli":"Yadā tumhe, kālāmā, attanāva jāneyyātha: ","eng":"But when you know for yourselves: ","html":"{}"},"an3.65:26.3":{"pli":"‘ime dhammā kusalā, ime dhammā anavajjā, ime dhammā viññuppasatthā, ime dhammā samattā samādinnā hitāya sukhāya saṃvattantī’ti, atha tumhe, kālāmā, upasampajja vihareyyātha. ","eng":"‘These things are skillful, blameless, praised by sensible people, and when you undertake them, they lead to welfare and happiness’, then you should acquire them and keep them. ","html":"{}</p>"},"an3.65:27.1":{"pli":"Taṃ kiṃ maññatha, kālāmā, ","eng":"What do you think, Kālāmas? ","html":"<p>{}"},"an3.65:27.2":{"pli":"alobho purisassa ajjhattaṃ uppajjamāno uppajjati hitāya vā ahitāya vā”ti? ","eng":"Does contentment come up in a person for their welfare or harm?” ","html":"{}</p>"},"an3.65:28.1":{"pli":"“Hitāya, bhante”. ","eng":"“Welfare, sir.” ","html":"<p>{}</p>"},"an3.65:29.1":{"pli":"“Aluddho panāyaṃ, kālāmā, purisapuggalo lobhena anabhibhūto apariyādinnacitto neva pāṇaṃ hanati, na adinnaṃ ādiyati, na paradāraṃ gacchati, na musā bhaṇati, na parampi tathattāya samādapeti, yaṃ sa hoti dīgharattaṃ hitāya sukhāyā”ti. ","eng":"“An individual who is content, not overcome by greed, doesn’t kill living creatures, steal, commit adultery, lie, or encourage others to do the same. Is that for their lasting welfare and happiness?” ","html":"<p>{}</p>"},"an3.65:30.1":{"pli":"“Evaṃ, bhante”. ","eng":"“Yes, sir.” ","html":"<p>{}</p>"},"an3.65:31.1":{"pli":"“Taṃ kiṃ maññatha, kālāmā, ","eng":"“What do you think, Kālāmas? ","html":"<p>{}"},"an3.65:31.2":{"pli":"adoso purisassa ajjhattaṃ uppajjamāno uppajjati …pe… ","eng":"Does love come up in a person for their welfare or harm? … ","html":"{}"},"an3.65:31.3":{"pli":"amoho purisassa ajjhattaṃ uppajjamāno uppajjati …pe… ","eng":"Does understanding come up in a person for their welfare or harm? … ","html":"{}"},"an3.65:31.4":{"pli":"hitāya sukhāyā”ti. ","eng":"Is that for their lasting welfare and happiness?” ","html":"{}</p>"},"an3.65:32.1":{"pli":"“Evaṃ, bhante”. ","eng":"“Yes, sir.” ","html":"<p>{}</p>"},"an3.65:33.1":{"pli":"“Taṃ kiṃ maññatha, kālāmā, ime dhammā kusalā vā akusalā vā”ti? ","eng":"“What do you think, Kālāmas, are these things skillful or unskillful?” ","html":"<p>{}</p>"},"an3.65:34.1":{"pli":"“Kusalā, bhante”. ","eng":"“Skillful, sir.” ","html":"<p>{}</p>"},"an3.65:35.1":{"pli":"“Sāvajjā vā anavajjā vā”ti? ","eng":"“Blameworthy or blameless?” ","html":"<p>{}</p>"},"an3.65:36.1":{"pli":"“Anavajjā, bhante”. ","eng":"“Blameless, sir.” ","html":"<p>{}</p>"},"an3.65:37.1":{"pli":"“Viññugarahitā vā viññuppasatthā vā”ti? ","eng":"“Criticized or praised by sensible people?” ","html":"<p>{}</p>"},"an3.65:38.1":{"pli":"“Viññuppasatthā, bhante”. ","eng":"“Praised by sensible people, sir.” ","html":"<p>{}</p>"},"an3.65:39.1":{"pli":"“Samattā samādinnā hitāya sukhāya saṃvattanti no vā? ","eng":"“When you undertake them, do they lead to welfare and happiness, or not? ","html":"<p>{}"},"an3.65:39.2":{"pli":"Kathaṃ vā ettha hotī”ti? ","eng":"Or how do you see this?” ","html":"{}</p>"},"an3.65:40.1":{"pli":"“Samattā, bhante, samādinnā hitāya sukhāya saṃvattanti. ","eng":"“When you undertake them, they lead to welfare and happiness. ","html":"<p>{}"},"an3.65:40.2":{"pli":"Evaṃ no ettha hotī”ti. ","eng":"That’s how we see it.” ","html":"{}</p>"},"an3.65:41.1":{"pli":"“Iti kho, kālāmā, yaṃ taṃ avocumhā: ","eng":"“So, Kālāmas, when I said: ","html":"<p>{}"},"an3.65:41.2":{"pli":"‘etha tumhe, kālāmā. ","eng":"‘Please, ","html":"{}"},"an3.65:41.3":{"pli":"Mā anussavena, mā paramparāya, mā itikirāya, mā piṭakasampadānena, mā takkahetu, mā nayahetu, mā ākāraparivitakkena, mā diṭṭhinijjhānakkhantiyā, mā bhabbarūpatāya, mā samaṇo no garūti. ","eng":"don’t go by oral transmission, don’t go by lineage, don’t go by testament, don’t go by canonical authority, don’t rely on logic, don’t rely on inference, don’t go by reasoned train of thought, don’t go by the acceptance of a view after deliberation, don’t go by the appearance of competence, and don’t think “The ascetic is our respected teacher.” ","html":"{}"},"an3.65:41.4":{"pli":"Yadā tumhe, kālāmā, attanāva jāneyyātha—","eng":"But when you know for yourselves: ","html":"{}</p>"},"an3.65:41.5":{"pli":"ime dhammā kusalā, ime dhammā anavajjā, ime dhammā viññuppasatthā, ime dhammā samattā samādinnā hitāya sukhāya saṃvattantīti, atha tumhe, kālāmā, upasampajja vihareyyāthā’ti, ","eng":"“These things are skillful, blameless, praised by sensible people, and when you undertake them, they lead to welfare and happiness”, then you should acquire them and keep them.’ ","html":"<p>{}"},"an3.65:41.6":{"pli":"iti yaṃ taṃ vuttaṃ idametaṃ paṭicca vuttaṃ. ","eng":"That’s what I said, and this is why I said it. ","html":"{}</p>"},"an3.65:42.1":{"pli":"Sa kho so, kālāmā, ariyasāvako evaṃ vigatābhijjho vigatabyāpādo asammūḷho sampajāno patissato mettāsahagatena cetasā ekaṃ disaṃ pharitvā viharati, tathā dutiyaṃ, tathā tatiyaṃ, tathā catutthaṃ, iti uddhamadho tiriyaṃ sabbadhi sabbattatāya sabbāvantaṃ lokaṃ mettāsahagatena cetasā vipulena mahaggatena appamāṇena averena abyāpajjhena pharitvā viharati. ","eng":"Then that noble disciple is rid of desire, rid of ill will, unconfused, aware, and mindful. They meditate spreading a heart full of love to one direction, and to the second, and to the third, and to the fourth. In the same way above, below, across, everywhere, all around, they spread a heart full of love to the whole world—abundant, expansive, limitless, free of enmity and ill will. ","html":"<p>{}</p>"},"an3.65:42.2":{"pli":"Karuṇāsahagatena cetasā …pe… ","eng":"They meditate spreading a heart full of compassion to one direction, and to the second, and to the third, and to the fourth. In the same way above, below, across, everywhere, all around, they spread a heart full of compassion to the whole world—abundant, expansive, limitless, free of enmity and ill will. ","html":"<p>{}</p>"},"an3.65:42.3":{"pli":"muditāsahagatena cetasā …pe… ","eng":"They meditate spreading a heart full of rejoicing to one direction, and to the second, and to the third, and to the fourth. In the same way above, below, across, everywhere, all around, they spread a heart full of rejoicing to the whole world—abundant, expansive, limitless, free of enmity and ill will. ","html":"<p>{}</p>"},"an3.65:42.4":{"pli":"upekkhāsahagatena cetasā ekaṃ disaṃ pharitvā viharati, tathā dutiyaṃ, tathā tatiyaṃ, tathā catutthaṃ, iti uddhamadho tiriyaṃ sabbadhi sabbattatāya sabbāvantaṃ lokaṃ upekkhāsahagatena cetasā vipulena mahaggatena appamāṇena averena abyāpajjhena pharitvā viharati. ","eng":"They meditate spreading a heart full of equanimity to one direction, and to the second, and to the third, and to the fourth. In the same way above, below, across, everywhere, all around, they spread a heart full of equanimity to the whole world—abundant, expansive, limitless, free of enmity and ill will. ","html":"<p>{}</p>"},"an3.65:43.1":{"pli":"Sa kho so, kālāmā, ariyasāvako evaṃ averacitto evaṃ abyāpajjhacitto evaṃ asaṅkiliṭṭhacitto evaṃ visuddhacitto. ","eng":"When that noble disciple has a mind that’s free of enmity and ill will, uncorrupted and purified, ","html":"<p>{}"},"an3.65:43.2":{"pli":"Tassa diṭṭheva dhamme cattāro assāsā adhigatā honti. ","eng":"they’ve won four consolations in this very life. ","html":"{}"},"an3.65:43.3":{"pli":"‘Sace kho pana atthi paro loko, atthi sukatadukkaṭānaṃ kammānaṃ phalaṃ vipāko, athāhaṃ kāyassa bhedā paraṃ maraṇā sugatiṃ saggaṃ lokaṃ upapajjissāmī’ti, ayamassa paṭhamo assāso adhigato hoti. ","eng":"‘If it turns out there is another world, and good and bad deeds have a result, then—when the body breaks up, after death—I’ll be reborn in a good place, a heavenly realm.’ This is the first consolation they’ve won. ","html":"{}</p>"},"an3.65:44.1":{"pli":"‘Sace kho pana natthi paro loko, natthi sukatadukkaṭānaṃ kammānaṃ phalaṃ vipāko, athāhaṃ diṭṭheva dhamme averaṃ abyāpajjhaṃ anīghaṃ sukhiṃ attānaṃ pariharāmī’ti, ayamassa dutiyo assāso adhigato hoti. ","eng":"‘If it turns out there is no other world, and good and bad deeds don’t have a result, then in this very life I’ll keep myself free of enmity and ill will, untroubled and happy.’ This is the second consolation they’ve won. ","html":"<p>{}</p>"},"an3.65:45.1":{"pli":"‘Sace kho pana karoto karīyati pāpaṃ, na kho panāhaṃ kassaci pāpaṃ cetemi. ","eng":"‘If it turns out that bad things happen to people who do bad things, then since I have no bad intentions, ","html":"<p>{}"},"an3.65:45.2":{"pli":"Akarontaṃ kho pana maṃ pāpakammaṃ kuto dukkhaṃ phusissatī’ti, ayamassa tatiyo assāso adhigato hoti. ","eng":"and since I’m not doing anything bad, how can suffering touch me?’ This is the third consolation they’ve won. ","html":"{}</p>"},"an3.65:46.1":{"pli":"‘Sace kho pana karoto na karīyati pāpaṃ, athāhaṃ ubhayeneva visuddhaṃ attānaṃ samanupassāmī’ti, ayamassa catuttho assāso adhigato hoti. ","eng":"‘If it turns out that bad things don’t happen to people who do bad things, then I still see myself pure on both sides.’ This is the fourth consolation they’ve won. ","html":"<p>{}</p>"},"an3.65:47.1":{"pli":"Sa kho so, kālāmā, ariyasāvako evaṃ averacitto evaṃ abyāpajjhacitto evaṃ asaṅkiliṭṭhacitto evaṃ visuddhacitto. ","eng":"When that noble disciple has a mind that’s free of enmity and ill will, undefiled and purified, ","html":"<p>{}"},"an3.65:47.2":{"pli":"Tassa diṭṭheva dhamme ime cattāro assāsā adhigatā hontī”ti. ","eng":"they’ve won these four consolations in this very life.” ","html":"{}</p>"},"an3.65:48.1":{"pli":"“Evametaṃ, bhagavā, evametaṃ, sugata. ","eng":"“That’s so true, Blessed One! That’s so true, Holy One! ","html":"<p>{}"},"an3.65:48.2":{"pli":"Sa kho so, bhante, ariyasāvako evaṃ averacitto evaṃ abyāpajjhacitto evaṃ asaṅkiliṭṭhacitto evaṃ visuddhacitto. ","eng":"When that noble disciple has a mind that’s free of enmity and ill will, undefiled and purified, ","html":"{}"},"an3.65:48.3":{"pli":"Tassa diṭṭheva dhamme cattāro assāsā adhigatā honti. ","eng":"they’ve won these four consolations in this very life. … ","html":"{}"},"an3.65:48.4":{"pli":"‘Sace kho pana atthi paro loko, atthi sukatadukkaṭānaṃ kammānaṃ phalaṃ vipāko, athāhaṃ kāyassa bhedā paraṃ maraṇā sugatiṃ saggaṃ lokaṃ upapajjissāmī’ti, ayamassa paṭhamo assāso adhigato hoti. ","html":"{}</p>"},"an3.65:49.1":{"pli":"‘Sace kho pana natthi paro loko, natthi sukatadukkaṭānaṃ kammānaṃ phalaṃ vipāko, athāhaṃ diṭṭheva dhamme averaṃ abyāpajjhaṃ anīghaṃ sukhiṃ attānaṃ pariharāmī’ti, ayamassa dutiyo assāso adhigato hoti. ","html":"<p>{}</p>"},"an3.65:50.1":{"pli":"‘Sace kho pana karoto karīyati pāpaṃ, na kho panāhaṃ kassaci pāpaṃ cetemi, akarontaṃ kho pana maṃ pāpakammaṃ kuto dukkhaṃ phusissatī’ti, ayamassa tatiyo assāso adhigato hoti. ","html":"<p>{}</p>"},"an3.65:51.1":{"pli":"‘Sace kho pana karoto na karīyati pāpaṃ, athāhaṃ ubhayeneva visuddhaṃ attānaṃ samanupassāmī’ti, ayamassa catuttho assāso adhigato hoti. ","html":"<p>{}</p>"},"an3.65:52.1":{"pli":"Sa kho so, bhante, ariyasāvako evaṃ averacitto evaṃ abyāpajjhacitto evaṃ asaṅkiliṭṭhacitto evaṃ visuddhacitto. ","html":"<p>{}"},"an3.65:52.2":{"pli":"Tassa diṭṭheva dhamme ime cattāro assāsā adhigatā honti. ","html":"{}</p>"},"an3.65:53.1":{"pli":"Abhikkantaṃ, bhante …pe… ","eng":"Excellent, sir! Excellent! … ","html":"<p>{}"},"an3.65:53.2":{"pli":"ete mayaṃ, bhante, bhagavantaṃ saraṇaṃ gacchāma dhammañca bhikkhusaṅghañca. ","eng":"We go for refuge to the Buddha, to the teaching, and to the mendicant Saṅgha. ","html":"{}"},"an3.65:53.3":{"pli":"Upāsake no, bhante, bhagavā dhāretu ajjatagge pāṇupete saraṇaṃ gate”ti. ","eng":"From this day forth, may the Buddha remember us as lay followers who have gone for refuge for life.” ","html":"{}</p>"},"an3.65:53.4":{"pli":"Pañcamaṃ. ","html":"<p class='endsutta'>{}</p></article>"}},"an3.66":{"an3.66:0.1":{"pli":"Aṅguttara Nikāya 3.66 ","eng":"Numbered Discourses 3.66 ","html":"<article id='an3.66'><header><ul><li class='division'>{}</li>"},"an3.66:0.2":{"pli":"7. Mahāvagga ","eng":"7. The Great Chapter ","html":"<li>{}</li></ul>"},"an3.66:0.3":{"pli":"Sāḷhasutta ","eng":"With Sāḷha and His Friend ","html":"<h1 class='sutta-title'>{}</h1></header>"},"an3.66:1.1":{"pli":"Evaṃ me sutaṃ—","eng":"So I have heard. ","html":"<p><span class='evam'>{}</span>"},"an3.66:1.2":{"pli":"ekaṃ samayaṃ āyasmā nandako sāvatthiyaṃ viharati pubbārāme migāramātupāsāde. ","eng":"Now at that time Venerable Nandaka was staying near Sāvatthī in the stilt longhouse of Migāra’s mother in the Eastern Monastery. ","html":"{}"},"an3.66:1.3":{"pli":"Atha kho sāḷho ca migāranattā sāṇo ca sekhuniyanattā yenāyasmā nandako tenupasaṅkamiṃsu; upasaṅkamitvā āyasmantaṃ nandakaṃ abhivādetvā ekamantaṃ nisīdiṃsu. Ekamantaṃ nisinnaṃ kho sāḷhaṃ migāranattāraṃ āyasmā nandako etadavoca: ","eng":"Then Sāḷha, Migāra’s grandson, and Rohaṇa, Pekhuṇiya’s grandson went up to Venerable Nandaka, bowed, and sat down to one side. Then Venerable Nandaka said to Sāḷha: ","html":"{}</p>"},"an3.66:2.1":{"pli":"“Etha tumhe, sāḷhā, mā anussavena, mā paramparāya, mā itikirāya, mā piṭakasampadānena, mā takkahetu, mā nayahetu, mā ākāraparivitakkena, mā diṭṭhinijjhānakkhantiyā, mā bhabbarūpatāya, mā samaṇo no garūti. ","eng":"“Please, Sāḷha and friend, don’t go by oral transmission, don’t go by lineage, don’t go by testament, don’t go by canonical authority, don’t rely on logic, don’t rely on inference, don’t go by reasoned train of thought, don’t go by the acceptance of a view after deliberation, don’t go by the appearance of competence, and don’t think ‘The ascetic is our respected teacher.’ ","html":"<p>{}"},"an3.66:2.2":{"pli":"Yadā tumhe, sāḷhā, attanāva jāneyyātha ‘ime dhammā akusalā, ime dhammā sāvajjā, ime dhammā viññugarahitā, ime dhammā samattā samādinnā ahitāya dukkhāya saṃvattantī’ti, atha tumhe, sāḷhā, pajaheyyātha. ","eng":"But when you know for yourselves: ‘These things are unskillful, blameworthy, criticized by sensible people, and when you undertake them, they lead to harm and suffering’, then you should give them up. ","html":"{}</p>"},"an3.66:3.1":{"pli":"Taṃ kiṃ maññatha, sāḷhā, ","eng":"What do you think, Sāḷha? ","html":"<p>{}"},"an3.66:3.2":{"pli":"atthi lobho”ti? ","eng":"Is greed real?” ","html":"{}</p>"},"an3.66:4.1":{"pli":"“Evaṃ, bhante”. ","eng":"“Yes, sir.” ","html":"<p>{}</p>"},"an3.66:5.1":{"pli":"“Abhijjhāti kho ahaṃ, sāḷhā, etamatthaṃ vadāmi. ","eng":"“‘Covetousness’ is what I mean by this. ","html":"<p>{}"},"an3.66:5.2":{"pli":"Luddho kho ayaṃ, sāḷhā, abhijjhālu pāṇampi hanati, adinnampi ādiyati, paradārampi gacchati, musāpi bhaṇati, parampi tathattāya samādapeti, yaṃ sa hoti dīgharattaṃ ahitāya dukkhāyā”ti. ","eng":"A person who is greedy and covetous kills living creatures, steals, commits adultery, lies, and encourages others to do the same. Is that for their lasting harm and suffering?” ","html":"{}</p>"},"an3.66:6.1":{"pli":"“Evaṃ, bhante”. ","eng":"“Yes, sir.” ","html":"<p>{}</p>"},"an3.66:7.1":{"pli":"“Taṃ kiṃ maññatha, sāḷhā, ","eng":"“What do you think, Sāḷha? ","html":"<p>{}"},"an3.66:7.2":{"pli":"atthi doso”ti? ","eng":"Is hate real?” ","html":"{}</p>"},"an3.66:8.1":{"pli":"“Evaṃ, bhante”. ","eng":"“Yes, sir.” ","html":"<p>{}</p>"},"an3.66:9.1":{"pli":"“Byāpādoti kho ahaṃ, sāḷhā, etamatthaṃ vadāmi. ","eng":"“‘Malice’ is what I mean by this. ","html":"<p>{}"},"an3.66:9.2":{"pli":"Duṭṭho kho ayaṃ, sāḷhā, byāpannacitto pāṇampi hanati, adinnampi ādiyati, paradārampi gacchati, musāpi bhaṇati, parampi tathattāya samādapeti, yaṃ sa hoti dīgharattaṃ ahitāya dukkhāyā”ti. ","eng":"A hateful and malicious person kills living creatures, steals, commits adultery, lies, and encourages others to do the same. Is that for their lasting harm and suffering?” ","html":"{}</p>"},"an3.66:10.1":{"pli":"“Evaṃ, bhante”. ","eng":"“Yes, sir.” ","html":"<p>{}</p>"},"an3.66:11.1":{"pli":"“Taṃ kiṃ maññatha, sāḷhā, ","eng":"“What do you think, Sāḷha? ","html":"<p>{}"},"an3.66:11.2":{"pli":"atthi moho”ti? ","eng":"Is delusion real?” ","html":"{}</p>"},"an3.66:12.1":{"pli":"“Evaṃ, bhante”. ","eng":"“Yes, sir.” ","html":"<p>{}</p>"},"an3.66:13.1":{"pli":"“Avijjāti kho ahaṃ, sāḷhā, etamatthaṃ vadāmi. ","eng":"“‘Ignorance’ is what I mean by this. ","html":"<p>{}"},"an3.66:13.2":{"pli":"Mūḷho kho ayaṃ, sāḷhā, avijjāgato pāṇampi hanati, adinnampi ādiyati, paradārampi gacchati, musāpi bhaṇati, parampi tathattāya samādapeti, yaṃ sa hoti dīgharattaṃ ahitāya dukkhāyā”ti. ","eng":"A person who is deluded and ignorant kills living creatures, steals, commits adultery, lies, and encourages others to do the same. Is that for their lasting harm and suffering?” ","html":"{}</p>"},"an3.66:14.1":{"pli":"“Evaṃ, bhante”. ","eng":"“Yes, sir.” ","html":"<p>{}</p>"},"an3.66:15.1":{"pli":"“Taṃ kiṃ maññatha, sāḷhā, ime dhammā kusalā vā akusalā vā”ti? ","eng":"“What do you think, Sāḷha, are these things skillful or unskillful?” ","html":"<p>{}</p>"},"an3.66:16.1":{"pli":"“Akusalā, bhante”. ","eng":"“Unskillful, sir.” ","html":"<p>{}</p>"},"an3.66:17.1":{"pli":"“Sāvajjā vā anavajjā vā”ti? ","eng":"“Blameworthy or blameless?” ","html":"<p>{}</p>"},"an3.66:18.1":{"pli":"“Sāvajjā, bhante”. ","eng":"“Blameworthy, sir.” ","html":"<p>{}</p>"},"an3.66:19.1":{"pli":"“Viññugarahitā vā viññuppasatthā vā”ti? ","eng":"“Criticized or praised by sensible people?” ","html":"<p>{}</p>"},"an3.66:20.1":{"pli":"“Viññugarahitā, bhante”. ","eng":"“Criticized by sensible people, sir.” ","html":"<p>{}</p>"},"an3.66:21.1":{"pli":"“Samattā samādinnā ahitāya dukkhāya saṃvattanti, no vā? ","eng":"“When you undertake them, do they lead to harm and suffering, or not? ","html":"<p>{}"},"an3.66:21.2":{"pli":"Kathaṃ vā ettha hotī”ti? ","eng":"Or how do you see this?” ","html":"{}</p>"},"an3.66:22.1":{"pli":"“Samattā, bhante, samādinnā ahitāya dukkhāya saṃvattantīti. ","eng":"“When you undertake them, they lead to harm and suffering. ","html":"<p>{}"},"an3.66:22.2":{"pli":"Evaṃ no ettha hotī”ti. ","eng":"That’s how we see it.” ","html":"{}</p>"},"an3.66:23.1":{"pli":"“Iti kho, sāḷhā, yaṃ taṃ avocumhā: ","eng":"“So, Sāḷha and friend, when I said: ","html":"<p>{}"},"an3.66:23.2":{"pli":"‘etha tumhe, sāḷhā, mā anussavena, mā paramparāya, mā itikirāya, mā piṭakasampadānena, mā takkahetu, mā nayahetu, mā ākāraparivitakkena, mā diṭṭhinijjhānakkhantiyā, mā bhabbarūpatāya, mā samaṇo no garūti. ","eng":"‘Please, don’t go by oral transmission, don’t go by lineage, don’t go by testament, don’t go by canonical authority, don’t rely on logic, don’t rely on inference, don’t go by reasoned train of thought, don’t go by the acceptance of a view after deliberation, don’t go by the appearance of competence, and don’t think “The ascetic is our respected teacher.” ","html":"{}"},"an3.66:23.3":{"pli":"Yadā tumhe, sāḷhā, attanāva jāneyyātha—","eng":"But when you know for yourselves: ","html":"{}"},"an3.66:23.4":{"pli":"ime dhammā akusalā, ime dhammā sāvajjā, ime dhammā viññugarahitā, ime dhammā samattā samādinnā ahitāya dukkhāya saṃvattantīti, atha tumhe, sāḷhā, pajaheyyāthā’ti, ","eng":"“These things are unskillful, blameworthy, criticized by sensible people, and when you undertake them, they lead to harm and suffering”, then you should give them up.’ ","html":"{}"},"an3.66:23.5":{"pli":"iti yaṃ taṃ vuttaṃ idametaṃ paṭicca vuttaṃ. ","eng":"That’s what I said, and this is why I said it. ","html":"{}</p>"},"an3.66:24.1":{"pli":"Etha tumhe, sāḷhā, mā anussavena, mā paramparāya, mā itikirāya, mā piṭakasampadānena, mā takkahetu, mā nayahetu, mā ākāraparivitakkena, mā diṭṭhinijjhānakkhantiyā, mā bhabbarūpatāya, mā samaṇo no garūti. ","eng":"Please, Sāḷha and friend, don’t go by oral transmission, don’t go by lineage, don’t go by testament, don’t go by canonical authority, don’t rely on logic, don’t rely on inference, don’t go by reasoned train of thought, don’t go by the acceptance of a view after deliberation, don’t go by the appearance of competence, and don’t think ‘The ascetic is our respected teacher.’ ","html":"<p>{}"},"an3.66:24.2":{"pli":"Yadā tumhe, sāḷhā, attanāva jāneyyātha: ","eng":"But when you know for yourselves: ","html":"{}"},"an3.66:24.3":{"pli":"‘ime dhammā kusalā, ime dhammā anavajjā, ime dhammā viññuppasatthā, ime dhammā samattā samādinnā hitāya sukhāya saṃvattantī’ti, atha tumhe, sāḷhā, upasampajja vihareyyātha. ","eng":"‘These things are skillful, blameless, praised by sensible people, and when you undertake them, they lead to welfare and happiness’, then you should acquire them and keep them. ","html":"{}</p>"},"an3.66:25.1":{"pli":"Taṃ kiṃ maññatha, sāḷhā, atthi alobho”ti? ","eng":"What do you think? Is contentment real?” ","html":"<p>{}</p>"},"an3.66:26.1":{"pli":"“Evaṃ, bhante”. ","eng":"“Yes, sir.” ","html":"<p>{}</p>"},"an3.66:27.1":{"pli":"“Anabhijjhāti kho ahaṃ, sāḷhā, etamatthaṃ vadāmi. ","eng":"“‘Satisfaction’ is what I mean by this. ","html":"<p>{}"},"an3.66:27.2":{"pli":"Aluddho kho ayaṃ, sāḷhā, anabhijjhālu neva pāṇaṃ hanati, na adinnaṃ ādiyati, na paradāraṃ gacchati, na musā bhaṇati, parampi na tathattāya samādapeti, yaṃ sa hoti dīgharattaṃ hitāya sukhāyā”ti. ","eng":"A person who is content and satisfied doesn’t kill living creatures, steal, commit adultery, lie, or encourage others to do the same. Is that for their lasting welfare and happiness?” ","html":"{}</p>"},"an3.66:28.1":{"pli":"“Evaṃ, bhante”. ","eng":"“Yes, sir.” ","html":"<p>{}</p>"},"an3.66:29.1":{"pli":"“Taṃ kiṃ maññatha, sāḷhā, atthi adoso”ti? ","eng":"What do you think? Is love real?” ","html":"<p>{}</p>"},"an3.66:30.1":{"pli":"“Evaṃ, bhante”. ","eng":"“Yes, sir.” ","html":"<p>{}</p>"},"an3.66:31.1":{"pli":"“Abyāpādoti kho ahaṃ, sāḷhā, etamatthaṃ vadāmi. ","eng":"“‘Kindness’ is what I mean by this. ","html":"<p>{}"},"an3.66:31.2":{"pli":"Aduṭṭho kho ayaṃ, sāḷhā, abyāpannacitto neva pāṇaṃ hanati, na adinnaṃ ādiyati, na paradāraṃ gacchati, na musā bhaṇati, parampi na tathattāya samādapeti, yaṃ sa hoti dīgharattaṃ hitāya sukhāyā”ti. ","eng":"A loving and kind-hearted person doesn’t kill living creatures, steal, commit adultery, lie, or encourage others to do the same. Is that for their lasting welfare and happiness?” ","html":"{}</p>"},"an3.66:32.1":{"pli":"“Evaṃ, bhante”. ","eng":"“Yes, sir.” ","html":"<p>{}</p>"},"an3.66:33.1":{"pli":"“Taṃ kiṃ maññatha, sāḷhā, ","eng":"“What do you think, Sāḷha? ","html":"<p>{}"},"an3.66:33.2":{"pli":"atthi amoho”ti? ","eng":"Is understanding real?” ","html":"{}</p>"},"an3.66:34.1":{"pli":"“Evaṃ, bhante”. ","eng":"“Yes, sir.” ","html":"<p>{}</p>"},"an3.66:35.1":{"pli":"“Vijjāti kho ahaṃ, sāḷhā, etamatthaṃ vadāmi. ","eng":"“‘Knowledge’ is what I mean by this. ","html":"<p>{}"},"an3.66:35.2":{"pli":"Amūḷho kho ayaṃ, sāḷhā, vijjāgato neva pāṇaṃ hanati, na adinnaṃ ādiyati, na paradāraṃ gacchati, na musā bhaṇati, parampi na tathattāya samādapeti, yaṃ sa hoti dīgharattaṃ hitāya sukhāyā”ti. ","eng":"A person who understands and knows doesn’t kill living creatures, steal, commit adultery, lie, or encourage others to do the same. Is that for their lasting welfare and happiness?” ","html":"{}</p>"},"an3.66:36.1":{"pli":"“Evaṃ, bhante”. ","eng":"“Yes, sir.” ","html":"<p>{}</p>"},"an3.66:37.1":{"pli":"“Taṃ kiṃ maññatha, sāḷhā, ime dhammā kusalā vā akusalā vā”ti? ","eng":"“What do you think, Sāḷha, are these things skillful or unskillful?” ","html":"<p>{}</p>"},"an3.66:38.1":{"pli":"“Kusalā, bhante”. ","eng":"“Skillful, sir.” ","html":"<p>{}</p>"},"an3.66:39.1":{"pli":"“Sāvajjā vā anavajjā vā”ti? ","eng":"“Blameworthy or blameless?” ","html":"<p>{}</p>"},"an3.66:40.1":{"pli":"“Anavajjā, bhante”. ","eng":"“Blameless, sir.” ","html":"<p>{}</p>"},"an3.66:41.1":{"pli":"“Viññugarahitā vā viññuppasatthā vā”ti? ","eng":"“Criticized or praised by sensible people?” ","html":"<p>{}</p>"},"an3.66:42.1":{"pli":"“Viññuppasatthā, bhante”. ","eng":"“Praised by sensible people, sir.” ","html":"<p>{}</p>"},"an3.66:43.1":{"pli":"“Samattā samādinnā hitāya sukhāya saṃvattanti, no vā? ","eng":"“When you undertake them, do they lead to welfare and happiness, or not? ","html":"<p>{}"},"an3.66:43.2":{"pli":"Kathaṃ vā ettha hotī”ti? ","eng":"Or how do you see this?” ","html":"{}</p>"},"an3.66:44.1":{"pli":"“Samattā, bhante, samādinnā hitāya sukhāya saṃvattantīti. ","eng":"“When you undertake them, they lead to welfare and happiness. ","html":"<p>{}"},"an3.66:44.2":{"pli":"Evaṃ no ettha hotī”ti. ","eng":"That’s how we see it.” ","html":"{}</p>"},"an3.66:45.1":{"pli":"“Iti kho, sāḷhā, yaṃ taṃ avocumhā: ","eng":"“So, Sāḷha and friend, when I said: ","html":"<p>{}"},"an3.66:45.2":{"pli":"‘etha tumhe, sāḷhā, mā anussavena, mā paramparāya, mā itikirāya, mā piṭakasampadānena, mā takkahetu, mā nayahetu, mā ākāraparivitakkena, mā diṭṭhinijjhānakkhantiyā, mā bhabbarūpatāya, mā samaṇo no garūti. ","eng":"‘Please, don’t go by oral transmission, don’t go by lineage, don’t go by testament, don’t go by canonical authority, don’t rely on logic, don’t rely on inference, don’t go by reasoned train of thought, don’t go by the acceptance of a view after deliberation, don’t go by the appearance of competence, and don’t think “The ascetic is our respected teacher.” ","html":"{}"},"an3.66:45.3":{"pli":"Yadā tumhe, sāḷhā, attanāva jāneyyātha—","eng":"But when you know for yourselves: ","html":"{}</p>"},"an3.66:45.4":{"pli":"ime dhammā kusalā, ime dhammā anavajjā, ime dhammā viññuppasatthā, ime dhammā samattā samādinnā dīgharattaṃ hitāya sukhāya saṃvattantīti, atha tumhe, sāḷhā, upasampajja vihareyyāthā’ti, ","eng":"“These things are skillful, blameless, praised by sensible people, and when you undertake them, they lead to welfare and happiness”, then you should acquire them and keep them.’ ","html":"<p>{}"},"an3.66:45.5":{"pli":"iti yaṃ taṃ vuttaṃ idametaṃ paṭicca vuttaṃ. ","eng":"That’s what I said, and this is why I said it. ","html":"{}</p>"},"an3.66:46.1":{"pli":"Sa kho so, sāḷhā, ariyasāvako evaṃ vigatābhijjho vigatabyāpādo asammūḷho sampajāno patissato mettāsahagatena cetasā …pe… ","eng":"Then that noble disciple is rid of desire, rid of ill will, unconfused, aware, and mindful. They meditate spreading a heart full of love … ","html":"<p>{}"},"an3.66:46.2":{"pli":"karuṇā … ","eng":"compassion … ","html":"{}"},"an3.66:46.3":{"pli":"muditā … ","eng":"rejoicing … ","html":"{}"},"an3.66:46.4":{"pli":"upekkhāsahagatena cetasā ekaṃ disaṃ pharitvā viharati, tathā dutiyaṃ, tathā tatiyaṃ, tathā catutthaṃ, iti uddhamadho tiriyaṃ sabbadhi sabbattatāya sabbāvantaṃ lokaṃ upekkhāsahagatena cetasā vipulena mahaggatena appamāṇena averena abyāpajjhena pharitvā viharati. ","eng":"equanimity to one direction, and to the second, and to the third, and to the fourth. In the same way above, below, across, everywhere, all around, they spread a heart full of equanimity to the whole world—abundant, expansive, limitless, free of enmity and ill will. ","html":"{}</p>"},"an3.66:46.5":{"pli":"So evaṃ pajānāti: ","eng":"They understand: ","html":"<p>{}"},"an3.66:46.6":{"pli":"‘atthi idaṃ, atthi hīnaṃ, atthi paṇītaṃ, atthi imassa saññāgatassa uttari nissaraṇan’ti. ","eng":"‘There is this, there is what is worse than this, there is what is better than this, and there is an escape beyond the scope of perception.’ ","html":"{}"},"an3.66:46.7":{"pli":"Tassa evaṃ jānato evaṃ passato kāmāsavāpi cittaṃ vimuccati, bhavāsavāpi cittaṃ vimuccati, avijjāsavāpi cittaṃ vimuccati; ","eng":"Knowing and seeing like this, their mind is freed from the defilements of sensuality, desire to be reborn, and ignorance. ","html":"{}"},"an3.66:46.8":{"pli":"vimuttasmiṃ vimuttamiti ñāṇaṃ hoti. ","eng":"When they’re freed, they know they’re freed. ","html":"{}</p>"},"an3.66:46.9":{"pli":"‘Khīṇā jāti, vusitaṃ brahmacariyaṃ, kataṃ karaṇīyaṃ, nāparaṃ itthattāyā’ti pajānāti. ","eng":"They understand: ‘Rebirth is ended, the spiritual journey has been completed, what had to be done has been done, there is nothing further for this place.’ ","html":"<p>{}</p>"},"an3.66:47.1":{"pli":"So evaṃ pajānāti: ","eng":"They understand: ","html":"<p>{}"},"an3.66:47.2":{"pli":"‘ahu pubbe lobho, tadahu akusalaṃ, so etarahi natthi, iccetaṃ kusalaṃ; ","eng":"‘Formerly there was greed, which was unskillful. Now there is none, so that’s skillful. ","html":"{}"},"an3.66:47.3":{"pli":"ahu pubbe doso …pe… ","eng":"Formerly there was hate, which was unskillful. Now there is none, so that’s skillful. ","html":"{}"},"an3.66:47.4":{"pli":"ahu pubbe moho, tadahu akusalaṃ, so etarahi natthi, iccetaṃ kusalan’ti. ","eng":"Formerly there was delusion, which was unskillful. Now there is none, so that’s skillful.’ ","html":"{}"},"an3.66:47.5":{"pli":"So diṭṭheva dhamme nicchāto nibbuto sītibhūto sukhappaṭisaṃvedī brahmabhūtena attanā viharatī”ti. ","eng":"So they live without wishes in this very life, quenched, cooled, experiencing bliss, with self become divine.” ","html":"{}</p>"},"an3.66:47.6":{"pli":"Chaṭṭhaṃ. ","html":"<p class='endsutta'>{}</p></article>"}}}