{"an3.122":{"an3.122:0.1":{"pli":"Aṅguttara Nikāya 3.122 ","eng":"Numbered Discourses 3.122 ","html":"<article id='an3.122'><header><ul><li class='division'>{}</li>"},"an3.122:0.2":{"pli":"12. Āpāyikavagga ","eng":"12. Bound for Loss ","html":"<li>{}</li></ul>"},"an3.122:0.3":{"pli":"Moneyyasutta ","eng":"Sagacity ","html":"<h1 class='sutta-title'>{}</h1></header>"},"an3.122:1.1":{"pli":"“Tīṇimāni, bhikkhave, moneyyāni. ","eng":"“Mendicants, there are these three kinds of sagacity. ","html":"<p>{}"},"an3.122:1.2":{"pli":"Katamāni tīṇi? ","eng":"What three? ","html":"{}"},"an3.122:1.3":{"pli":"Kāyamoneyyaṃ, vacīmoneyyaṃ, manomoneyyaṃ. ","eng":"Sagacity of body, speech, and mind. ","html":"{}</p>"},"an3.122:1.4":{"pli":"Katamañca, bhikkhave, kāyamoneyyaṃ? ","eng":"And what is sagacity of body? ","html":"<p>{}"},"an3.122:1.5":{"pli":"Idha, bhikkhave, bhikkhu pāṇātipātā paṭivirato hoti, adinnādānā paṭivirato hoti, abrahmacariyā paṭivirato hoti. ","eng":"It’s when a mendicant doesn’t kill living creatures, steal, or have sex. ","html":"{}"},"an3.122:1.6":{"pli":"Idaṃ vuccati, bhikkhave, kāyamoneyyaṃ. ","eng":"This is called ‘sagacity of body’. ","html":"{}</p>"},"an3.122:2.1":{"pli":"Katamañca, bhikkhave, vacīmoneyyaṃ? ","eng":"And what is sagacity of speech? ","html":"<p>{}"},"an3.122:2.2":{"pli":"Idha, bhikkhave, bhikkhu musāvādā paṭivirato hoti, pisuṇāya vācāya paṭivirato hoti, pharusāya vācāya paṭivirato hoti, samphappalāpā paṭivirato hoti. ","eng":"It’s when a mendicant doesn’t use speech that’s false, divisive, harsh, or nonsensical. ","html":"{}"},"an3.122:2.3":{"pli":"Idaṃ vuccati, bhikkhave, vacīmoneyyaṃ. ","eng":"This is called ‘sagacity of speech’. ","html":"{}</p>"},"an3.122:3.1":{"pli":"Katamañca, bhikkhave, manomoneyyaṃ? ","eng":"And what is sagacity of mind? ","html":"<p>{}"},"an3.122:3.2":{"pli":"Idha, bhikkhave, bhikkhu āsavānaṃ khayā anāsavaṃ cetovimuttiṃ paññāvimuttiṃ diṭṭheva dhamme sayaṃ abhiññā sacchikatvā upasampajja viharati. ","eng":"It’s when a mendicant realizes the undefiled freedom of heart and freedom by wisdom in this very life. And they live having realized it with their own insight due to the ending of defilements. ","html":"{}"},"an3.122:3.3":{"pli":"Idaṃ vuccati, bhikkhave, manomoneyyaṃ. ","eng":"This is called ‘sagacity of mind’. ","html":"{}"},"an3.122:3.4":{"pli":"Imāni kho, bhikkhave, tīṇi moneyyānīti. ","eng":"These are the three kinds of sagacity. ","html":"{}</p>"},"an3.122:4.1":{"pli":"Kāyamuniṃ vacīmuniṃ, ","eng":"A sage in body, a sage in speech, ","html":"<blockquote class='gatha'><p><span class='verse-line'>{}</span>"},"an3.122:4.2":{"pli":"cetomuniṃ anāsavaṃ; ","eng":"a sage undefiled in heart; ","html":"<span class='verse-line'>{}</span>"},"an3.122:4.3":{"pli":"Muniṃ moneyyasampannaṃ, ","eng":"a sage, blessed with sagacity, ","html":"<span class='verse-line'>{}</span>"},"an3.122:4.4":{"pli":"āhu sabbappahāyinan”ti. ","eng":"has given up everything, they say.” ","html":"<span class='verse-line'>{}</span></p></blockquote>"},"an3.122:4.5":{"pli":"Dasamaṃ. ","html":"<p class='endsutta'>{}</p>"},"an3.122:4.6":{"pli":"Āpāyikavaggo dutiyo. ","html":"<p class='endvagga'>{}</p>"},"an3.122:5.0":{"pli":"Tassuddānaṃ ","html":"<p class='uddana-intro'>{}</p>"},"an3.122:5.1":{"pli":"Āpāyiko dullabho appameyyaṃ, ","html":"<blockquote class='uddanagatha'><p><span class='verse-line'>{}</span>"},"an3.122:5.2":{"pli":"Āneñjavipattisampadā; ","html":"<span class='verse-line'>{}</span>"},"an3.122:5.3":{"pli":"Apaṇṇako ca kammanto, ","html":"<span class='verse-line'>{}</span>"},"an3.122:5.4":{"pli":"Dve soceyyāni moneyyanti. ","html":"<span class='verse-line'>{}</span></p></blockquote></article>"}},"an3.123":{"an3.123:0.1":{"pli":"Aṅguttara Nikāya 3.123 ","eng":"Numbered Discourses 3.123 ","html":"<article id='an3.123'><header><ul><li class='division'>{}</li>"},"an3.123:0.2":{"pli":"13. Kusināravagga ","eng":"13. Kusinārā ","html":"<li>{}</li></ul>"},"an3.123:0.3":{"pli":"Kusinārasutta ","eng":"At Kusinārā ","html":"<h1 class='sutta-title'>{}</h1></header>"},"an3.123:1.1":{"pli":"Ekaṃ samayaṃ bhagavā kusinārāyaṃ viharati baliharaṇe vanasaṇḍe. ","eng":"At one time the Buddha was staying near Kusinārā, in the Forest of Offerings. ","html":"<p>{}"},"an3.123:1.2":{"pli":"Tatra kho bhagavā bhikkhū āmantesi: ","eng":"There the Buddha addressed the mendicants, ","html":"{}"},"an3.123:1.3":{"pli":"“bhikkhavo”ti. ","eng":"“Mendicants!” ","html":"{}</p>"},"an3.123:1.4":{"pli":"“Bhadante”ti te bhikkhū bhagavato paccassosuṃ. ","eng":"“Venerable sir,” they replied. ","html":"<p>{}"},"an3.123:1.5":{"pli":"Bhagavā etadavoca: ","eng":"The Buddha said this: ","html":"{}</p>"},"an3.123:2.1":{"pli":"“Idha, bhikkhave, bhikkhu aññataraṃ gāmaṃ vā nigamaṃ vā upanissāya viharati. ","eng":"“Mendicants, take the case of a mendicant living supported by a town or village. ","html":"<p>{}"},"an3.123:2.2":{"pli":"Tamenaṃ gahapati vā gahapatiputto vā upasaṅkamitvā svātanāya bhattena nimanteti. ","eng":"A householder or their child approaches and invites them for the next day’s meal. ","html":"{}"},"an3.123:2.3":{"pli":"Ākaṅkhamāno, bhikkhave, bhikkhu adhivāseti. ","eng":"The mendicant accepts if they want. ","html":"{}"},"an3.123:2.4":{"pli":"So tassā rattiyā accayena pubbaṇhasamayaṃ nivāsetvā pattacīvaramādāya yena tassa gahapatissa vā gahapatiputtassa vā nivesanaṃ tenupasaṅkamati; upasaṅkamitvā paññatte āsane nisīdati. ","eng":"When the night has passed, they robe up in the morning, take their bowl and robe, and approach that householder’s home, where they sit on the seat spread out. ","html":"{}"},"an3.123:2.5":{"pli":"Tamenaṃ so gahapati vā gahapatiputto vā paṇītena khādanīyena bhojanīyena sahatthā santappeti sampavāreti. ","eng":"The householder or their child serves and satisfies them with their own hands with delicious fresh and cooked foods. ","html":"{}</p>"},"an3.123:3.1":{"pli":"Tassa evaṃ hoti: ","eng":"The mendicant thinks: ","html":"<p>{}"},"an3.123:3.2":{"pli":"‘sādhu vata myāyaṃ gahapati vā gahapatiputto vā paṇītena khādanīyena bhojanīyena sahatthā santappeti sampavāretī’ti. ","eng":"‘It’s so good that this householder serves me with delicious fresh and cooked foods.’ ","html":"{}"},"an3.123:3.3":{"pli":"Evampissa hoti: ","eng":"Then they think: ","html":"{}"},"an3.123:3.4":{"pli":"‘aho vata māyaṃ gahapati vā gahapatiputto vā āyatimpi evarūpena paṇītena khādanīyena bhojanīyena sahatthā santappeyya sampavāreyyā’ti. ","eng":"‘I really hope this householder serves me with delicious fresh and cooked foods in the future, too.’ ","html":"{}"},"an3.123:3.5":{"pli":"So taṃ piṇḍapātaṃ gathito mucchito ajjhosanno anādīnavadassāvī anissaraṇapañño paribhuñjati. ","eng":"They eat that food tied, infatuated, attached, blind to the drawbacks, and not understanding the escape. ","html":"{}"},"an3.123:3.6":{"pli":"So tattha kāmavitakkampi vitakketi, byāpādavitakkampi vitakketi, vihiṃsāvitakkampi vitakketi. ","eng":"They think about it with sensual, malicious, or cruel thoughts. ","html":"{}"},"an3.123:3.7":{"pli":"Evarūpassāhaṃ, bhikkhave, bhikkhuno dinnaṃ na mahapphalanti vadāmi. ","eng":"A gift to such a mendicant is not very fruitful, I say. ","html":"{}"},"an3.123:3.8":{"pli":"Taṃ kissa hetu? ","eng":"Why is that? ","html":"{}"},"an3.123:3.9":{"pli":"Pamatto hi, bhikkhave, bhikkhu viharati. ","eng":"Because that mendicant is negligent. ","html":"{}</p>"},"an3.123:4.1":{"pli":"Idha pana, bhikkhave, bhikkhu aññataraṃ gāmaṃ vā nigamaṃ vā upanissāya viharati. ","eng":"Take another case of a mendicant living supported by a town or village. ","html":"<p>{}"},"an3.123:4.2":{"pli":"Tamenaṃ gahapati vā gahapatiputto vā upasaṅkamitvā svātanāya bhattena nimanteti. ","eng":"A householder or their child approaches and invites them for the next day’s meal. ","html":"{}"},"an3.123:4.3":{"pli":"Ākaṅkhamāno, bhikkhave, bhikkhu adhivāseti. ","eng":"The mendicant accepts if they want. ","html":"{}"},"an3.123:4.4":{"pli":"So tassā rattiyā accayena pubbaṇhasamayaṃ nivāsetvā pattacīvaramādāya yena tassa gahapatissa vā gahapatiputtassa vā nivesanaṃ tenupasaṅkamati; upasaṅkamitvā paññatte āsane nisīdati. ","eng":"When the night has passed, they robe up in the morning, take their bowl and robe, and approach that householder’s home, where they sit on the seat spread out. ","html":"{}"},"an3.123:4.5":{"pli":"Tamenaṃ so gahapati vā gahapatiputto vā paṇītena khādanīyena bhojanīyena sahatthā santappeti sampavāreti. ","eng":"The householder or their child serves and satisfies them with their own hands with delicious fresh and cooked foods. ","html":"{}</p>"},"an3.123:5.1":{"pli":"Tassa na evaṃ hoti: ","eng":"It never occurs to them: ","html":"<p>{}"},"an3.123:5.2":{"pli":"‘sādhu vata myāyaṃ gahapati vā gahapatiputto vā paṇītena khādanīyena bhojanīyena sahatthā santappeti sampavāretī’ti. ","eng":"‘It’s so good that the householder or their child serves and satisfies me with their own hands with delicious fresh and cooked foods.’ ","html":"{}"},"an3.123:5.3":{"pli":"Evampissa na hoti: ","eng":"They don’t think: ","html":"{}"},"an3.123:5.4":{"pli":"‘aho vata māyaṃ gahapati vā gahapatiputto vā āyatimpi evarūpena paṇītena khādanīyena bhojanīyena sahatthā santappeyya sampavāreyyā’ti. ","eng":"‘I really hope this householder serves me with delicious fresh and cooked foods in the future, too.’ ","html":"{}"},"an3.123:5.5":{"pli":"So taṃ piṇḍapātaṃ agathito amucchito anajjhosanno ādīnavadassāvī nissaraṇapañño paribhuñjati. ","eng":"They eat that almsfood untied, uninfatuated, unattached, seeing the drawback, and understanding the escape. ","html":"{}"},"an3.123:5.6":{"pli":"So tattha nekkhammavitakkampi vitakketi, abyāpādavitakkampi vitakketi, avihiṃsāvitakkampi vitakketi. ","eng":"They think about it with thoughts of renunciation, good will, or harmlessness. ","html":"{}"},"an3.123:5.7":{"pli":"Evarūpassāhaṃ, bhikkhave, bhikkhuno dinnaṃ mahapphalanti vadāmi. ","eng":"A gift to such a mendicant is very fruitful, I say. ","html":"{}"},"an3.123:5.8":{"pli":"Taṃ kissa hetu? ","eng":"Why is that? ","html":"{}"},"an3.123:5.9":{"pli":"Appamatto hi, bhikkhave, bhikkhu viharatī”ti. ","eng":"Because that mendicant is diligent.” ","html":"{}</p>"},"an3.123:5.10":{"pli":"Paṭhamaṃ. ","html":"<p class='endsutta'>{}</p></article>"}},"an3.124":{"an3.124:0.1":{"pli":"Aṅguttara Nikāya 3.124 ","eng":"Numbered Discourses 3.124 ","html":"<article id='an3.124'><header><ul><li class='division'>{}</li>"},"an3.124:0.2":{"pli":"13. Kusināravagga ","eng":"13. At Kusinārā ","html":"<li>{}</li></ul>"},"an3.124:0.3":{"pli":"Bhaṇḍanasutta ","eng":"Arguments ","html":"<h1 class='sutta-title'>{}</h1></header>"},"an3.124:1.1":{"pli":"“Yassaṃ, bhikkhave, disāyaṃ bhikkhū bhaṇḍanajātā kalahajātā vivādāpannā aññamaññaṃ mukhasattīhi vitudantā viharanti, manasi kātumpi me esā, bhikkhave, disā na phāsu hoti, pageva gantuṃ. ","eng":"“Mendicants, I’m not even comfortable thinking about a place where mendicants fight—quarreling and disputing, continually wounding each other with barbed words—let alone going there. ","html":"<p>{}"},"an3.124:1.2":{"pli":"Niṭṭhamettha gacchāmi: ","eng":"I come to a conclusion about them: ","html":"{}"},"an3.124:1.3":{"pli":"‘addhā te āyasmanto tayo dhamme pajahiṃsu, tayo dhamme bahulamakaṃsu. ","eng":"‘Clearly those venerables have given up three things and cultivated three things.’ ","html":"{}"},"an3.124:1.4":{"pli":"Katame tayo dhamme pajahiṃsu? ","eng":"What three things have they given up? ","html":"{}"},"an3.124:1.5":{"pli":"Nekkhammavitakkaṃ, abyāpādavitakkaṃ, avihiṃsāvitakkaṃ—","eng":"Thoughts of renunciation, good will, and harmlessness. ","html":"{}"},"an3.124:1.6":{"pli":"ime tayo dhamme pajahiṃsu. ","html":"{}"},"an3.124:1.7":{"pli":"Katame tayo dhamme bahulamakaṃsu? ","eng":"What three things have they cultivated? ","html":"{}"},"an3.124:1.8":{"pli":"Kāmavitakkaṃ, byāpādavitakkaṃ, vihiṃsāvitakkaṃ—","eng":"Sensual, malicious, and cruel thoughts. … ","html":"{}"},"an3.124:1.9":{"pli":"ime tayo dhamme bahulamakaṃsu’. ","html":"{}"},"an3.124:1.10":{"pli":"Yassaṃ, bhikkhave, disāyaṃ bhikkhū bhaṇḍanajātā kalahajātā vivādāpannā aññamaññaṃ mukhasattīhi vitudantā viharanti, manasi kātumpi me esā, bhikkhave, disā na phāsu hoti, pageva gantuṃ. ","html":"{}"},"an3.124:1.11":{"pli":"Niṭṭhamettha gacchāmi: ","eng":"I come to a conclusion about them: ","html":"{}"},"an3.124:1.12":{"pli":"‘addhā te āyasmanto ime tayo dhamme pajahiṃsu, ime tayo dhamme bahulamakaṃsu’. ","eng":"‘Clearly those venerables have given up three things and cultivated three things.’ ","html":"{}</p>"},"an3.124:2.1":{"pli":"Yassaṃ pana, bhikkhave, disāyaṃ bhikkhū samaggā sammodamānā avivadamānā khīrodakībhūtā aññamaññaṃ piyacakkhūhi sampassantā viharanti, gantumpi me esā, bhikkhave, disā phāsu hoti, pageva manasi kātuṃ. ","eng":"I feel comfortable going to a place where the mendicants live in harmony—appreciating each other, without quarreling, blending like milk and water, and regarding each other with kindly eyes—let alone thinking about it. ","html":"<p>{}"},"an3.124:2.2":{"pli":"Niṭṭhamettha gacchāmi: ","eng":"I come to a conclusion about them: ","html":"{}"},"an3.124:2.3":{"pli":"‘addhā te āyasmanto tayo dhamme pajahiṃsu, tayo dhamme bahulamakaṃsu. ","eng":"‘Clearly those venerables have given up three things and cultivated three things.’ ","html":"{}"},"an3.124:2.4":{"pli":"Katame tayo dhamme pajahiṃsu? ","eng":"What three things have they given up? ","html":"{}"},"an3.124:2.5":{"pli":"Kāmavitakkaṃ, byāpādavitakkaṃ, vihiṃsāvitakkaṃ—","eng":"Sensual, malicious, and cruel thoughts. ","html":"{}"},"an3.124:2.6":{"pli":"ime tayo dhamme pajahiṃsu. ","html":"{}"},"an3.124:2.7":{"pli":"Katame tayo dhamme bahulamakaṃsu? ","eng":"What three things have they cultivated? ","html":"{}"},"an3.124:2.8":{"pli":"Nekkhammavitakkaṃ, abyāpādavitakkaṃ, avihiṃsāvitakkaṃ—","eng":"Thoughts of renunciation, good will, and harmlessness. … ","html":"{}"},"an3.124:2.9":{"pli":"ime tayo dhamme bahulamakaṃsu’. ","html":"{}"},"an3.124:2.10":{"pli":"Yassaṃ, bhikkhave, disāyaṃ bhikkhū samaggā sammodamānā avivadamānā khīrodakībhūtā aññamaññaṃ piyacakkhūhi sampassantā viharanti, gantumpi me esā, bhikkhave, disā phāsu hoti, pageva manasi kātuṃ. ","html":"{}"},"an3.124:2.11":{"pli":"Niṭṭhamettha gacchāmi: ","eng":"I come to a conclusion about them: ","html":"{}"},"an3.124:2.12":{"pli":"‘addhā te āyasmanto ime tayo dhamme pajahiṃsu, ime tayo dhamme bahulamakaṃsū’”ti. ","eng":"‘Clearly those venerables have given up three things and cultivated three things.’” ","html":"{}</p>"},"an3.124:2.13":{"pli":"Dutiyaṃ. ","html":"<p class='endsutta'>{}</p></article>"}},"an3.125":{"an3.125:0.1":{"pli":"Aṅguttara Nikāya 3.125 ","eng":"Numbered Discourses 3.125 ","html":"<article id='an3.125'><header><ul><li class='division'>{}</li>"},"an3.125:0.2":{"pli":"13. Kusināravagga ","eng":"13. At Kusinārā ","html":"<li>{}</li></ul>"},"an3.125:0.3":{"pli":"Gotamakacetiyasutta ","eng":"The Gotamaka Shrine ","html":"<h1 class='sutta-title'>{}</h1></header>"},"an3.125:1.1":{"pli":"Ekaṃ samayaṃ bhagavā vesāliyaṃ viharati gotamake cetiye. ","eng":"At one time the Buddha was staying near Vesālī, at the Gotamaka Shrine. ","html":"<p>{}"},"an3.125:1.2":{"pli":"Tatra kho bhagavā bhikkhū āmantesi: ","eng":"There the Buddha addressed the mendicants, ","html":"{}"},"an3.125:1.3":{"pli":"“bhikkhavo”ti. ","eng":"“Mendicants!” ","html":"{}</p>"},"an3.125:1.4":{"pli":"“Bhadante”ti te bhikkhū bhagavato paccassosuṃ. ","eng":"“Venerable sir,” they replied. ","html":"<p>{}"},"an3.125:1.5":{"pli":"Bhagavā etadavoca: ","eng":"The Buddha said this: ","html":"{}</p>"},"an3.125:2.1":{"pli":"“Abhiññāyāhaṃ, bhikkhave, dhammaṃ desemi, no anabhiññāya. ","eng":"“Mendicants, I teach based on direct knowledge, not without direct knowledge. ","html":"<p>{}"},"an3.125:2.2":{"pli":"Sanidānāhaṃ, bhikkhave, dhammaṃ desemi, no anidānaṃ. ","eng":"I teach with reasons, not without them. ","html":"{}"},"an3.125:2.3":{"pli":"Sappāṭihāriyāhaṃ, bhikkhave, dhammaṃ desemi, no appāṭihāriyaṃ. ","eng":"I teach with a demonstrable basis, not without it. ","html":"{}"},"an3.125:2.4":{"pli":"Tassa mayhaṃ, bhikkhave, abhiññāya dhammaṃ desayato no anabhiññāya, sanidānaṃ dhammaṃ desayato no anidānaṃ, sappāṭihāriyaṃ dhammaṃ desayato no appāṭihāriyaṃ, karaṇīyo ovādo, karaṇīyā anusāsanī. ","eng":"Since this is so, you should follow my advice and instruction. ","html":"{}"},"an3.125:2.5":{"pli":"Alañca pana vo, bhikkhave, tuṭṭhiyā, alaṃ attamanatāya, alaṃ somanassāya: ","eng":"This is enough for you to feel joyful, delighted, and happy: ","html":"{}"},"an3.125:2.6":{"pli":"‘sammāsambuddho bhagavā, svākkhāto dhammo, suppaṭipanno saṅgho’”ti. ","eng":"‘The Blessed One is a fully awakened Buddha! The teaching is well explained! The Saṅgha is practicing well!’” ","html":"{}</p>"},"an3.125:3.1":{"pli":"Idamavoca bhagavā. ","eng":"That is what the Buddha said. ","html":"<p>{}"},"an3.125:3.2":{"pli":"Attamanā te bhikkhū bhagavato bhāsitaṃ abhinandunti. ","eng":"Satisfied, the mendicants approved what the Buddha said. ","html":"{}"},"an3.125:3.3":{"pli":"Imasmiñca pana veyyākaraṇasmiṃ bhaññamāne sahassī lokadhātu akampitthāti. ","eng":"And while this discourse was being spoken, the thousandfold galaxy shook. ","html":"{}</p>"},"an3.125:3.4":{"pli":"Tatiyaṃ. ","html":"<p class='endsutta'>{}</p></article>"}},"an3.126":{"an3.126:0.1":{"pli":"Aṅguttara Nikāya 3.126 ","eng":"Numbered Discourses 3.126 ","html":"<article id='an3.126'><header><ul><li class='division'>{}</li>"},"an3.126:0.2":{"pli":"13. Kusināravagga ","eng":"13. Kusinārā ","html":"<li>{}</li></ul>"},"an3.126:0.3":{"pli":"Bharaṇḍukālāmasutta ","eng":"Bharaṇḍu Kālāma ","html":"<h1 class='sutta-title'>{}</h1></header>"},"an3.126:1.1":{"pli":"Ekaṃ samayaṃ bhagavā kosalesu cārikaṃ caramāno yena kapilavatthu tadavasari. ","eng":"At one time the Buddha was wandering in the land of the Kosalans when he arrived at Kapilavatthu. ","html":"<p>{}</p>"},"an3.126:1.2":{"pli":"Assosi kho mahānāmo sakko: “bhagavā kira kapilavatthuṃ anuppatto”ti. ","eng":"Mahānāma the Sakyan heard that he had arrived. ","html":"<p>{}"},"an3.126:1.3":{"pli":"Atha kho mahānāmo sakko yena bhagavā tenupasaṅkami; upasaṅkamitvā bhagavantaṃ abhivādetvā ekamantaṃ aṭṭhāsi. Ekamantaṃ ṭhitaṃ kho mahānāmaṃ sakkaṃ bhagavā etadavoca: ","eng":"He went up to the Buddha, bowed, and stood to one side. The Buddha said to him, ","html":"{}"},"an3.126:2.1":{"pli":"“Gaccha, mahānāma, kapilavatthusmiṃ, tathārūpaṃ āvasathaṃ jāna yatthajja mayaṃ ekarattiṃ vihareyyāmā”ti. ","eng":"“Go into Kapilavatthu, Mahānāma, and check if there’s a suitable guest house where I can spend the night.” ","html":"{}</p>"},"an3.126:2.2":{"pli":"“Evaṃ, bhante”ti kho mahānāmo sakko bhagavato paṭissutvā kapilavatthuṃ pavisitvā kevalakappaṃ kapilavatthuṃ anvāhiṇḍanto nāddasa kapilavatthusmiṃ tathārūpaṃ āvasathaṃ yatthajja bhagavā ekarattiṃ vihareyya. ","eng":"“Yes, sir,” replied Mahānāma. He returned to Kapilavatthu and searched all over the city, but he couldn’t see a suitable guest house for the Buddha to spend the night. ","html":"<p>{}</p>"},"an3.126:3.1":{"pli":"Atha kho mahānāmo sakko yena bhagavā tenupasaṅkami; upasaṅkamitvā bhagavantaṃ etadavoca: ","eng":"Then Mahānāma went up to the Buddha, and said to him, ","html":"<p>{}"},"an3.126:3.2":{"pli":"“natthi, bhante, kapilavatthusmiṃ tathārūpo āvasatho yatthajja bhagavā ekarattiṃ vihareyya. ","eng":"“Sir, there’s no suitable guest house in Kapilavatthu for you to spend the night. ","html":"{}"},"an3.126:3.3":{"pli":"Ayaṃ, bhante, bharaṇḍu kālāmo bhagavato purāṇasabrahmacārī. ","eng":"But there is this Bharaṇḍu the Kālāma, who used to be the Buddha’s spiritual companion. ","html":"{}"},"an3.126:3.4":{"pli":"Tassajja bhagavā assame ekarattiṃ viharatū”ti. ","eng":"Why don’t you spend the night at his hermitage?” ","html":"{}</p>"},"an3.126:3.5":{"pli":"“Gaccha, mahānāma, santharaṃ paññāpehī”ti. ","eng":"“Go, Mahānāma, and set out a mat.” ","html":"<p>{}</p>"},"an3.126:3.6":{"pli":"“Evaṃ, bhante”ti kho mahānāmo sakko bhagavato paṭissutvā yena bharaṇḍussa kālāmassa assamo tenupasaṅkami; upasaṅkamitvā santharaṃ paññāpetvā udakaṃ ṭhapetvā pādānaṃ dhovanāya yena bhagavā tenupasaṅkami; upasaṅkamitvā bhagavantaṃ etadavoca: ","eng":"“Yes, sir,” replied Mahānāma. He went to Bharaṇḍu’s hermitage, where he set out a mat, and got foot-washing water ready. Then he went back to the Buddha and said to him, ","html":"<p>{}"},"an3.126:3.7":{"pli":"“santhato, bhante, santhāro, udakaṃ ṭhapitaṃ pādānaṃ dhovanāya. ","eng":"“The mat and foot-washing water are set out. ","html":"{}"},"an3.126:3.8":{"pli":"Yassadāni, bhante, bhagavā kālaṃ maññatī”ti. ","eng":"Please, sir, go at your convenience.” ","html":"{}</p>"},"an3.126:4.1":{"pli":"Atha kho bhagavā yena bharaṇḍussa kālāmassa assamo tenupasaṅkami; upasaṅkamitvā paññatte āsane nisīdi. ","eng":"Then the Buddha went to Bharaṇḍu’s hermitage, sat down on the seat spread out, ","html":"<p>{}"},"an3.126:4.2":{"pli":"Nisajja kho bhagavā pāde pakkhālesi. ","eng":"and washed his feet. ","html":"{}</p>"},"an3.126:4.3":{"pli":"Atha kho mahānāmassa sakkassa etadahosi: ","eng":"Then it occurred to Mahānāma, ","html":"<p>{}"},"an3.126:4.4":{"pli":"“akālo kho ajja bhagavantaṃ payirupāsituṃ. ","eng":"“It’s too late to pay homage to the Buddha today. ","html":"{}"},"an3.126:4.5":{"pli":"Kilanto bhagavā. ","eng":"He’s tired. ","html":"{}"},"an3.126:4.6":{"pli":"Sve dānāhaṃ bhagavantaṃ payirupāsissāmī”ti bhagavantaṃ abhivādetvā padakkhiṇaṃ katvā pakkāmi. ","eng":"Tomorrow I’ll pay homage to the Buddha.” He bowed to the Buddha and respectfully circled him, keeping him on his right, then he left. ","html":"{}</p>"},"an3.126:5.1":{"pli":"Atha kho mahānāmo sakko tassā rattiyā accayena yena bhagavā tenupasaṅkami; upasaṅkamitvā ekamantaṃ nisīdi. Ekamantaṃ nisinnaṃ kho mahānāmaṃ sakkaṃ bhagavā etadavoca: ","eng":"Then, when the night had passed, Mahānāma the Sakyan went up to the Buddha, and sat down to one side. The Buddha said to him: ","html":"<p>{}</p>"},"an3.126:5.2":{"pli":"“tayo khome, mahānāma, satthāro santo saṃvijjamānā lokasmiṃ. ","eng":"“Mahānāma, there are these three teachers found in the world. ","html":"<p>{}"},"an3.126:5.3":{"pli":"Katame tayo? ","eng":"What three? ","html":"{}"},"an3.126:5.4":{"pli":"Idha, mahānāma, ekacco satthā kāmānaṃ pariññaṃ paññāpeti; ","eng":"One teacher advocates the complete understanding of sensual pleasures, ","html":"{}"},"an3.126:5.5":{"pli":"na rūpānaṃ pariññaṃ paññāpeti, na vedanānaṃ pariññaṃ paññāpeti. ","eng":"but not of forms or feelings. ","html":"{}"},"an3.126:5.6":{"pli":"Idha pana, mahānāma, ekacco satthā kāmānaṃ pariññaṃ paññāpeti, rūpānaṃ pariññaṃ paññāpeti; ","eng":"One teacher advocates the complete understanding of sensual pleasures and forms, ","html":"{}"},"an3.126:5.7":{"pli":"na vedanānaṃ pariññaṃ paññāpeti. ","eng":"but not of feelings. ","html":"{}"},"an3.126:5.8":{"pli":"Idha pana, mahānāma, ekacco satthā kāmānaṃ pariññaṃ paññāpeti, rūpānaṃ pariññaṃ paññāpeti, vedanānaṃ pariññaṃ paññāpeti. ","eng":"One teacher advocates the complete understanding of sensual pleasures, forms, and feelings. ","html":"{}"},"an3.126:5.9":{"pli":"Ime kho, mahānāma, tayo satthāro santo saṃvijjamānā lokasmiṃ. ","eng":"These are the three teachers found in the world. ","html":"{}"},"an3.126:5.10":{"pli":"Imesaṃ, mahānāma, tiṇṇaṃ satthārānaṃ ekā niṭṭhā udāhu puthu niṭṭhā”ti? ","eng":"Do these three teachers have the same goal or different goals?” ","html":"{}</p>"},"an3.126:6.1":{"pli":"Evaṃ vutte, bharaṇḍu kālāmo mahānāmaṃ sakkaṃ etadavoca: ","eng":"When he said this, Bharaṇḍu said to Mahānāma, ","html":"<p>{}"},"an3.126:6.2":{"pli":"“ekāti, mahānāma, vadehī”ti. ","eng":"“Say they’re the same, Mahānāma!” ","html":"{}</p>"},"an3.126:6.3":{"pli":"Evaṃ vutte, bhagavā mahānāmaṃ sakkaṃ etadavoca: ","eng":"The Buddha said, ","html":"<p>{}"},"an3.126:6.4":{"pli":"“nānāti, mahānāma, vadehī”ti. ","eng":"“Say they’re different, Mahānāma!” ","html":"{}</p>"},"an3.126:6.5":{"pli":"Dutiyampi kho bharaṇḍu kālāmo mahānāmaṃ sakkaṃ etadavoca: ","eng":"For a second time, Bharaṇḍu said, ","html":"<p>{}"},"an3.126:6.6":{"pli":"“ekāti, mahānāma, vadehī”ti. ","eng":"“Say they’re the same, Mahānāma!” ","html":"{}</p>"},"an3.126:6.7":{"pli":"Dutiyampi kho bhagavā mahānāmaṃ sakkaṃ etadavoca: ","eng":"The Buddha said, ","html":"<p>{}"},"an3.126:6.8":{"pli":"“nānāti, mahānāma, vadehī”ti. ","eng":"“Say they’re different, Mahānāma!” ","html":"{}</p>"},"an3.126:6.9":{"pli":"Tatiyampi kho bharaṇḍu kālāmo mahānāmaṃ sakkaṃ etadavoca: ","eng":"For a third time, Bharaṇḍu said, ","html":"<p>{}"},"an3.126:6.10":{"pli":"“ekāti, mahānāma, vadehī”ti. ","eng":"“Say they’re the same, Mahānāma!” ","html":"{}</p>"},"an3.126:6.11":{"pli":"Tatiyampi kho bhagavā mahānāmaṃ sakkaṃ etadavoca: ","eng":"The Buddha said, ","html":"<p>{}"},"an3.126:6.12":{"pli":"“nānāti, mahānāma, vadehī”ti. ","eng":"“Say they’re different, Mahānāma!” ","html":"{}</p>"},"an3.126:7.1":{"pli":"Atha kho bharaṇḍu kālāmassa etadahosi: ","eng":"Then it occurred to Bharaṇḍu, ","html":"<p>{}"},"an3.126:7.2":{"pli":"“mahesakkhassa vatamhi mahānāmassa sakkassa sammukhā samaṇena gotamena yāvatatiyaṃ apasādito. ","eng":"“The Buddha has rebuked me three times in front of this illustrious Mahānāma. ","html":"{}"},"an3.126:7.3":{"pli":"Yannūnāhaṃ kapilavatthumhā pakkameyyan”ti. ","eng":"Why don’t I leave Kapilavatthu?” ","html":"{}"},"an3.126:7.4":{"pli":"Atha kho bharaṇḍu kālāmo kapilavatthumhā pakkāmi. ","eng":"Then Bharaṇḍu the Kālāma left Kapilavatthu, ","html":"{}"},"an3.126:7.5":{"pli":"Yaṃ kapilavatthumhā pakkāmi tathā pakkantova ahosi na puna paccāgacchīti. ","eng":"never to return. ","html":"{}</p>"},"an3.126:7.6":{"pli":"Catutthaṃ. ","html":"<p class='endsutta'>{}</p></article>"}},"an3.127":{"an3.127:0.1":{"pli":"Aṅguttara Nikāya 3.127 ","eng":"Numbered Discourses 3.127 ","html":"<article id='an3.127'><header><ul><li class='division'>{}</li>"},"an3.127:0.2":{"pli":"13. Kusināravagga ","eng":"13. Kusinārā ","html":"<li>{}</li></ul>"},"an3.127:0.3":{"pli":"Hatthakasutta ","eng":"With Hatthaka ","html":"<h1 class='sutta-title'>{}</h1></header>"},"an3.127:1.1":{"pli":"Ekaṃ samayaṃ bhagavā sāvatthiyaṃ viharati jetavane anāthapiṇḍikassa ārāme. ","eng":"At one time the Buddha was staying near Sāvatthī in Jeta’s Grove, Anāthapiṇḍika’s monastery. ","html":"<p>{}</p>"},"an3.127:1.2":{"pli":"Atha kho hatthako devaputto abhikkantāya rattiyā abhikkantavaṇṇo kevalakappaṃ jetavanaṃ obhāsetvā yena bhagavā tenupasaṅkami; upasaṅkamitvā: ","eng":"Then, late at night, the glorious godling Hatthaka, lighting up the entire Jeta’s Grove, went up to the Buddha. Thinking, ","html":"<p>{}"},"an3.127:1.3":{"pli":"“bhagavato purato ṭhassāmī”ti osīdatimeva saṃsīdatimeva, na sakkoti saṇṭhātuṃ. ","eng":"“I will stand before the Buddha,” he sank and melted down, and wasn’t able to stay still. ","html":"{}"},"an3.127:1.4":{"pli":"Seyyathāpi nāma sappi vā telaṃ vā vālukāya āsittaṃ osīdatimeva saṃsīdatimeva, na saṇṭhāti; ","eng":"It’s like when ghee or oil is poured on sand, it sinks and melts down, and can’t remain stable. ","html":"{}"},"an3.127:1.5":{"pli":"evamevaṃ hatthako devaputto: ","html":"{}"},"an3.127:1.6":{"pli":"“bhagavato purato ṭhassāmī”ti osīdatimeva saṃsīdatimeva, na sakkoti saṇṭhātuṃ. ","html":"{}</p>"},"an3.127:2.1":{"pli":"Atha kho bhagavā hatthakaṃ devaputtaṃ etadavoca: ","eng":"Then the Buddha said to Hatthaka, ","html":"<p>{}"},"an3.127:2.2":{"pli":"“oḷārikaṃ, hatthaka, attabhāvaṃ abhinimmināhī”ti. ","eng":"“Hatthaka, manifest a solid incarnation.” ","html":"{}</p>"},"an3.127:2.3":{"pli":"“Evaṃ, bhante”ti, kho hatthako devaputto bhagavato paṭissutvā oḷārikaṃ attabhāvaṃ abhinimminitvā bhagavantaṃ abhivādetvā ekamantaṃ aṭṭhāsi. ","eng":"“Yes, sir,” replied Hatthaka. He manifested a solid incarnation, bowed to the Buddha, and stood to one side. ","html":"<p>{}</p>"},"an3.127:2.4":{"pli":"Ekamantaṃ ṭhitaṃ kho hatthakaṃ devaputtaṃ bhagavā etadavoca: ","eng":"The Buddha said to him, ","html":"<p>{}"},"an3.127:3.1":{"pli":"“Ye te, hatthaka, dhammā pubbe manussabhūtassa pavattino ahesuṃ, api nu te te dhammā etarahi pavattino”ti? ","eng":"“Hatthaka, I wonder whether you still promulgate now the teachings that you promulgated when you were a human being?” ","html":"{}</p>"},"an3.127:3.2":{"pli":"“Ye ca me, bhante, dhammā pubbe manussabhūtassa pavattino ahesuṃ, te ca me dhammā etarahi pavattino; ","eng":"“I still promulgate the teachings that I promulgated as a human being. ","html":"<p>{}"},"an3.127:3.3":{"pli":"ye ca me, bhante, dhammā pubbe manussabhūtassa nappavattino ahesuṃ, te ca me dhammā etarahi pavattino. ","eng":"And I also promulgate teachings that I didn’t promulgate as a human being. ","html":"{}</p>"},"an3.127:3.4":{"pli":"Seyyathāpi, bhante, bhagavā etarahi ākiṇṇo viharati bhikkhūhi bhikkhunīhi upāsakehi upāsikāhi rājūhi rājamahāmattehi titthiyehi titthiyasāvakehi; ","eng":"Just as the Buddha these days lives crowded by monks, nuns, laymen, and laywomen; by rulers and their chief ministers, and monastics of other religions and their disciples, ","html":"<p>{}"},"an3.127:3.5":{"pli":"evamevaṃ kho ahaṃ, bhante, ākiṇṇo viharāmi devaputtehi. ","eng":"so I live crowded by the godlings. ","html":"{}"},"an3.127:3.6":{"pli":"Dūratopi, bhante, devaputtā āgacchanti hatthakassa devaputtassa santike ‘dhammaṃ sossāmā’ti. ","eng":"The godlings come from far away, thinking, ‘We’ll hear the teaching in the presence of Hatthaka.’ ","html":"{}</p>"},"an3.127:3.7":{"pli":"Tiṇṇāhaṃ, bhante, dhammānaṃ atitto appaṭivāno kālaṅkato. ","eng":"Sir, I passed away without getting enough of three things. ","html":"<p>{}"},"an3.127:3.8":{"pli":"Katamesaṃ tiṇṇaṃ? ","eng":"What three? ","html":"{}"},"an3.127:3.9":{"pli":"Bhagavato ahaṃ, bhante, dassanassa atitto appaṭivāno kālaṅkato; ","eng":"Seeing the Buddha; ","html":"{}"},"an3.127:3.10":{"pli":"saddhammasavanassāhaṃ, bhante, atitto appaṭivāno kālaṅkato; ","eng":"hearing the true teaching; ","html":"{}"},"an3.127:3.11":{"pli":"saṅghassāhaṃ, bhante, upaṭṭhānassa atitto appaṭivāno kālaṅkato. ","eng":"and serving the Saṅgha. ","html":"{}"},"an3.127:3.12":{"pli":"Imesaṃ kho ahaṃ, bhante, tiṇṇaṃ dhammānaṃ atitto appaṭivāno kālaṅkatoti. ","eng":"I passed away without getting enough of these three things. ","html":"{}</p>"},"an3.127:4.1":{"pli":"Nāhaṃ bhagavato dassanassa, ","eng":"I could never get enough ","html":"<blockquote class='gatha'><p><span class='verse-line'>{}</span>"},"an3.127:4.2":{"pli":"Tittimajjhagā kudācanaṃ; ","eng":"of seeing the Buddha, ","html":"<span class='verse-line'>{}</span>"},"an3.127:4.3":{"pli":"Saṅghassa upaṭṭhānassa, ","eng":"serving the Saṅgha, ","html":"<span class='verse-line'>{}</span>"},"an3.127:4.4":{"pli":"Saddhammasavanassa ca. ","eng":"or hearing the teaching. ","html":"<span class='verse-line'>{}</span></p>"},"an3.127:5.1":{"pli":"Adhisīlaṃ sikkhamāno, ","eng":"Training in the higher ethics, ","html":"<p><span class='verse-line'>{}</span>"},"an3.127:5.2":{"pli":"saddhammasavane rato; ","eng":"loving to hear the true teaching, ","html":"<span class='verse-line'>{}</span>"},"an3.127:5.3":{"pli":"Tiṇṇaṃ dhammānaṃ atitto, ","eng":"Hatthaka has gone to the Aviha realm ","html":"<span class='verse-line'>{}</span>"},"an3.127:5.4":{"pli":"hatthako avihaṃ gato”ti. ","eng":"without getting enough of these three things.” ","html":"<span class='verse-line'>{}</span></p></blockquote>"},"an3.127:5.5":{"pli":"Pañcamaṃ. ","html":"<p class='endsutta'>{}</p></article>"}},"an3.128":{"an3.128:0.1":{"pli":"Aṅguttara Nikāya 3.128 ","eng":"Numbered Discourses 3.128 ","html":"<article id='an3.128'><header><ul><li class='division'>{}</li>"},"an3.128:0.2":{"pli":"13. Kusināravagga ","eng":"13. Kusinārā ","html":"<li>{}</li></ul>"},"an3.128:0.3":{"pli":"Kaṭuviyasutta ","eng":"Bitter ","html":"<h1 class='sutta-title'>{}</h1></header>"},"an3.128:1.1":{"pli":"Ekaṃ samayaṃ bhagavā bārāṇasiyaṃ viharati isipatane migadāye. ","eng":"At one time the Buddha was staying near Varanasi, in the deer park at Isipatana. ","html":"<p>{}</p>"},"an3.128:1.2":{"pli":"Atha kho bhagavā pubbaṇhasamayaṃ nivāsetvā pattacīvaramādāya bārāṇasiṃ piṇḍāya pāvisi. ","eng":"Then the Buddha robed up in the morning and, taking his bowl and robe, entered Varanasi for alms. ","html":"<p>{}"},"an3.128:1.3":{"pli":"Addasā kho bhagavā goyogapilakkhasmiṃ piṇḍāya caramāno aññataraṃ bhikkhuṃ rittassādaṃ bāhirassādaṃ muṭṭhassatiṃ asampajānaṃ asamāhitaṃ vibbhantacittaṃ pākatindriyaṃ. ","eng":"While the Buddha was walking for alms near the cow-hitching place at the wavy leaf fig, he saw a disgruntled monk who was looking for pleasure in external things, unmindful, without situational awareness or immersion, with straying mind and undisciplined faculties. ","html":"{}</p>"},"an3.128:1.4":{"pli":"Disvā taṃ bhikkhuṃ etadavoca: ","eng":"The Buddha said to him, ","html":"<p>{}"},"an3.128:2.1":{"pli":"“Mā kho tvaṃ, bhikkhu, attānaṃ kaṭuviyamakāsi. ","eng":"“Monk, don’t be bitter. ","html":"{}"},"an3.128:2.2":{"pli":"Taṃ vata, bhikkhu, kaṭuviyakataṃ attānaṃ āmagandhena avassutaṃ makkhikā nānupatissanti nānvāssavissantīti, netaṃ ṭhānaṃ vijjatī”ti. ","eng":"If you’re bitter, festering with putrefaction, flies will, without a doubt, plague and infest you.” ","html":"{}</p>"},"an3.128:2.3":{"pli":"Atha kho so bhikkhu bhagavatā iminā ovādena ovadito saṃvegamāpādi. ","eng":"Hearing this advice of the Buddha, that monk was struck with a sense of urgency. ","html":"<p>{}"},"an3.128:2.4":{"pli":"Atha kho bhagavā bārāṇasiyaṃ piṇḍāya caritvā pacchābhattaṃ piṇḍapātapaṭikkanto bhikkhū āmantesi: ","eng":"Then, after the meal, on his return from almsround, the Buddha told the mendicants what had happened. … ","html":"{}</p>"},"an3.128:3.1":{"pli":"“Idhāhaṃ, bhikkhave, pubbaṇhasamayaṃ nivāsetvā pattacīvaramādāya bārāṇasiṃ piṇḍāya pāvisiṃ. ","html":"<p>{}"},"an3.128:3.2":{"pli":"Addasaṃ kho ahaṃ, bhikkhave, goyogapilakkhasmiṃ piṇḍāya caramāno aññataraṃ bhikkhuṃ rittassādaṃ bāhirassādaṃ muṭṭhassatiṃ asampajānaṃ asamāhitaṃ vibbhantacittaṃ pākatindriyaṃ. ","html":"{}"},"an3.128:3.3":{"pli":"Disvā taṃ bhikkhuṃ etadavocaṃ: ","html":"{}</p>"},"an3.128:4.1":{"pli":"‘Mā kho tvaṃ, bhikkhu, attānaṃ kaṭuviyamakāsi. ","html":"<p>{}"},"an3.128:4.2":{"pli":"Taṃ vata bhikkhu kaṭuviyakataṃ attānaṃ āmagandhena avassutaṃ makkhikā nānupatissanti nānvāssavissantīti, netaṃ ṭhānaṃ vijjatī’ti. ","html":"{}"},"an3.128:4.3":{"pli":"Atha kho, bhikkhave, so bhikkhu mayā iminā ovādena ovadito saṃvegamāpādī”ti. ","html":"{}"},"an3.128:4.4":{"pli":"Evaṃ vutte, aññataro bhikkhu bhagavantaṃ etadavoca: ","eng":"When he said this, one of the mendicants asked the Buddha: ","html":"{}</p>"},"an3.128:4.5":{"pli":"“kiṃ nu kho, bhante, kaṭuviyaṃ? ","eng":"“Sir, what is this ‘bitterness’? ","html":"<p>{}"},"an3.128:4.6":{"pli":"Ko āmagandho? ","eng":"What is ‘putrefaction’? ","html":"{}"},"an3.128:4.7":{"pli":"Kā makkhikā”ti? ","eng":"And what are the ‘flies’?” ","html":"{}</p>"},"an3.128:5.1":{"pli":"“Abhijjhā kho, bhikkhu, kaṭuviyaṃ; ","eng":"“Desire is bitterness; ","html":"<p>{}"},"an3.128:5.2":{"pli":"byāpādo āmagandho; ","eng":"ill will is the putrefaction; ","html":"{}"},"an3.128:5.3":{"pli":"pāpakā akusalā vitakkā makkhikā. ","eng":"and bad, unskillful thoughts are the flies. ","html":"{}"},"an3.128:5.4":{"pli":"Taṃ vata, bhikkhu, kaṭuviyakataṃ attānaṃ āmagandhena avassutaṃ makkhikā nānupatissanti nānvāssavissantīti, netaṃ ṭhānaṃ vijjatīti. ","eng":"If you’re bitter, festering with putrefaction, flies will, without a doubt, plague and infest you. ","html":"{}</p>"},"an3.128:6.1":{"pli":"Aguttaṃ cakkhusotasmiṃ, ","eng":"When your eyes and ears are unguarded, ","html":"<blockquote class='gatha'><p><span class='verse-line'>{}</span>"},"an3.128:6.2":{"pli":"indriyesu asaṃvutaṃ; ","eng":"and you’re not restrained in your sense faculties, ","html":"<span class='verse-line'>{}</span>"},"an3.128:6.3":{"pli":"Makkhikānupatissanti, ","eng":"flies—those lustful thoughts—","html":"<span class='verse-line'>{}</span>"},"an3.128:6.4":{"pli":"saṅkappā rāganissitā. ","eng":"will plague you. ","html":"<span class='verse-line'>{}</span></p>"},"an3.128:7.1":{"pli":"Kaṭuviyakato bhikkhu, ","eng":"A mendicant who’s bitter, ","html":"<p><span class='verse-line'>{}</span>"},"an3.128:7.2":{"pli":"āmagandhe avassuto; ","eng":"festering with putrefaction, ","html":"<span class='verse-line'>{}</span>"},"an3.128:7.3":{"pli":"Ārakā hoti nibbānā, ","eng":"is far from being extinguished, ","html":"<span class='verse-line'>{}</span>"},"an3.128:7.4":{"pli":"vighātasseva bhāgavā. ","eng":"distress is their lot. ","html":"<span class='verse-line'>{}</span></p>"},"an3.128:8.1":{"pli":"Gāme vā yadi vāraññe, ","eng":"Whether in village or wilderness, ","html":"<p><span class='verse-line'>{}</span>"},"an3.128:8.2":{"pli":"aladdhā samathamattano; ","eng":"if they don’t find serenity in themselves, ","html":"<span class='verse-line'>{}</span>"},"an3.128:8.3":{"pli":"Pareti bālo dummedho, ","eng":"the fool, the simpleton departs, ","html":"<span class='verse-line'>{}</span>"},"an3.128:8.4":{"pli":"makkhikāhi purakkhato. ","eng":"honored only by flies. ","html":"<span class='verse-line'>{}</span></p>"},"an3.128:9.1":{"pli":"Ye ca sīlena sampannā, ","eng":"But those who have ethics, ","html":"<p><span class='verse-line'>{}</span>"},"an3.128:9.2":{"pli":"paññāyūpasameratā; ","eng":"lovers of wisdom and peace, ","html":"<span class='verse-line'>{}</span>"},"an3.128:9.3":{"pli":"Upasantā sukhaṃ senti, ","eng":"they, being peaceful, sleep at ease, ","html":"<span class='verse-line'>{}</span>"},"an3.128:9.4":{"pli":"nāsayitvāna makkhikā”ti. ","eng":"since they’ve got rid of the flies.” ","html":"<span class='verse-line'>{}</span></p></blockquote>"},"an3.128:9.5":{"pli":"Chaṭṭhaṃ. ","html":"<p class='endsutta'>{}</p></article>"}},"an3.129":{"an3.129:0.1":{"pli":"Aṅguttara Nikāya 3.129 ","eng":"Numbered Discourses 3.129 ","html":"<article id='an3.129'><header><ul><li class='division'>{}</li>"},"an3.129:0.2":{"pli":"13. Kusināravagga ","eng":"13. Kusinārā ","html":"<li>{}</li></ul>"},"an3.129:0.3":{"pli":"Paṭhamaanuruddhasutta ","eng":"With Anuruddha (1st) ","html":"<h1 class='sutta-title'>{}</h1></header>"},"an3.129:1.1":{"pli":"Atha kho āyasmā anuruddho yena bhagavā tenupasaṅkami; upasaṅkamitvā bhagavantaṃ abhivādetvā ekamantaṃ nisīdi. Ekamantaṃ nisinno kho āyasmā anuruddho bhagavantaṃ etadavoca: ","eng":"Then Venerable Anuruddha went up to the Buddha, bowed, sat down to one side, and said to him: ","html":"<p>{}</p>"},"an3.129:1.2":{"pli":"“idhāhaṃ, bhante, dibbena cakkhunā visuddhena atikkantamānusakena yebhuyyena passāmi mātugāmaṃ kāyassa bhedā paraṃ maraṇā apāyaṃ duggatiṃ vinipātaṃ nirayaṃ upapajjamānaṃ. ","eng":"“Sometimes, sir, with my clairvoyance that’s purified and superhuman, I see that ladies—when their body breaks up, after death—are mostly reborn in a place of loss, a bad place, the underworld, hell. ","html":"<p>{}"},"an3.129:1.3":{"pli":"Katihi nu kho, bhante, dhammehi samannāgato mātugāmo kāyassa bhedā paraṃ maraṇā apāyaṃ duggatiṃ vinipātaṃ nirayaṃ upapajjatī”ti? ","eng":"How many qualities do ladies have so that they’re reborn in a place of loss, a bad place, the underworld, hell?” ","html":"{}</p>"},"an3.129:2.1":{"pli":"“Tīhi kho, anuruddha, dhammehi samannāgato mātugāmo kāyassa bhedā paraṃ maraṇā apāyaṃ duggatiṃ vinipātaṃ nirayaṃ upapajjati. ","eng":"“When ladies have three qualities, when their body breaks up, after death, they are reborn in a place of loss, a bad place, the underworld, hell. ","html":"<p>{}"},"an3.129:2.2":{"pli":"Katamehi tīhi? ","eng":"What three? ","html":"{}"},"an3.129:2.3":{"pli":"Idha, anuruddha, mātugāmo pubbaṇhasamayaṃ maccheramalapariyuṭṭhitena cetasā agāraṃ ajjhāvasati, majjhanhikasamayaṃ issāpariyuṭṭhitena cetasā agāraṃ ajjhāvasati, sāyanhasamayaṃ kāmarāgapariyuṭṭhitena cetasā agāraṃ ajjhāvasati. ","eng":"A lady lives at home with a heart full of the stain of stinginess in the morning, jealousy at midday, and sexual desire in the evening. ","html":"{}"},"an3.129:2.4":{"pli":"Imehi kho, anuruddha, tīhi dhammehi samannāgato mātugāmo kāyassa bhedā paraṃ maraṇā apāyaṃ duggatiṃ vinipātaṃ nirayaṃ upapajjatī”ti. ","eng":"When ladies possess these three qualities, when their body breaks up, after death, they are reborn in a place of loss, a bad place, the underworld, hell.” ","html":"{}</p>"},"an3.129:2.5":{"pli":"Sattamaṃ. ","html":"<p class='endsutta'>{}</p></article>"}}}