{"an3.70":{"an3.70:0.1":{"pli":"Aṅguttara Nikāya 3.70 ","eng":"Numbered Discourses 3.70 ","html":"<article id='an3.70'><header><ul><li class='division'>{}</li>"},"an3.70:0.2":{"pli":"7. Mahāvagga ","eng":"7. The Great Chapter ","html":"<li>{}</li></ul>"},"an3.70:0.3":{"pli":"Uposathasutta ","eng":"Sabbath ","html":"<h1 class='sutta-title'>{}</h1></header>"},"an3.70:1.1":{"pli":"Evaṃ me sutaṃ—","eng":"So I have heard. ","html":"<p><span class='evam'>{}</span>"},"an3.70:1.2":{"pli":"ekaṃ samayaṃ bhagavā sāvatthiyaṃ viharati pubbārāme migāramātupāsāde. ","eng":"At one time the Buddha was staying near Sāvatthī in the stilt longhouse of Migāra’s mother in the Eastern Monastery. ","html":"{}</p>"},"an3.70:1.3":{"pli":"Atha kho visākhā migāramātā tadahuposathe yena bhagavā tenupasaṅkami; upasaṅkamitvā bhagavantaṃ abhivādetvā ekamantaṃ nisīdi. Ekamantaṃ nisinnaṃ kho visākhaṃ migāramātaraṃ bhagavā etadavoca: ","eng":"Then Visākhā, Migāra’s mother, went up to the Buddha, bowed, and sat down to one side. The Buddha said to her, ","html":"<p>{}"},"an3.70:1.4":{"pli":"“handa kuto nu tvaṃ, visākhe, āgacchasi divā divassā”ti? ","eng":"“So, Visākhā, where are you coming from in the middle of the day?” ","html":"{}</p>"},"an3.70:1.5":{"pli":"“Uposathāhaṃ, bhante, ajja upavasāmī”ti. ","eng":"“Today, sir, I’m observing the sabbath.” ","html":"<p>{}</p>"},"an3.70:2.1":{"pli":"“Tayo khome, visākhe, uposathā. ","eng":"“There are, Visākhā, these three sabbaths. ","html":"<p>{}"},"an3.70:2.2":{"pli":"Katame tayo? ","eng":"What three? ","html":"{}"},"an3.70:2.3":{"pli":"Gopālakuposatho, nigaṇṭhuposatho, ariyuposatho. ","eng":"The sabbath of the cowherds, the sabbath of the Jains, and the sabbath of the noble ones. ","html":"{}</p>"},"an3.70:2.4":{"pli":"Kathañca, visākhe, gopālakuposatho hoti? ","eng":"And what is the sabbath of the cowherds? ","html":"<p data-counter='1'>{}"},"an3.70:2.5":{"pli":"Seyyathāpi, visākhe, gopālako sāyanhasamaye sāmikānaṃ gāvo niyyātetvā iti paṭisañcikkhati: ","eng":"It’s just like a cowherd who, in the late afternoon, takes the cows back to their owners. They reflect: ","html":"{}"},"an3.70:2.6":{"pli":"‘ajja kho gāvo amukasmiñca amukasmiñca padese cariṃsu, amukasmiñca amukasmiñca padese pānīyāni piviṃsu; ","eng":"‘Today the cows grazed in this spot and that, and they drank in this spot and that. ","html":"{}"},"an3.70:2.7":{"pli":"sve dāni gāvo amukasmiñca amukasmiñca padese carissanti, amukasmiñca amukasmiñca padese pānīyāni pivissantī’ti; ","eng":"Tomorrow the cows will graze in this spot and that, and drink in this spot and that.’ ","html":"{}"},"an3.70:2.8":{"pli":"evamevaṃ kho, visākhe, idhekacco uposathiko iti paṭisañcikkhati: ","eng":"In the same way, someone keeping the sabbath reflects: ","html":"{}"},"an3.70:2.9":{"pli":"‘ahaṃ khvajja idañcidañca khādanīyaṃ khādiṃ, idañcidañca bhojanīyaṃ bhuñjiṃ; ","eng":"‘Today I ate this and that, and had a meal of this and that. ","html":"{}"},"an3.70:2.10":{"pli":"sve dānāhaṃ idañcidañca khādanīyaṃ khādissāmi, idañcidañca bhojanīyaṃ bhuñjissāmī’ti. ","eng":"Tomorrow I’ll eat this and that, and have a meal of this and that.’ ","html":"{}"},"an3.70:2.11":{"pli":"So tena abhijjhāsahagatena cetasā divasaṃ atināmeti. ","eng":"And so they spend their day with a mind full of covetousness. ","html":"{}"},"an3.70:2.12":{"pli":"Evaṃ kho, visākhe, gopālakuposatho hoti. ","eng":"That’s the sabbath of the cowherds. ","html":"{}"},"an3.70:2.13":{"pli":"Evaṃ upavuttho kho, visākhe, gopālakuposatho na mahapphalo hoti na mahānisaṃso na mahājutiko na mahāvipphāro. ","eng":"When the cowherd’s sabbath is observed like this it’s not very fruitful or beneficial or dazzling or bountiful. ","html":"{}</p>"},"an3.70:3.1":{"pli":"Kathañca, visākhe, nigaṇṭhuposatho hoti? ","eng":"And what is the sabbath of the Jains? ","html":"<p data-counter='2'>{}"},"an3.70:3.2":{"pli":"Atthi, visākhe, nigaṇṭhā nāma samaṇajātikā. ","eng":"There’s a kind of ascetic belonging to a group called the Jains. ","html":"{}"},"an3.70:3.3":{"pli":"Te sāvakaṃ evaṃ samādapenti: ","eng":"They encourage their disciples: ","html":"{}"},"an3.70:3.4":{"pli":"‘ehi tvaṃ, ambho purisa, ye puratthimāya disāya pāṇā paraṃ yojanasataṃ tesu daṇḍaṃ nikkhipāhi; ","eng":"‘Please, good people, don’t hurt any living creatures more than a hundred leagues away to the east. ","html":"{}"},"an3.70:3.5":{"pli":"ye pacchimāya disāya pāṇā paraṃ yojanasataṃ tesu daṇḍaṃ nikkhipāhi; ","eng":"Don’t hurt any living creatures more than a hundred leagues away to the west. ","html":"{}"},"an3.70:3.6":{"pli":"ye uttarāya disāya pāṇā paraṃ yojanasataṃ tesu daṇḍaṃ nikkhipāhi; ","eng":"Don’t hurt any living creatures more than a hundred leagues away to the north. ","html":"{}"},"an3.70:3.7":{"pli":"ye dakkhiṇāya disāya pāṇā paraṃ yojanasataṃ tesu daṇḍaṃ nikkhipāhī’ti. ","eng":"Don’t hurt any living creatures more than a hundred leagues away to the south.’ ","html":"{}"},"an3.70:3.8":{"pli":"Iti ekaccānaṃ pāṇānaṃ anuddayāya anukampāya samādapenti, ekaccānaṃ pāṇānaṃ nānuddayāya nānukampāya samādapenti. ","eng":"So they encourage kindness and sympathy for some creatures and not others. ","html":"{}"},"an3.70:3.9":{"pli":"Te tadahuposathe sāvakaṃ evaṃ samādapenti: ","eng":"On the sabbath, they encourage their disciples: ","html":"{}"},"an3.70:3.10":{"pli":"‘ehi tvaṃ, ambho purisa, sabbacelāni nikkhipitvā evaṃ vadehi—","eng":"‘Please, good people, take off all your clothes and say: ","html":"{}"},"an3.70:3.11":{"pli":"nāhaṃ kvacani kassaci kiñcanatasmiṃ, na ca mama kvacani katthaci kiñcanatatthī’ti. ","eng":"“I don’t belong to anyone anywhere! And nothing belongs to me anywhere!”’ ","html":"{}"},"an3.70:3.12":{"pli":"Jānanti kho panassa mātāpitaro: ","eng":"But their mother and father still know, ","html":"{}"},"an3.70:3.13":{"pli":"‘ayaṃ amhākaṃ putto’ti; ","eng":"‘This is our child.’ ","html":"{}"},"an3.70:3.14":{"pli":"sopi jānāti: ","eng":"And they know, ","html":"{}"},"an3.70:3.15":{"pli":"‘ime mayhaṃ mātāpitaro’ti. ","eng":"‘This is my mother and father.’ ","html":"{}"},"an3.70:3.16":{"pli":"Jānāti kho panassa puttadāro: ","eng":"Partner and child still know, ","html":"{}"},"an3.70:3.17":{"pli":"‘ayaṃ mayhaṃ bhattā’ti; ","eng":"‘This is our supporter.’ ","html":"{}"},"an3.70:3.18":{"pli":"sopi jānāti: ","eng":"And they know, ","html":"{}"},"an3.70:3.19":{"pli":"‘ayaṃ mayhaṃ puttadāro’ti. ","eng":"‘This is my partner and child.’ ","html":"{}"},"an3.70:3.20":{"pli":"Jānanti kho panassa dāsakammakaraporisā: ","eng":"Bondservants, workers, and staff still know: ","html":"{}"},"an3.70:3.21":{"pli":"‘ayaṃ amhākaṃ ayyo’ti; ","eng":"‘This is our master.’ ","html":"{}"},"an3.70:3.22":{"pli":"sopi jānāti: ","eng":"And they know, ","html":"{}"},"an3.70:3.23":{"pli":"‘ime mayhaṃ dāsakammakaraporisā’ti. ","eng":"‘These are my bondservants, workers, and staff.’ ","html":"{}"},"an3.70:3.24":{"pli":"Iti yasmiṃ samaye sacce samādapetabbā musāvāde tasmiṃ samaye samādapenti. ","eng":"So, at a time when they should be encouraged to speak the truth, the Jains encourage them to lie. ","html":"{}"},"an3.70:3.25":{"pli":"Idaṃ tassa musāvādasmiṃ vadāmi. ","eng":"This, I say, is lying. ","html":"{}"},"an3.70:3.26":{"pli":"So tassā rattiyā accayena bhoge adinnaṃyeva paribhuñjati. ","eng":"When the night has passed they use their possessions once more, though they’ve not been given back to them. ","html":"{}"},"an3.70:3.27":{"pli":"Idaṃ tassa adinnādānasmiṃ vadāmi. ","eng":"This, I say, is stealing. ","html":"{}"},"an3.70:3.28":{"pli":"Evaṃ kho, visākhe, nigaṇṭhuposatho hoti. ","eng":"That’s the sabbath of the Jains. ","html":"{}"},"an3.70:3.29":{"pli":"Evaṃ upavuttho kho, visākhe, nigaṇṭhuposatho na mahapphalo hoti na mahānisaṃso na mahājutiko na mahāvipphāro. ","eng":"When the Jain’s sabbath is observed like this it’s not very fruitful or beneficial or dazzling or bountiful. ","html":"{}</p>"},"an3.70:4.1":{"pli":"Kathañca, visākhe, ariyuposatho hoti? ","eng":"And what is the sabbath of the noble ones? ","html":"<p>{}"},"an3.70:4.2":{"pli":"Upakkiliṭṭhassa, visākhe, cittassa upakkamena pariyodapanā hoti. ","eng":"A corrupt mind is cleaned by applying effort. ","html":"{}"},"an3.70:4.3":{"pli":"Kathañca, visākhe, upakkiliṭṭhassa cittassa upakkamena pariyodapanā hoti? ","eng":"And how is a corrupt mind cleaned by applying effort? ","html":"{}"},"an3.70:4.4":{"pli":"Idha, visākhe, ariyasāvako tathāgataṃ anussarati: ","eng":"It’s when a noble disciple recollects the Realized One: ","html":"{}"},"an3.70:4.5":{"pli":"‘itipi so bhagavā arahaṃ sammāsambuddho vijjācaraṇasampanno sugato lokavidū anuttaro purisadammasārathi satthā devamanussānaṃ buddho bhagavā’ti. ","eng":"‘That Blessed One is perfected, a fully awakened Buddha, accomplished in knowledge and conduct, holy, knower of the world, supreme guide for those fit for training, teacher of gods and humans, awakened, blessed.’ ","html":"{}"},"an3.70:4.6":{"pli":"Tassa tathāgataṃ anussarato cittaṃ pasīdati, pāmojjaṃ uppajjati, ye cittassa upakkilesā te pahīyanti, seyyathāpi, visākhe, upakkiliṭṭhassa sīsassa upakkamena pariyodapanā hoti. ","eng":"As they recollect the Realized One, their mind becomes clear, joy arises, and mental corruptions are given up. It’s just like cleaning a dirty head by applying effort. ","html":"{}</p>"},"an3.70:5.1":{"pli":"Kathañca, visākhe, upakkiliṭṭhassa sīsassa upakkamena pariyodapanā hoti? ","eng":"And how is a dirty head cleaned by applying effort? ","html":"<p>{}"},"an3.70:5.2":{"pli":"Kakkañca paṭicca mattikañca paṭicca udakañca paṭicca purisassa ca tajjaṃ vāyāmaṃ paṭicca, evaṃ kho, visākhe, upakkiliṭṭhassa sīsassa upakkamena pariyodapanā hoti. ","eng":"With cleansing paste, clay, and water, and by applying the appropriate effort. ","html":"{}"},"an3.70:5.3":{"pli":"Evamevaṃ kho, visākhe, upakkiliṭṭhassa cittassa upakkamena pariyodapanā hoti. ","eng":"In the same way, a corrupt mind is cleaned by applying effort. ","html":"{}</p>"},"an3.70:6.1":{"pli":"Kathañca, visākhe, upakkiliṭṭhassa cittassa upakkamena pariyodapanā hoti? ","eng":"And how is a corrupt mind cleaned by applying effort? ","html":"<p data-counter='3'>{}"},"an3.70:6.2":{"pli":"Idha, visākhe, ariyasāvako tathāgataṃ anussarati: ","eng":"It’s when a noble disciple recollects the Realized One: ","html":"{}"},"an3.70:6.3":{"pli":"‘itipi so bhagavā arahaṃ sammāsambuddho vijjācaraṇasampanno sugato lokavidū anuttaro purisadammasārathi satthā devamanussānaṃ buddho bhagavā’ti. ","eng":"‘That Blessed One is perfected, a fully awakened Buddha, accomplished in knowledge and conduct, holy, knower of the world, supreme guide for those fit for training, teacher of gods and humans, awakened, blessed.’ ","html":"{}"},"an3.70:6.4":{"pli":"Tassa tathāgataṃ anussarato cittaṃ pasīdati, pāmojjaṃ uppajjati, ye cittassa upakkilesā te pahīyanti. ","eng":"As they recollect the Realized One, their mind becomes clear, joy arises, and mental corruptions are given up. ","html":"{}"},"an3.70:6.5":{"pli":"Ayaṃ vuccati, visākhe: ","eng":"This is called: ","html":"{}"},"an3.70:6.6":{"pli":"‘ariyasāvako brahmuposathaṃ upavasati, brahmunā saddhiṃ saṃvasati, brahmañcassa ārabbha cittaṃ pasīdati, pāmojjaṃ uppajjati, ye cittassa upakkilesā te pahīyanti’. ","eng":"‘A noble disciple who observes the sabbath of the divinity, living together with the divinity. And because they think of the divinity their mind becomes clear, joy arises, and mental corruptions are given up.’ ","html":"{}"},"an3.70:6.7":{"pli":"Evaṃ kho, visākhe, upakkiliṭṭhassa cittassa upakkamena pariyodapanā hoti. .1 ","eng":"That’s how a corrupt mind is cleaned by applying effort. ","html":"{}</p>"},"an3.70:7.1":{"pli":"Upakkiliṭṭhassa, visākhe, cittassa upakkamena pariyodapanā hoti. ","eng":"A corrupt mind is cleaned by applying effort. ","html":"<p>{}"},"an3.70:7.2":{"pli":"Kathañca, visākhe, upakkiliṭṭhassa cittassa upakkamena pariyodapanā hoti? ","eng":"And how is a corrupt mind cleaned by applying effort? ","html":"{}"},"an3.70:7.3":{"pli":"Idha, visākhe, ariyasāvako dhammaṃ anussarati: ","eng":"It’s when a noble disciple recollects the teaching: ","html":"{}"},"an3.70:7.4":{"pli":"‘svākkhāto bhagavatā dhammo sandiṭṭhiko akāliko ehipassiko opaneyyiko paccattaṃ veditabbo viññūhī’ti. ","eng":"‘The teaching is well explained by the Buddha—apparent in the present life, immediately effective, inviting inspection, relevant, so that sensible people can know it for themselves.’ ","html":"{}"},"an3.70:7.5":{"pli":"Tassa dhammaṃ anussarato cittaṃ pasīdati, pāmojjaṃ uppajjati, ye cittassa upakkilesā te pahīyanti, seyyathāpi, visākhe, upakkiliṭṭhassa kāyassa upakkamena pariyodapanā hoti. ","eng":"As they recollect the teaching, their mind becomes clear, joy arises, and mental corruptions are given up. It’s just like cleaning a dirty body by applying effort. ","html":"{}</p>"},"an3.70:8.1":{"pli":"Kathañca, visākhe, upakkiliṭṭhassa kāyassa upakkamena pariyodapanā hoti? ","eng":"And how is a dirty body cleaned by applying effort? ","html":"<p>{}"},"an3.70:8.2":{"pli":"Sottiñca paṭicca, cuṇṇañca paṭicca, udakañca paṭicca, purisassa ca tajjaṃ vāyāmaṃ paṭicca. ","eng":"With cleanser and powder, water, and by applying the appropriate effort. ","html":"{}"},"an3.70:8.3":{"pli":"Evaṃ kho, visākhe, upakkiliṭṭhassa kāyassa upakkamena pariyodapanā hoti. ","eng":"That’s how a dirty body is cleaned by applying effort. ","html":"{}"},"an3.70:8.4":{"pli":"Evamevaṃ kho, visākhe, upakkiliṭṭhassa cittassa upakkamena pariyodapanā hoti. ","eng":"In the same way, a corrupt mind is cleaned by applying effort. ","html":"{}</p>"},"an3.70:9.1":{"pli":"Kathañca, visākhe, upakkiliṭṭhassa cittassa upakkamena pariyodapanā hoti? ","eng":"And how is a corrupt mind cleaned by applying effort? ","html":"<p data-counter='3'>{}"},"an3.70:9.2":{"pli":"Idha, visākhe, ariyasāvako dhammaṃ anussarati: ","eng":"It’s when a noble disciple recollects the teaching: ","html":"{}"},"an3.70:9.3":{"pli":"‘svākkhāto bhagavatā dhammo sandiṭṭhiko akāliko ehipassiko opaneyyiko paccattaṃ veditabbo viññūhī’ti. ","eng":"‘The teaching is well explained by the Buddha—apparent in the present life, immediately effective, inviting inspection, relevant, so that sensible people can know it for themselves.’ ","html":"{}"},"an3.70:9.4":{"pli":"Tassa dhammaṃ anussarato cittaṃ pasīdati, pāmojjaṃ uppajjati, ye cittassa upakkilesā te pahīyanti. ","eng":"As they recollect the teaching, their mind becomes clear, joy arises, and mental corruptions are given up. ","html":"{}"},"an3.70:9.5":{"pli":"Ayaṃ vuccati, visākhe, ‘ariyasāvako dhammuposathaṃ upavasati, dhammena saddhiṃ saṃvasati, dhammañcassa ārabbha cittaṃ pasīdati, pāmojjaṃ uppajjati, ye cittassa upakkilesā te pahīyanti’. ","eng":"This is called: ‘A noble disciple who observes the sabbath of Dhamma, living together with Dhamma. And because they think of the Dhamma their mind becomes clear, joy arises, and mental corruptions are given up.’ ","html":"{}"},"an3.70:9.6":{"pli":"Evaṃ kho, visākhe, upakkiliṭṭhassa cittassa upakkamena pariyodapanā hoti. .2 ","eng":"That’s how a corrupt mind is cleaned by applying effort. ","html":"{}</p>"},"an3.70:10.1":{"pli":"Upakkiliṭṭhassa, visākhe, cittassa upakkamena pariyodapanā hoti. ","eng":"A corrupt mind is cleaned by applying effort. ","html":"<p>{}"},"an3.70:10.2":{"pli":"Kathañca, visākhe, upakkiliṭṭhassa cittassa upakkamena pariyodapanā hoti? ","eng":"And how is a corrupt mind cleaned by applying effort? ","html":"{}"},"an3.70:10.3":{"pli":"Idha, visākhe, ariyasāvako saṅghaṃ anussarati: ","eng":"It’s when a noble disciple recollects the Saṅgha: ","html":"{}"},"an3.70:10.4":{"pli":"‘suppaṭipanno bhagavato sāvakasaṅgho, ujuppaṭipanno bhagavato sāvakasaṅgho, ñāyappaṭipanno bhagavato sāvakasaṅgho, sāmīcippaṭipanno bhagavato sāvakasaṅgho, yadidaṃ cattāri purisayugāni aṭṭha purisapuggalā esa bhagavato sāvakasaṅgho āhuneyyo pāhuneyyo dakkhiṇeyyo añjalikaraṇīyo anuttaraṃ puññakkhettaṃ lokassā’ti. ","eng":"‘The Saṅgha of the Buddha’s disciples is practicing the way that’s good, direct, systematic, and proper. It consists of the four pairs, the eight individual persons. This is the Saṅgha of the Buddha’s disciples that is worthy of offerings dedicated to the gods, worthy of hospitality, worthy of a religious donation, worthy of greeting with joined palms, and is the supreme field of merit for the world.’ ","html":"{}"},"an3.70:10.5":{"pli":"Tassa saṅghaṃ anussarato cittaṃ pasīdati, pāmojjaṃ uppajjati, ye cittassa upakkilesā te pahīyanti, seyyathāpi, visākhe, upakkiliṭṭhassa vatthassa upakkamena pariyodapanā hoti. ","eng":"As they recollect the Saṅgha, their mind becomes clear, joy arises, and mental corruptions are given up. It’s just like cleaning a dirty cloth by applying effort. ","html":"{}</p>"},"an3.70:11.1":{"pli":"Kathañca, visākhe, upakkiliṭṭhassa vatthassa upakkamena pariyodapanā hoti? ","eng":"And how is a dirty cloth cleaned by applying effort? ","html":"<p>{}"},"an3.70:11.2":{"pli":"Usmañca paṭicca, khārañca paṭicca, gomayañca paṭicca, udakañca paṭicca, purisassa ca tajjaṃ vāyāmaṃ paṭicca. ","eng":"With salt, lye, cow dung, and water, and by applying the appropriate effort. ","html":"{}"},"an3.70:11.3":{"pli":"Evaṃ kho, visākhe, upakkiliṭṭhassa vatthassa upakkamena pariyodapanā hoti. ","eng":"That’s how a dirty cloth is cleaned by applying effort. ","html":"{}"},"an3.70:11.4":{"pli":"Evamevaṃ kho, visākhe, upakkiliṭṭhassa cittassa upakkamena pariyodapanā hoti. ","eng":"In the same way, a corrupt mind is cleaned by applying effort. ","html":"{}</p>"},"an3.70:12.1":{"pli":"Kathañca, visākhe, upakkiliṭṭhassa cittassa upakkamena pariyodapanā hoti? ","eng":"And how is a corrupt mind cleaned by applying effort? ","html":"<p data-counter='3'>{}"},"an3.70:12.2":{"pli":"Idha, visākhe, ariyasāvako saṅghaṃ anussarati: ","eng":"It’s when a noble disciple recollects the Saṅgha: ","html":"{}"},"an3.70:12.3":{"pli":"‘suppaṭipanno bhagavato sāvakasaṅgho …pe… anuttaraṃ puññakkhettaṃ lokassā’ti. ","eng":"‘The Saṅgha of the Buddha’s disciples is practicing the way that’s good, direct, systematic, and proper. It consists of the four pairs, the eight individual persons. This Saṅgha of the Buddha’s disciples is worthy of offerings dedicated to the gods, worthy of hospitality, worthy of a religious donation, and worthy of veneration with joined palms. It is the supreme field of merit for the world.’ ","html":"{}"},"an3.70:12.4":{"pli":"Tassa saṅghaṃ anussarato cittaṃ pasīdati, pāmojjaṃ uppajjati, ye cittassa upakkilesā te pahīyanti. ","eng":"As they recollect the Saṅgha, their mind becomes clear, joy arises, and mental corruptions are given up. ","html":"{}"},"an3.70:12.5":{"pli":"Ayaṃ vuccati, visākhe, ‘ariyasāvako saṅghuposathaṃ upavasati, saṅghena saddhiṃ saṃvasati, saṅghañcassa ārabbha cittaṃ pasīdati, pāmojjaṃ uppajjati, ye cittassa upakkilesā te pahīyanti’. ","eng":"This is called: ‘A noble disciple who observes the sabbath of the Saṅgha, living together with the Saṅgha. And because they think of the Saṅgha their mind becomes clear, joy arises, and mental corruptions are given up.’ ","html":"{}"},"an3.70:12.6":{"pli":"Evaṃ kho, visākhe, upakkiliṭṭhassa cittassa upakkamena pariyodapanā hoti. .3 ","eng":"That’s how a corrupt mind is cleaned by applying effort. ","html":"{}</p>"},"an3.70:13.1":{"pli":"Upakkiliṭṭhassa, visākhe, cittassa upakkamena pariyodapanā hoti. ","eng":"A corrupt mind is cleaned by applying effort. ","html":"<p>{}"},"an3.70:13.2":{"pli":"Kathañca, visākhe, upakkiliṭṭhassa cittassa upakkamena pariyodapanā hoti? ","eng":"And how is a corrupt mind cleaned by applying effort? ","html":"{}"},"an3.70:13.3":{"pli":"Idha, visākhe, ariyasāvako attano sīlāni anussarati akhaṇḍāni acchiddāni asabalāni akammāsāni bhujissāni viññuppasatthāni aparāmaṭṭhāni samādhisaṃvattanikāni. ","eng":"It’s when a noble disciple recollects their own ethical conduct, which is intact, impeccable, spotless, and unmarred, liberating, praised by sensible people, not mistaken, and leading to immersion. ","html":"{}"},"an3.70:13.4":{"pli":"Tassa sīlaṃ anussarato cittaṃ pasīdati, pāmojjaṃ uppajjati, ye cittassa upakkilesā te pahīyanti, seyyathāpi, visākhe, upakkiliṭṭhassa ādāsassa upakkamena pariyodapanā hoti. ","eng":"As they recollect their ethical conduct, their mind becomes clear, joy arises, and mental corruptions are given up. It’s just like cleaning a dirty mirror by applying effort. ","html":"{}</p>"},"an3.70:14.1":{"pli":"Kathañca, visākhe, upakkiliṭṭhassa ādāsassa upakkamena pariyodapanā hoti? ","eng":"And how is a dirty mirror cleaned by applying effort? ","html":"<p>{}"},"an3.70:14.2":{"pli":"Telañca paṭicca, chārikañca paṭicca, vālaṇḍupakañca paṭicca, purisassa ca tajjaṃ vāyāmaṃ paṭicca. ","eng":"With oil, ash, a rolled-up cloth, and by applying the appropriate effort. ","html":"{}"},"an3.70:14.3":{"pli":"Evaṃ kho, visākhe, upakkiliṭṭhassa ādāsassa upakkamena pariyodapanā hoti. ","eng":"That’s how a dirty mirror is cleaned by applying effort. ","html":"{}"},"an3.70:14.4":{"pli":"Evamevaṃ kho, visākhe, upakkiliṭṭhassa cittassa upakkamena pariyodapanā hoti. ","eng":"In the same way, a corrupt mind is cleaned by applying effort. ","html":"{}</p>"},"an3.70:15.1":{"pli":"Kathañca, visākhe, upakkiliṭṭhassa cittassa upakkamena pariyodapanā hoti? ","eng":"And how is a corrupt mind cleaned by applying effort? ","html":"<p data-counter='3'>{}"},"an3.70:15.2":{"pli":"Idha, visākhe, ariyasāvako attano sīlāni anussarati akhaṇḍāni …pe… samādhisaṃvattanikāni. ","eng":"It’s when a noble disciple recollects their own ethical conduct, which is intact, impeccable, spotless, and unmarred, liberating, praised by sensible people, not mistaken, and leading to immersion. ","html":"{}"},"an3.70:15.3":{"pli":"Tassa sīlaṃ anussarato cittaṃ pasīdati, pāmojjaṃ uppajjati, ye cittassa upakkilesā te pahīyanti. ","eng":"As they recollect their ethical conduct, their mind becomes clear, joy arises, and mental corruptions are given up. ","html":"{}"},"an3.70:15.4":{"pli":"Ayaṃ vuccati, visākhe, ‘ariyasāvako sīluposathaṃ upavasati, sīlena saddhiṃ saṃvasati, sīlañcassa ārabbha cittaṃ pasīdati, pāmojjaṃ uppajjati, ye cittassa upakkilesā te pahīyanti’. ","eng":"This is called: ‘A noble disciple who observes the sabbath of ethical conduct, living together with ethics. And because they think of their ethical conduct their mind becomes clear, joy arises, and mental corruptions are given up.’ ","html":"{}"},"an3.70:15.5":{"pli":"Evaṃ kho, visākhe, upakkiliṭṭhassa cittassa upakkamena pariyodapanā hoti. .4 ","eng":"That’s how a corrupt mind is cleaned by applying effort. ","html":"{}</p>"},"an3.70:16.1":{"pli":"Upakkiliṭṭhassa, visākhe, cittassa upakkamena pariyodapanā hoti. ","eng":"A corrupt mind is cleaned by applying effort. ","html":"<p>{}"},"an3.70:16.2":{"pli":"Kathañca, visākhe, upakkiliṭṭhassa cittassa upakkamena pariyodapanā hoti? ","eng":"And how is a corrupt mind cleaned by applying effort? ","html":"{}"},"an3.70:16.3":{"pli":"Idha, visākhe, ariyasāvako devatā anussarati: ","eng":"It’s when a noble disciple recollects the deities: ","html":"{}"},"an3.70:16.4":{"pli":"‘santi devā cātumahārājikā, santi devā tāvatiṃsā, santi devā yāmā, santi devā tusitā, santi devā nimmānaratino, santi devā paranimmitavasavattino, santi devā brahmakāyikā, santi devā tatuttari. ","eng":"‘There are the gods of the four great kings, the gods of the thirty-three, the gods of Yama, the joyful gods, the gods who love to create, the gods who control what is created by others, the gods of the Divinity’s host, and gods even higher than these. ","html":"{}"},"an3.70:16.5":{"pli":"Yathārūpāya saddhāya samannāgatā tā devatā ito cutā tatthupapannā, mayhampi tathārūpā saddhā saṃvijjati. ","eng":"When those deities passed away from here, they were reborn there because of their faith, ethics, learning, generosity, and wisdom. I, too, have the same kind of faith, ethics, learning, generosity, and wisdom.’ ","html":"{}"},"an3.70:16.6":{"pli":"Yathārūpena sīlena samannāgatā tā devatā ito cutā tatthupapannā, mayhampi tathārūpaṃ sīlaṃ saṃvijjati. ","html":"{}"},"an3.70:16.7":{"pli":"Yathārūpena sutena samannāgatā tā devatā ito cutā tatthupapannā, mayhampi tathārūpaṃ sutaṃ saṃvijjati. ","html":"{}"},"an3.70:16.8":{"pli":"Yathārūpena cāgena samannāgatā tā devatā ito cutā tatthupapannā, mayhampi tathārūpo cāgo saṃvijjati. ","html":"{}"},"an3.70:16.9":{"pli":"Yathārūpāya paññāya samannāgatā tā devatā ito cutā tatthupapannā, mayhampi tathārūpā paññā saṃvijjatī’ti. ","html":"{}"},"an3.70:16.10":{"pli":"Tassa attano ca tāsañca devatānaṃ saddhañca sīlañca sutañca cāgañca paññañca anussarato cittaṃ pasīdati, pāmojjaṃ uppajjati, ye cittassa upakkilesā te pahīyanti, seyyathāpi, visākhe, upakkiliṭṭhassa jātarūpassa upakkamena pariyodapanā hoti. ","eng":"As they recollect the faith, ethics, learning, generosity, and wisdom of both themselves and those deities, their mind becomes clear, joy arises, and mental corruptions are given up. It’s just like cleansing corrupt native gold by applying effort. ","html":"{}</p>"},"an3.70:17.1":{"pli":"Kathañca, visākhe, upakkiliṭṭhassa jātarūpassa upakkamena pariyodapanā hoti? ","eng":"And how is corrupt native gold cleansed by applying effort? ","html":"<p>{}"},"an3.70:17.2":{"pli":"Ukkañca paṭicca, loṇañca paṭicca, gerukañca paṭicca, nāḷikasaṇḍāsañca paṭicca, purisassa ca tajjaṃ vāyāmaṃ paṭicca. ","eng":"With a furnace, flux, a blowpipe, and tongs, and by applying the appropriate effort. ","html":"{}"},"an3.70:17.3":{"pli":"Evaṃ kho, visākhe, upakkiliṭṭhassa jātarūpassa upakkamena pariyodapanā hoti. ","eng":"That’s how corrupt native gold is cleansed by applying effort. ","html":"{}"},"an3.70:17.4":{"pli":"Evamevaṃ kho, visākhe, upakkiliṭṭhassa cittassa upakkamena pariyodapanā hoti. ","eng":"In the same way, a corrupt mind is cleaned by applying effort. ","html":"{}</p>"},"an3.70:18.1":{"pli":"Kathañca, visākhe, upakkiliṭṭhassa cittassa upakkamena pariyodapanā hoti? ","eng":"And how is a corrupt mind cleaned by applying effort? ","html":"<p data-counter='3'>{}"},"an3.70:18.2":{"pli":"Idha, visākhe, ariyasāvako devatā anussarati: ","eng":"It’s when a noble disciple recollects the deities: ","html":"{}"},"an3.70:18.3":{"pli":"‘santi devā cātumahārājikā, santi devā tāvatiṃsā …pe… santi devā tatuttari. ","eng":"‘There are the gods of the four great kings, the gods of the thirty-three, the gods of Yama, the joyful gods, the gods who love to imagine, the gods who control what is imagined by others, the gods of the Divinity’s host, and gods even higher than these. ","html":"{}"},"an3.70:18.4":{"pli":"Yathārūpāya saddhāya samannāgatā tā devatā ito cutā tatthupapannā, mayhampi tathārūpā saddhā saṃvijjati. ","eng":"When those deities passed away from here, they were reborn there because of their faith, ethics, learning, generosity, and wisdom. I, too, have the same kind of faith, ethics, learning, generosity, and wisdom.’ ","html":"{}"},"an3.70:18.5":{"pli":"Yathārūpena sīlena … ","html":"{}"},"an3.70:18.6":{"pli":"sutena … ","html":"{}"},"an3.70:18.7":{"pli":"cāgena … ","html":"{}"},"an3.70:18.8":{"pli":"paññāya samannāgatā tā devatā ito cutā tatthupapannā, mayhampi tathārūpā paññā saṃvijjatī’ti. ","html":"{}"},"an3.70:18.9":{"pli":"Tassa attano ca tāsañca devatānaṃ saddhañca sīlañca sutañca cāgañca paññañca anussarato cittaṃ pasīdati, pāmojjaṃ uppajjati, ye cittassa upakkilesā te pahīyanti. ","eng":"As they recollect the faith, ethics, learning, generosity, and wisdom of both themselves and those deities, their mind becomes clear, joy arises, and mental corruptions are given up. ","html":"{}"},"an3.70:18.10":{"pli":"Ayaṃ vuccati, visākhe, ‘ariyasāvako devatuposathaṃ upavasati, devatāhi saddhiṃ saṃvasati, devatā ārabbha cittaṃ pasīdati, pāmojjaṃ uppajjati, ye cittassa upakkilesā te pahīyanti’. ","eng":"This is called: ‘A noble disciple who observes the sabbath of the deities, living together with the deities. And because they think of the deities their mind becomes clear, joy arises, and mental corruptions are given up.’ ","html":"{}"},"an3.70:18.11":{"pli":"Evaṃ kho, visākhe, upakkiliṭṭhassa cittassa upakkamena pariyodapanā hoti. .5 ","eng":"That’s how a corrupt mind is cleaned by applying effort. ","html":"{}</p>"},"an3.70:19.1":{"pli":"Sa kho so, visākhe, ariyasāvako iti paṭisañcikkhati: ","eng":"Then that noble disciple reflects: ","html":"<p>{}"},"an3.70:19.2":{"pli":"‘yāvajīvaṃ arahanto pāṇātipātaṃ pahāya pāṇātipātā paṭiviratā nihitadaṇḍā nihitasatthā lajjī dayāpannā sabbapāṇabhūtahitānukampī viharanti; ","eng":"‘As long as they live, the perfected ones give up killing living creatures, renouncing the rod and the sword. They are scrupulous and kind, and live full of sympathy for all living beings. ","html":"{}"},"an3.70:19.3":{"pli":"ahampajja imañca rattiṃ imañca divasaṃ pāṇātipātaṃ pahāya pāṇātipātā paṭivirato nihitadaṇḍo nihitasattho lajjī dayāpanno sabbapāṇabhūtahitānukampī viharāmi. ","eng":"I, too, for this day and night will give up killing living creatures, renouncing the rod and the sword. I’ll be scrupulous and kind, and live full of sympathy for all living beings. ","html":"{}"},"an3.70:19.4":{"pli":"Imināpi aṅgena arahataṃ anukaromi, uposatho ca me upavuttho bhavissati. ","eng":"I will observe the sabbath by doing as the perfected ones do in this respect. ","html":"{}</p>"},"an3.70:20.1":{"pli":"Yāvajīvaṃ arahanto adinnādānaṃ pahāya adinnādānā paṭiviratā dinnādāyī dinnapāṭikaṅkhī, athenena sucibhūtena attanā viharanti; ","eng":"As long as they live, the perfected ones give up stealing. They take only what’s given, and expect only what’s given. They keep themselves clean by not thieving. ","html":"<p>{}"},"an3.70:20.2":{"pli":"ahampajja imañca rattiṃ imañca divasaṃ adinnādānaṃ pahāya adinnādānā paṭivirato dinnādāyī dinnapāṭikaṅkhī, athenena sucibhūtena attanā viharāmi. ","eng":"I, too, for this day and night will give up stealing. I’ll take only what’s given, and expect only what’s given. I’ll keep myself clean by not thieving. ","html":"{}"},"an3.70:20.3":{"pli":"Imināpi aṅgena arahataṃ anukaromi, uposatho ca me upavuttho bhavissati. ","eng":"I will observe the sabbath by doing as the perfected ones do in this respect. ","html":"{}</p>"},"an3.70:21.1":{"pli":"Yāvajīvaṃ arahanto abrahmacariyaṃ pahāya brahmacārī ārācārī viratā methunā gāmadhammā; ","eng":"As long as they live, the perfected ones give up unchastity. They are chaste, set apart, avoiding the vulgar act of sex. ","html":"<p>{}"},"an3.70:21.2":{"pli":"ahampajja imañca rattiṃ imañca divasaṃ abrahmacariyaṃ pahāya brahmacārī ārācārī virato methunā gāmadhammā. ","eng":"I, too, for this day and night will give up unchastity. I will be chaste, set apart, avoiding the vulgar act of sex. ","html":"{}"},"an3.70:21.3":{"pli":"Imināpi aṅgena arahataṃ anukaromi, uposatho ca me upavuttho bhavissati. ","eng":"I will observe the sabbath by doing as the perfected ones do in this respect. ","html":"{}</p>"},"an3.70:22.1":{"pli":"Yāvajīvaṃ arahanto musāvādaṃ pahāya musāvādā paṭiviratā saccavādī saccasandhā thetā paccayikā avisaṃvādakā lokassa; ","eng":"As long as they live, the perfected ones give up lying. They speak the truth and stick to the truth. They’re honest and dependable, and don’t trick the world with their words. ","html":"<p>{}"},"an3.70:22.2":{"pli":"ahampajja imañca rattiṃ imañca divasaṃ musāvādaṃ pahāya musāvādā paṭivirato saccavādī saccasandho theto paccayiko avisaṃvādako lokassa. ","eng":"I, too, for this day and night will give up lying. I’ll speak the truth and stick to the truth. I’ll be honest and dependable, and won’t trick the world with my words. ","html":"{}"},"an3.70:22.3":{"pli":"Imināpi aṅgena arahataṃ anukaromi, uposatho ca me upavuttho bhavissati. ","eng":"I will observe the sabbath by doing as the perfected ones do in this respect. ","html":"{}</p>"},"an3.70:23.1":{"pli":"Yāvajīvaṃ arahanto surāmerayamajjapamādaṭṭhānaṃ pahāya surāmerayamajjapamādaṭṭhānā paṭiviratā; ","eng":"As long as they live, the perfected ones give up beer, wine, and liquor intoxicants. ","html":"<p>{}"},"an3.70:23.2":{"pli":"ahampajja imañca rattiṃ imañca divasaṃ surāmerayamajjapamādaṭṭhānaṃ pahāya surāmerayamajjapamādaṭṭhānā paṭivirato. ","eng":"I, too, for this day and night will give up beer, wine, and liquor intoxicants. ","html":"{}"},"an3.70:23.3":{"pli":"Imināpi aṅgena arahataṃ anukaromi, uposatho ca me upavuttho bhavissati. ","eng":"I will observe the sabbath by doing as the perfected ones do in this respect. ","html":"{}</p>"},"an3.70:24.1":{"pli":"Yāvajīvaṃ arahanto ekabhattikā rattūparatā viratā vikālabhojanā; ","eng":"As long as they live, the perfected ones eat in one part of the day, abstaining from eating at night and from food at the wrong time. ","html":"<p>{}"},"an3.70:24.2":{"pli":"ahampajja imañca rattiṃ imañca divasaṃ ekabhattiko rattūparato virato vikālabhojanā. ","eng":"I, too, for this day and night will eat in one part of the day, abstaining from eating at night and food at the wrong time. ","html":"{}"},"an3.70:24.3":{"pli":"Imināpi aṅgena arahataṃ anukaromi, uposatho ca me upavuttho bhavissati. ","eng":"I will observe the sabbath by doing as the perfected ones do in this respect. ","html":"{}</p>"},"an3.70:25.1":{"pli":"Yāvajīvaṃ arahanto naccagītavāditavisūkadassanamālāgandhavilepanadhāraṇamaṇḍanavibhūsanaṭṭhānā paṭiviratā; ","eng":"As long as they live, the perfected ones refrain from seeing shows of dancing, singing, and music; and attiring and adorning themselves with garlands, fragrance, and makeup. ","html":"<p>{}"},"an3.70:25.2":{"pli":"ahampajja imañca rattiṃ imañca divasaṃ naccagītavāditavisūkadassanamālāgandhavilepanadhāraṇamaṇḍanavibhūsanaṭṭhānā paṭivirato. ","eng":"I, too, for this day and night will refrain from seeing shows of dancing, singing, and music ; and attiring and adorning myself with garlands, fragrance, and makeup. ","html":"{}"},"an3.70:25.3":{"pli":"Imināpi aṅgena arahataṃ anukaromi, uposatho ca me upavuttho bhavissati. ","eng":"I will observe the sabbath by doing as the perfected ones do in this respect. ","html":"{}</p>"},"an3.70:26.1":{"pli":"Yāvajīvaṃ arahanto uccāsayanamahāsayanaṃ pahāya uccāsayanamahāsayanā paṭiviratā nīcaseyyaṃ kappenti mañcake vā tiṇasanthārake vā; ","eng":"As long as they live, the perfected ones give up high and luxurious beds. They sleep in a low place, either a cot or a straw mat. ","html":"<p>{}"},"an3.70:26.2":{"pli":"ahampajja imañca rattiṃ imañca divasaṃ uccāsayanamahāsayanaṃ pahāya uccāsayanamahāsayanā paṭivirato nīcaseyyaṃ kappemi mañcake vā tiṇasanthārake vā. ","eng":"I, too, for this day and night will give up high and luxurious beds. I’ll sleep in a low place, either a cot or a straw mat. ","html":"{}"},"an3.70:26.3":{"pli":"Imināpi aṅgena arahataṃ anukaromi, uposatho ca me upavuttho bhavissatī’ti. ","eng":"I will observe the sabbath by doing as the perfected ones do in this respect.’ ","html":"{}</p>"},"an3.70:27.1":{"pli":"Evaṃ kho, visākhe, ariyuposatho hoti. ","eng":"That’s the sabbath of the noble ones. ","html":"<p>{}"},"an3.70:27.2":{"pli":"Evaṃ upavuttho kho, visākhe, ariyuposatho mahapphalo hoti mahānisaṃso mahājutiko mahāvipphāro. ","eng":"When the sabbath of the noble ones is observed like this it’s very fruitful and beneficial and dazzling and bountiful. ","html":"{}</p>"},"an3.70:28.1":{"pli":"Kīvamahapphalo hoti kīvamahānisaṃso kīvamahājutiko kīvamahāvipphāro? ","eng":"How much so? ","html":"<p>{}"},"an3.70:28.2":{"pli":"Seyyathāpi, visākhe, yo imesaṃ soḷasannaṃ mahājanapadānaṃ pahūtarattaratanānaṃ issariyādhipaccaṃ rajjaṃ kāreyya, seyyathidaṃ—","eng":"Suppose you were to rule as sovereign lord over these sixteen great countries—Aṅga, Magadha, Kāsi, Kosala, Vajji, Malla, Cetī, Vaccha, Kuru, Pañcāla, Maccha, Sūrasena, Assaka, Avanti, Gandhāra, and Kamboja—full of the seven treasures. ","html":"{}"},"an3.70:28.3":{"pli":"aṅgānaṃ, magadhānaṃ, kāsīnaṃ, kosalānaṃ, vajjīnaṃ, mallānaṃ, cetīnaṃ, vaṅgānaṃ, kurūnaṃ, pañcālānaṃ, macchānaṃ, sūrasenānaṃ, assakānaṃ, avantīnaṃ, gandhārānaṃ, kambojānaṃ, aṭṭhaṅgasamannāgatassa uposathassa etaṃ kalaṃ nāgghati soḷasiṃ. ","eng":"This wouldn’t be worth a sixteenth part of the sabbath with its eight factors. ","html":"{}"},"an3.70:28.4":{"pli":"Taṃ kissa hetu? ","eng":"Why is that? ","html":"{}"},"an3.70:28.5":{"pli":"Kapaṇaṃ, visākhe, mānusakaṃ rajjaṃ dibbaṃ sukhaṃ upanidhāya. ","eng":"Because human kingship is a poor thing compared to the happiness of the gods. ","html":"{}</p>"},"an3.70:29.1":{"pli":"Yāni, visākhe, mānusakāni paññāsa vassāni, cātumahārājikānaṃ devānaṃ eso eko rattindivo. ","eng":"Fifty years in the human realm is one day and night for the gods of the four great kings. ","html":"<p>{}"},"an3.70:29.2":{"pli":"Tāya rattiyā tiṃsarattiyo māso. ","eng":"Thirty such days make up a month. ","html":"{}"},"an3.70:29.3":{"pli":"Tena māsena dvādasamāsiyo saṃvaccharo. ","eng":"Twelve such months make up a year. ","html":"{}"},"an3.70:29.4":{"pli":"Tena saṃvaccharena dibbāni pañca vassasatāni cātumahārājikānaṃ devānaṃ āyuppamāṇaṃ. ","eng":"The lifespan of the gods of the four great kings is five hundred of these heavenly years. ","html":"{}"},"an3.70:29.5":{"pli":"Ṭhānaṃ kho panetaṃ, visākhe, vijjati yaṃ idhekacco itthī vā puriso vā aṭṭhaṅgasamannāgataṃ uposathaṃ upavasitvā kāyassa bhedā paraṃ maraṇā cātumahārājikānaṃ devānaṃ sahabyataṃ upapajjeyya. ","eng":"It’s possible that some woman or man who has observed the eight-factored sabbath will—when their body breaks up, after death—be reborn in the company of the gods of the four great kings. ","html":"{}"},"an3.70:29.6":{"pli":"Idaṃ kho panetaṃ, visākhe, sandhāya bhāsitaṃ: ","eng":"This is what I was referring to when I said: ","html":"{}"},"an3.70:29.7":{"pli":"‘kapaṇaṃ mānusakaṃ rajjaṃ dibbaṃ sukhaṃ upanidhāya’. ","eng":"‘Human kingship is a poor thing compared to the happiness of the gods.’ ","html":"{}</p>"},"an3.70:30.1":{"pli":"Yaṃ, visākhe, mānusakaṃ vassasataṃ, tāvatiṃsānaṃ devānaṃ eso eko rattindivo. ","eng":"A hundred years in the human realm is one day and night for the gods of the thirty-three. ","html":"<p>{}"},"an3.70:30.2":{"pli":"Tāya rattiyā tiṃsarattiyo māso. ","eng":"Thirty such days make up a month. ","html":"{}"},"an3.70:30.3":{"pli":"Tena māsena dvādasamāsiyo saṃvaccharo. ","eng":"Twelve such months make up a year. ","html":"{}"},"an3.70:30.4":{"pli":"Tena saṃvaccharena dibbaṃ vassasahassaṃ tāvatiṃsānaṃ devānaṃ āyuppamāṇaṃ. ","eng":"The lifespan of the gods of the thirty-three is a thousand of these heavenly years. ","html":"{}"},"an3.70:30.5":{"pli":"Ṭhānaṃ kho panetaṃ, visākhe, vijjati yaṃ idhekacco itthī vā puriso vā aṭṭhaṅgasamannāgataṃ uposathaṃ upavasitvā kāyassa bhedā paraṃ maraṇā tāvatiṃsānaṃ devānaṃ sahabyataṃ upapajjeyya. ","eng":"It’s possible that some woman or man who has observed the eight-factored sabbath will—when their body breaks up, after death—be reborn in the company of the gods of the thirty-three. ","html":"{}"},"an3.70:30.6":{"pli":"Idaṃ kho panetaṃ, visākhe, sandhāya bhāsitaṃ: ","eng":"This is what I was referring to when I said: ","html":"{}"},"an3.70:30.7":{"pli":"‘kapaṇaṃ mānusakaṃ rajjaṃ dibbaṃ sukhaṃ upanidhāya’. ","eng":"‘Human kingship is a poor thing compared to the happiness of the gods.’ ","html":"{}</p>"},"an3.70:31.1":{"pli":"Yāni, visākhe, mānusakāni dve vassasatāni, yāmānaṃ devānaṃ eso eko rattindivo. ","eng":"Two hundred years in the human realm is one day and night for the gods of Yama. ","html":"<p>{}"},"an3.70:31.2":{"pli":"Tāya rattiyā tiṃsarattiyo māso. ","eng":"Thirty such days make up a month. ","html":"{}"},"an3.70:31.3":{"pli":"Tena māsena dvādasamāsiyo saṃvaccharo. ","eng":"Twelve such months make up a year. ","html":"{}"},"an3.70:31.4":{"pli":"Tena saṃvaccharena dibbāni dve vassasahassāni yāmānaṃ devānaṃ āyuppamāṇaṃ. ","eng":"The lifespan of the gods of Yama is two thousand of these heavenly years. ","html":"{}"},"an3.70:31.5":{"pli":"Ṭhānaṃ kho panetaṃ, visākhe, vijjati yaṃ idhekacco itthī vā puriso vā aṭṭhaṅgasamannāgataṃ uposathaṃ upavasitvā kāyassa bhedā paraṃ maraṇā yāmānaṃ devānaṃ sahabyataṃ upapajjeyya. ","eng":"It’s possible that some woman or man who has observed the eight-factored sabbath will—when their body breaks up, after death—be reborn in the company of the gods of Yama. ","html":"{}"},"an3.70:31.6":{"pli":"Idaṃ kho panetaṃ, visākhe, sandhāya bhāsitaṃ: ","eng":"This is what I was referring to when I said: ","html":"{}"},"an3.70:31.7":{"pli":"‘kapaṇaṃ mānusakaṃ rajjaṃ dibbaṃ sukhaṃ upanidhāya’. ","eng":"‘Human kingship is a poor thing compared to the happiness of the gods.’ ","html":"{}</p>"},"an3.70:32.1":{"pli":"Yāni, visākhe, mānusakāni cattāri vassasatāni, tusitānaṃ devānaṃ eso eko rattindivo. ","eng":"Four hundred years in the human realm is one day and night for the joyful gods. ","html":"<p>{}"},"an3.70:32.2":{"pli":"Tāya rattiyā tiṃsarattiyo māso. ","eng":"Thirty such days make up a month. ","html":"{}"},"an3.70:32.3":{"pli":"Tena māsena dvādasamāsiyo saṃvaccharo. ","eng":"Twelve such months make up a year. ","html":"{}"},"an3.70:32.4":{"pli":"Tena saṃvaccharena dibbāni cattāri vassasahassāni tusitānaṃ devānaṃ āyuppamāṇaṃ. ","eng":"The lifespan of the joyful gods is four thousand of these heavenly years. ","html":"{}"},"an3.70:32.5":{"pli":"Ṭhānaṃ kho panetaṃ, visākhe, vijjati yaṃ idhekacco itthī vā puriso vā aṭṭhaṅgasamannāgataṃ uposathaṃ upavasitvā kāyassa bhedā paraṃ maraṇā tusitānaṃ devānaṃ sahabyataṃ upapajjeyya. ","eng":"It’s possible that some woman or man who has observed the eight-factored sabbath will—when their body breaks up, after death—be reborn in the company of the joyful gods. ","html":"{}"},"an3.70:32.6":{"pli":"Idaṃ kho panetaṃ, visākhe, sandhāya bhāsitaṃ: ","eng":"This is what I was referring to when I said: ","html":"{}"},"an3.70:32.7":{"pli":"‘kapaṇaṃ mānusakaṃ rajjaṃ dibbaṃ sukhaṃ upanidhāya’. ","eng":"‘Human kingship is a poor thing compared to the happiness of the gods.’ ","html":"{}</p>"},"an3.70:33.1":{"pli":"Yāni, visākhe, mānusakāni aṭṭha vassasatāni, nimmānaratīnaṃ devānaṃ eso eko rattindivo. ","eng":"Eight hundred years in the human realm is one day and night for the gods who love to create. ","html":"<p>{}"},"an3.70:33.2":{"pli":"Tāya rattiyā tiṃsarattiyo māso. ","eng":"Thirty such days make up a month. ","html":"{}"},"an3.70:33.3":{"pli":"Tena māsena dvādasamāsiyo saṃvaccharo. ","eng":"Twelve such months make up a year. ","html":"{}"},"an3.70:33.4":{"pli":"Tena saṃvaccharena dibbāni aṭṭha vassasahassāni nimmānaratīnaṃ devānaṃ āyuppamāṇaṃ. ","eng":"The life span of the gods who love to create is eight thousand of these heavenly years. ","html":"{}"},"an3.70:33.5":{"pli":"Ṭhānaṃ kho panetaṃ, visākhe, vijjati yaṃ idhekacco itthī vā puriso vā aṭṭhaṅgasamannāgataṃ uposathaṃ upavasitvā kāyassa bhedā paraṃ maraṇā nimmānaratīnaṃ devānaṃ sahabyataṃ upapajjeyya. ","eng":"It’s possible that some woman or man who has observed the eight-factored sabbath will—when their body breaks up, after death—be reborn in the company of the gods who love to create. ","html":"{}"},"an3.70:33.6":{"pli":"Idaṃ kho panetaṃ, visākhe, sandhāya bhāsitaṃ: ","eng":"This is what I was referring to when I said: ","html":"{}"},"an3.70:33.7":{"pli":"‘kapaṇaṃ mānusakaṃ rajjaṃ dibbaṃ sukhaṃ upanidhāya’. ","eng":"‘Human kingship is a poor thing compared to the happiness of the gods.’ ","html":"{}</p>"},"an3.70:34.1":{"pli":"Yāni, visākhe, mānusakāni soḷasa vassasatāni, paranimmitavasavattīnaṃ devānaṃ eso eko rattindivo. ","eng":"Sixteen hundred years in the human realm is one day and night for the gods who control what is created by others. ","html":"<p>{}"},"an3.70:34.2":{"pli":"Tāya rattiyā tiṃsarattiyo māso. ","eng":"Thirty such days make up a month. ","html":"{}"},"an3.70:34.3":{"pli":"Tena māsena dvādasamāsiyo saṃvaccharo. ","eng":"Twelve such months make up a year. ","html":"{}"},"an3.70:34.4":{"pli":"Tena saṃvaccharena dibbāni soḷasa vassasahassāni paranimmitavasavattīnaṃ devānaṃ āyuppamāṇaṃ. ","eng":"The life span of the gods who control what is created by others is sixteen thousand of these heavenly years. ","html":"{}"},"an3.70:34.5":{"pli":"Ṭhānaṃ kho panetaṃ, visākhe, vijjati yaṃ idhekacco itthī vā puriso vā aṭṭhaṅgasamannāgataṃ uposathaṃ upavasitvā kāyassa bhedā paraṃ maraṇā paranimmitavasavattīnaṃ devānaṃ sahabyataṃ upapajjeyya. ","eng":"It’s possible that some woman or man who has observed the eight-factored sabbath will—when their body breaks up, after death—be reborn in the company of the gods who control what is created by others. ","html":"{}"},"an3.70:34.6":{"pli":"Idaṃ kho panetaṃ, visākhe, sandhāya bhāsitaṃ: ","eng":"This is what I was referring to when I said: ","html":"{}"},"an3.70:34.7":{"pli":"‘kapaṇaṃ mānusakaṃ rajjaṃ dibbaṃ sukhaṃ upanidhāyā’ti. ","eng":"‘Human kingship is a poor thing compared to the happiness of the gods.’ ","html":"{}</p>"},"an3.70:35.1":{"pli":"Pāṇaṃ na haññe na cadinnamādiye, ","eng":"You shouldn’t kill living creatures, or steal, ","html":"<blockquote class='gatha'><p><span class='verse-line'>{}</span>"},"an3.70:35.2":{"pli":"Musā na bhāse na ca majjapo siyā; ","eng":"or lie, or drink liquor. ","html":"<span class='verse-line'>{}</span>"},"an3.70:35.3":{"pli":"Abrahmacariyā virameyya methunā, ","eng":"Be chaste, refraining from sex, ","html":"<span class='verse-line'>{}</span>"},"an3.70:35.4":{"pli":"Rattiṃ na bhuñjeyya vikālabhojanaṃ. ","eng":"and don’t eat at night, the wrong time. ","html":"<span class='verse-line'>{}</span></p>"},"an3.70:36.1":{"pli":"Mālaṃ na dhāre na ca gandhamācare, ","eng":"Not wearing garlands or applying fragrance, ","html":"<p><span class='verse-line'>{}</span>"},"an3.70:36.2":{"pli":"Mañce chamāyaṃ va sayetha santhate; ","eng":"you should sleep on a low bed, <j>or a mat on the ground. ","html":"<span class='verse-line'>{}</span>"},"an3.70:36.3":{"pli":"Etañhi aṭṭhaṅgikamāhuposathaṃ, ","eng":"This is the eight-factored sabbath, they say, ","html":"<span class='verse-line'>{}</span>"},"an3.70:36.4":{"pli":"Buddhena dukkhantagunā pakāsitaṃ. ","eng":"explained by the Buddha, <j>who has gone to suffering’s end. ","html":"<span class='verse-line'>{}</span></p>"},"an3.70:37.1":{"pli":"Cando ca suriyo ca ubho sudassanā, ","eng":"The moon and sun are both fair to see, ","html":"<p><span class='verse-line'>{}</span>"},"an3.70:37.2":{"pli":"Obhāsayaṃ anupariyanti yāvatā; ","eng":"radiating as far as they revolve. ","html":"<span class='verse-line'>{}</span>"},"an3.70:37.3":{"pli":"Tamonudā te pana antalikkhagā, ","eng":"Those dispellers of darkness, travellers in midair, ","html":"<span class='verse-line'>{}</span>"},"an3.70:37.4":{"pli":"Nabhe pabhāsanti disāvirocanā. ","eng":"shine in the firmament, lighting up the quarters. ","html":"<span class='verse-line'>{}</span></p>"},"an3.70:38.1":{"pli":"Etasmiṃ yaṃ vijjati antare dhanaṃ, ","eng":"All of the wealth that’s found in this realm—","html":"<p><span class='verse-line'>{}</span>"},"an3.70:38.2":{"pli":"Muttā maṇi veḷuriyañca bhaddakaṃ; ","eng":"pearls, gems, fine beryl too, ","html":"<span class='verse-line'>{}</span>"},"an3.70:38.3":{"pli":"Siṅgī suvaṇṇaṃ atha vāpi kañcanaṃ, ","eng":"mountain gold or lustrous gold, ","html":"<span class='verse-line'>{}</span>"},"an3.70:38.4":{"pli":"Yaṃ jātarūpaṃ haṭakanti vuccati. ","eng":"or the native gold called ‘coruscant’—","html":"<span class='verse-line'>{}</span></p>"},"an3.70:39.1":{"pli":"Aṭṭhaṅgupetassa uposathassa, ","eng":"they’re not worth a sixteenth part ","html":"<p><span class='verse-line'>{}</span>"},"an3.70:39.2":{"pli":"Kalampi te nānubhavanti soḷasiṃ; ","eng":"of the sabbath with its eight factors, ","html":"<span class='verse-line'>{}</span>"},"an3.70:39.3":{"pli":"Candappabhā tāragaṇā ca sabbe. ","eng":"as starlight cannot rival the moon. ","html":"<span class='verse-line'>{}</span></p>"},"an3.70:40.1":{"pli":"Tasmā hi nārī ca naro ca sīlavā, ","eng":"So an ethical woman or man, ","html":"<p><span class='verse-line'>{}</span>"},"an3.70:40.2":{"pli":"Aṭṭhaṅgupetaṃ upavassuposathaṃ; ","eng":"who has observed the eight-factored sabbath, ","html":"<span class='verse-line'>{}</span>"},"an3.70:40.3":{"pli":"Puññāni katvāna sukhudrayāni, ","eng":"having made merit whose outcome is happiness, ","html":"<span class='verse-line'>{}</span>"},"an3.70:40.4":{"pli":"Aninditā saggamupenti ṭhānan”ti. ","eng":"blameless, they go to a heavenly place.” ","html":"<span class='verse-line'>{}</span></p></blockquote>"},"an3.70:40.5":{"pli":"Dasamaṃ. ","html":"<p class='endsutta'>{}</p>"},"an3.70:40.6":{"pli":"Mahāvaggo sattamo. ","html":"<p class='endvagga'>{}</p>"},"an3.70:41.0":{"pli":"Tassuddānaṃ ","html":"<p class='uddana-intro'>{}</p>"},"an3.70:41.1":{"pli":"Titthabhayañca venāgo, ","html":"<blockquote class='uddanagatha'><p><span class='verse-line'>{}</span>"},"an3.70:41.2":{"pli":"sarabho kesamuttiyā; ","html":"<span class='verse-line'>{}</span>"},"an3.70:41.3":{"pli":"Sāḷho cāpi kathāvatthu, ","html":"<span class='verse-line'>{}</span>"},"an3.70:41.4":{"pli":"titthiyamūluposathoti. ","html":"<span class='verse-line'>{}</span></p></blockquote></article>"}}}