{"an5.75":{"an5.75:0.1":{"pli":"Aṅguttara Nikāya 5.75 ","eng":"Numbered Discourses 5.75 ","html":"<article id='an5.75'><header><ul><li class='division'>{}</li>"},"an5.75:0.2":{"pli":"8. Yodhājīvavagga ","eng":"8. Warriors ","html":"<li>{}</li></ul>"},"an5.75:0.3":{"pli":"Paṭhamayodhājīvasutta ","eng":"Warriors (1st) ","html":"<h1 class='sutta-title'>{}</h1></header>"},"an5.75:1.1":{"pli":"“Pañcime, bhikkhave, yodhājīvā santo saṃvijjamānā lokasmiṃ. ","eng":"“Mendicants, these five warriors are found in the world. ","html":"<p>{}"},"an5.75:1.2":{"pli":"Katame pañca? ","eng":"What five? ","html":"{}</p>"},"an5.75:1.3":{"pli":"Idha, bhikkhave, ekacco yodhājīvo rajaggaññeva disvā saṃsīdati visīdati na santhambhati na sakkoti saṅgāmaṃ otarituṃ. ","eng":"Firstly, one warrior falters and founders at the mere sight of a cloud of dust. He doesn’t stay firm, and fails to plunge into battle. ","html":"<p>{}"},"an5.75:1.4":{"pli":"Evarūpopi, bhikkhave, idhekacco yodhājīvo hoti. ","eng":"Some warriors are like that. ","html":"{}"},"an5.75:1.5":{"pli":"Ayaṃ, bhikkhave, paṭhamo yodhājīvo santo saṃvijjamāno lokasmiṃ. ","eng":"This is the first warrior found in the world. ","html":"{}</p>"},"an5.75:2.1":{"pli":"Puna caparaṃ, bhikkhave, idhekacco yodhājīvo sahati rajaggaṃ; ","eng":"Furthermore, one warrior can prevail over a cloud of dust, ","html":"<p>{}"},"an5.75:2.2":{"pli":"api ca kho dhajaggaññeva disvā saṃsīdati visīdati, na santhambhati, na sakkoti saṅgāmaṃ otarituṃ. ","eng":"but he falters and founders at the mere sight of a banner’s crest. He doesn’t stay firm, and fails to plunge into battle. ","html":"{}"},"an5.75:2.3":{"pli":"Evarūpopi, bhikkhave, idhekacco yodhājīvo hoti. ","eng":"Some warriors are like that. ","html":"{}"},"an5.75:2.4":{"pli":"Ayaṃ, bhikkhave, dutiyo yodhājīvo santo saṃvijjamāno lokasmiṃ. ","eng":"This is the second warrior found in the world. ","html":"{}</p>"},"an5.75:3.1":{"pli":"Puna caparaṃ, bhikkhave, idhekacco yodhājīvo sahati rajaggaṃ sahati dhajaggaṃ; ","eng":"Furthermore, one warrior can prevail over a cloud of dust and a banner’s crest, ","html":"<p>{}"},"an5.75:3.2":{"pli":"api ca kho ussāraṇaññeva sutvā saṃsīdati visīdati, na santhambhati, na sakkoti saṅgāmaṃ otarituṃ. ","eng":"but he falters and founders at the mere sound of turmoil. He doesn’t stay firm, and fails to plunge into battle. ","html":"{}"},"an5.75:3.3":{"pli":"Evarūpopi, bhikkhave, idhekacco yodhājīvo hoti. ","eng":"Some warriors are like that. ","html":"{}"},"an5.75:3.4":{"pli":"Ayaṃ, bhikkhave, tatiyo yodhājīvo santo saṃvijjamāno lokasmiṃ. ","eng":"This is the third warrior found in the world. ","html":"{}</p>"},"an5.75:4.1":{"pli":"Puna caparaṃ, bhikkhave, idhekacco yodhājīvo sahati rajaggaṃ, sahati dhajaggaṃ, sahati ussāraṇaṃ; ","eng":"Furthermore, one warrior can prevail over a cloud of dust and a banner’s crest and turmoil, ","html":"<p>{}"},"an5.75:4.2":{"pli":"api ca kho sampahāre haññati byāpajjati. ","eng":"but he’s killed or injured when blows are struck. ","html":"{}"},"an5.75:4.3":{"pli":"Evarūpopi, bhikkhave, idhekacco yodhājīvo hoti. ","eng":"Some warriors are like that. ","html":"{}"},"an5.75:4.4":{"pli":"Ayaṃ, bhikkhave, catuttho yodhājīvo santo saṃvijjamāno lokasmiṃ. ","eng":"This is the fourth warrior found in the world. ","html":"{}</p>"},"an5.75:5.1":{"pli":"Puna caparaṃ, bhikkhave, idhekacco yodhājīvo sahati rajaggaṃ, sahati dhajaggaṃ, sahati ussāraṇaṃ, sahati sampahāraṃ. ","eng":"Furthermore, one warrior can prevail over a cloud of dust and a banner’s crest and turmoil and being struck. ","html":"<p>{}"},"an5.75:5.2":{"pli":"So taṃ saṅgāmaṃ abhivijinitvā vijitasaṅgāmo tameva saṅgāmasīsaṃ ajjhāvasati. ","eng":"He wins victory in battle, establishing himself as foremost in battle. ","html":"{}"},"an5.75:5.3":{"pli":"Evarūpopi, bhikkhave, idhekacco yodhājīvo hoti. ","eng":"Some warriors are like that. ","html":"{}"},"an5.75:5.4":{"pli":"Ayaṃ, bhikkhave, pañcamo yodhājīvo santo saṃvijjamāno lokasmiṃ. ","eng":"This is the fifth warrior found in the world. ","html":"{}</p>"},"an5.75:5.5":{"pli":"Ime kho, bhikkhave, pañca yodhājīvā santo saṃvijjamānā lokasmiṃ. ","eng":"These are the five warriors found in the world. ","html":"<p>{}</p>"},"an5.75:6.1":{"pli":"Evamevaṃ kho, bhikkhave, pañcime yodhājīvūpamā puggalā santo saṃvijjamānā bhikkhūsu. ","eng":"In the same way, these five individuals similar to warriors are found among the monks. ","html":"<p>{}"},"an5.75:6.2":{"pli":"Katame pañca? ","eng":"What five? ","html":"{}</p>"},"an5.75:6.3":{"pli":"Idha, bhikkhave, bhikkhu rajaggaññeva disvā saṃsīdati visīdati, na santhambhati, na sakkoti brahmacariyaṃ sandhāretuṃ. ","eng":"Firstly, one monk falters and founders at the mere sight of a cloud of dust. He doesn’t stay firm, and fails to keep up the spiritual life. ","html":"<p>{}"},"an5.75:6.4":{"pli":"Sikkhādubbalyaṃ āvikatvā sikkhaṃ paccakkhāya hīnāyāvattati. ","eng":"Declaring his inability to continue training, he disavows it and returns to a lesser life. ","html":"{}"},"an5.75:6.5":{"pli":"Kimassa rajaggasmiṃ? ","eng":"What is his ‘cloud of dust’? ","html":"{}"},"an5.75:6.6":{"pli":"Idha, bhikkhave, bhikkhu suṇāti: ","eng":"It’s when a monk hears: ","html":"{}"},"an5.75:6.7":{"pli":"‘amukasmiṃ nāma gāme vā nigame vā itthī vā kumārī vā abhirūpā dassanīyā pāsādikā paramāya vaṇṇapokkharatāya samannāgatā’ti. ","eng":"‘In such and such a village or town there’s a women or a girl who is attractive, good-looking, lovely, of surpassing beauty.’ ","html":"{}"},"an5.75:6.8":{"pli":"So taṃ sutvā saṃsīdati visīdati, na santhambhati, na sakkoti brahmacariyaṃ sandhāretuṃ. ","eng":"Hearing this, he falters and founders. He doesn’t stay firm, and fails to keep up the spiritual life. ","html":"{}"},"an5.75:6.9":{"pli":"Sikkhādubbalyaṃ āvikatvā sikkhaṃ paccakkhāya hīnāyāvattati. ","eng":"Declaring his inability to continue training, he disavows it and returns to a lesser life. ","html":"{}"},"an5.75:6.10":{"pli":"Idamassa rajaggasmiṃ. ","eng":"This is his ‘cloud of dust’. ","html":"{}</p>"},"an5.75:7.1":{"pli":"Seyyathāpi so, bhikkhave, yodhājīvo rajaggaññeva disvā saṃsīdati visīdati, na santhambhati, na sakkoti saṅgāmaṃ otarituṃ; ","eng":"I say that this individual is like the warrior who falters and founders at the mere sight of a cloud of dust. ","html":"<p>{}"},"an5.75:7.2":{"pli":"tathūpamāhaṃ, bhikkhave, imaṃ puggalaṃ vadāmi. ","html":"{}"},"an5.75:7.3":{"pli":"Evarūpopi, bhikkhave, idhekacco puggalo hoti. ","eng":"Some individuals are like that. ","html":"{}"},"an5.75:7.4":{"pli":"Ayaṃ, bhikkhave, paṭhamo yodhājīvūpamo puggalo santo saṃvijjamāno bhikkhūsu. ","eng":"This is the first individual similar to a warrior found among the monks. ","html":"{}</p>"},"an5.75:8.1":{"pli":"Puna caparaṃ, bhikkhave, bhikkhu sahati rajaggaṃ; ","eng":"Furthermore, one monk can prevail over a cloud of dust, ","html":"<p>{}"},"an5.75:8.2":{"pli":"api ca kho dhajaggaññeva disvā saṃsīdati visīdati, na santhambhati, na sakkoti brahmacariyaṃ sandhāretuṃ. ","eng":"but at the mere sight of a banner’s crest he falters and founders. He doesn’t stay firm, and fails to keep up the spiritual life. ","html":"{}"},"an5.75:8.3":{"pli":"Sikkhādubbalyaṃ āvikatvā sikkhaṃ paccakkhāya hīnāyāvattati. ","eng":"Declaring his inability to continue training, he disavows it and returns to a lesser life. ","html":"{}"},"an5.75:8.4":{"pli":"Kimassa dhajaggasmiṃ? ","eng":"What is his ‘banner’s crest’? ","html":"{}"},"an5.75:8.5":{"pli":"Idha, bhikkhave, bhikkhu na heva kho suṇāti: ","eng":"It’s when a monk doesn’t hear: ","html":"{}"},"an5.75:8.6":{"pli":"‘amukasmiṃ nāma gāme vā nigame vā itthī vā kumārī vā abhirūpā dassanīyā pāsādikā paramāya vaṇṇapokkharatāya samannāgatā’ti; ","eng":"‘In such and such a village or town there’s a women or a girl who is attractive, good-looking, lovely, of surpassing beauty.’ ","html":"{}"},"an5.75:8.7":{"pli":"api ca kho sāmaṃ passati itthiṃ vā kumāriṃ vā abhirūpaṃ dassanīyaṃ pāsādikaṃ paramāya vaṇṇapokkharatāya samannāgataṃ. ","eng":"But he sees for himself a women or a girl who is attractive, good-looking, lovely, of surpassing beauty. ","html":"{}"},"an5.75:8.8":{"pli":"So taṃ disvā saṃsīdati visīdati, na santhambhati, na sakkoti brahmacariyaṃ sandhāretuṃ. ","eng":"Seeing her, he falters and founders. He doesn’t stay firm, and fails to keep up the spiritual life. ","html":"{}"},"an5.75:8.9":{"pli":"Sikkhādubbalyaṃ āvikatvā sikkhaṃ paccakkhāya hīnāyāvattati. ","eng":"Declaring his inability to continue training, he disavows it and returns to a lesser life. ","html":"{}"},"an5.75:8.10":{"pli":"Idamassa dhajaggasmiṃ. ","eng":"This is his ‘banner’s crest’. ","html":"{}</p>"},"an5.75:9.1":{"pli":"Seyyathāpi so, bhikkhave, yodhājīvo sahati rajaggaṃ; ","eng":"I say that this individual is like the warrior who can prevail over a cloud of dust, ","html":"<p>{}"},"an5.75:9.2":{"pli":"api ca kho dhajaggaññeva disvā saṃsīdati visīdati, na santhambhati, na sakkoti saṅgāmaṃ otarituṃ; ","eng":"but he falters and founders at the mere sight of a banner’s crest. ","html":"{}"},"an5.75:9.3":{"pli":"tathūpamāhaṃ, bhikkhave, imaṃ puggalaṃ vadāmi. ","html":"{}"},"an5.75:9.4":{"pli":"Evarūpopi, bhikkhave, idhekacco puggalo hoti. ","eng":"Some individuals are like that. ","html":"{}"},"an5.75:9.5":{"pli":"Ayaṃ, bhikkhave, dutiyo yodhājīvūpamo puggalo santo saṃvijjamāno bhikkhūsu. ","eng":"This is the second individual similar to a warrior found among the monks. ","html":"{}</p>"},"an5.75:10.1":{"pli":"Puna caparaṃ, bhikkhave, bhikkhu sahati rajaggaṃ, sahati dhajaggaṃ; ","eng":"Furthermore, one monk can prevail over a cloud of dust and a banner’s crest, ","html":"<p>{}"},"an5.75:10.2":{"pli":"api ca kho ussāraṇaññeva sutvā saṃsīdati visīdati, na santhambhati, na sakkoti brahmacariyaṃ sandhāretuṃ. ","eng":"but he falters and founders at the mere sound of turmoil. He doesn’t stay firm, and fails to keep up the spiritual life. ","html":"{}"},"an5.75:10.3":{"pli":"Sikkhādubbalyaṃ āvikatvā sikkhaṃ paccakkhāya hīnāyāvattati. ","eng":"Declaring his inability to continue training, he disavows it and returns to a lesser life. ","html":"{}"},"an5.75:10.4":{"pli":"Kimassa ussāraṇāya? ","eng":"What is his ‘turmoil’? ","html":"{}"},"an5.75:10.5":{"pli":"Idha, bhikkhave, bhikkhuṃ araññagataṃ vā rukkhamūlagataṃ vā suññāgāragataṃ vā mātugāmo upasaṅkamitvā ūhasati ullapati ujjagghati uppaṇḍeti. ","eng":"It’s when a mendicant who has gone to a wilderness, or to the root of a tree, or to an empty hut is approached by a lady. She smiles, chats, laughs, and teases him. ","html":"{}"},"an5.75:10.6":{"pli":"So mātugāmena ūhasiyamāno ullapiyamāno ujjagghiyamāno uppaṇḍiyamāno saṃsīdati visīdati, na santhambhati, na sakkoti brahmacariyaṃ sandhāretuṃ. ","eng":"He falters and founders. He doesn’t stay firm, and fails to keep up the spiritual life. ","html":"{}"},"an5.75:10.7":{"pli":"Sikkhādubbalyaṃ āvikatvā sikkhaṃ paccakkhāya hīnāyāvattati. ","eng":"Declaring his inability to continue training, he disavows it and returns to a lesser life. ","html":"{}"},"an5.75:10.8":{"pli":"Idamassa ussāraṇāya. ","eng":"This is his ‘turmoil’. ","html":"{}</p>"},"an5.75:11.1":{"pli":"Seyyathāpi so, bhikkhave, yodhājīvo sahati rajaggaṃ, sahati dhajaggaṃ; ","eng":"I say that this individual is like the warrior who can prevail over a cloud of dust and a banner’s crest, ","html":"<p>{}"},"an5.75:11.2":{"pli":"api ca kho ussāraṇaññeva sutvā saṃsīdati visīdati, na santhambhati, na sakkoti saṅgāmaṃ otarituṃ; ","eng":"but he falters and founders at the mere sound of turmoil. ","html":"{}"},"an5.75:11.3":{"pli":"tathūpamāhaṃ, bhikkhave, imaṃ puggalaṃ vadāmi. ","html":"{}"},"an5.75:11.4":{"pli":"Evarūpopi, bhikkhave, idhekacco puggalo hoti. ","eng":"Some individuals are like that. ","html":"{}"},"an5.75:11.5":{"pli":"Ayaṃ, bhikkhave, tatiyo yodhājīvūpamo puggalo santo saṃvijjamāno bhikkhūsu. ","eng":"This is the third individual similar to a warrior found among the monks. ","html":"{}</p>"},"an5.75:12.1":{"pli":"Puna caparaṃ, bhikkhave, bhikkhu sahati rajaggaṃ, sahati dhajaggaṃ, sahati ussāraṇaṃ; ","eng":"Furthermore, one monk can prevail over a cloud of dust and a banner’s crest and turmoil, ","html":"<p>{}"},"an5.75:12.2":{"pli":"api ca kho sampahāre haññati byāpajjati. ","eng":"but he’s killed or injured when blows are struck. ","html":"{}"},"an5.75:12.3":{"pli":"Kimassa sampahārasmiṃ? ","eng":"What is his ‘blows are struck’? ","html":"{}"},"an5.75:12.4":{"pli":"Idha, bhikkhave, bhikkhuṃ araññagataṃ vā rukkhamūlagataṃ vā suññāgāragataṃ vā mātugāmo upasaṅkamitvā abhinisīdati abhinipajjati ajjhottharati. ","eng":"It’s when a mendicant who has gone to a wilderness, or to the root of a tree, or to an empty hut is approached by a lady. She sits right by him, lies down, or embraces him. ","html":"{}"},"an5.75:12.5":{"pli":"So mātugāmena abhinisīdiyamāno abhinipajjiyamāno ajjhotthariyamāno sikkhaṃ apaccakkhāya dubbalyaṃ anāvikatvā methunaṃ dhammaṃ paṭisevati. ","eng":"Without resigning the training and declaring his inability to continue, he indulges in sex. ","html":"{}"},"an5.75:12.6":{"pli":"Idamassa sampahārasmiṃ. ","eng":"This is his ‘blows are struck’. ","html":"{}</p>"},"an5.75:13.1":{"pli":"Seyyathāpi so, bhikkhave, yodhājīvo sahati rajaggaṃ, sahati dhajaggaṃ, sahati ussāraṇaṃ, api ca kho sampahāre haññati byāpajjati; ","eng":"I say that this individual is like the warrior who can prevail over a cloud of dust and a banner’s crest and turmoil, but is killed or injured when blows are struck. ","html":"<p>{}"},"an5.75:13.2":{"pli":"tathūpamāhaṃ, bhikkhave, imaṃ puggalaṃ vadāmi. ","html":"{}"},"an5.75:13.3":{"pli":"Evarūpopi, bhikkhave, idhekacco puggalo hoti. ","eng":"Some individuals are like that. ","html":"{}"},"an5.75:13.4":{"pli":"Ayaṃ, bhikkhave, catuttho yodhājīvūpamo puggalo santo saṃvijjamāno bhikkhūsu. ","eng":"This is the fourth individual similar to a warrior found among the monks. ","html":"{}</p>"},"an5.75:14.1":{"pli":"Puna caparaṃ, bhikkhave, bhikkhu sahati rajaggaṃ, sahati dhajaggaṃ, sahati ussāraṇaṃ, sahati sampahāraṃ, so taṃ saṅgāmaṃ abhivijinitvā vijitasaṅgāmo tameva saṅgāmasīsaṃ ajjhāvasati. ","eng":"Furthermore, one monk can prevail over a cloud of dust and a banner’s crest and turmoil, and being struck. He wins victory in battle, establishing himself as foremost in battle. ","html":"<p>{}"},"an5.75:14.2":{"pli":"Kimassa saṅgāmavijayasmiṃ? ","eng":"What is his ‘victory in battle’? ","html":"{}"},"an5.75:14.3":{"pli":"Idha, bhikkhave, bhikkhuṃ araññagataṃ vā rukkhamūlagataṃ vā suññāgāragataṃ vā mātugāmo upasaṅkamitvā abhinisīdati abhinipajjati ajjhottharati. ","eng":"It’s when a mendicant who has gone to a wilderness, or to the root of a tree, or to an empty hut is approached by a lady. She sits right by him, lies down, or embraces him. ","html":"{}"},"an5.75:14.4":{"pli":"So mātugāmena abhinisīdiyamāno abhinipajjiyamāno ajjhotthariyamāno viniveṭhetvā vinimocetvā yena kāmaṃ pakkamati. ","eng":"But he disentangles and frees himself, and goes wherever he wants. ","html":"{}"},"an5.75:14.5":{"pli":"So vivittaṃ senāsanaṃ bhajati araññaṃ rukkhamūlaṃ pabbataṃ kandaraṃ giriguhaṃ susānaṃ vanapatthaṃ abbhokāsaṃ palālapuñjaṃ. ","eng":"He frequents a secluded lodging—a wilderness, the root of a tree, a hill, a ravine, a mountain cave, a charnel ground, a forest, the open air, a heap of straw. ","html":"{}</p>"},"an5.75:15.1":{"pli":"So araññagato vā rukkhamūlagato vā suññāgāragato vā nisīdati pallaṅkaṃ ābhujitvā ujuṃ kāyaṃ paṇidhāya parimukhaṃ satiṃ upaṭṭhapetvā. ","eng":"Gone to a wilderness, or to the root of a tree, or to an empty hut, he sits down cross-legged, sets his body straight, and establishes mindfulness in his presence. ","html":"<p>{}"},"an5.75:15.2":{"pli":"So abhijjhaṃ loke pahāya vigatābhijjhena cetasā viharati, abhijjhāya cittaṃ parisodheti; ","eng":"Giving up covetousness for the world, he meditates with a heart rid of covetousness, cleansing the mind of covetousness. ","html":"{}"},"an5.75:15.3":{"pli":"byāpādapadosaṃ pahāya abyāpannacitto viharati, sabbapāṇabhūtahitānukampī byāpādapadosā cittaṃ parisodheti; ","eng":"Giving up ill will and malevolence, he meditates with a mind rid of ill will, full of sympathy for all living beings, cleansing the mind of ill will. ","html":"{}"},"an5.75:15.4":{"pli":"thinamiddhaṃ pahāya vigatathinamiddho viharati ālokasaññī sato sampajāno, thinamiddhā cittaṃ parisodheti; ","eng":"Giving up dullness and drowsiness, he meditates with a mind rid of dullness and drowsiness, perceiving light, mindful and aware, cleansing the mind of dullness and drowsiness. ","html":"{}"},"an5.75:15.5":{"pli":"uddhaccakukkuccaṃ pahāya anuddhato viharati ajjhattaṃ vūpasantacitto, uddhaccakukkuccā cittaṃ parisodheti; ","eng":"Giving up restlessness and remorse, he meditates without restlessness, his mind peaceful inside, cleansing the mind of restlessness and remorse. ","html":"{}"},"an5.75:15.6":{"pli":"vicikicchaṃ pahāya tiṇṇavicikiccho viharati akathaṅkathī kusalesu dhammesu, vicikicchāya cittaṃ parisodheti. ","eng":"Giving up doubt, he meditates having gone beyond doubt, not undecided about skillful qualities, cleansing the mind of doubt. ","html":"{}"},"an5.75:15.7":{"pli":"So ime pañca nīvaraṇe pahāya cetaso upakkilese paññāya dubbalīkaraṇe ","eng":"He gives up these five hindrances, corruptions of the heart that weaken wisdom. ","html":"{}"},"an5.75:15.8":{"pli":"vivicceva kāmehi …pe… ","eng":"Then, quite secluded from sensual pleasures, secluded from unskillful qualities, he enters and remains in the first absorption … ","html":"{}"},"an5.75:15.9":{"pli":"catutthaṃ jhānaṃ upasampajja viharati. ","eng":"second absorption … third absorption … fourth absorption. ","html":"{}</p>"},"an5.75:16.1":{"pli":"So evaṃ samāhite citte parisuddhe pariyodāte anaṅgaṇe vigatūpakkilese mudubhūte kammaniye ṭhite āneñjappatte āsavānaṃ khayañāṇāya cittaṃ abhininnāmeti. ","eng":"When his mind has become immersed in samādhi like this—purified, bright, flawless, rid of corruptions, pliable, workable, steady, and imperturbable—he extends it toward knowledge of the ending of defilements. ","html":"<p>{}"},"an5.75:16.2":{"pli":"So ‘idaṃ dukkhan’ti yathābhūtaṃ pajānāti, ‘ayaṃ dukkhasamudayo’ti yathābhūtaṃ pajānāti, ‘ayaṃ dukkhanirodho’ti yathābhūtaṃ pajānāti, ‘ayaṃ dukkhanirodhagāminī paṭipadā’ti yathābhūtaṃ pajānāti, ","eng":"He truly understands: ‘This is suffering’ … ‘This is the origin of suffering’ … ‘This is the cessation of suffering’ … ‘This is the practice that leads to the cessation of suffering’. ","html":"{}"},"an5.75:16.3":{"pli":"‘ime āsavā’ti yathābhūtaṃ pajānāti, ‘ayaṃ āsavasamudayo’ti yathābhūtaṃ pajānāti, ‘ayaṃ āsavanirodho’ti yathābhūtaṃ pajānāti, ‘ayaṃ āsavanirodhagāminī paṭipadā’ti yathābhūtaṃ pajānāti. ","eng":"He truly understands: ‘These are defilements’ … ‘This is the origin of defilements’ … ‘This is the cessation of defilements’ … ‘This is the practice that leads to the cessation of defilements’. ","html":"{}"},"an5.75:16.4":{"pli":"Tassa evaṃ jānato evaṃ passato kāmāsavāpi cittaṃ vimuccati, bhavāsavāpi cittaṃ vimuccati, avijjāsavāpi cittaṃ vimuccati, ","eng":"Knowing and seeing like this, his mind is freed from the defilements of sensuality, desire to be reborn, and ignorance. ","html":"{}"},"an5.75:16.5":{"pli":"vimuttasmiṃ vimuttamiti ñāṇaṃ hoti. ","eng":"When it is freed, he knows it is freed. ","html":"{}</p>"},"an5.75:16.6":{"pli":"‘Khīṇā jāti, vusitaṃ brahmacariyaṃ, kataṃ karaṇīyaṃ, nāparaṃ itthattāyā’ti pajānāti. ","eng":"He understands: ‘Rebirth is ended, the spiritual journey has been completed, what had to be done has been done, there is nothing further for this place.’ ","html":"<p>{}"},"an5.75:16.7":{"pli":"Idamassa saṅgāmavijayasmiṃ. ","eng":"This is his ‘victory in battle’. ","html":"{}</p>"},"an5.75:17.1":{"pli":"Seyyathāpi so, bhikkhave, yodhājīvo sahati rajaggaṃ, sahati dhajaggaṃ, sahati ussāraṇaṃ, sahati sampahāraṃ, so taṃ saṅgāmaṃ abhivijinitvā vijitasaṅgāmo tameva saṅgāmasīsaṃ ajjhāvasati; ","eng":"I say that this individual is like the warrior who can prevail over a cloud of dust and a banner’s crest and turmoil and being struck. He wins victory in battle, establishing himself as foremost in battle. ","html":"<p>{}"},"an5.75:17.2":{"pli":"tathūpamāhaṃ, bhikkhave, imaṃ puggalaṃ vadāmi. ","html":"{}"},"an5.75:17.3":{"pli":"Evarūpopi, bhikkhave, idhekacco puggalo hoti. ","eng":"Some individuals are like that. ","html":"{}"},"an5.75:17.4":{"pli":"Ayaṃ, bhikkhave, pañcamo yodhājīvūpamo puggalo santo saṃvijjamāno bhikkhūsu. ","eng":"This is the fifth individual similar to a warrior found among the monks. ","html":"{}</p>"},"an5.75:17.5":{"pli":"Ime kho, bhikkhave, pañca yodhājīvūpamā puggalā santo saṃvijjamānā bhikkhūsū”ti. ","eng":"These five individuals similar to warriors are found among the monks.” ","html":"<p>{}</p>"},"an5.75:17.6":{"pli":"Pañcamaṃ. ","html":"<p class='endsutta'>{}</p></article>"}}}