{"an5.48":{"an5.48:0.1":{"pli":"Aṅguttara Nikāya 5.48 ","eng":"Numbered Discourses 5.48 ","html":"<article id='an5.48'><header><ul><li class='division'>{}</li>"},"an5.48:0.2":{"pli":"5. Muṇḍarājavagga ","eng":"5. With King Muṇḍa ","html":"<li>{}</li></ul>"},"an5.48:0.3":{"pli":"Alabbhanīyaṭhānasutta ","eng":"Things That Cannot Be Had ","html":"<h1 class='sutta-title'>{}</h1></header>"},"an5.48:1.1":{"pli":"“Pañcimāni, bhikkhave, alabbhanīyāni ṭhānāni samaṇena vā brāhmaṇena vā devena vā mārena vā brahmunā vā kenaci vā lokasmiṃ. ","eng":"“Mendicants, there are five things that cannot be had by any ascetic or brahmin or god or Māra or divinity or by anyone in the world. ","html":"<p>{}"},"an5.48:1.2":{"pli":"Katamāni pañca? ","eng":"What five? ","html":"{}"},"an5.48:1.3":{"pli":"‘Jarādhammaṃ mā jīrī’ti alabbhanīyaṃ ṭhānaṃ samaṇena vā brāhmaṇena vā devena vā mārena vā brahmunā vā kenaci vā lokasmiṃ. ","eng":"That someone liable to old age should not grow old. ","html":"{}"},"an5.48:1.4":{"pli":"‘Byādhidhammaṃ mā byādhīyī’ti …pe… ‘maraṇadhammaṃ mā mīyī’ti … ‘khayadhammaṃ mā khīyī’ti … ‘nassanadhammaṃ mā nassī’ti alabbhanīyaṃ ṭhānaṃ samaṇena vā brāhmaṇena vā devena vā mārena vā brahmunā vā kenaci vā lokasmiṃ. ","eng":"That someone liable to sickness should not get sick. … That someone liable to death should not die. … That someone liable to ending should not end. … That someone liable to perishing should not perish. … ","html":"{}</p>"},"an5.48:2.1":{"pli":"Assutavato, bhikkhave, puthujjanassa jarādhammaṃ jīrati. ","eng":"An unlearned ordinary person has someone liable to old age who grows old. ","html":"<p>{}"},"an5.48:2.2":{"pli":"So jarādhamme jiṇṇe na iti paṭisañcikkhati: ","eng":"But they don’t reflect on old age: ","html":"{}"},"an5.48:2.3":{"pli":"‘na kho mayhevekassa jarādhammaṃ jīrati, atha kho yāvatā sattānaṃ āgati gati cuti upapatti sabbesaṃ sattānaṃ jarādhammaṃ jīrati. ","eng":"‘It’s not just me who has someone liable to old age who grows old. For as long as sentient beings come and go, pass away and are reborn, they all have someone liable to old age who grows old. ","html":"{}"},"an5.48:2.4":{"pli":"Ahañceva kho pana jarādhamme jiṇṇe soceyyaṃ kilameyyaṃ parideveyyaṃ, urattāḷiṃ kandeyyaṃ, sammohaṃ āpajjeyyaṃ, bhattampi me nacchādeyya, kāyepi dubbaṇṇiyaṃ okkameyya, kammantāpi nappavatteyyuṃ, amittāpi attamanā assu, mittāpi dummanā assū’ti. ","eng":"If I were to sorrow and wail and lament, beating my breast and falling into confusion, just because someone liable to old age grows old, I’d lose my appetite and my physical appearance would deteriorate. My work wouldn’t get done, my enemies would be encouraged, and my friends would be dispirited.’ ","html":"{}"},"an5.48:2.5":{"pli":"So jarādhamme jiṇṇe socati kilamati paridevati, urattāḷiṃ kandati, sammohaṃ āpajjati. ","eng":"And so, when someone liable to old age grows old, they sorrow and wail and lament, beating their breast and falling into confusion. ","html":"{}"},"an5.48:2.6":{"pli":"Ayaṃ vuccati, bhikkhave: ","eng":"This is called ","html":"{}"},"an5.48:2.7":{"pli":"‘assutavā puthujjano viddho savisena sokasallena attānaṃyeva paritāpeti’. ","eng":"an unlearned ordinary person struck by sorrow’s poisoned arrow, who only mortifies themselves. ","html":"{}</p>"},"an5.48:3.1":{"pli":"Puna caparaṃ, bhikkhave, assutavato puthujjanassa byādhidhammaṃ byādhīyati …pe… maraṇadhammaṃ mīyati … khayadhammaṃ khīyati … nassanadhammaṃ nassati. ","eng":"Furthermore, an unlearned ordinary person has someone liable to sickness … death … ending … perishing. ","html":"<p>{}"},"an5.48:3.2":{"pli":"So nassanadhamme naṭṭhe na iti paṭisañcikkhati: ","eng":"But they don’t reflect on perishing: ","html":"{}"},"an5.48:3.3":{"pli":"‘na kho mayhevekassa nassanadhammaṃ nassati, atha kho yāvatā sattānaṃ āgati gati cuti upapatti sabbesaṃ sattānaṃ nassanadhammaṃ nassati. ","eng":"‘It’s not just me who has someone liable to perishing who perishes. For as long as sentient beings come and go, pass away and are reborn, they all have someone liable to perishing who perishes. ","html":"{}"},"an5.48:3.4":{"pli":"Ahañceva kho pana nassanadhamme naṭṭhe soceyyaṃ kilameyyaṃ parideveyyaṃ, urattāḷiṃ kandeyyaṃ, sammohaṃ āpajjeyyaṃ, bhattampi me nacchādeyya, kāyepi dubbaṇṇiyaṃ okkameyya, kammantāpi nappavatteyyuṃ, amittāpi attamanā assu, mittāpi dummanā assū’ti. ","eng":"If I were to sorrow and wail and lament, beating my breast and falling into confusion, just because someone liable to perishing perishes, I’d lose my appetite and my physical appearance would deteriorate. My work wouldn’t get done, my enemies would be encouraged, and my friends would be dispirited.’ ","html":"{}"},"an5.48:3.5":{"pli":"So nassanadhamme naṭṭhe socati kilamati paridevati, urattāḷiṃ kandati, sammohaṃ āpajjati. ","eng":"And so, when someone liable to perishing perishes, they sorrow and wail and lament, beating their breast and falling into confusion. ","html":"{}"},"an5.48:3.6":{"pli":"Ayaṃ vuccati, bhikkhave: ","eng":"This is called ","html":"{}"},"an5.48:3.7":{"pli":"‘assutavā puthujjano viddho savisena sokasallena attānaṃyeva paritāpeti’. ","eng":"an unlearned ordinary person struck by sorrow’s poisoned arrow, who only mortifies themselves. ","html":"{}</p>"},"an5.48:4.1":{"pli":"Sutavato ca kho, bhikkhave, ariyasāvakassa jarādhammaṃ jīrati. ","eng":"A learned noble disciple has someone liable to old age who grows old. ","html":"<p>{}"},"an5.48:4.2":{"pli":"So jarādhamme jiṇṇe iti paṭisañcikkhati: ","eng":"So they reflect on old age: ","html":"{}"},"an5.48:4.3":{"pli":"‘na kho mayhevekassa jarādhammaṃ jīrati, atha kho yāvatā sattānaṃ āgati gati cuti upapatti sabbesaṃ sattānaṃ jarādhammaṃ jīrati. ","eng":"‘It’s not just me who has someone liable to old age who grows old. For as long as sentient beings come and go, pass away and are reborn, they all have someone liable to old age who grows old. ","html":"{}"},"an5.48:4.4":{"pli":"Ahañceva kho pana jarādhamme jiṇṇe soceyyaṃ kilameyyaṃ parideveyyaṃ, urattāḷiṃ kandeyyaṃ, sammohaṃ āpajjeyyaṃ, bhattampi me nacchādeyya, kāyepi dubbaṇṇiyaṃ okkameyya, kammantāpi nappavatteyyuṃ, amittāpi attamanā assu, mittāpi dummanā assū’ti. ","eng":"If I were to sorrow and wail and lament, beating my breast and falling into confusion, just because someone liable to old age grows old, I’d lose my appetite and my physical appearance would deteriorate. My work wouldn’t get done, my enemies would be encouraged, and my friends would be dispirited.’ ","html":"{}"},"an5.48:4.5":{"pli":"So jarādhamme jiṇṇe na socati na kilamati na paridevati, na urattāḷiṃ kandati, na sammohaṃ āpajjati. ","eng":"And so, when someone liable to old age grows old, they don’t sorrow and wail and lament, beating their breast and falling into confusion. ","html":"{}"},"an5.48:4.6":{"pli":"Ayaṃ vuccati, bhikkhave: ","eng":"This is called ","html":"{}"},"an5.48:4.7":{"pli":"‘sutavā ariyasāvako abbuhi savisaṃ sokasallaṃ, yena viddho assutavā puthujjano attānaṃyeva paritāpeti. ","eng":"a learned noble disciple who has drawn out sorrow’s poisoned arrow, struck by which unlearned ordinary people only mortify themselves. ","html":"{}"},"an5.48:4.8":{"pli":"Asoko visallo ariyasāvako attānaṃyeva parinibbāpeti’. ","eng":"Sorrowless, free of thorns, that noble disciple only extinguishes themselves. ","html":"{}</p>"},"an5.48:5.1":{"pli":"Puna caparaṃ, bhikkhave, sutavato ariyasāvakassa byādhidhammaṃ byādhīyati …pe… maraṇadhammaṃ mīyati … khayadhammaṃ khīyati … nassanadhammaṃ nassati. ","eng":"Furthermore, a learned noble disciple has someone liable to sickness … death … ending … perishing. ","html":"<p>{}"},"an5.48:5.2":{"pli":"So nassanadhamme naṭṭhe iti paṭisañcikkhati: ","eng":"So they reflect on perishing: ","html":"{}"},"an5.48:5.3":{"pli":"‘na kho mayhevekassa nassanadhammaṃ nassati, atha kho yāvatā sattānaṃ āgati gati cuti upapatti sabbesaṃ sattānaṃ nassanadhammaṃ nassati. ","eng":"‘It’s not just me who has someone liable to perishing who perishes. For as long as sentient beings come and go, pass away and are reborn, they all have someone liable to perishing who perishes. ","html":"{}"},"an5.48:5.4":{"pli":"Ahañceva kho pana nassanadhamme naṭṭhe soceyyaṃ kilameyyaṃ parideveyyaṃ, urattāḷiṃ kandeyyaṃ, sammohaṃ āpajjeyyaṃ, bhattampi me nacchādeyya, kāyepi dubbaṇṇiyaṃ okkameyya, kammantāpi nappavatteyyuṃ, amittāpi attamanā assu, mittāpi dummanā assū’ti. ","eng":"If I were to sorrow and wail and lament, beating my breast and falling into confusion, just because someone liable to perishing perishes, I’d lose my appetite and my physical appearance would deteriorate. My work wouldn’t get done, my enemies would be encouraged, and my friends would be dispirited.’ ","html":"{}"},"an5.48:5.5":{"pli":"So nassanadhamme naṭṭhe na socati na kilamati na paridevati, na urattāḷiṃ kandati, na sammohaṃ āpajjati. ","eng":"And so, when someone liable to perishing perishes, they don’t sorrow and wail and lament, beating their breast and falling into confusion. ","html":"{}"},"an5.48:5.6":{"pli":"Ayaṃ vuccati, bhikkhave: ","eng":"This is called ","html":"{}"},"an5.48:5.7":{"pli":"‘sutavā ariyasāvako abbuhi savisaṃ sokasallaṃ, yena viddho assutavā puthujjano attānaṃyeva paritāpeti. ","eng":"a learned noble disciple who has drawn out sorrow’s poisoned arrow, struck by which unlearned ordinary people only mortify themselves. ","html":"{}"},"an5.48:5.8":{"pli":"Asoko visallo ariyasāvako attānaṃyeva parinibbāpetī’ti. ","eng":"Sorrowless, free of thorns, that noble disciple only extinguishes themselves. ","html":"{}</p>"},"an5.48:6.1":{"pli":"Imāni kho, bhikkhave, pañca alabbhanīyāni ṭhānāni samaṇena vā brāhmaṇena vā devena vā mārena vā brahmunā vā kenaci vā lokasminti. ","eng":"These are the five things that cannot be had by any ascetic or brahmin or god or Māra or divinity or by anyone in the world. ","html":"<p>{}</p>"},"an5.48:7.1":{"pli":"Na socanāya paridevanāya, ","eng":"Sorrowing and lamenting ","html":"<blockquote class='gatha'><p><span class='verse-line'>{}</span>"},"an5.48:7.2":{"pli":"Atthodha labbhā api appakopi; ","eng":"doesn’t do even a little bit of good. ","html":"<span class='verse-line'>{}</span>"},"an5.48:7.3":{"pli":"Socantamenaṃ dukhitaṃ viditvā, ","eng":"When they know that you’re sad, ","html":"<span class='verse-line'>{}</span>"},"an5.48:7.4":{"pli":"Paccatthikā attamanā bhavanti. ","eng":"your enemies are encouraged. ","html":"<span class='verse-line'>{}</span></p>"},"an5.48:8.1":{"pli":"Yato ca kho paṇḍito āpadāsu, ","eng":"When an astute person doesn’t waver <j>in the face of adversity, ","html":"<p><span class='verse-line'>{}</span>"},"an5.48:8.2":{"pli":"Na vedhatī atthavinicchayaññū; ","eng":"as they’re able to evaluate what’s beneficial, ","html":"<span class='verse-line'>{}</span>"},"an5.48:8.3":{"pli":"Paccatthikāssa dukhitā bhavanti, ","eng":"their enemies suffer, ","html":"<span class='verse-line'>{}</span>"},"an5.48:8.4":{"pli":"Disvā mukhaṃ avikāraṃ purāṇaṃ. ","eng":"seeing that their normal expression doesn’t change. ","html":"<span class='verse-line'>{}</span></p>"},"an5.48:9.1":{"pli":"Jappena mantena subhāsitena, ","eng":"Chants, recitations, fine sayings, ","html":"<p><span class='verse-line'>{}</span>"},"an5.48:9.2":{"pli":"Anuppadānena paveṇiyā vā; ","eng":"charity or traditions: ","html":"<span class='verse-line'>{}</span>"},"an5.48:9.3":{"pli":"Yathā yathā yattha labhetha atthaṃ, ","eng":"if by means of any such things you benefit, ","html":"<span class='verse-line'>{}</span>"},"an5.48:9.4":{"pli":"Tathā tathā tattha parakkameyya. ","eng":"then by all means keep doing them. ","html":"<span class='verse-line'>{}</span></p>"},"an5.48:10.1":{"pli":"Sace pajāneyya alabbhaneyyo, ","eng":"But if you understand that ‘this good thing ","html":"<p><span class='verse-line'>{}</span>"},"an5.48:10.2":{"pli":"Mayāva aññena vā esa attho; ","eng":"can’t be had by me or by anyone else’, ","html":"<span class='verse-line'>{}</span>"},"an5.48:10.3":{"pli":"Asocamāno adhivāsayeyya, ","eng":"you should accept it without sorrowing, thinking: ","html":"<span class='verse-line'>{}</span>"},"an5.48:10.4":{"pli":"Kammaṃ daḷhaṃ kinti karomi dānī”ti. ","eng":"‘The deed is powerful. What can I do now?’” ","html":"<span class='verse-line'>{}</span></p></blockquote>"},"an5.48:10.5":{"pli":"Aṭṭhamaṃ. ","html":"<p class='endsutta'>{}</p></article>"}},"an5.49":{"an5.49:0.1":{"pli":"Aṅguttara Nikāya 5.49 ","eng":"Numbered Discourses 5.49 ","html":"<article id='an5.49'><header><ul><li class='division'>{}</li>"},"an5.49:0.2":{"pli":"5. Muṇḍarājavagga ","eng":"5. With King Muṇḍa ","html":"<li>{}</li></ul>"},"an5.49:0.3":{"pli":"Kosalasutta ","eng":"The King of Kosala ","html":"<h1 class='sutta-title'>{}</h1></header>"},"an5.49:1.1":{"pli":"Ekaṃ samayaṃ bhagavā sāvatthiyaṃ viharati jetavane anāthapiṇḍikassa ārāme. ","eng":"At one time the Buddha was staying near Sāvatthī in Jeta’s Grove, Anāthapiṇḍika’s monastery. ","html":"<p>{}"},"an5.49:1.2":{"pli":"Atha kho rājā pasenadi kosalo yena bhagavā tenupasaṅkami; upasaṅkamitvā bhagavantaṃ abhivādetvā ekamantaṃ nisīdi. ","eng":"Then King Pasenadi of Kosala went up to the Buddha, bowed, and sat down to one side. ","html":"{}</p>"},"an5.49:2.1":{"pli":"Tena kho pana samayena mallikā devī kālaṅkatā hoti. ","html":"<p>{}"},"an5.49:2.2":{"pli":"Atha kho aññataro puriso yena rājā pasenadi kosalo tenupasaṅkami; upasaṅkamitvā rañño pasenadissa kosalassa upakaṇṇake āroceti: ","eng":"Then a man went up to the king and whispered in his ear, ","html":"{}"},"an5.49:2.3":{"pli":"“mallikā devī, deva, kālaṅkatā”ti. ","eng":"“Your Majesty, Queen Mallikā has passed away.” ","html":"{}</p>"},"an5.49:2.4":{"pli":"Evaṃ vutte, rājā pasenadi kosalo dukkhī dummano pattakkhandho adhomukho pajjhāyanto appaṭibhāno nisīdi. ","eng":"When this was said, King Pasenadi was miserable and sad. He sat with his shoulders drooping, downcast, depressed, with nothing to say. ","html":"<p>{}</p>"},"an5.49:3.1":{"pli":"Atha kho bhagavā rājānaṃ pasenadiṃ kosalaṃ dukkhiṃ dummanaṃ pattakkhandhaṃ adhomukhaṃ pajjhāyantaṃ appaṭibhānaṃ viditvā rājānaṃ pasenadiṃ kosalaṃ etadavoca: ","eng":"Knowing this, the Buddha said to him, ","html":"<p>{}"},"an5.49:3.2":{"pli":"“pañcimāni, mahārāja, alabbhanīyāni ṭhānāni samaṇena vā brāhmaṇena vā devena vā mārena vā brahmunā vā kenaci vā lokasmiṃ. ","eng":"“Great king, there are five things that cannot be had by any ascetic or brahmin or god or Māra or divinity or by anyone in the world. ","html":"{}"},"an5.49:3.3":{"pli":"Katamāni pañca? ","eng":"What five? ","html":"{}"},"an5.49:3.4":{"pli":"‘Jarādhammaṃ mā jīrī’ti alabbhanīyaṃ ṭhānaṃ …pe… na socanāya paridevanāya …pe… kammaṃ daḷhaṃ kinti karomi dānī”ti. ","eng":"That someone liable to old age should not grow old. … Sorrowing and lamenting doesn’t do even a little bit of good … ‘The deed is powerful. What can I do now?’” ","html":"{}</p>"},"an5.49:3.5":{"pli":"Navamaṃ. ","html":"<p class='endsutta'>{}</p></article>"}},"an5.5":{"an5.5:0.1":{"pli":"Aṅguttara Nikāya 5.5 ","eng":"Numbered Discourses 5.5 ","html":"<article id='an5.5'><header><ul><li class='division'>{}</li>"},"an5.5:0.2":{"pli":"1. Sekhabalavagga ","eng":"1. Powers of a Trainee ","html":"<li>{}</li></ul>"},"an5.5:0.3":{"pli":"Sikkhāsutta ","eng":"Disrobing ","html":"<h1 class='sutta-title'>{}</h1></header>"},"an5.5:1.1":{"pli":"“Yo hi koci, bhikkhave, bhikkhu vā bhikkhunī vā sikkhaṃ paccakkhāya hīnāyāvattati, tassa diṭṭheva dhamme pañca sahadhammikā vādānupātā gārayhā ṭhānā āgacchanti. ","eng":"“Mendicants, any monk or nun who disavows the training and returns to a lesser life deserves rebuttal and criticism on five legitimate grounds in this very life. ","html":"<p>{}"},"an5.5:1.2":{"pli":"Katame pañca? ","eng":"What five? ","html":"{}"},"an5.5:1.3":{"pli":"Saddhāpi nāma te nāhosi kusalesu dhammesu, hirīpi nāma te nāhosi kusalesu dhammesu, ottappampi nāma te nāhosi kusalesu dhammesu, vīriyampi nāma te nāhosi kusalesu dhammesu, paññāpi nāma te nāhosi kusalesu dhammesu. ","eng":"‘You had no faith, conscience, prudence, energy, or wisdom regarding skillful qualities.’ ","html":"{}"},"an5.5:1.4":{"pli":"Yo hi koci, bhikkhave, bhikkhu vā bhikkhunī vā sikkhaṃ paccakkhāya hīnāyāvattati, tassa diṭṭheva dhamme ime pañca sahadhammikā vādānupātā gārayhā ṭhānā āgacchanti. ","eng":"Any monk or nun who disavows the training and returns to a lesser life deserves rebuttal and criticism on these five legitimate grounds in this very life. ","html":"{}</p>"},"an5.5:2.1":{"pli":"Yo hi koci, bhikkhave, bhikkhu vā bhikkhunī vā sahāpi dukkhena sahāpi domanassena assumukho rudamāno paripuṇṇaṃ parisuddhaṃ brahmacariyaṃ carati, tassa diṭṭheva dhamme pañca sahadhammikā pāsaṃsā ṭhānā āgacchanti. ","eng":"Any monk or nun who lives the full and pure spiritual life in pain and sadness, weeping, with tearful face, deserves praise on five legitimate grounds in this very life. ","html":"<p>{}"},"an5.5:2.2":{"pli":"Katame pañca? ","eng":"What five? ","html":"{}"},"an5.5:2.3":{"pli":"Saddhāpi nāma te ahosi kusalesu dhammesu, hirīpi nāma te ahosi kusalesu dhammesu, ottappampi nāma te ahosi kusalesu dhammesu, vīriyampi nāma te ahosi kusalesu dhammesu, paññāpi nāma te ahosi kusalesu dhammesu. ","eng":"‘You had faith, conscience, prudence, energy, and wisdom regarding skillful qualities.’ ","html":"{}"},"an5.5:2.4":{"pli":"Yo hi koci, bhikkhave, bhikkhu vā bhikkhunī vā sahāpi dukkhena sahāpi domanassena assumukho rudamāno paripuṇṇaṃ parisuddhaṃ brahmacariyaṃ carati, tassa diṭṭheva dhamme ime pañca sahadhammikā pāsaṃsā ṭhānā āgacchantī”ti. ","eng":"Any monk or nun who lives the full and pure spiritual life in pain and sadness, weeping, with tearful face, deserves praise on these five legitimate grounds in this very life.” ","html":"{}</p>"},"an5.5:2.5":{"pli":"Pañcamaṃ. ","html":"<p class='endsutta'>{}</p></article>"}},"an5.50":{"an5.50:0.1":{"pli":"Aṅguttara Nikāya 5.50 ","eng":"Numbered Discourses 5.50 ","html":"<article id='an5.50'><header><ul><li class='division'>{}</li>"},"an5.50:0.2":{"pli":"5. Muṇḍarājavagga ","eng":"5. With King Muṇḍa ","html":"<li>{}</li></ul>"},"an5.50:0.3":{"pli":"Nāradasutta ","eng":"With Nārada ","html":"<h1 class='sutta-title'>{}</h1></header>"},"an5.50:1.1":{"pli":"Ekaṃ samayaṃ āyasmā nārado pāṭaliputte viharati kukkuṭārāme. ","eng":"At one time Venerable Nārada was staying near Pāṭaliputta, in the Chicken Monastery. ","html":"<p>{}</p>"},"an5.50:1.2":{"pli":"Tena kho pana samayena muṇḍassa rañño bhaddā devī kālaṅkatā hoti piyā manāpā. ","eng":"Now at that time King Muṇḍa’s dear and beloved Queen Bhaddā had just passed away. ","html":"<p>{}"},"an5.50:1.3":{"pli":"So bhaddāya deviyā kālaṅkatāya piyāya manāpāya neva nhāyati na vilimpati na bhattaṃ bhuñjati na kammantaṃ payojeti—","eng":"And since that time, the king did not bathe, anoint himself, eat his meals, or apply himself to his work. ","html":"{}"},"an5.50:1.4":{"pli":"rattindivaṃ bhaddāya deviyā sarīre ajjhomucchito. ","eng":"Day and night he brooded over Queen Bhaddā’s corpse. ","html":"{}</p>"},"an5.50:1.5":{"pli":"Atha kho muṇḍo rājā piyakaṃ kosārakkhaṃ āmantesi: ","eng":"Then King Muṇḍa addressed Piyaka, the keeper of the treasury, ","html":"<p>{}</p>"},"an5.50:1.6":{"pli":"“tena hi, samma piyaka, bhaddāya deviyā sarīraṃ āyasāya teladoṇiyā pakkhipitvā aññissā āyasāya doṇiyā paṭikujjatha, yathā mayaṃ bhaddāya deviyā sarīraṃ cirataraṃ passeyyāmā”ti. ","eng":"“So, my good Piyaka, please place Queen Bhaddā’s corpse in an iron casket filled with oil. Then close it up with another casket, so that we can view Queen Bhaddā’s body even longer.” ","html":"<p>{}</p>"},"an5.50:1.7":{"pli":"“Evaṃ, devā”ti kho piyako kosārakkho muṇḍassa rañño paṭissutvā bhaddāya deviyā sarīraṃ āyasāya teladoṇiyā pakkhipitvā aññissā āyasāya doṇiyā paṭikujji. ","eng":"“Yes, Your Majesty,” replied Piyaka, and he did as the king instructed. ","html":"<p>{}</p>"},"an5.50:2.1":{"pli":"Atha kho piyakassa kosārakkhassa etadahosi: ","eng":"Then it occurred to Piyaka, ","html":"<p>{}"},"an5.50:2.2":{"pli":"“imassa kho muṇḍassa rañño bhaddā devī kālaṅkatā piyā manāpā. ","eng":"“King Muṇḍa’s dear and beloved Queen Bhaddā has passed away. ","html":"{}"},"an5.50:2.3":{"pli":"So bhaddāya deviyā kālaṅkatāya piyāya manāpāya neva nhāyati na vilimpati na bhattaṃ bhuñjati na kammantaṃ payojeti—","eng":"Since then the king does not bathe, anoint himself, eat his meals, or apply himself to his work. ","html":"{}"},"an5.50:2.4":{"pli":"rattindivaṃ bhaddāya deviyā sarīre ajjhomucchito. ","eng":"Day and night he broods over Queen Bhaddā’s corpse. ","html":"{}"},"an5.50:2.5":{"pli":"Kaṃ nu kho muṇḍo rājā samaṇaṃ vā brāhmaṇaṃ vā payirupāseyya, yassa dhammaṃ sutvā sokasallaṃ pajaheyyā”ti. ","eng":"Now, what ascetic or brahmin might the king pay homage to, whose teaching could help the king give up sorrow’s arrow?” ","html":"{}</p>"},"an5.50:3.1":{"pli":"Atha kho piyakassa kosārakkhassa etadahosi: ","eng":"Then it occurred to Piyaka, ","html":"<p>{}"},"an5.50:3.2":{"pli":"“ayaṃ kho āyasmā nārado pāṭaliputte viharati kukkuṭārāme. ","eng":"“This Venerable Nārada is staying in the Chicken Monastery at Pāṭaliputta. ","html":"{}"},"an5.50:3.3":{"pli":"Taṃ kho panāyasmantaṃ nāradaṃ evaṃ kalyāṇo kittisaddo abbhuggato: ","eng":"He has this good reputation: ","html":"{}"},"an5.50:3.4":{"pli":"‘paṇḍito viyatto medhāvī bahussuto cittakathī kalyāṇapaṭibhāno vuddho ceva arahā ca’. ","eng":"‘He is astute, competent, intelligent, learned, a brilliant speaker, eloquent, mature, a perfected one.’ ","html":"{}"},"an5.50:3.5":{"pli":"Yannūna muṇḍo rājā āyasmantaṃ nāradaṃ payirupāseyya, appeva nāma muṇḍo rājā āyasmato nāradassa dhammaṃ sutvā sokasallaṃ pajaheyyā”ti. ","eng":"What if King Muṇḍa was to pay homage to Venerable Nārada? Hopefully when he hears Nārada’s teaching, the king could give up sorrow’s arrow.” ","html":"{}</p>"},"an5.50:4.1":{"pli":"Atha kho piyako kosārakkho yena muṇḍo rājā tenupasaṅkami; upasaṅkamitvā muṇḍaṃ rājānaṃ etadavoca: ","eng":"Then Piyaka went to the king and said to him, ","html":"<p>{}"},"an5.50:4.2":{"pli":"“ayaṃ kho, deva, āyasmā nārado pāṭaliputte viharati kukkuṭārāme. ","eng":"“Sire, this Venerable Nārada is staying in the Chicken Monastery at Pāṭaliputta. ","html":"{}"},"an5.50:4.3":{"pli":"Taṃ kho panāyasmantaṃ nāradaṃ evaṃ kalyāṇo kittisaddo abbhuggato: ","eng":"He has this good reputation: ","html":"{}"},"an5.50:4.4":{"pli":"‘paṇḍito viyatto medhāvī bahussuto cittakathī kalyāṇapaṭibhāno vuddho ceva arahā ca’. ","eng":"‘He is astute, competent, intelligent, learned, a brilliant speaker, eloquent, mature, a perfected one.’ ","html":"{}"},"an5.50:4.5":{"pli":"Yadi pana devo āyasmantaṃ nāradaṃ payirupāseyya, appeva nāma devo āyasmato nāradassa dhammaṃ sutvā sokasallaṃ pajaheyyā”ti. ","eng":"What if Your Majesty was to pay homage to Venerable Nārada? Hopefully when you hear Nārada’s teaching, you could give up sorrow’s arrow.” ","html":"{}</p>"},"an5.50:4.6":{"pli":"“Tena hi, samma piyaka, āyasmantaṃ nāradaṃ paṭivedehi. ","eng":"“Well then, my good Piyaka, let Nārada know. ","html":"<p>{}"},"an5.50:4.7":{"pli":"Kathañhi nāma mādiso samaṇaṃ vā brāhmaṇaṃ vā vijite vasantaṃ pubbe appaṭisaṃvidito upasaṅkamitabbaṃ maññeyyā”ti. ","eng":"For how on earth could one such as I presume to visit an ascetic or brahmin in my realm without letting them know beforehand?” ","html":"{}</p>"},"an5.50:4.8":{"pli":"“Evaṃ, devā”ti kho piyako kosārakkho muṇḍassa rañño paṭissutvā yenāyasmā nārado tenupasaṅkami; upasaṅkamitvā āyasmantaṃ nāradaṃ abhivādetvā ekamantaṃ nisīdi. Ekamantaṃ nisinno kho piyako kosārakkho āyasmantaṃ nāradaṃ etadavoca: ","eng":"“Yes, Your Majesty,” replied Piyaka. He went to Nārada, bowed, sat down to one side, and said to him, ","html":"<p>{}"},"an5.50:5.1":{"pli":"“Imassa, bhante, muṇḍassa rañño bhaddā devī kālaṅkatā piyā manāpā. ","eng":"“Sir, King Muṇḍa’s dear and beloved Queen Bhaddā has passed away. ","html":"{}"},"an5.50:5.2":{"pli":"So bhaddāya deviyā kālaṅkatāya piyāya manāpāya neva nhāyati na vilimpati na bhattaṃ bhuñjati na kammantaṃ payojeti—","eng":"And since she passed away, the king has not bathed, anointed himself, eaten his meals, or got his business done. ","html":"{}"},"an5.50:5.3":{"pli":"rattindivaṃ bhaddāya deviyā sarīre ajjhomucchito. ","eng":"Day and night he broods over Queen Bhaddā’s corpse. ","html":"{}"},"an5.50:5.4":{"pli":"Sādhu, bhante, āyasmā nārado muṇḍassa rañño tathā dhammaṃ desetu yathā muṇḍo rājā āyasmato nāradassa dhammaṃ sutvā sokasallaṃ pajaheyyā”ti. ","eng":"Sir, please teach the king so that, when he hears your teaching, he can give up sorrow’s arrow.” ","html":"{}</p>"},"an5.50:5.5":{"pli":"“Yassadāni, piyaka, muṇḍo rājā kālaṃ maññatī”ti. ","eng":"“Please, Piyaka, let the king come when he likes.” ","html":"<p>{}</p>"},"an5.50:6.1":{"pli":"Atha kho piyako kosārakkho uṭṭhāyāsanā āyasmantaṃ nāradaṃ abhivādetvā padakkhiṇaṃ katvā yena muṇḍo rājā tenupasaṅkami; upasaṅkamitvā muṇḍaṃ rājānaṃ etadavoca: ","eng":"Then Piyaka got up from his seat, bowed, and respectfully circled Venerable Nārada, keeping him on his right, before going to the king and saying, ","html":"<p>{}"},"an5.50:6.2":{"pli":"“katāvakāso kho, deva, āyasmatā nāradena. ","eng":"“Sire, the request for an audience with Venerable Nārada has been granted. ","html":"{}"},"an5.50:6.3":{"pli":"Yassadāni devo kālaṃ maññatī”ti. ","eng":"Please, Your Majesty, go at your convenience.” ","html":"{}</p>"},"an5.50:6.4":{"pli":"“Tena hi, samma piyaka, bhadrāni bhadrāni yānāni yojāpehī”ti. ","eng":"“Well then, my good Piyaka, harness the finest chariots.” ","html":"<p>{}</p>"},"an5.50:6.5":{"pli":"“Evaṃ, devā”ti kho piyako kosārakkho muṇḍassa rañño paṭissutvā bhadrāni bhadrāni yānāni yojāpetvā muṇḍaṃ rājānaṃ etadavoca: ","eng":"“Yes, Your Majesty,” replied Piyaka. He did so, then told the king: ","html":"<p>{}</p>"},"an5.50:6.6":{"pli":"“yuttāni kho te, deva, bhadrāni bhadrāni yānāni. ","eng":"“Sire, the finest chariots are harnessed. ","html":"<p>{}"},"an5.50:6.7":{"pli":"Yassadāni devo kālaṃ maññatī”ti. ","eng":"Please, Your Majesty, go at your convenience.” ","html":"{}</p>"},"an5.50:7.1":{"pli":"Atha kho muṇḍo rājā bhadraṃ yānaṃ abhiruhitvā bhadrehi bhadrehi yānehi yena kukkuṭārāmo tena pāyāsi mahaccā rājānubhāvena āyasmantaṃ nāradaṃ dassanāya. ","eng":"Then King Muṇḍa mounted a fine carriage and, along with other fine carriages, set out in full royal pomp to see Venerable Nārada at the Chicken Monastery. ","html":"<p>{}"},"an5.50:7.2":{"pli":"Yāvatikā yānassa bhūmi yānena gantvā, yānā paccorohitvā pattikova ārāmaṃ pāvisi. ","eng":"He went by carriage as far as the terrain allowed, then descended and entered the monastery on foot. ","html":"{}"},"an5.50:7.3":{"pli":"Atha kho muṇḍo rājā yena āyasmā nārado tenupasaṅkami; upasaṅkamitvā āyasmantaṃ nāradaṃ abhivādetvā ekamantaṃ nisīdi. Ekamantaṃ nisinnaṃ kho muṇḍaṃ rājānaṃ āyasmā nārado etadavoca: ","eng":"Then the king went up to Nārada, bowed, and sat down to one side. Then Nārada said to him: ","html":"{}</p>"},"an5.50:8.1":{"pli":"“Pañcimāni, mahārāja, alabbhanīyāni ṭhānāni samaṇena vā brāhmaṇena vā devena vā mārena vā brahmunā vā kenaci vā lokasmiṃ. ","eng":"“Great king, there are five things that cannot be had by any ascetic or brahmin or god or Māra or divinity or by anyone in the world. ","html":"<p>{}"},"an5.50:8.2":{"pli":"Katamāni pañca? ","eng":"What five? ","html":"{}"},"an5.50:8.3":{"pli":"‘Jarādhammaṃ mā jīrī’ti alabbhanīyaṃ ṭhānaṃ samaṇena vā brāhmaṇena vā devena vā mārena vā brahmunā vā kenaci vā lokasmiṃ. ","eng":"That someone liable to old age should not grow old. … ","html":"{}"},"an5.50:8.4":{"pli":"‘Byādhidhammaṃ mā byādhīyī’ti …pe… ‘maraṇadhammaṃ mā mīyī’ti … ‘khayadhammaṃ mā khīyī’ti … ‘nassanadhammaṃ mā nassī’ti alabbhanīyaṃ ṭhānaṃ samaṇena vā brāhmaṇena vā devena vā mārena vā brahmunā vā kenaci vā lokasmiṃ. ","eng":"That someone liable to sickness should not get sick. … That someone liable to death should not die. … That someone liable to ending should not end. … That someone liable to perishing should not perish. … ","html":"{}</p>"},"an5.50:9.1":{"pli":"Assutavato, mahārāja, puthujjanassa jarādhammaṃ jīrati. ","eng":"An unlearned ordinary person has someone liable to old age who grows old. ","html":"<p>{}"},"an5.50:9.2":{"pli":"So jarādhamme jiṇṇe na iti paṭisañcikkhati: ","eng":"But they don’t reflect on old age: ","html":"{}"},"an5.50:9.3":{"pli":"‘na kho mayhevekassa jarādhammaṃ jīrati, atha kho yāvatā sattānaṃ āgati gati cuti upapatti sabbesaṃ sattānaṃ jarādhammaṃ jīrati. ","eng":"‘It’s not just me who has someone liable to old age who grows old. For all sentient beings have someone liable to old age who grows old, as long as sentient beings come and go, pass away and are reborn. ","html":"{}"},"an5.50:9.4":{"pli":"Ahañceva kho pana jarādhamme jiṇṇe soceyyaṃ kilameyyaṃ parideveyyaṃ, urattāḷiṃ kandeyyaṃ, sammohaṃ āpajjeyyaṃ, bhattampi me nacchādeyya, kāyepi dubbaṇṇiyaṃ okkameyya, kammantāpi nappavatteyyuṃ, amittāpi attamanā assu, mittāpi dummanā assū’ti. ","eng":"If I were to sorrow and wail and lament, beating my breast and falling into confusion, just because someone liable to old age grows old, I’d lose my appetite and my physical appearance would deteriorate. My work wouldn’t get done, my enemies would be encouraged, and my friends would be dispirited.’ ","html":"{}"},"an5.50:9.5":{"pli":"So jarādhamme jiṇṇe socati kilamati paridevati, urattāḷiṃ kandati, sammohaṃ āpajjati. ","eng":"And so, when someone liable to old age grows old, they sorrow and wail and lament, beating their breast and falling into confusion. ","html":"{}"},"an5.50:9.6":{"pli":"Ayaṃ vuccati, mahārāja: ","eng":"This is called ","html":"{}"},"an5.50:9.7":{"pli":"‘assutavā puthujjano viddho savisena sokasallena attānaṃyeva paritāpeti’. ","eng":"an unlearned ordinary person struck by sorrow’s poisoned arrow, who only mortifies themselves. ","html":"{}</p>"},"an5.50:10.1":{"pli":"Puna caparaṃ, mahārāja, assutavato puthujjanassa byādhidhammaṃ byādhīyati …pe… maraṇadhammaṃ mīyati … khayadhammaṃ khīyati … nassanadhammaṃ nassati. ","eng":"Furthermore, an unlearned ordinary person has someone liable to sickness … death … ending … perishing. ","html":"<p>{}"},"an5.50:10.2":{"pli":"So nassanadhamme naṭṭhe na iti paṭisañcikkhati: ","eng":"But they don’t reflect on perishing: ","html":"{}"},"an5.50:10.3":{"pli":"‘na kho mayhevekassa nassanadhammaṃ nassati, atha kho yāvatā sattānaṃ āgati gati cuti upapatti sabbesaṃ sattānaṃ nassanadhammaṃ nassati. ","eng":"‘It’s not just me who has someone liable to perishing who perishes. For all sentient beings have someone liable to perishing who perishes, as long as sentient beings come and go, pass away and are reborn. ","html":"{}"},"an5.50:10.4":{"pli":"Ahañceva kho pana nassanadhamme naṭṭhe soceyyaṃ kilameyyaṃ parideveyyaṃ, urattāḷiṃ kandeyyaṃ, sammohaṃ āpajjeyyaṃ, bhattampi me nacchādeyya, kāyepi dubbaṇṇiyaṃ okkameyya, kammantāpi nappavatteyyuṃ, amittāpi attamanā assu, mittāpi dummanā assū’ti. ","eng":"If I were to sorrow and wail and lament, beating my breast and falling into confusion, just because someone liable to perishing perishes, I’d lose my appetite and my physical appearance would deteriorate. My work wouldn’t get done, my enemies would be encouraged, and my friends would be dispirited.’ ","html":"{}"},"an5.50:10.5":{"pli":"So nassanadhamme naṭṭhe socati kilamati paridevati, urattāḷiṃ kandati, sammohaṃ āpajjati. ","eng":"And so, when someone liable to perishing perishes, they sorrow and wail and lament, beating their breast and falling into confusion. ","html":"{}"},"an5.50:10.6":{"pli":"Ayaṃ vuccati, mahārāja: ","eng":"This is called ","html":"{}"},"an5.50:10.7":{"pli":"‘assutavā puthujjano viddho savisena sokasallena attānaṃyeva paritāpeti’. ","eng":"an unlearned ordinary person struck by sorrow’s poisoned arrow, who only mortifies themselves. ","html":"{}</p>"},"an5.50:11.1":{"pli":"Sutavato ca kho, mahārāja, ariyasāvakassa jarādhammaṃ jīrati. ","eng":"A learned noble disciple has someone liable to old age who grows old. ","html":"<p>{}"},"an5.50:11.2":{"pli":"So jarādhamme jiṇṇe iti paṭisañcikkhati: ","eng":"So they reflect on old age: ","html":"{}"},"an5.50:11.3":{"pli":"‘na kho mayhevekassa jarādhammaṃ jīrati, atha kho yāvatā sattānaṃ āgati gati cuti upapatti sabbesaṃ sattānaṃ jarādhammaṃ jīrati. ","eng":"‘It’s not just me who has someone liable to old age who grows old. For all sentient beings have someone liable to old age who grows old, as long as sentient beings come and go, pass away and are reborn. ","html":"{}"},"an5.50:11.4":{"pli":"Ahañceva kho pana jarādhamme jiṇṇe soceyyaṃ kilameyyaṃ parideveyyaṃ, urattāḷiṃ kandeyyaṃ, sammohaṃ āpajjeyyaṃ, bhattampi me nacchādeyya, kāyepi dubbaṇṇiyaṃ okkameyya, kammantāpi nappavatteyyuṃ, amittāpi attamanā assu, mittāpi dummanā assū’ti. ","eng":"If I were to sorrow and wail and lament, beating my breast and falling into confusion, just because someone liable to old age grows old, I’d lose my appetite and my physical appearance would deteriorate. My work wouldn’t get done, my enemies would be encouraged, and my friends would be dispirited.’ ","html":"{}"},"an5.50:11.5":{"pli":"So jarādhamme jiṇṇe na socati na kilamati na paridevati, na urattāḷiṃ kandati, na sammohaṃ āpajjati. ","eng":"And so, when someone liable to old age grows old, they don’t sorrow and wail and lament, beating their breast and falling into confusion. ","html":"{}"},"an5.50:11.6":{"pli":"Ayaṃ vuccati, mahārāja: ","eng":"This is called ","html":"{}"},"an5.50:11.7":{"pli":"‘sutavā ariyasāvako abbuhi savisaṃ sokasallaṃ, yena viddho assutavā puthujjano attānaṃyeva paritāpeti. ","eng":"a learned noble disciple who has drawn out sorrow’s poisoned arrow, struck by which unlearned ordinary people only mortify themselves. ","html":"{}"},"an5.50:11.8":{"pli":"Asoko visallo ariyasāvako attānaṃyeva parinibbāpeti’. ","eng":"Sorrowless, free of thorns, that noble disciple only extinguishes themselves. ","html":"{}</p>"},"an5.50:12.1":{"pli":"Puna caparaṃ, mahārāja, sutavato ariyasāvakassa byādhidhammaṃ byādhīyati …pe… maraṇadhammaṃ mīyati … khayadhammaṃ khīyati … nassanadhammaṃ nassati. ","eng":"Furthermore, a learned noble disciple has someone liable to sickness … death … ending … perishing. ","html":"<p>{}"},"an5.50:12.2":{"pli":"So nassanadhamme naṭṭhe iti paṭisañcikkhati: ","eng":"So they reflect on perishing: ","html":"{}"},"an5.50:12.3":{"pli":"‘na kho mayhevekassa nassanadhammaṃ nassati, atha kho yāvatā sattānaṃ āgati gati cuti upapatti sabbesaṃ sattānaṃ nassanadhammaṃ nassati. ","eng":"‘It’s not just me who has someone liable to perishing who perishes. For all sentient beings have someone liable to perishing who perishes, as long as sentient beings come and go, pass away and are reborn. ","html":"{}"},"an5.50:12.4":{"pli":"Ahañceva kho pana nassanadhamme naṭṭhe soceyyaṃ kilameyyaṃ parideveyyaṃ, urattāḷiṃ kandeyyaṃ, sammohaṃ āpajjeyyaṃ, bhattampi me nacchādeyya, kāyepi dubbaṇṇiyaṃ okkameyya, kammantāpi nappavatteyyuṃ, amittāpi attamanā assu, mittāpi dummanā assū’ti. ","eng":"If I were to sorrow and wail and lament, beating my breast and falling into confusion, just because someone liable to perishing perishes, I’d lose my appetite and my physical appearance would deteriorate. My work wouldn’t get done, my enemies would be encouraged, and my friends would be dispirited.’ ","html":"{}"},"an5.50:12.5":{"pli":"So nassanadhamme naṭṭhe na socati na kilamati na paridevati, na urattāḷiṃ kandati, na sammohaṃ āpajjati. ","eng":"And so, when someone liable to perishing perishes, they don’t sorrow and wail and lament, beating their breast and falling into confusion. ","html":"{}"},"an5.50:12.6":{"pli":"Ayaṃ vuccati, mahārāja: ","eng":"This is called ","html":"{}"},"an5.50:12.7":{"pli":"‘sutavā ariyasāvako abbuhi savisaṃ sokasallaṃ, yena viddho assutavā puthujjano attānaṃyeva paritāpeti. ","eng":"a learned noble disciple who has drawn out sorrow’s poisoned arrow, struck by which unlearned ordinary people only mortify themselves. ","html":"{}"},"an5.50:12.8":{"pli":"Asoko visallo ariyasāvako attānaṃyeva parinibbāpeti’. ","eng":"Sorrowless, free of thorns, that noble disciple only extinguishes themselves. ","html":"{}</p>"},"an5.50:13.1":{"pli":"Imāni kho, mahārāja, pañca alabbhanīyāni ṭhānāni samaṇena vā brāhmaṇena vā devena vā mārena vā brahmunā vā kenaci vā lokasminti. ","eng":"These are the five things that cannot be had by any ascetic or brahmin or god or Māra or divinity or by anyone in the world. ","html":"<p>{}</p>"},"an5.50:14.1":{"pli":"Na socanāya paridevanāya, ","eng":"Sorrowing and lamenting ","html":"<blockquote class='gatha'><p><span class='verse-line'>{}</span>"},"an5.50:14.2":{"pli":"Atthodha labbhā api appakopi; ","eng":"doesn’t do even a little bit of good. ","html":"<span class='verse-line'>{}</span>"},"an5.50:14.3":{"pli":"Socantamenaṃ dukhitaṃ viditvā, ","eng":"When they know that you’re sad, ","html":"<span class='verse-line'>{}</span>"},"an5.50:14.4":{"pli":"Paccatthikā attamanā bhavanti. ","eng":"your enemies are encouraged. ","html":"<span class='verse-line'>{}</span></p>"},"an5.50:15.1":{"pli":"Yato ca kho paṇḍito āpadāsu, ","eng":"When an astute person doesn’t waver <j>in the face of adversity, ","html":"<p><span class='verse-line'>{}</span>"},"an5.50:15.2":{"pli":"Na vedhatī atthavinicchayaññū; ","eng":"as they’re able to evaluate what’s beneficial, ","html":"<span class='verse-line'>{}</span>"},"an5.50:15.3":{"pli":"Paccatthikāssa dukhitā bhavanti, ","eng":"their enemies suffer, ","html":"<span class='verse-line'>{}</span>"},"an5.50:15.4":{"pli":"Disvā mukhaṃ avikāraṃ purāṇaṃ. ","eng":"seeing that their normal expression doesn’t change. ","html":"<span class='verse-line'>{}</span></p>"},"an5.50:16.1":{"pli":"Jappena mantena subhāsitena, ","eng":"Chants, recitations, fine sayings, ","html":"<p><span class='verse-line'>{}</span>"},"an5.50:16.2":{"pli":"Anuppadānena paveṇiyā vā; ","eng":"charity or traditions: ","html":"<span class='verse-line'>{}</span>"},"an5.50:16.3":{"pli":"Yathā yathā yattha labhetha atthaṃ, ","eng":"if by means of any such things you benefit, ","html":"<span class='verse-line'>{}</span>"},"an5.50:16.4":{"pli":"Tathā tathā tattha parakkameyya. ","eng":"then by all means keep doing them. ","html":"<span class='verse-line'>{}</span></p>"},"an5.50:17.1":{"pli":"Sace pajāneyya alabbhaneyyo, ","eng":"But if you understand that ‘this good thing ","html":"<p><span class='verse-line'>{}</span>"},"an5.50:17.2":{"pli":"Mayāva aññena vā esa attho; ","eng":"can’t be had by me or by anyone else’, ","html":"<span class='verse-line'>{}</span>"},"an5.50:17.3":{"pli":"Asocamāno adhivāsayeyya, ","eng":"you should accept it without sorrowing, thinking: ","html":"<span class='verse-line'>{}</span>"},"an5.50:17.4":{"pli":"Kammaṃ daḷhaṃ kinti karomi dānī”ti. ","eng":"‘The deed is powerful. What can I do now?’” ","html":"<span class='verse-line'>{}</span></p></blockquote>"},"an5.50:18.1":{"pli":"Evaṃ vutte, muṇḍo rājā āyasmantaṃ nāradaṃ etadavoca: ","eng":"When he said this, King Muṇḍa said to Venerable Nārada, ","html":"<p>{}"},"an5.50:18.2":{"pli":"“ko nāmo ayaṃ, bhante, dhammapariyāyo”ti? ","eng":"“Sir, what is the name of this exposition of the teaching?” ","html":"{}</p>"},"an5.50:18.3":{"pli":"“Sokasallaharaṇo nāma ayaṃ, mahārāja, dhammapariyāyo”ti. ","eng":"“Great king, this exposition of the teaching is named ‘Pulling Out Sorrow’s Arrow’.” ","html":"<p>{}</p>"},"an5.50:18.4":{"pli":"“Taggha, bhante, sokasallaharaṇo. ","eng":"“Indeed, sir, this is the pulling out of sorrow’s arrow! ","html":"<p>{}"},"an5.50:18.5":{"pli":"Imañhi me, bhante, dhammapariyāyaṃ sutvā sokasallaṃ pahīnan”ti. ","eng":"Hearing this exposition of the teaching, I’ve given up sorrow’s arrow.” ","html":"{}</p>"},"an5.50:19.1":{"pli":"Atha kho muṇḍo rājā piyakaṃ kosārakkhaṃ āmantesi: ","eng":"Then King Muṇḍa addressed Piyaka, the keeper of the treasury, ","html":"<p>{}"},"an5.50:19.2":{"pli":"“tena hi, samma piyaka, bhaddāya deviyā sarīraṃ jhāpetha; thūpañcassā karotha. ","eng":"“Well then, my good Piyaka, cremate Queen Bhaddā’s corpse and build a monument. ","html":"{}"},"an5.50:19.3":{"pli":"Ajjatagge dāni mayaṃ nhāyissāma ceva vilimpissāma bhattañca bhuñjissāma kammante ca payojessāmā”ti. ","eng":"From this day forth, I will bathe, anoint myself, eat my meals, and apply myself to my work.” ","html":"{}</p>"},"an5.50:19.4":{"pli":"Dasamaṃ. ","html":"<p class='endsutta'>{}</p>"},"an5.50:19.5":{"pli":"Muṇḍarājavaggo pañcamo. ","html":"<p class='endvagga'>{}</p>"},"an5.50:20.0":{"pli":"Tassuddānaṃ ","html":"<p class='uddana-intro'>{}</p>"},"an5.50:20.1":{"pli":"Ādiyo sappuriso iṭṭhā, ","html":"<blockquote class='uddanagatha'><p><span class='verse-line'>{}</span>"},"an5.50:20.2":{"pli":"manāpadāyībhisandaṃ; ","html":"<span class='verse-line'>{}</span>"},"an5.50:20.3":{"pli":"Sampadā ca dhanaṃ ṭhānaṃ, ","html":"<span class='verse-line'>{}</span>"},"an5.50:20.4":{"pli":"kosalo nāradena cāti. ","html":"<span class='verse-line'>{}</span></p></blockquote>"},"an5.50:20.5":{"pli":"Paṭhamo paṇṇāsako samatto. ","html":"<p class='endbook'>{}</p></article>"}}}