{"an5.134":{"an5.134:0.1":{"pli":"Aṅguttara Nikāya 5.134 ","eng":"Numbered Discourses 5.134 ","html":"<article id='an5.134'><header><ul><li class='division'>{}</li>"},"an5.134:0.2":{"pli":"14. Rājavagga ","eng":"14. Kings ","html":"<li>{}</li></ul>"},"an5.134:0.3":{"pli":"Yassaṃdisaṃsutta ","eng":"In Whatever Region ","html":"<h1 class='sutta-title'>{}</h1></header>"},"an5.134:1.1":{"pli":"“Pañcahi, bhikkhave, aṅgehi samannāgato rājā khattiyo muddhāvasitto yassaṃ yassaṃ disāyaṃ viharati, sakasmiṃyeva vijite viharati. ","eng":"“Mendicants, with five factors an anointed aristocratic king lives in his own realm, no matter what region he lives in. ","html":"<p>{}</p>"},"an5.134:2.1":{"pli":"Katamehi pañcahi? ","eng":"What five? ","html":"<p>{}</p>"},"an5.134:2.2":{"pli":"Idha, bhikkhave, rājā khattiyo muddhāvasitto ubhato sujāto hoti mātito ca pitito ca, saṃsuddhagahaṇiko, yāva sattamā pitāmahayugā akkhitto anupakkuṭṭho jātivādena; ","eng":"An anointed aristocratic king is well born on both his mother’s and father’s side, of pure descent, with irrefutable and impeccable genealogy back to the seventh paternal generation. ","html":"<p>{}</p>"},"an5.134:2.3":{"pli":"aḍḍho hoti mahaddhano mahābhogo paripuṇṇakosakoṭṭhāgāro; ","eng":"He is rich, affluent, and wealthy, with a full treasury and storehouses. ","html":"<p>{}</p>"},"an5.134:2.4":{"pli":"balavā kho pana hoti caturaṅginiyā senāya samannāgato assavāya ovādapaṭikarāya; ","eng":"He is powerful, having an army of four divisions that is obedient and carries out instructions. ","html":"<p>{}</p>"},"an5.134:2.5":{"pli":"pariṇāyako kho panassa hoti paṇḍito viyatto medhāvī paṭibalo atītānāgatapaccuppanne atthe cintetuṃ; ","eng":"He has a commander who is astute, competent, and intelligent, able to think issues through as they bear upon the past, future, and present. ","html":"<p>{}</p>"},"an5.134:2.6":{"pli":"tassime cattāro dhammā yasaṃ paripācenti. ","eng":"These four things bring his glory to fruition. ","html":"<p>{}</p>"},"an5.134:2.7":{"pli":"So iminā yasapañcamena dhammena samannāgato yassaṃ yassaṃ disāyaṃ viharati, sakasmiṃyeva vijite viharati. ","eng":"With these five qualities, including glory, an anointed aristocratic king lives in his own realm, no matter what direction he lives in. ","html":"<p>{}"},"an5.134:2.8":{"pli":"Taṃ kissa hetu? ","eng":"Why is that? ","html":"{}"},"an5.134:2.9":{"pli":"Evañhetaṃ, bhikkhave, hoti vijitāvīnaṃ. ","eng":"Because that is how it is for victors. ","html":"{}</p>"},"an5.134:3.1":{"pli":"Evamevaṃ kho, bhikkhave, pañcahi dhammehi samannāgato bhikkhu yassaṃ yassaṃ disāyaṃ viharati, vimuttacittova viharati. ","eng":"In the same way, a mendicant with five qualities lives with mind freed, no matter what region they live in. ","html":"<p>{}"},"an5.134:3.2":{"pli":"Katamehi pañcahi? ","eng":"What five? ","html":"{}</p>"},"an5.134:3.3":{"pli":"Idha, bhikkhave, bhikkhu sīlavā hoti, pātimokkhasaṃvarasaṃvuto viharati ācāragocarasampanno aṇumattesu vajjesu bhayadassāvī, samādāya sikkhati sikkhāpadesu—","eng":"It’s when mendicant is ethical, restrained in the monastic code, conducting themselves well and resorting for alms in suitable places. Seeing danger in the slightest fault, they keep the rules they’ve undertaken. ","html":"<p>{}"},"an5.134:3.4":{"pli":"rājāva khattiyo muddhāvasitto jātisampanno; ","eng":"This is like the anointed aristocratic king’s impeccable birth. ","html":"{}</p>"},"an5.134:3.5":{"pli":"bahussuto hoti sutadharo sutasannicayo, ye te dhammā ādikalyāṇā majjhekalyāṇā pariyosānakalyāṇā sātthaṃ sabyañjanaṃ kevalaparipuṇṇaṃ parisuddhaṃ brahmacariyaṃ abhivadanti, tathārūpāssa dhammā bahussutā honti dhātā vacasā paricitā manasānupekkhitā diṭṭhiyā suppaṭividdhā—","eng":"They’re very learned, remembering and keeping what they’ve learned. These teachings are good in the beginning, good in the middle, and good in the end, meaningful and well-phrased, describing a spiritual practice that’s entirely full and pure. They are very learned in such teachings, remembering them, rehearsing them, mentally scrutinizing them, and penetrating them theoretically. ","html":"<p>{}"},"an5.134:3.6":{"pli":"rājāva khattiyo muddhāvasitto aḍḍho mahaddhano mahābhogo paripuṇṇakosakoṭṭhāgāro; ","eng":"This is like the anointed aristocratic king being rich, affluent, and wealthy, with full treasury and storehouses. ","html":"{}</p>"},"an5.134:3.7":{"pli":"āraddhavīriyo viharati akusalānaṃ dhammānaṃ pahānāya kusalānaṃ dhammānaṃ upasampadāya thāmavā daḷhaparakkamo anikkhittadhuro kusalesu dhammesu—","eng":"They live with energy roused up for giving up unskillful qualities and embracing skillful qualities. They’re strong, staunchly vigorous, not slacking off when it comes to developing skillful qualities. ","html":"<p>{}"},"an5.134:3.8":{"pli":"rājāva khattiyo muddhāvasitto balasampanno; ","eng":"This is like the anointed aristocratic king having power. ","html":"{}</p>"},"an5.134:3.9":{"pli":"paññavā hoti udayatthagāminiyā paññāya samannāgato ariyāya nibbedhikāya sammā dukkhakkhayagāminiyā—","eng":"They’re wise. They have the wisdom of arising and passing away which is noble, penetrative, and leads to the complete ending of suffering. ","html":"<p>{}"},"an5.134:3.10":{"pli":"rājāva khattiyo muddhāvasitto pariṇāyakasampanno; ","eng":"This is like the anointed aristocratic king having a commander. ","html":"{}</p>"},"an5.134:3.11":{"pli":"tassime cattāro dhammā vimuttiṃ paripācenti. ","eng":"These four qualities bring their freedom to fruition. ","html":"<p>{}</p>"},"an5.134:3.12":{"pli":"So iminā vimuttipañcamena dhammena samannāgato yassaṃ yassaṃ disāyaṃ viharati vimuttacittova viharati. ","eng":"With these five qualities, including freedom, they live in their own realm, no matter what region they live in. ","html":"<p>{}"},"an5.134:3.13":{"pli":"Taṃ kissa hetu? ","eng":"Why is that? ","html":"{}"},"an5.134:3.14":{"pli":"Evañhetaṃ, bhikkhave, hoti vimuttacittānan”ti. ","eng":"Because that is how it is for those whose mind is free.” ","html":"{}</p>"},"an5.134:3.15":{"pli":"Catutthaṃ. ","html":"<p class='endsutta'>{}</p></article>"}},"an5.135":{"an5.135:0.1":{"pli":"Aṅguttara Nikāya 5.135 ","eng":"Numbered Discourses 5.135 ","html":"<article id='an5.135'><header><ul><li class='division'>{}</li>"},"an5.135:0.2":{"pli":"14. Rājavagga ","eng":"14. Kings ","html":"<li>{}</li></ul>"},"an5.135:0.3":{"pli":"Paṭhamapatthanāsutta ","eng":"Aspiration (1st) ","html":"<h1 class='sutta-title'>{}</h1></header>"},"an5.135:1.1":{"pli":"“Pañcahi, bhikkhave, aṅgehi samannāgato rañño khattiyassa muddhāvasittassa jeṭṭho putto rajjaṃ pattheti. ","eng":"“Mendicants, an anointed aristocratic king’s eldest son with five factors aspires to kingship. ","html":"<p>{}"},"an5.135:1.2":{"pli":"Katamehi pañcahi? ","eng":"What five? ","html":"{}</p>"},"an5.135:1.3":{"pli":"Idha, bhikkhave, rañño khattiyassa muddhāvasittassa jeṭṭho putto ubhato sujāto hoti mātito ca pitito ca, saṃsuddhagahaṇiko, yāva sattamā pitāmahayugā akkhitto anupakkuṭṭho jātivādena; ","eng":"It’s when an anointed aristocratic king’s eldest son is well born on both his mother’s and father’s side, of pure descent, with irrefutable and impeccable genealogy back to the seventh paternal generation. ","html":"<p>{}</p>"},"an5.135:1.4":{"pli":"abhirūpo hoti dassanīyo pāsādiko paramāya vaṇṇapokkharatāya samannāgato; ","eng":"He is attractive, good-looking, lovely, of surpassing beauty. ","html":"<p>{}</p>"},"an5.135:1.5":{"pli":"mātāpitūnaṃ piyo hoti manāpo; ","eng":"He is dear and beloved to his parents. ","html":"<p>{}</p>"},"an5.135:1.6":{"pli":"negamajānapadassa piyo hoti manāpo; ","eng":"He is dear and beloved to the people of town and country. ","html":"<p>{}</p>"},"an5.135:1.7":{"pli":"yāni tāni raññaṃ khattiyānaṃ muddhāvasittānaṃ sippaṭṭhānāni hatthismiṃ vā assasmiṃ vā rathasmiṃ vā dhanusmiṃ vā tharusmiṃ vā tattha sikkhito hoti anavayo. ","eng":"He is trained and skilled in the arts of anointed aristocratic kings, such as elephant riding, horse riding, driving a chariot, archery, and swordsmanship. ","html":"<p>{}</p>"},"an5.135:2.1":{"pli":"Tassa evaṃ hoti: ","eng":"He thinks: ","html":"<p>{}"},"an5.135:2.2":{"pli":"‘ahaṃ khomhi ubhato sujāto mātito ca pitito ca, saṃsuddhagahaṇiko, yāva sattamā pitāmahayugā akkhitto anupakkuṭṭho jātivādena. ","eng":"‘I’m well born on both my mother’s and father’s side, of pure descent, with irrefutable and impeccable genealogy back to the seventh paternal generation. ","html":"{}"},"an5.135:2.3":{"pli":"Kasmāhaṃ rajjaṃ na pattheyyaṃ. ","eng":"Why shouldn’t I aspire to kingship? ","html":"{}"},"an5.135:2.4":{"pli":"Ahaṃ khomhi abhirūpo dassanīyo pāsādiko paramāya vaṇṇapokkharatāya samannāgato. ","eng":"I’m attractive, good-looking, lovely, of surpassing beauty. ","html":"{}"},"an5.135:2.5":{"pli":"Kasmāhaṃ rajjaṃ na pattheyyaṃ. ","eng":"Why shouldn’t I aspire to kingship? ","html":"{}"},"an5.135:2.6":{"pli":"Ahaṃ khomhi mātāpitūnaṃ piyo manāpo. ","eng":"I’m dear and beloved to my parents. ","html":"{}"},"an5.135:2.7":{"pli":"Kasmāhaṃ rajjaṃ na pattheyyaṃ. ","eng":"Why shouldn’t I aspire to kingship? ","html":"{}"},"an5.135:2.8":{"pli":"Ahaṃ khomhi negamajānapadassa piyo manāpo. ","eng":"I’m dear and beloved to the people of town and country. ","html":"{}"},"an5.135:2.9":{"pli":"Kasmāhaṃ rajjaṃ na pattheyyaṃ. ","eng":"Why shouldn’t I aspire to kingship? ","html":"{}"},"an5.135:2.10":{"pli":"Ahaṃ khomhi yāni tāni raññaṃ khattiyānaṃ muddhāvasittānaṃ sippaṭṭhānāni hatthismiṃ vā assasmiṃ vā rathasmiṃ vā dhanusmiṃ vā tharusmiṃ vā, tattha sikkhito anavayo. ","eng":"I’m trained and skilled in the arts of anointed aristocratic kings, such as elephant riding, horse riding, driving a chariot, archery, and swordsmanship. ","html":"{}"},"an5.135:2.11":{"pli":"Kasmāhaṃ rajjaṃ na pattheyyan’ti. ","eng":"Why shouldn’t I aspire to kingship?’ ","html":"{}"},"an5.135:2.12":{"pli":"Imehi kho, bhikkhave, pañcahi aṅgehi samannāgato rañño khattiyassa muddhāvasittassa jeṭṭho putto rajjaṃ pattheti. ","eng":"An anointed aristocratic king’s eldest son with these five factors aspires to kingship. ","html":"{}</p>"},"an5.135:3.1":{"pli":"Evamevaṃ kho, bhikkhave, pañcahi dhammehi samannāgato bhikkhu āsavānaṃ khayaṃ pattheti. ","eng":"In the same way, a mendicant with five qualities aspires to end the defilements. ","html":"<p>{}"},"an5.135:3.2":{"pli":"Katamehi pañcahi? ","eng":"What five? ","html":"{}</p>"},"an5.135:3.3":{"pli":"Idha, bhikkhave, bhikkhu saddho hoti, saddahati tathāgatassa bodhiṃ: ","eng":"It’s when a mendicant has faith in the Realized One’s awakening: ","html":"<p>{}"},"an5.135:3.4":{"pli":"‘itipi so bhagavā arahaṃ sammāsambuddho vijjācaraṇasampanno sugato lokavidū anuttaro purisadammasārathi satthā devamanussānaṃ buddho bhagavā’ti. ","eng":"‘That Blessed One is perfected, a fully awakened Buddha, accomplished in knowledge and conduct, holy, knower of the world, supreme guide for those fit for training, teacher of gods and humans, awakened, blessed.’ ","html":"{}</p>"},"an5.135:3.5":{"pli":"Appābādho hoti appātaṅko, samavepākiniyā gahaṇiyā samannāgato nātisītāya nāccuṇhāya majjhimāya padhānakkhamāya; ","eng":"They are rarely ill or unwell. Their stomach digests well, being neither too hot nor too cold, but just right, and fit for meditation. ","html":"<p>{}</p>"},"an5.135:3.6":{"pli":"asaṭho hoti amāyāvī, yathābhūtaṃ attānaṃ āvikattā satthari vā viññūsu vā sabrahmacārīsu; ","eng":"They’re not devious or deceitful. They reveal themselves honestly to the Teacher or sensible spiritual companions. ","html":"<p>{}</p>"},"an5.135:3.7":{"pli":"āraddhavīriyo viharati akusalānaṃ dhammānaṃ pahānāya, kusalānaṃ dhammānaṃ upasampadāya, thāmavā daḷhaparakkamo anikkhittadhuro kusalesu dhammesu; ","eng":"They live with energy roused up for giving up unskillful qualities and embracing skillful qualities. They’re strong, staunchly vigorous, not slacking off when it comes to developing skillful qualities. ","html":"<p>{}</p>"},"an5.135:3.8":{"pli":"paññavā hoti udayatthagāminiyā paññāya samannāgato ariyāya nibbedhikāya sammā dukkhakkhayagāminiyā. ","eng":"They’re wise. They have the wisdom of arising and passing away which is noble, penetrative, and leads to the complete ending of suffering. ","html":"<p>{}</p>"},"an5.135:4.1":{"pli":"Tassa evaṃ hoti: ","eng":"They think: ","html":"<p>{}"},"an5.135:4.2":{"pli":"‘ahaṃ khomhi saddho, saddahāmi tathāgatassa bodhiṃ: ","eng":"‘I am a person of faith; I have faith in the Realized One’s awakening … ","html":"{}"},"an5.135:4.3":{"pli":"“itipi so bhagavā arahaṃ sammāsambuddho …pe… satthā devamanussānaṃ buddho bhagavā”ti. ","html":"{}"},"an5.135:4.4":{"pli":"Kasmāhaṃ āsavānaṃ khayaṃ na pattheyyaṃ. ","eng":"Why shouldn’t I aspire to end the defilements? ","html":"{}"},"an5.135:4.5":{"pli":"Ahaṃ khomhi appābādho appātaṅko samavepākiniyā gahaṇiyā samannāgato nātisītāya nāccuṇhāya majjhimāya padhānakkhamāya. ","eng":"I’m rarely ill or unwell. My stomach digests well, being neither too hot nor too cold, but just right, and fit for meditation. ","html":"{}"},"an5.135:4.6":{"pli":"Kasmāhaṃ āsavānaṃ khayaṃ na pattheyyaṃ. ","eng":"Why shouldn’t I aspire to end the defilements? ","html":"{}"},"an5.135:4.7":{"pli":"Ahaṃ khomhi asaṭho amāyāvī yathābhūtaṃ attānaṃ āvikattā satthari vā viññūsu vā sabrahmacārīsu. ","eng":"I’m not devious or deceitful. I reveal myself honestly to the Teacher or sensible spiritual companions. ","html":"{}"},"an5.135:4.8":{"pli":"Kasmāhaṃ āsavānaṃ khayaṃ na pattheyyaṃ. ","eng":"Why shouldn’t I aspire to end the defilements? ","html":"{}"},"an5.135:4.9":{"pli":"Ahaṃ khomhi āraddhavīriyo viharāmi akusalānaṃ dhammānaṃ pahānāya, kusalānaṃ dhammānaṃ upasampadāya, thāmavā daḷhaparakkamo anikkhittadhuro kusalesu dhammesu. ","eng":"I live with energy roused up for giving up unskillful qualities and embracing skillful qualities. I’m strong, staunchly vigorous, not slacking off when it comes to developing skillful qualities. ","html":"{}"},"an5.135:4.10":{"pli":"Kasmāhaṃ āsavānaṃ khayaṃ na pattheyyaṃ. ","eng":"Why shouldn’t I aspire to end the defilements? ","html":"{}"},"an5.135:4.11":{"pli":"Ahaṃ khomhi paññavā udayatthagāminiyā paññāya samannāgato ariyāya nibbedhikāya sammā dukkhakkhayagāminiyā. ","eng":"I’m wise. I have the wisdom of arising and passing away which is noble, penetrative, and leads to the complete ending of suffering. ","html":"{}"},"an5.135:4.12":{"pli":"Kasmāhaṃ āsavānaṃ khayaṃ na pattheyyan’ti. ","eng":"Why shouldn’t I aspire to end the defilements?’ ","html":"{}</p>"},"an5.135:4.13":{"pli":"Imehi kho, bhikkhave, pañcahi dhammehi samannāgato bhikkhu āsavānaṃ khayaṃ patthetī”ti. ","eng":"A mendicant with these five qualities aspires to end the defilements.” ","html":"<p>{}</p>"},"an5.135:4.14":{"pli":"Pañcamaṃ. ","html":"<p class='endsutta'>{}</p></article>"}},"an5.136":{"an5.136:0.1":{"pli":"Aṅguttara Nikāya 5.136 ","eng":"Numbered Discourses 5.136 ","html":"<article id='an5.136'><header><ul><li class='division'>{}</li>"},"an5.136:0.2":{"pli":"14. Rājavagga ","eng":"14. Kings ","html":"<li>{}</li></ul>"},"an5.136:0.3":{"pli":"Dutiyapatthanāsutta ","eng":"Aspiration (2nd) ","html":"<h1 class='sutta-title'>{}</h1></header>"},"an5.136:1.1":{"pli":"“Pañcahi, bhikkhave, aṅgehi samannāgato rañño khattiyassa muddhāvasittassa jeṭṭho putto oparajjaṃ pattheti. ","eng":"“Mendicants, an anointed aristocratic king’s eldest son with five factors aspires to become a viceroy. ","html":"<p>{}"},"an5.136:1.2":{"pli":"Katamehi pañcahi? ","eng":"What five? ","html":"{}</p>"},"an5.136:1.3":{"pli":"Idha, bhikkhave, rañño khattiyassa muddhāvasittassa jeṭṭho putto ubhato sujāto hoti mātito ca pitito ca, saṃsuddhagahaṇiko, yāva sattamā pitāmahayugā akkhitto anupakkuṭṭho jātivādena; ","eng":"It’s when an anointed aristocratic king’s eldest son is well born on both his mother’s and father’s side, of pure descent, with irrefutable and impeccable genealogy back to the seventh paternal generation. ","html":"<p>{}</p>"},"an5.136:1.4":{"pli":"abhirūpo hoti dassanīyo pāsādiko paramāya vaṇṇapokkharatāya samannāgato; ","eng":"He is attractive, good-looking, lovely, of surpassing beauty. ","html":"<p>{}</p>"},"an5.136:1.5":{"pli":"mātāpitūnaṃ piyo hoti manāpo, ","eng":"He is dear and beloved to his parents. ","html":"<p>{}</p>"},"an5.136:1.6":{"pli":"balakāyassa piyo hoti manāpo; ","eng":"He is dear and beloved to the armed forces. ","html":"<p>{}</p>"},"an5.136:1.7":{"pli":"paṇḍito hoti viyatto medhāvī paṭibalo atītānāgatapaccuppanne atthe cintetuṃ. ","eng":"He is astute, competent, and intelligent, able to think issues through as they bear upon the past, future, and present. ","html":"<p>{}</p>"},"an5.136:2.1":{"pli":"Tassa evaṃ hoti: ","eng":"He thinks: ","html":"<p>{}"},"an5.136:2.2":{"pli":"‘ahaṃ khomhi ubhato sujāto mātito ca pitito ca, saṃsuddhagahaṇiko, yāva sattamā pitāmahayugā akkhitto anupakkuṭṭho jātivādena. ","eng":"‘I’m well born … ","html":"{}"},"an5.136:2.3":{"pli":"Kasmāhaṃ oparajjaṃ na pattheyyaṃ. ","html":"{}"},"an5.136:2.4":{"pli":"Ahaṃ khomhi abhirūpo dassanīyo pāsādiko paramāya vaṇṇapokkharatāya samannāgato. ","eng":"attractive … ","html":"{}"},"an5.136:2.5":{"pli":"Kasmāhaṃ oparajjaṃ na pattheyyaṃ. ","html":"{}"},"an5.136:2.6":{"pli":"Ahaṃ khomhi mātāpitūnaṃ piyo manāpo. ","eng":"dear and beloved to my parents … ","html":"{}"},"an5.136:2.7":{"pli":"Kasmāhaṃ oparajjaṃ na pattheyyaṃ. ","html":"{}"},"an5.136:2.8":{"pli":"Ahaṃ khomhi balakāyassa piyo manāpo. ","eng":"dear and beloved to the armed forces … ","html":"{}"},"an5.136:2.9":{"pli":"Kasmāhaṃ oparajjaṃ na pattheyyaṃ. ","html":"{}"},"an5.136:2.10":{"pli":"Ahaṃ khomhi paṇḍito viyatto medhāvī paṭibalo atītānāgatapaccuppanne atthe cintetuṃ. ","eng":"I’m astute, competent, and intelligent, able to think issues through as they bear upon the past, future, and present. ","html":"{}"},"an5.136:2.11":{"pli":"Kasmāhaṃ oparajjaṃ na pattheyyan’ti. ","eng":"Why shouldn’t I aspire to become a viceroy?’ ","html":"{}"},"an5.136:2.12":{"pli":"Imehi kho, bhikkhave, pañcahi aṅgehi samannāgato rañño khattiyassa muddhāvasittassa jeṭṭho putto oparajjaṃ pattheti. ","eng":"An anointed aristocratic king’s eldest son with these five factors aspires to become a viceroy. ","html":"{}</p>"},"an5.136:3.1":{"pli":"Evamevaṃ kho, bhikkhave, pañcahi dhammehi samannāgato bhikkhu āsavānaṃ khayaṃ pattheti. ","eng":"In the same way, a mendicant with five qualities aspires to end the defilements. ","html":"<p>{}"},"an5.136:3.2":{"pli":"Katamehi pañcahi? ","eng":"What five? ","html":"{}</p>"},"an5.136:3.3":{"pli":"Idha, bhikkhave, bhikkhu sīlavā hoti …pe… samādāya sikkhati sikkhāpadesu; ","eng":"It’s when a mendicant is ethical, restrained in the monastic code, conducting themselves well and resorting for alms in suitable places. Seeing danger in the slightest fault, they keep the rules they’ve undertaken. ","html":"<p>{}</p>"},"an5.136:3.4":{"pli":"bahussuto hoti …pe… diṭṭhiyā suppaṭividdhā; ","eng":"They’re very learned, remembering and keeping what they’ve learned. These teachings are good in the beginning, good in the middle, and good in the end, meaningful and well-phrased, describing a spiritual practice that’s totally full and pure. They are very learned in such teachings, remembering them, reciting them, mentally scrutinizing them, and penetrating them theoretically. ","html":"<p>{}</p>"},"an5.136:3.5":{"pli":"catūsu satipaṭṭhānesu suppatiṭṭhitacitto hoti; ","eng":"Their mind is firmly established in the four kinds of mindfulness meditation. ","html":"<p>{}</p>"},"an5.136:3.6":{"pli":"āraddhavīriyo viharati akusalānaṃ dhammānaṃ pahānāya, kusalānaṃ dhammānaṃ upasampadāya, thāmavā daḷhaparakkamo anikkhittadhuro kusalesu dhammesu; ","eng":"They live with energy roused up for giving up unskillful qualities and embracing skillful qualities. They’re strong, staunchly vigorous, not slacking off when it comes to developing skillful qualities. ","html":"<p>{}</p>"},"an5.136:3.7":{"pli":"paññavā hoti, udayatthagāminiyā paññāya samannāgato ariyāya nibbedhikāya sammā dukkhakkhayagāminiyā. ","eng":"They’re wise. They have the wisdom of arising and passing away which is noble, penetrative, and leads to the complete ending of suffering. ","html":"<p>{}</p>"},"an5.136:4.1":{"pli":"Tassa evaṃ hoti: ","eng":"They think: ","html":"<p>{}"},"an5.136:4.2":{"pli":"‘ahaṃ khomhi sīlavā, pātimokkhasaṃvarasaṃvuto viharāmi ācāragocarasampanno aṇumattesu vajjesu bhayadassāvī, samādāya sikkhāmi sikkhāpadesu. ","eng":"‘I’m ethical … ","html":"{}"},"an5.136:4.3":{"pli":"Kasmāhaṃ āsavānaṃ khayaṃ na pattheyyaṃ. ","html":"{}"},"an5.136:4.4":{"pli":"Ahaṃ khomhi bahussuto sutadharo sutasannicayo, ye te dhammā ādikalyāṇā majjhekalyāṇā pariyosānakalyāṇā sātthaṃ sabyañjanaṃ kevalaparipuṇṇaṃ parisuddhaṃ brahmacariyaṃ abhivadanti, tathārūpā me dhammā bahussutā honti dhātā vacasā paricitā manasānupekkhitā diṭṭhiyā suppaṭividdhā. ","eng":"learned … ","html":"{}"},"an5.136:4.5":{"pli":"Kasmāhaṃ āsavānaṃ khayaṃ na pattheyyaṃ. ","html":"{}"},"an5.136:4.6":{"pli":"Ahaṃ khomhi catūsu satipaṭṭhānesu suppatiṭṭhitacitto. ","eng":"mindful … ","html":"{}"},"an5.136:4.7":{"pli":"Kasmāhaṃ āsavānaṃ khayaṃ na pattheyyaṃ. ","html":"{}"},"an5.136:4.8":{"pli":"Ahaṃ khomhi āraddhavīriyo viharāmi akusalānaṃ dhammānaṃ pahānāya, kusalānaṃ dhammānaṃ upasampadāya, thāmavā daḷhaparakkamo anikkhittadhuro kusalesu dhammesu. ","eng":"energetic … ","html":"{}"},"an5.136:4.9":{"pli":"Kasmāhaṃ āsavānaṃ khayaṃ na pattheyyaṃ. ","html":"{}"},"an5.136:4.10":{"pli":"Ahaṃ khomhi paññavā udayatthagāminiyā paññāya samannāgato ariyāya nibbedhikāya sammā dukkhakkhayagāminiyā. ","eng":"wise. I have the wisdom of arising and passing away which is noble, penetrative, and leads to the complete ending of suffering. ","html":"{}"},"an5.136:4.11":{"pli":"Kasmāhaṃ āsavānaṃ khayaṃ na pattheyyan’ti. ","eng":"Why shouldn’t I aspire to end the defilements?’ ","html":"{}"},"an5.136:4.12":{"pli":"Imehi kho, bhikkhave, pañcahi dhammehi samannāgato bhikkhu āsavānaṃ khayaṃ patthetī”ti. ","eng":"A mendicant with these five qualities aspires to end the defilements.” ","html":"{}</p>"},"an5.136:4.13":{"pli":"Chaṭṭhaṃ. ","html":"<p class='endsutta'>{}</p></article>"}},"an5.137":{"an5.137:0.1":{"pli":"Aṅguttara Nikāya 5.137 ","eng":"Numbered Discourses 5.137 ","html":"<article id='an5.137'><header><ul><li class='division'>{}</li>"},"an5.137:0.2":{"pli":"14. Rājavagga ","eng":"14. Kings ","html":"<li>{}</li></ul>"},"an5.137:0.3":{"pli":"Appaṃsupatisutta ","eng":"Little Sleep ","html":"<h1 class='sutta-title'>{}</h1></header>"},"an5.137:1.1":{"pli":"“Pañcime, bhikkhave, appaṃ rattiyā supanti, bahuṃ jagganti. ","eng":"“Mendicants, these five sleep little at night, staying mostly awake. ","html":"<p>{}"},"an5.137:1.2":{"pli":"Katame pañca? ","eng":"What five? ","html":"{}"},"an5.137:1.3":{"pli":"Itthī, bhikkhave, purisādhippāyā appaṃ rattiyā supati, bahuṃ jaggati. ","eng":"A woman longing for a man. ","html":"{}"},"an5.137:1.4":{"pli":"Puriso, bhikkhave, itthādhippāyo appaṃ rattiyā supati, bahuṃ jaggati. ","eng":"A man longing for a woman. ","html":"{}"},"an5.137:1.5":{"pli":"Coro, bhikkhave, ādānādhippāyo appaṃ rattiyā supati, bahuṃ jaggati. ","eng":"A thief longing for their loot. ","html":"{}"},"an5.137:1.6":{"pli":"Rājā, bhikkhave, rājakaraṇīyesu yutto appaṃ rattiyā supati, bahuṃ jaggati. ","eng":"A king busy with his duties. ","html":"{}"},"an5.137:1.7":{"pli":"Bhikkhu, bhikkhave, visaṃyogādhippāyo appaṃ rattiyā supati, bahuṃ jaggati. ","eng":"A mendicant longing for freedom from the yoke. ","html":"{}"},"an5.137:1.8":{"pli":"Ime kho, bhikkhave, pañca appaṃ rattiyā supanti, bahuṃ jaggantī”ti. ","eng":"These five sleep little at night, staying mostly awake.” ","html":"{}</p>"},"an5.137:1.9":{"pli":"Sattamaṃ. ","html":"<p class='endsutta'>{}</p></article>"}},"an5.138":{"an5.138:0.1":{"pli":"Aṅguttara Nikāya 5.138 ","eng":"Numbered Discourses 5.138 ","html":"<article id='an5.138'><header><ul><li class='division'>{}</li>"},"an5.138:0.2":{"pli":"14. Rājavagga ","eng":"14. Kings ","html":"<li>{}</li></ul>"},"an5.138:0.3":{"pli":"Bhattādakasutta ","eng":"Eating Food ","html":"<h1 class='sutta-title'>{}</h1></header>"},"an5.138:1.1":{"pli":"“Pañcahi, bhikkhave, aṅgehi samannāgato rañño nāgo bhattādako ca hoti okāsapharaṇo ca laṇḍasāraṇo ca salākaggāhī ca rañño nāgotveva saṅkhaṃ gacchati. ","eng":"“Mendicants, a royal bull elephant with five factors eats food, takes up space, drops dung, and takes a ticket, yet is still reckoned a royal bull elephant. ","html":"<p>{}"},"an5.138:1.2":{"pli":"Katamehi pañcahi? ","eng":"What five? ","html":"{}"},"an5.138:1.3":{"pli":"Idha, bhikkhave, rañño nāgo akkhamo hoti rūpānaṃ, akkhamo saddānaṃ, akkhamo gandhānaṃ, akkhamo rasānaṃ, akkhamo phoṭṭhabbānaṃ. ","eng":"It’s when a royal bull elephant can’t endure sights, sounds, smells, tastes, and touches. ","html":"{}"},"an5.138:1.4":{"pli":"Imehi kho, bhikkhave, pañcahi aṅgehi samannāgato rañño nāgo bhattādako ca okāsapharaṇo ca laṇḍasāraṇo ca salākaggāhī ca, rañño nāgotveva saṅkhaṃ gacchati. ","eng":"A royal bull elephant with these five factors eats food, takes up space, drops dung, and takes a ticket, yet is still reckoned a royal bull elephant. ","html":"{}</p>"},"an5.138:2.1":{"pli":"Evamevaṃ kho, bhikkhave, pañcahi dhammehi samannāgato bhikkhu bhattādako ca hoti, okāsapharaṇo ca mañcapīṭhamaddano ca salākaggāhī ca, bhikkhutveva saṅkhaṃ gacchati. ","eng":"In the same way, a mendicant with five qualities eats food, takes up space, tramples beds and chairs, and takes a ticket, yet is still reckoned a mendicant. ","html":"<p>{}"},"an5.138:2.2":{"pli":"Katamehi pañcahi? ","eng":"What five? ","html":"{}"},"an5.138:2.3":{"pli":"Idha, bhikkhave, bhikkhu akkhamo hoti rūpānaṃ, akkhamo saddānaṃ, akkhamo gandhānaṃ, akkhamo rasānaṃ, akkhamo phoṭṭhabbānaṃ. ","eng":"It’s when a mendicant can’t endure sights, sounds, smells, tastes, and touches. ","html":"{}"},"an5.138:2.4":{"pli":"Imehi kho, bhikkhave, pañcahi dhammehi samannāgato bhikkhu bhattādako ca hoti okāsapharaṇo ca mañcapīṭhamaddano ca salākaggāhī ca, bhikkhutveva saṅkhaṃ gacchatī”ti. ","eng":"A mendicant with these five qualities eats food, takes up space, tramples beds and chairs, and takes a ticket, yet is still reckoned a mendicant.” ","html":"{}</p>"},"an5.138:2.5":{"pli":"Aṭṭhamaṃ. ","html":"<p class='endsutta'>{}</p></article>"}},"an5.139":{"an5.139:0.1":{"pli":"Aṅguttara Nikāya 5.139 ","eng":"Numbered Discourses 5.139 ","html":"<article id='an5.139'><header><ul><li class='division'>{}</li>"},"an5.139:0.2":{"pli":"14. Rājavagga ","eng":"14. Kings ","html":"<li>{}</li></ul>"},"an5.139:0.3":{"pli":"Akkhamasutta ","eng":"Cannot Endure ","html":"<h1 class='sutta-title'>{}</h1></header>"},"an5.139:1.1":{"pli":"“Pañcahi, bhikkhave, aṅgehi samannāgato rañño nāgo na rājāraho hoti na rājabhoggo, na rañño aṅgaṃtveva saṅkhaṃ gacchati. ","eng":"“Mendicants, a royal bull elephant with five factors is not worthy of a king, not fit to serve a king, and is not reckoned a factor of kingship. ","html":"<p>{}"},"an5.139:1.2":{"pli":"Katamehi pañcahi? ","eng":"What five? ","html":"{}"},"an5.139:1.3":{"pli":"Idha, bhikkhave, rañño nāgo akkhamo hoti rūpānaṃ, akkhamo saddānaṃ, akkhamo gandhānaṃ, akkhamo rasānaṃ, akkhamo phoṭṭhabbānaṃ. ","eng":"It’s when a royal bull elephant can’t endure sights, sounds, smells, tastes, and touches. ","html":"{}</p>"},"an5.139:2.1":{"pli":"Kathañca, bhikkhave, rañño nāgo akkhamo hoti rūpānaṃ? ","eng":"And how is it that a royal bull elephant can’t endure sights? ","html":"<p data-counter='1'>{}"},"an5.139:2.2":{"pli":"Idha, bhikkhave, rañño nāgo saṅgāmagato hatthikāyaṃ vā disvā assakāyaṃ vā disvā rathakāyaṃ vā disvā pattikāyaṃ vā disvā saṃsīdati visīdati, na santhambhati na sakkoti saṅgāmaṃ otarituṃ. ","eng":"It’s when a royal bull elephant gone to battle falters and founders at the sight of a division of elephants, of cavalry, of chariots, or of infantry. It doesn’t stay firm, and fails to plunge into battle. ","html":"{}"},"an5.139:2.3":{"pli":"Evaṃ kho, bhikkhave, rañño nāgo akkhamo hoti rūpānaṃ. ","eng":"That’s how a royal bull elephant can’t endure sights. ","html":"{}</p>"},"an5.139:3.1":{"pli":"Kathañca, bhikkhave, rañño nāgo akkhamo hoti saddānaṃ? ","eng":"And how is it that a royal bull elephant can’t endure sounds? ","html":"<p data-counter='2'>{}"},"an5.139:3.2":{"pli":"Idha, bhikkhave, rañño nāgo saṅgāmagato hatthisaddaṃ vā sutvā assasaddaṃ vā sutvā rathasaddaṃ vā sutvā pattisaddaṃ vā sutvā bheripaṇavasaṅkhatiṇavaninnādasaddaṃ vā sutvā saṃsīdati visīdati, na santhambhati na sakkoti saṅgāmaṃ otarituṃ. ","eng":"It’s when a royal bull elephant gone to battle falters and founders at the sound of a division of elephants, of cavalry, of chariots, or of infantry, or the thunder of the drums, kettledrums, horns, and cymbals. It doesn’t stay firm, and fails to plunge into battle. ","html":"{}"},"an5.139:3.3":{"pli":"Evaṃ kho, bhikkhave, rañño nāgo akkhamo hoti saddānaṃ. ","eng":"That’s how a royal bull elephant can’t endure sounds. ","html":"{}</p>"},"an5.139:4.1":{"pli":"Kathañca, bhikkhave, rañño nāgo akkhamo hoti gandhānaṃ? ","eng":"And how is it that a royal bull elephant can’t endure smells? ","html":"<p data-counter='3'>{}"},"an5.139:4.2":{"pli":"Idha, bhikkhave, rañño nāgo saṅgāmagato ye te rañño nāgā abhijātā saṅgāmāvacarā tesaṃ muttakarīsassa gandhaṃ ghāyitvā saṃsīdati visīdati, na santhambhati na sakkoti saṅgāmaṃ otarituṃ. ","eng":"It’s when a royal bull elephant gone to battle falters and founders when it smells the odor of the feces and urine of battle-hardened, pedigree royal bull elephants. It doesn’t stay firm, and fails to plunge into battle. ","html":"{}"},"an5.139:4.3":{"pli":"Evaṃ kho, bhikkhave, rañño nāgo akkhamo hoti gandhānaṃ. ","eng":"That’s how a royal bull elephant can’t endure smells. ","html":"{}</p>"},"an5.139:5.1":{"pli":"Kathañca, bhikkhave, rañño nāgo akkhamo hoti rasānaṃ? ","eng":"And how is it that a royal bull elephant can’t endure tastes? ","html":"<p data-counter='4'>{}"},"an5.139:5.2":{"pli":"Idha, bhikkhave, rañño nāgo saṅgāmagato ekissā vā tiṇodakadattiyā vimānito dvīhi vā tīhi vā catūhi vā pañcahi vā tiṇodakadattīhi vimānito saṃsīdati visīdati, na santhambhati na sakkoti saṅgāmaṃ otarituṃ. ","eng":"It’s when a royal bull elephant gone to battle falters and founders when it misses a meal of grass and water, or it misses two, three, four, or five meals. It doesn’t stay firm, and fails to plunge into battle. ","html":"{}"},"an5.139:5.3":{"pli":"Evaṃ kho, bhikkhave, rañño nāgo akkhamo hoti rasānaṃ. ","eng":"That’s how a royal bull elephant can’t endure tastes. ","html":"{}</p>"},"an5.139:6.1":{"pli":"Kathañca, bhikkhave, rañño nāgo akkhamo hoti phoṭṭhabbānaṃ? ","eng":"And how is it that a royal bull elephant can’t endure touches? ","html":"<p data-counter='5'>{}"},"an5.139:6.2":{"pli":"Idha, bhikkhave, rañño nāgo saṅgāmagato ekena vā saravegena viddho, dvīhi vā tīhi vā catūhi vā pañcahi vā saravegehi viddho saṃsīdati visīdati, na santhambhati na sakkoti saṅgāmaṃ otarituṃ. ","eng":"It’s when a royal bull elephant gone to battle falters and founders when struck by a swift arrow, or by two, three, four, or five swift arrows. It doesn’t stay firm, and fails to plunge into battle. ","html":"{}"},"an5.139:6.3":{"pli":"Evaṃ kho, bhikkhave, rañño nāgo akkhamo hoti phoṭṭhabbānaṃ. ","eng":"That’s how a royal bull elephant can’t endure touches. ","html":"{}</p>"},"an5.139:7.1":{"pli":"Imehi kho, bhikkhave, pañcahi aṅgehi samannāgato rañño nāgo na rājāraho hoti na rājabhoggo na rañño aṅgaṃtveva saṅkhaṃ gacchati. ","eng":"A royal bull elephant with these five factors is not worthy of a king, not fit to serve a king, and is not reckoned a factor of kingship. ","html":"<p>{}</p>"},"an5.139:8.1":{"pli":"Evamevaṃ kho, bhikkhave, pañcahi aṅgehi samannāgato bhikkhu na āhuneyyo hoti na pāhuneyyo na dakkhiṇeyyo na añjalikaraṇīyo na anuttaraṃ puññakkhettaṃ lokassa. ","eng":"In the same way, a mendicant with five qualities is not worthy of offerings dedicated to the gods, not worthy of hospitality, not worthy of a religious donation, not worthy of veneration with joined palms, and is not the supreme field of merit for the world. ","html":"<p>{}"},"an5.139:8.2":{"pli":"Katamehi pañcahi? ","eng":"What five? ","html":"{}"},"an5.139:8.3":{"pli":"Idha, bhikkhave, bhikkhu akkhamo hoti rūpānaṃ, akkhamo saddānaṃ, akkhamo gandhānaṃ, akkhamo rasānaṃ, akkhamo phoṭṭhabbānaṃ. ","eng":"It’s when a mendicant can’t endure sights, sounds, smells, tastes, and touches. ","html":"{}</p>"},"an5.139:9.1":{"pli":"Kathañca, bhikkhave, bhikkhu akkhamo hoti rūpānaṃ? ","eng":"And how is it that a mendicant can’t endure sights? ","html":"<p data-counter='1'>{}"},"an5.139:9.2":{"pli":"Idha, bhikkhave, bhikkhu cakkhunā rūpaṃ disvā rajanīye rūpe sārajjati, na sakkoti cittaṃ samādahituṃ. ","eng":"It’s when a mendicant, seeing a sight with their eyes, is aroused by a desirable sight, so is not able to still the mind. ","html":"{}"},"an5.139:9.3":{"pli":"Evaṃ kho, bhikkhave, bhikkhu akkhamo hoti rūpānaṃ. ","eng":"That’s how a mendicant can’t endure sights. ","html":"{}</p>"},"an5.139:10.1":{"pli":"Kathañca, bhikkhave, bhikkhu akkhamo hoti saddānaṃ? ","eng":"And how is it that a mendicant can’t endure sounds? ","html":"<p data-counter='2'>{}"},"an5.139:10.2":{"pli":"Idha, bhikkhave, bhikkhu sotena saddaṃ sutvā rajanīye sadde sārajjati, na sakkoti cittaṃ samādahituṃ. ","eng":"It’s when a mendicant, hearing a sound with their ears, is aroused by a desirable sound, so is not able to still the mind. ","html":"{}"},"an5.139:10.3":{"pli":"Evaṃ kho, bhikkhave, bhikkhu akkhamo hoti saddānaṃ. ","eng":"That’s how a mendicant can’t endure sounds. ","html":"{}</p>"},"an5.139:11.1":{"pli":"Kathañca, bhikkhave, bhikkhu akkhamo hoti gandhānaṃ? ","eng":"And how is it that a mendicant can’t endure smells? ","html":"<p data-counter='3'>{}"},"an5.139:11.2":{"pli":"Idha, bhikkhave, bhikkhu ghānena gandhaṃ ghāyitvā rajanīye gandhe sārajjati, na sakkoti cittaṃ samādahituṃ. ","eng":"It’s when a mendicant, smelling an odor with their nose, is aroused by a desirable smell, so is not able to still the mind. ","html":"{}"},"an5.139:11.3":{"pli":"Evaṃ kho, bhikkhave, bhikkhu akkhamo hoti gandhānaṃ. ","eng":"That’s how a mendicant can’t endure smells. ","html":"{}</p>"},"an5.139:12.1":{"pli":"Kathañca, bhikkhave, bhikkhu akkhamo hoti rasānaṃ? ","eng":"And how is it that a mendicant can’t endure tastes? ","html":"<p data-counter='4'>{}"},"an5.139:12.2":{"pli":"Idha, bhikkhave, bhikkhu jivhāya rasaṃ sāyitvā rajanīye rase sārajjati, na sakkoti cittaṃ samādahituṃ. ","eng":"It’s when a mendicant, tasting a flavor with their tongue, is aroused by desirable tastes, so is not able to still the mind. ","html":"{}"},"an5.139:12.3":{"pli":"Evaṃ kho, bhikkhave, bhikkhu akkhamo hoti rasānaṃ. ","eng":"That’s how a mendicant can’t endure tastes. ","html":"{}</p>"},"an5.139:13.1":{"pli":"Kathañca, bhikkhave, bhikkhu akkhamo hoti phoṭṭhabbānaṃ? ","eng":"And how is it that a mendicant can’t endure touches? ","html":"<p data-counter='5'>{}"},"an5.139:13.2":{"pli":"Idha, bhikkhave, bhikkhu kāyena phoṭṭhabbaṃ phusitvā rajanīye phoṭṭhabbe sārajjati, na sakkoti cittaṃ samādahituṃ. ","eng":"It’s when a mendicant, feeling a touch with their body, is aroused by a desirable touch, so is not able to still the mind. ","html":"{}"},"an5.139:13.3":{"pli":"Evaṃ kho, bhikkhave, bhikkhu akkhamo hoti phoṭṭhabbānaṃ. ","eng":"That’s how a mendicant can’t endure touches. ","html":"{}</p>"},"an5.139:14.1":{"pli":"Imehi kho, bhikkhave, pañcahi dhammehi samannāgato bhikkhu na āhuneyyo hoti na pāhuneyyo na dakkhiṇeyyo na añjalikaraṇīyo na anuttaraṃ puññakkhettaṃ lokassa. ","eng":"A mendicant with these five qualities is not worthy of offerings dedicated to the gods, not worthy of hospitality, not worthy of a religious donation, not worthy of veneration with joined palms, and is not the supreme field of merit for the world. ","html":"<p>{}</p>"},"an5.139:15.1":{"pli":"Pañcahi, bhikkhave, aṅgehi samannāgato rañño nāgo rājāraho hoti rājabhoggo, rañño aṅgaṃtveva saṅkhaṃ gacchati. ","eng":"A royal bull elephant with five factors is worthy of a king, fit to serve a king, and is reckoned a factor of kingship. ","html":"<p>{}"},"an5.139:15.2":{"pli":"Katamehi pañcahi? ","eng":"What five? ","html":"{}"},"an5.139:15.3":{"pli":"Idha, bhikkhave, rañño nāgo khamo hoti rūpānaṃ, khamo saddānaṃ, khamo gandhānaṃ, khamo rasānaṃ, khamo phoṭṭhabbānaṃ. ","eng":"It’s when a royal bull elephant can endure sights, sounds, smells, tastes, and touches. ","html":"{}</p>"},"an5.139:16.1":{"pli":"Kathañca, bhikkhave, rañño nāgo khamo hoti rūpānaṃ? ","eng":"And how is it that a royal bull elephant can endure sights? ","html":"<p data-counter='1'>{}"},"an5.139:16.2":{"pli":"Idha, bhikkhave, rañño nāgo saṅgāmagato hatthikāyaṃ vā disvā assakāyaṃ vā disvā rathakāyaṃ vā disvā pattikāyaṃ vā disvā na saṃsīdati na visīdati, santhambhati sakkoti saṅgāmaṃ otarituṃ. ","eng":"It’s when a royal bull elephant gone to battle does not falter or founder at the sight of a division of elephants, of cavalry, of chariots, or of infantry. It stays firm, and plunges into battle. ","html":"{}"},"an5.139:16.3":{"pli":"Evaṃ kho, bhikkhave, rañño nāgo khamo hoti rūpānaṃ. ","eng":"That’s how a royal bull elephant can endure sights. ","html":"{}</p>"},"an5.139:17.1":{"pli":"Kathañca, bhikkhave, rañño nāgo khamo hoti saddānaṃ? ","eng":"And how is it that a royal bull elephant can endure sounds? ","html":"<p data-counter='2'>{}"},"an5.139:17.2":{"pli":"Idha, bhikkhave, rañño nāgo saṅgāmagato hatthisaddaṃ vā sutvā assasaddaṃ vā sutvā rathasaddaṃ vā sutvā pattisaddaṃ vā sutvā bheripaṇavasaṅkhatiṇavaninnādasaddaṃ vā sutvā na saṃsīdati na visīdati, santhambhati sakkoti saṅgāmaṃ otarituṃ. ","eng":"It’s when a royal bull elephant does not falter or founder at the sound of a division of elephants, of cavalry, of chariots, or of infantry, or the thunder of the drums, kettledrums, horns, and cymbals. It stays firm, and plunges into battle. ","html":"{}"},"an5.139:17.3":{"pli":"Evaṃ kho, bhikkhave, rañño nāgo khamo hoti saddānaṃ. ","eng":"That’s how a royal bull elephant can endure sounds. ","html":"{}</p>"},"an5.139:18.1":{"pli":"Kathañca, bhikkhave, rañño nāgo khamo hoti gandhānaṃ? ","eng":"And how is it that a royal bull elephant can endure smells? ","html":"<p data-counter='3'>{}"},"an5.139:18.2":{"pli":"Idha, bhikkhave, rañño nāgo saṅgāmagato ye te rañño nāgā abhijātā saṅgāmāvacarā tesaṃ muttakarīsassa gandhaṃ ghāyitvā na saṃsīdati na visīdati, santhambhati sakkoti saṅgāmaṃ otarituṃ. ","eng":"It’s when a royal bull elephant gone to battle does not falter or founder when it smells the odor of the feces and urine of battle-hardened, pedigree royal bull elephants. It stays firm, and plunges into battle. ","html":"{}"},"an5.139:18.3":{"pli":"Evaṃ kho, bhikkhave, rañño nāgo khamo hoti gandhānaṃ. ","eng":"That’s how a royal bull elephant can endure smells. ","html":"{}</p>"},"an5.139:19.1":{"pli":"Kathañca, bhikkhave, rañño nāgo khamo hoti rasānaṃ? ","eng":"And how is it that a royal bull elephant can endure tastes? ","html":"<p data-counter='4'>{}"},"an5.139:19.2":{"pli":"Idha, bhikkhave, rañño nāgo saṅgāmagato ekissā vā tiṇodakadattiyā vimānito dvīhi vā tīhi vā catūhi vā pañcahi vā tiṇodakadattīhi vimānito na saṃsīdati na visīdati, santhambhati sakkoti saṅgāmaṃ otarituṃ. ","eng":"It’s when a royal bull elephant gone to battle does not falter or founder when it misses a meal of grass and water, or it misses two, three, four, or five meals. It stays firm, and plunges into battle. ","html":"{}"},"an5.139:19.3":{"pli":"Evaṃ kho, bhikkhave, rañño nāgo khamo hoti rasānaṃ. ","eng":"That’s how a royal bull elephant can endure tastes. ","html":"{}</p>"},"an5.139:20.1":{"pli":"Kathañca, bhikkhave, rañño nāgo khamo hoti phoṭṭhabbānaṃ? ","eng":"And how is it that a royal bull elephant can endure touches? ","html":"<p data-counter='5'>{}"},"an5.139:20.2":{"pli":"Idha, bhikkhave, rañño nāgo saṅgāmagato ekena vā saravegena viddho, dvīhi vā tīhi vā catūhi vā pañcahi vā saravegehi viddho na saṃsīdati na visīdati, santhambhati sakkoti saṅgāmaṃ otarituṃ. ","eng":"It’s when a royal bull elephant gone to battle does not falter or founder when struck by a swift arrow, or by two, three, four, or five swift arrows. It stays firm, and plunges into battle. ","html":"{}"},"an5.139:20.3":{"pli":"Evaṃ kho, bhikkhave, rañño nāgo khamo hoti phoṭṭhabbānaṃ. ","eng":"That’s how a royal bull elephant can endure touches. ","html":"{}</p>"},"an5.139:21.1":{"pli":"Imehi kho, bhikkhave, pañcahi aṅgehi samannāgato rañño nāgo rājāraho hoti rājabhoggo, rañño aṅgaṃtveva saṅkhaṃ gacchati. ","eng":"A royal bull elephant with these five factors is worthy of a king, fit to serve a king, and is reckoned a factor of kingship. ","html":"<p>{}</p>"},"an5.139:22.1":{"pli":"Evamevaṃ kho, bhikkhave, pañcahi dhammehi samannāgato bhikkhu āhuneyyo hoti pāhuneyyo dakkhiṇeyyo añjalikaraṇīyo anuttaraṃ puññakkhettaṃ lokassa. ","eng":"In the same way, a mendicant with five qualities is worthy of offerings dedicated to the gods, worthy of hospitality, worthy of a religious donation, worthy of veneration with joined palms, and is the supreme field of merit for the world. ","html":"<p>{}"},"an5.139:22.2":{"pli":"Katamehi pañcahi? ","eng":"What five? ","html":"{}"},"an5.139:22.3":{"pli":"Idha, bhikkhave, bhikkhu khamo hoti rūpānaṃ, khamo saddānaṃ, khamo gandhānaṃ, khamo rasānaṃ, khamo phoṭṭhabbānaṃ. ","eng":"It’s when a mendicant can endure sights, sounds, smells, tastes, and touches. ","html":"{}</p>"},"an5.139:23.1":{"pli":"Kathañca, bhikkhave, bhikkhu khamo hoti rūpānaṃ? ","eng":"And how is it that a mendicant can endure sights? ","html":"<p data-counter='1'>{}"},"an5.139:23.2":{"pli":"Idha, bhikkhave, bhikkhu cakkhunā rūpaṃ disvā rajanīye rūpe na sārajjati, sakkoti cittaṃ samādahituṃ. ","eng":"It’s when a mendicant, seeing a sight with their eyes, is not aroused by a desirable sight, so is able to still the mind. ","html":"{}"},"an5.139:23.3":{"pli":"Evaṃ kho, bhikkhave, bhikkhu khamo hoti rūpānaṃ. ","eng":"That’s how a mendicant can endure sights. ","html":"{}</p>"},"an5.139:24.1":{"pli":"Kathañca, bhikkhave, bhikkhu khamo hoti saddānaṃ? ","eng":"And how is it that a mendicant can endure sounds? ","html":"<p data-counter='2'>{}"},"an5.139:24.2":{"pli":"Idha, bhikkhave, bhikkhu sotena saddaṃ sutvā rajanīye sadde na sārajjati, sakkoti cittaṃ samādahituṃ. ","eng":"It’s when a mendicant, hearing a sound with their ears, is not aroused by desirable sounds, so is able to still the mind. ","html":"{}"},"an5.139:24.3":{"pli":"Evaṃ kho, bhikkhave, bhikkhu khamo hoti saddānaṃ. ","eng":"That’s how a mendicant can endure sounds. ","html":"{}</p>"},"an5.139:25.1":{"pli":"Kathañca, bhikkhave, bhikkhu khamo hoti gandhānaṃ. ","eng":"And how is it that a mendicant can endure smells? ","html":"<p data-counter='3'>{}"},"an5.139:25.2":{"pli":"Idha, bhikkhave, bhikkhu ghānena gandhaṃ ghāyitvā rajanīye gandhe na sārajjati, sakkoti cittaṃ samādahituṃ. ","eng":"It’s when a mendicant, smelling an odor with their nose, is not aroused by a desirable smell, so is able to still the mind. ","html":"{}"},"an5.139:25.3":{"pli":"Evaṃ kho, bhikkhave, bhikkhu khamo hoti gandhānaṃ. ","eng":"That’s how a mendicant can endure smells. ","html":"{}</p>"},"an5.139:26.1":{"pli":"Kathañca, bhikkhave, bhikkhu khamo hoti rasānaṃ? ","eng":"And how is it that a mendicant can endure tastes? ","html":"<p data-counter='4'>{}"},"an5.139:26.2":{"pli":"Idha, bhikkhave, bhikkhu jivhāya rasaṃ sāyitvā rajanīye rase na sārajjati, sakkoti cittaṃ samādahituṃ. ","eng":"It’s when a mendicant, tasting a flavor with their tongue, is not aroused by desirable tastes, so is able to still the mind. ","html":"{}"},"an5.139:26.3":{"pli":"Evaṃ kho, bhikkhave, bhikkhu khamo hoti rasānaṃ. ","eng":"That’s how a mendicant can endure tastes. ","html":"{}</p>"},"an5.139:27.1":{"pli":"Kathañca, bhikkhave, bhikkhu khamo hoti phoṭṭhabbānaṃ? ","eng":"And how is it that a mendicant can endure touches? ","html":"<p data-counter='5'>{}"},"an5.139:27.2":{"pli":"Idha, bhikkhave, bhikkhu kāyena phoṭṭhabbaṃ phusitvā rajanīye phoṭṭhabbe na sārajjati, sakkoti cittaṃ samādahituṃ. ","eng":"It’s when a mendicant, feeling a touch with their body, is not aroused by a desirable touch, so is able to still the mind. ","html":"{}"},"an5.139:27.3":{"pli":"Evaṃ kho, bhikkhave, bhikkhu khamo hoti phoṭṭhabbānaṃ. ","eng":"That’s how a mendicant can endure touches. ","html":"{}</p>"},"an5.139:28.1":{"pli":"Imehi kho, bhikkhave, pañcahi dhammehi samannāgato bhikkhu āhuneyyo hoti pāhuneyyo dakkhiṇeyyo añjalikaraṇīyo anuttaraṃ puññakkhettaṃ lokassā”ti. ","eng":"A mendicant with these five qualities is worthy of offerings dedicated to the gods, worthy of hospitality, worthy of a religious donation, worthy of veneration with joined palms, and is the supreme field of merit for the world.” ","html":"<p>{}</p>"},"an5.139:28.2":{"pli":"Navamaṃ. ","html":"<p class='endsutta'>{}</p></article>"}}}