{"an5.1":{"an5.1:0.1":{"pli":"Aṅguttara Nikāya 5.1 ","eng":"Numbered Discourses 5.1 ","html":"<article id='an5.1'><header><ul><li class='division'>{}</li>"},"an5.1:0.2":{"pli":"1. Sekhabalavagga ","eng":"1. Powers of a Trainee ","html":"<li>{}</li></ul>"},"an5.1:0.3":{"pli":"Saṅkhittasutta ","eng":"In Brief ","html":"<h1 class='sutta-title'>{}</h1></header>"},"an5.1:1.1":{"pli":"Evaṃ me sutaṃ—","eng":"So I have heard. ","html":"<p><span class='evam'>{}</span>"},"an5.1:1.2":{"pli":"ekaṃ samayaṃ bhagavā sāvatthiyaṃ viharati jetavane anāthapiṇḍikassa ārāme. ","eng":"At one time the Buddha was staying near Sāvatthī in Jeta’s Grove, Anāthapiṇḍika’s monastery. ","html":"{}"},"an5.1:1.3":{"pli":"Tatra kho bhagavā bhikkhū āmantesi: ","eng":"There the Buddha addressed the mendicants, ","html":"{}"},"an5.1:1.4":{"pli":"“bhikkhavo”ti. ","eng":"“Mendicants!” ","html":"{}</p>"},"an5.1:1.5":{"pli":"“Bhadante”ti te bhikkhū bhagavato paccassosuṃ. ","eng":"“Venerable sir,” they replied. ","html":"<p>{}"},"an5.1:1.6":{"pli":"Bhagavā etadavoca: ","eng":"The Buddha said this: ","html":"{}</p>"},"an5.1:2.1":{"pli":"“Pañcimāni, bhikkhave, sekhabalāni. ","eng":"“Mendicants, there are these five powers of a trainee. ","html":"<p>{}"},"an5.1:2.2":{"pli":"Katamāni pañca? ","eng":"What five? ","html":"{}"},"an5.1:2.3":{"pli":"Saddhābalaṃ, hirībalaṃ, ottappabalaṃ, vīriyabalaṃ, paññābalaṃ—","eng":"The powers of faith, conscience, prudence, energy, and wisdom. ","html":"{}"},"an5.1:2.4":{"pli":"imāni kho, bhikkhave, pañca sekhabalāni. ","eng":"These are the five powers of a trainee. ","html":"{}</p>"},"an5.1:3.1":{"pli":"Tasmātiha, bhikkhave, evaṃ sikkhitabbaṃ: ","eng":"So you should train like this: ","html":"<p>{}"},"an5.1:3.2":{"pli":"‘saddhābalena samannāgatā bhavissāma sekhabalena, hirībalena samannāgatā bhavissāma sekhabalena, ottappabalena samannāgatā bhavissāma sekhabalena, vīriyabalena samannāgatā bhavissāma sekhabalena, paññābalena samannāgatā bhavissāma sekhabalenā’ti. ","eng":"‘We will have the trainee’s powers of faith, conscience, prudence, energy, and wisdom.’ ","html":"{}"},"an5.1:3.3":{"pli":"Evañhi vo, bhikkhave, sikkhitabban”ti. ","eng":"That’s how you should train.” ","html":"{}</p>"},"an5.1:3.4":{"pli":"Idamavoca bhagavā. ","eng":"That is what the Buddha said. ","html":"<p>{}"},"an5.1:3.5":{"pli":"Attamanā te bhikkhū bhagavato bhāsitaṃ abhinandunti. ","eng":"Satisfied, the mendicants approved what the Buddha said. ","html":"{}</p>"},"an5.1:3.6":{"pli":"Paṭhamaṃ. ","html":"<p class='endsutta'>{}</p></article>"}},"an5.10":{"an5.10:0.1":{"pli":"Aṅguttara Nikāya 5.10 ","eng":"Numbered Discourses 5.10 ","html":"<article id='an5.10'><header><ul><li class='division'>{}</li>"},"an5.10:0.2":{"pli":"1. Sekhabalavagga ","eng":"1. Powers of a Trainee ","html":"<li>{}</li></ul>"},"an5.10:0.3":{"pli":"Dutiyaagāravasutta ","eng":"Disrespect (2nd) ","html":"<h1 class='sutta-title'>{}</h1></header>"},"an5.10:1.1":{"pli":"“Pañcahi, bhikkhave, dhammehi samannāgato bhikkhu agāravo appatisso abhabbo imasmiṃ dhammavinaye vuddhiṃ virūḷhiṃ vepullaṃ āpajjituṃ. ","eng":"“Mendicants, a disrespectful and irreverent mendicant with five qualities can’t achieve growth, improvement, or maturity in this teaching and training. ","html":"<p>{}"},"an5.10:1.2":{"pli":"Katamehi pañcahi? ","eng":"What five? ","html":"{}"},"an5.10:1.3":{"pli":"Assaddho, bhikkhave, bhikkhu agāravo appatisso abhabbo imasmiṃ dhammavinaye vuddhiṃ virūḷhiṃ vepullaṃ āpajjituṃ. ","eng":"A disrespectful and irreverent mendicant who is faithless … ","html":"{}"},"an5.10:1.4":{"pli":"Ahiriko, bhikkhave, bhikkhu agāravo appatisso abhabbo imasmiṃ dhammavinaye vuddhiṃ virūḷhiṃ vepullaṃ āpajjituṃ. ","eng":"shameless … ","html":"{}"},"an5.10:1.5":{"pli":"Anottappī, bhikkhave, bhikkhu agāravo appatisso abhabbo imasmiṃ dhammavinaye vuddhiṃ virūḷhiṃ vepullaṃ āpajjituṃ. ","eng":"imprudent … ","html":"{}"},"an5.10:1.6":{"pli":"Kusīto, bhikkhave, bhikkhu agāravo appatisso abhabbo imasmiṃ dhammavinaye vuddhiṃ virūḷhiṃ vepullaṃ āpajjituṃ. ","eng":"lazy … ","html":"{}"},"an5.10:1.7":{"pli":"Duppañño, bhikkhave, bhikkhu agāravo appatisso abhabbo imasmiṃ dhammavinaye vuddhiṃ virūḷhiṃ vepullaṃ āpajjituṃ. ","eng":"witless can’t achieve growth, improvement, or maturity in this teaching and training. ","html":"{}"},"an5.10:1.8":{"pli":"Imehi kho, bhikkhave, pañcahi dhammehi samannāgato bhikkhu agāravo appatisso abhabbo imasmiṃ dhammavinaye vuddhiṃ virūḷhiṃ vepullaṃ āpajjituṃ. ","eng":"A disrespectful and irreverent mendicant with these five qualities can’t achieve growth, improvement, or maturity in this teaching and training. ","html":"{}</p>"},"an5.10:2.1":{"pli":"Pañcahi, bhikkhave, dhammehi samannāgato bhikkhu sagāravo sappatisso bhabbo imasmiṃ dhammavinaye vuddhiṃ virūḷhiṃ vepullaṃ āpajjituṃ. ","eng":"A respectful and reverent mendicant with five qualities can achieve growth, improvement, and maturity in this teaching and training. ","html":"<p>{}"},"an5.10:2.2":{"pli":"Katamehi pañcahi? ","eng":"What five? ","html":"{}"},"an5.10:2.3":{"pli":"Saddho, bhikkhave, bhikkhu sagāravo sappatisso bhabbo imasmiṃ dhammavinaye vuddhiṃ virūḷhiṃ vepullaṃ āpajjituṃ. ","eng":"A respectful and reverent mendicant who is faithful … ","html":"{}"},"an5.10:2.4":{"pli":"Hirīmā, bhikkhave, bhikkhu …pe… ottappī, bhikkhave, bhikkhu …pe… āraddhavīriyo, bhikkhave, bhikkhu …pe… paññavā, bhikkhave, bhikkhu sagāravo sappatisso bhabbo imasmiṃ dhammavinaye vuddhiṃ virūḷhiṃ vepullaṃ āpajjituṃ. ","eng":"conscientious … prudent … energetic … wise can achieve growth, improvement, and maturity in this teaching and training. ","html":"{}"},"an5.10:2.5":{"pli":"Imehi kho, bhikkhave, pañcahi dhammehi samannāgato bhikkhu sagāravo sappatisso bhabbo imasmiṃ dhammavinaye vuddhiṃ virūḷhiṃ vepullaṃ āpajjitun”ti. ","eng":"A respectful and reverent mendicant with these five qualities can achieve growth, improvement, and maturity in this teaching and training.” ","html":"{}</p>"},"an5.10:2.6":{"pli":"Dasamaṃ. ","html":"<p class='endsutta'>{}</p>"},"an5.10:2.7":{"pli":"Sekhabalavaggo paṭhamo. ","html":"<p class='endvagga'>{}</p>"},"an5.10:3.0":{"pli":"Tassuddānaṃ ","html":"<p class='uddana-intro'>{}</p>"},"an5.10:3.1":{"pli":"Saṅkhittaṃ vitthataṃ dukkhā, ","html":"<blockquote class='uddanagatha'><p><span class='verse-line'>{}</span>"},"an5.10:3.2":{"pli":"bhataṃ sikkhāya pañcamaṃ; ","html":"<span class='verse-line'>{}</span>"},"an5.10:3.3":{"pli":"Samāpatti ca kāmesu, ","html":"<span class='verse-line'>{}</span>"},"an5.10:3.4":{"pli":"cavanā dve agāravāti. ","html":"<span class='verse-line'>{}</span></p></blockquote></article>"}},"an5.100":{"an5.100:0.1":{"pli":"Aṅguttara Nikāya 5.100 ","eng":"Numbered Discourses 5.100 ","html":"<article id='an5.100'><header><ul><li class='division'>{}</li>"},"an5.100:0.2":{"pli":"10. Kakudhavagga ","eng":"10. With Kakudha ","html":"<li>{}</li></ul>"},"an5.100:0.3":{"pli":"Kakudhatherasutta ","eng":"With Kakudha ","html":"<h1 class='sutta-title'>{}</h1></header>"},"an5.100:1.1":{"pli":"Evaṃ me sutaṃ—","eng":"So I have heard. ","html":"<p><span class='evam'>{}</span>"},"an5.100:1.2":{"pli":"ekaṃ samayaṃ bhagavā kosambiyaṃ viharati ghositārāme. ","eng":"At one time the Buddha was staying near Kosambī, in Ghosita’s Monastery. ","html":"{}</p>"},"an5.100:1.3":{"pli":"Tena kho pana samayena kakudho nāma koliyaputto āyasmato mahāmoggallānassa upaṭṭhāko adhunākālaṅkato aññataraṃ manomayaṃ kāyaṃ upapanno. ","eng":"At that time the Koliyan named Kakudha—Venerable Mahāmoggallāna’s supporter—had recently passed away and been reborn in a certain host of mind-made gods. ","html":"<p>{}"},"an5.100:1.4":{"pli":"Tassa evarūpo attabhāvapaṭilābho hoti—seyyathāpi nāma dve vā tīṇi vā māgadhakāni gāmakkhettāni. ","eng":"His incarnation was two or three times the size of a Magadhan village with its fields. ","html":"{}"},"an5.100:1.5":{"pli":"So tena attabhāvapaṭilābhena neva attānaṃ no paraṃ byābādheti. ","eng":"But with that incarnation he didn’t obstruct himself or others. ","html":"{}</p>"},"an5.100:2.1":{"pli":"Atha kho kakudho devaputto yenāyasmā mahāmoggallāno tenupasaṅkami; upasaṅkamitvā āyasmantaṃ mahāmoggallānaṃ abhivādetvā ekamantaṃ aṭṭhāsi. Ekamantaṃ ṭhito kho kakudho devaputto āyasmantaṃ mahāmoggallānaṃ etadavoca: ","eng":"Then the godling Kakudha went up to Venerable Mahāmoggallāna, bowed, stood to one side, and said to him, ","html":"<p>{}"},"an5.100:2.2":{"pli":"“devadattassa, bhante, evarūpaṃ icchāgataṃ uppajji: ","eng":"“Sir, this fixed desire arose in Devadatta: ","html":"{}"},"an5.100:2.3":{"pli":"‘ahaṃ bhikkhusaṅghaṃ pariharissāmī’ti. ","eng":"‘I shall lead the mendicant Saṅgha.’ ","html":"{}"},"an5.100:2.4":{"pli":"Sahacittuppādā ca, bhante, devadatto tassā iddhiyā parihīno”ti. ","eng":"And as that thought arose, Devadatta lost that psychic power.” ","html":"{}</p>"},"an5.100:2.5":{"pli":"Idamavoca kakudho devaputto. ","eng":"That’s what the godling Kakudha said. ","html":"<p>{}"},"an5.100:2.6":{"pli":"Idaṃ vatvā āyasmantaṃ mahāmoggallānaṃ abhivādetvā padakkhiṇaṃ katvā tatthevantaradhāyi. ","eng":"Then he bowed and respectfully circled Mahāmoggallāna, keeping him on his right side, before vanishing right there. ","html":"{}</p>"},"an5.100:3.1":{"pli":"Atha kho āyasmā mahāmoggallāno yena bhagavā tenupasaṅkami; upasaṅkamitvā bhagavantaṃ abhivādetvā ekamantaṃ nisīdi. Ekamantaṃ nisinno kho āyasmā mahāmoggallāno bhagavantaṃ etadavoca: ","eng":"Then Mahāmoggallāna went up to the Buddha, bowed, sat down to one side, and told him what had happened. ","html":"<p>{}</p>"},"an5.100:4.1":{"pli":"“Kakudho nāma, bhante, koliyaputto mamaṃ upaṭṭhāko adhunākālaṅkato aññataraṃ manomayaṃ kāyaṃ upapanno hoti. ","html":"<p>{}"},"an5.100:4.2":{"pli":"Tassa evarūpo attabhāvapaṭilābho—seyyathāpi nāma dve vā tīṇi vā māgadhakāni gāmakkhettāni. ","html":"{}"},"an5.100:4.3":{"pli":"So tena attabhāvapaṭilābhena neva attānaṃ no paraṃ byābādheti. ","html":"{}"},"an5.100:4.4":{"pli":"Atha kho, bhante, kakudho devaputto yenāhaṃ tenupasaṅkami; upasaṅkamitvā maṃ abhivādetvā ekamantaṃ aṭṭhāsi. Ekamantaṃ ṭhito kho, bhante, kakudho devaputto maṃ etadavoca: ","html":"{}"},"an5.100:4.5":{"pli":"‘devadattassa, bhante, evarūpaṃ icchāgataṃ uppajji—","html":"{}"},"an5.100:4.6":{"pli":"ahaṃ bhikkhusaṅghaṃ pariharissāmīti. ","html":"{}"},"an5.100:4.7":{"pli":"Sahacittuppādā ca, bhante, devadatto tassā iddhiyā parihīno’ti. ","html":"{}</p>"},"an5.100:4.8":{"pli":"Idamavoca, bhante, kakudho devaputto. ","html":"<p>{}"},"an5.100:4.9":{"pli":"Idaṃ vatvā maṃ abhivādetvā padakkhiṇaṃ katvā tatthevantaradhāyī”ti. ","html":"{}</p>"},"an5.100:5.1":{"pli":"“Kiṃ pana te, moggallāna, kakudho devaputto cetasā ceto paricca vidito: ","eng":"“But Moggallāna, did you encompass the godling Kakudha’s mind, and know that ","html":"<p>{}"},"an5.100:5.2":{"pli":"‘yaṃ kiñci kakudho devaputto bhāsati sabbaṃ taṃ tatheva hoti, no aññathā’”ti? ","eng":"everything he says is correct and not otherwise?” ","html":"{}</p>"},"an5.100:5.3":{"pli":"“Cetasā ceto paricca vidito me, bhante, kakudho devaputto: ","eng":"“Indeed I did, sir.” ","html":"<p>{}"},"an5.100:5.4":{"pli":"‘yaṃ kiñci kakudho devaputto bhāsati sabbaṃ taṃ tatheva hoti, no aññathā’”ti. ","html":"{}</p>"},"an5.100:5.5":{"pli":"“Rakkhassetaṃ, moggallāna, vācaṃ. ","eng":"“Mark these words, Moggallāna! ","html":"<p>{}"},"an5.100:5.6":{"pli":"Rakkhassetaṃ, moggallāna, vācaṃ. ","eng":"Mark these words! ","html":"{}"},"an5.100:5.7":{"pli":"Idāni so moghapuriso attanāva attānaṃ pātukarissati. ","eng":"Now that futile man Devadatta will expose himself by his own deeds. ","html":"{}</p>"},"an5.100:6.1":{"pli":"Pañcime, moggallāna, satthāro santo saṃvijjamānā lokasmiṃ. ","eng":"Moggallāna, there are these five teachers found in the world. ","html":"<p>{}"},"an5.100:6.2":{"pli":"Katame pañca? ","eng":"What five? ","html":"{}</p>"},"an5.100:6.3":{"pli":"Idha, moggallāna, ekacco satthā aparisuddhasīlo samāno ‘parisuddhasīlomhī’ti paṭijānāti ‘parisuddhaṃ me sīlaṃ pariyodātaṃ asaṅkiliṭṭhan’ti. ","eng":"Firstly, some teacher with impure conduct claims: ‘I am pure in ethics. My ethical conduct is pure, bright, uncorrupted.’ ","html":"<p data-counter='1'>{}"},"an5.100:6.4":{"pli":"Tamenaṃ sāvakā evaṃ jānanti: ","eng":"But their disciples know: ","html":"{}"},"an5.100:6.5":{"pli":"‘ayaṃ kho bhavaṃ satthā aparisuddhasīlo samāno parisuddhasīlomhī’ti paṭijānāti ‘parisuddhaṃ me sīlaṃ pariyodātaṃ asaṅkiliṭṭhan’ti. ","eng":"‘This teacher has impure ethical conduct, but claims to be ethically pure. ","html":"{}"},"an5.100:6.6":{"pli":"Mayañceva kho pana gihīnaṃ āroceyyāma, nāssassa manāpaṃ. ","eng":"They wouldn’t like it if we were to tell the laypeople. ","html":"{}"},"an5.100:6.7":{"pli":"Yaṃ kho panassa amanāpaṃ, kathaṃ naṃ mayaṃ tena samudācareyyāma: ","eng":"And how could we treat them in a way that they don’t like? ","html":"{}"},"an5.100:6.8":{"pli":"‘sammannati kho pana cīvarapiṇḍapātasenāsanagilānappaccayabhesajjaparikkhārena; ","eng":"But they consent to robes, almsfood, lodgings, and medicines and supplies for the sick. ","html":"{}"},"an5.100:6.9":{"pli":"yaṃ tumo karissati tumova tena paññāyissatī’ti. ","eng":"They themselves will be recognized by their own deeds.’ ","html":"{}"},"an5.100:6.10":{"pli":"Evarūpaṃ kho, moggallāna, satthāraṃ sāvakā sīlato rakkhanti; ","eng":"The disciples of such a teacher cover up their teacher’s conduct, ","html":"{}"},"an5.100:6.11":{"pli":"evarūpo ca pana satthā sāvakehi sīlato rakkhaṃ paccāsīsati. ","eng":"and the teacher expects them to do so. ","html":"{}</p>"},"an5.100:7.1":{"pli":"Puna caparaṃ, moggallāna, idhekacco satthā aparisuddhājīvo samāno ‘parisuddhājīvomhī’ti paṭijānāti ‘parisuddho me ājīvo pariyodāto asaṅkiliṭṭho’ti. ","eng":"Furthermore, some teacher with impure livelihood claims: ‘I am pure in livelihood. My livelihood is pure, bright, uncorrupted.’ ","html":"<p data-counter='2'>{}"},"an5.100:7.2":{"pli":"Tamenaṃ sāvakā evaṃ jānanti: ","eng":"But their disciples know: ","html":"{}"},"an5.100:7.3":{"pli":"‘ayaṃ kho bhavaṃ satthā aparisuddhājīvo samāno parisuddhājīvomhī’ti paṭijānāti ‘parisuddho me ājīvo pariyodāto asaṅkiliṭṭho’ti. ","eng":"‘This teacher has impure livelihood, but claims to have pure livelihood. ","html":"{}"},"an5.100:7.4":{"pli":"Mayañceva kho pana gihīnaṃ āroceyyāma, nāssassa manāpaṃ. ","eng":"They wouldn’t like it if we were to tell the laypeople. ","html":"{}"},"an5.100:7.5":{"pli":"Yaṃ kho panassa amanāpaṃ, kathaṃ naṃ mayaṃ tena samudācareyyāma: ","eng":"And how could we treat them in a way that they don’t like? ","html":"{}"},"an5.100:7.6":{"pli":"‘sammannati kho pana cīvarapiṇḍapātasenāsanagilānappaccayabhesajjaparikkhārena; ","eng":"But they consent to robes, almsfood, lodgings, and medicines and supplies for the sick. ","html":"{}"},"an5.100:7.7":{"pli":"yaṃ tumo karissati tumova tena paññāyissatī’ti. ","eng":"They themselves will be recognized by their own deeds.’ ","html":"{}"},"an5.100:7.8":{"pli":"Evarūpaṃ kho, moggallāna, satthāraṃ sāvakā ājīvato rakkhanti; ","eng":"The disciples of such a teacher cover up their teacher’s livelihood, ","html":"{}"},"an5.100:7.9":{"pli":"evarūpo ca pana satthā sāvakehi ājīvato rakkhaṃ paccāsīsati. ","eng":"and the teacher expects them to do so. ","html":"{}</p>"},"an5.100:8.1":{"pli":"Puna caparaṃ, moggallāna, idhekacco satthā aparisuddhadhammadesano samāno ‘parisuddhadhammadesanomhī’ti paṭijānāti ‘parisuddhā me dhammadesanā pariyodātā asaṅkiliṭṭhā’ti. ","eng":"Furthermore, some teacher with impure teaching claims: ‘I am pure in teaching. My teaching is pure, bright, uncorrupted.’ ","html":"<p data-counter='3'>{}"},"an5.100:8.2":{"pli":"Tamenaṃ sāvakā evaṃ jānanti: ","eng":"But their disciples know: ","html":"{}"},"an5.100:8.3":{"pli":"‘ayaṃ kho bhavaṃ satthā aparisuddhadhammadesano samāno parisuddhadhammadesanomhī’ti paṭijānāti ‘parisuddhā me dhammadesanā pariyodātā asaṅkiliṭṭhā’ti. ","eng":"‘This teacher has impure teaching, but claims to have pure teaching. ","html":"{}"},"an5.100:8.4":{"pli":"Mayañceva kho pana gihīnaṃ āroceyyāma, nāssassa manāpaṃ. ","eng":"They wouldn’t like it if we were to tell the laypeople. ","html":"{}"},"an5.100:8.5":{"pli":"Yaṃ kho panassa amanāpaṃ, kathaṃ naṃ mayaṃ tena samudācareyyāma: ","eng":"And how could we treat them in a way that they don’t like? ","html":"{}"},"an5.100:8.6":{"pli":"‘sammannati kho pana cīvarapiṇḍapātasenāsanagilānappaccayabhesajjaparikkhārena; ","eng":"But they consent to robes, almsfood, lodgings, and medicines and supplies for the sick. ","html":"{}"},"an5.100:8.7":{"pli":"yaṃ tumo karissati tumova tena paññāyissatī’ti. ","eng":"They themselves will be recognized by their own deeds.’ ","html":"{}"},"an5.100:8.8":{"pli":"Evarūpaṃ kho, moggallāna, satthāraṃ sāvakā dhammadesanato rakkhanti; ","eng":"The disciples of such a teacher cover up their teacher’s teaching, ","html":"{}"},"an5.100:8.9":{"pli":"evarūpo ca pana satthā sāvakehi dhammadesanato rakkhaṃ paccāsīsati. ","eng":"and the teacher expects them to do so. ","html":"{}</p>"},"an5.100:9.1":{"pli":"Puna caparaṃ, moggallāna, idhekacco satthā aparisuddhaveyyākaraṇo samāno ‘parisuddhaveyyākaraṇomhī’ti paṭijānāti ‘parisuddhaṃ me veyyākaraṇaṃ pariyodātaṃ asaṅkiliṭṭhan’ti. ","eng":"Furthermore, some teacher with impure answers claims: ‘I am pure in how I answer. My answers are pure, bright, uncorrupted.’ ","html":"<p data-counter='4'>{}"},"an5.100:9.2":{"pli":"Tamenaṃ sāvakā evaṃ jānanti: ","eng":"But their disciples know: ","html":"{}"},"an5.100:9.3":{"pli":"‘ayaṃ kho bhavaṃ satthā aparisuddhaveyyākaraṇo samāno parisuddhaveyyākaraṇomhī’ti paṭijānāti ‘parisuddhaṃ me veyyākaraṇaṃ pariyodātaṃ asaṅkiliṭṭhan’ti. ","eng":"‘This teacher has impure answers, but claims to have pure answers. ","html":"{}"},"an5.100:9.4":{"pli":"Mayañceva kho pana gihīnaṃ āroceyyāma, nāssassa manāpaṃ. ","eng":"They wouldn’t like it if we were to tell the laypeople. ","html":"{}"},"an5.100:9.5":{"pli":"Yaṃ kho panassa amanāpaṃ, kathaṃ naṃ mayaṃ tena samudācareyyāma: ","eng":"And how could we treat them in a way that they don’t like? ","html":"{}"},"an5.100:9.6":{"pli":"‘sammannati kho pana cīvarapiṇḍapātasenāsanagilānappaccayabhesajjaparikkhārena; ","eng":"But they consent to robes, almsfood, lodgings, and medicines and supplies for the sick. ","html":"{}"},"an5.100:9.7":{"pli":"yaṃ tumo karissati tumova tena paññāyissatī’ti. ","eng":"They themselves will be recognized by their own deeds.’ ","html":"{}"},"an5.100:9.8":{"pli":"Evarūpaṃ kho, moggallāna, satthāraṃ sāvakā veyyākaraṇato rakkhanti; ","eng":"The disciples of such a teacher cover up their teacher’s answers, ","html":"{}"},"an5.100:9.9":{"pli":"evarūpo ca pana satthā sāvakehi veyyākaraṇato rakkhaṃ paccāsīsati. ","eng":"and the teacher expects them to do so. ","html":"{}</p>"},"an5.100:10.1":{"pli":"Puna caparaṃ, moggallāna, idhekacco satthā aparisuddhañāṇadassano samāno ‘parisuddhañāṇadassanomhī’ti paṭijānāti ‘parisuddhaṃ me ñāṇadassanaṃ pariyodātaṃ asaṅkiliṭṭhan’ti. ","eng":"Furthermore, some teacher with impure knowledge and vision claims: ‘I am pure in knowledge and vision. My knowledge and vision are pure, bright, uncorrupted.’ ","html":"<p data-counter='5'>{}"},"an5.100:10.2":{"pli":"Tamenaṃ sāvakā evaṃ jānanti: ","eng":"But their disciples know: ","html":"{}"},"an5.100:10.3":{"pli":"‘ayaṃ kho bhavaṃ satthā aparisuddhañāṇadassano samāno parisuddhañāṇadassanomhī’ti paṭijānāti ‘parisuddhaṃ me ñāṇadassanaṃ pariyodātaṃ asaṅkiliṭṭhan’ti. ","eng":"‘This teacher has impure knowledge and vision, but claims to have pure knowledge and vision. ","html":"{}"},"an5.100:10.4":{"pli":"Mayañceva kho pana gihīnaṃ āroceyyāma, nāssassa manāpaṃ. ","eng":"They wouldn’t like it if we were to tell the laypeople. ","html":"{}"},"an5.100:10.5":{"pli":"Yaṃ kho panassa amanāpaṃ, kathaṃ naṃ mayaṃ tena samudācareyyāma: ","eng":"And how could we treat them in a way that they don’t like? ","html":"{}"},"an5.100:10.6":{"pli":"‘sammannati kho pana cīvarapiṇḍapātasenāsanagilānappaccayabhesajjaparikkhārena; ","eng":"But they consent to robes, almsfood, lodgings, and medicines and supplies for the sick. ","html":"{}"},"an5.100:10.7":{"pli":"yaṃ tumo karissati tumova tena paññāyissatī’ti. ","eng":"They themselves will be recognized by their own deeds.’ ","html":"{}"},"an5.100:10.8":{"pli":"Evarūpaṃ kho, moggallāna, satthāraṃ sāvakā ñāṇadassanato rakkhanti; ","eng":"The disciples of such a teacher cover up their teacher’s knowledge and vision, ","html":"{}"},"an5.100:10.9":{"pli":"evarūpo ca pana satthā sāvakehi ñāṇadassanato rakkhaṃ paccāsīsati. ","eng":"and the teacher expects them to do so. ","html":"{}"},"an5.100:10.10":{"pli":"Ime kho, moggallāna, pañca satthāro santo saṃvijjamānā lokasmiṃ. ","eng":"These are the five teachers found in the world. ","html":"{}</p>"},"an5.100:11.1":{"pli":"Ahaṃ kho pana, moggallāna, parisuddhasīlo samāno ‘parisuddhasīlomhī’ti paṭijānāmi ‘parisuddhaṃ me sīlaṃ pariyodātaṃ asaṅkiliṭṭhan’ti. ","eng":"But Moggallāna, I have pure ethical conduct, and I claim: ‘I am pure in ethical conduct. My ethical conduct is pure, bright, uncorrupted.’ ","html":"<p>{}"},"an5.100:11.2":{"pli":"Na ca maṃ sāvakā sīlato rakkhanti, na cāhaṃ sāvakehi sīlato rakkhaṃ paccāsīsāmi. ","eng":"My disciples don’t cover up my conduct, and I don’t expect them to. ","html":"{}"},"an5.100:11.3":{"pli":"Parisuddhājīvo samāno ‘parisuddhājīvomhī’ti paṭijānāmi ‘parisuddho me ājīvo pariyodāto asaṅkiliṭṭho’ti. ","eng":"I have pure livelihood, and I claim: ‘I am pure in livelihood. My livelihood is pure, bright, uncorrupted.’ ","html":"{}"},"an5.100:11.4":{"pli":"Na ca maṃ sāvakā ājīvato rakkhanti, na cāhaṃ sāvakehi ājīvato rakkhaṃ paccāsīsāmi. ","eng":"My disciples don’t cover up my livelihood, and I don’t expect them to. ","html":"{}"},"an5.100:11.5":{"pli":"Parisuddhadhammadesano samāno ‘parisuddhadhammadesanomhī’ti paṭijānāmi ‘parisuddhā me dhammadesanā pariyodātā asaṅkiliṭṭhā’ti. ","eng":"I have pure teaching, and I claim: ‘I am pure in teaching. My teaching is pure, bright, uncorrupted.’ ","html":"{}"},"an5.100:11.6":{"pli":"Na ca maṃ sāvakā dhammadesanato rakkhanti, na cāhaṃ sāvakehi dhammadesanato rakkhaṃ paccāsīsāmi. ","eng":"My disciples don’t cover up my teaching, and I don’t expect them to. ","html":"{}"},"an5.100:11.7":{"pli":"Parisuddhaveyyākaraṇo samāno ‘parisuddhaveyyākaraṇomhī’ti paṭijānāmi ‘parisuddhaṃ me veyyākaraṇaṃ pariyodātaṃ asaṅkiliṭṭhan’ti. ","eng":"I have pure answers, and I claim: ‘I am pure in how I answer. My answers are pure, bright, uncorrupted.’ ","html":"{}"},"an5.100:11.8":{"pli":"Na ca maṃ sāvakā veyyākaraṇato rakkhanti, na cāhaṃ sāvakehi veyyākaraṇato rakkhaṃ paccāsīsāmi. ","eng":"My disciples don’t cover up my answers, and I don’t expect them to. ","html":"{}"},"an5.100:11.9":{"pli":"Parisuddhañāṇadassano samāno ‘parisuddhañāṇadassanomhī’ti paṭijānāmi ‘parisuddhaṃ me ñāṇadassanaṃ pariyodātaṃ asaṅkiliṭṭhan’ti. ","eng":"I have pure knowledge and vision, and I claim: ‘I am pure in knowledge and vision. My knowledge and vision are pure, bright, uncorrupted.’ ","html":"{}"},"an5.100:11.10":{"pli":"Na ca maṃ sāvakā ñāṇadassanato rakkhanti, na cāhaṃ sāvakehi ñāṇadassanato rakkhaṃ paccāsīsāmī”ti. ","eng":"My disciples don’t cover up my knowledge and vision, and I don’t expect them to.” ","html":"{}</p>"},"an5.100:11.11":{"pli":"Dasamaṃ. ","html":"<p class='endsutta'>{}</p>"},"an5.100:11.12":{"pli":"Kakudhavaggo pañcamo. ","html":"<p class='endvagga'>{}</p>"},"an5.100:12.0":{"pli":"Tassuddānaṃ ","html":"<p class='uddana-intro'>{}</p>"},"an5.100:12.1":{"pli":"Dve sampadā byākaraṇaṃ, ","html":"<blockquote class='uddanagatha'><p><span class='verse-line'>{}</span>"},"an5.100:12.2":{"pli":"phāsu akuppapañcamaṃ; ","html":"<span class='verse-line'>{}</span>"},"an5.100:12.3":{"pli":"Sutaṃ kathā āraññako, ","html":"<span class='verse-line'>{}</span>"},"an5.100:12.4":{"pli":"sīho ca kakudho dasāti. ","html":"<span class='verse-line'>{}</span></p></blockquote>"},"an5.100:12.5":{"pli":"Dutiyo paṇṇāsako samatto. ","html":"<p class='endbook'>{}</p></article>"}},"an5.101":{"an5.101:0.1":{"pli":"Aṅguttara Nikāya 5.101 ","eng":"Numbered Discourses 5.101 ","html":"<article id='an5.101'><header><ul><li class='division'>{}</li>"},"an5.101:0.2":{"pli":"11. Phāsuvihāravagga ","eng":"11. Living Comfortably ","html":"<li>{}</li></ul>"},"an5.101:0.3":{"pli":"Sārajjasutta ","eng":"Assurance ","html":"<h1 class='sutta-title'>{}</h1></header>"},"an5.101:1.1":{"pli":"“Pañcime, bhikkhave, sekhavesārajjakaraṇā dhammā. ","eng":"“Mendicants, these five qualities make a trainee assured. ","html":"<p>{}"},"an5.101:1.2":{"pli":"Katame pañca? ","eng":"What five? ","html":"{}"},"an5.101:1.3":{"pli":"Idha, bhikkhave, bhikkhu saddho hoti, sīlavā hoti, bahussuto hoti, āraddhavīriyo hoti, paññavā hoti. ","eng":"It’s when a mendicant is faithful, ethical, learned, energetic, and wise. ","html":"{}</p>"},"an5.101:2.1":{"pli":"Yaṃ, bhikkhave, assaddhassa sārajjaṃ hoti, saddhassa taṃ sārajjaṃ na hoti. ","eng":"A person of faith doesn’t have the insecurities of someone who lacks faith. ","html":"<p>{}"},"an5.101:2.2":{"pli":"Tasmāyaṃ dhammo sekhavesārajjakaraṇo. ","eng":"So this quality makes a trainee assured. ","html":"{}</p>"},"an5.101:3.1":{"pli":"Yaṃ, bhikkhave, dussīlassa sārajjaṃ hoti, sīlavato taṃ sārajjaṃ na hoti. ","eng":"An ethical person doesn’t have the insecurities of someone who is unethical. ","html":"<p>{}"},"an5.101:3.2":{"pli":"Tasmāyaṃ dhammo sekhavesārajjakaraṇo. ","eng":"So this quality makes a trainee assured. ","html":"{}</p>"},"an5.101:4.1":{"pli":"Yaṃ, bhikkhave, appassutassa sārajjaṃ hoti, bahussutassa taṃ sārajjaṃ na hoti. ","eng":"A learned person doesn’t have the insecurities of a person of little learning. ","html":"<p>{}"},"an5.101:4.2":{"pli":"Tasmāyaṃ dhammo sekhavesārajjakaraṇo. ","eng":"So this quality makes a trainee assured. ","html":"{}</p>"},"an5.101:5.1":{"pli":"Yaṃ, bhikkhave, kusītassa sārajjaṃ hoti, āraddhavīriyassa taṃ sārajjaṃ na hoti. ","eng":"An energetic person doesn’t have the insecurities of a lazy person. ","html":"<p>{}"},"an5.101:5.2":{"pli":"Tasmāyaṃ dhammo sekhavesārajjakaraṇo. ","eng":"So this quality makes a trainee assured. ","html":"{}</p>"},"an5.101:6.1":{"pli":"Yaṃ, bhikkhave, duppaññassa sārajjaṃ hoti, paññavato taṃ sārajjaṃ na hoti. ","eng":"A wise person doesn’t have the insecurities of someone who is witless. ","html":"<p>{}"},"an5.101:6.2":{"pli":"Tasmāyaṃ dhammo sekhavesārajjakaraṇo. ","eng":"So this quality makes a trainee assured. ","html":"{}</p>"},"an5.101:6.3":{"pli":"Ime kho, bhikkhave, pañca sekhavesārajjakaraṇā dhammā”ti. ","eng":"These are the five qualities that make a trainee assured.” ","html":"<p>{}</p>"},"an5.101:6.4":{"pli":"Paṭhamaṃ. ","html":"<p class='endsutta'>{}</p></article>"}},"an5.102":{"an5.102:0.1":{"pli":"Aṅguttara Nikāya 5.102 ","eng":"Numbered Discourses 5.102 ","html":"<article id='an5.102'><header><ul><li class='division'>{}</li>"},"an5.102:0.2":{"pli":"11. Phāsuvihāravagga ","eng":"11. Living Comfortably ","html":"<li>{}</li></ul>"},"an5.102:0.3":{"pli":"Ussaṅkitasutta ","eng":"Suspected ","html":"<h1 class='sutta-title'>{}</h1></header>"},"an5.102:1.1":{"pli":"“Pañcahi, bhikkhave, dhammehi samannāgato bhikkhu ussaṅkitaparisaṅkito hoti pāpabhikkhūti api akuppadhammopi. ","eng":"“Mendicants, even if a monk is of impeccable character, he might be suspected and distrusted as a ‘bad monk’ for five reasons. ","html":"<p>{}</p>"},"an5.102:2.1":{"pli":"Katamehi pañcahi? ","eng":"What five? ","html":"<p>{}"},"an5.102:2.2":{"pli":"Idha, bhikkhave, bhikkhu vesiyāgocaro vā hoti, vidhavāgocaro vā hoti, thullakumārikāgocaro vā hoti, paṇḍakagocaro vā hoti, bhikkhunīgocaro vā hoti. ","eng":"It’s when a monk resorts to prostitutes, widows, voluptuous girls, eunuchs, or nuns for alms. ","html":"{}</p>"},"an5.102:3.1":{"pli":"Imehi kho, bhikkhave, pañcahi dhammehi samannāgato bhikkhu ussaṅkitaparisaṅkito hoti pāpabhikkhūti api akuppadhammopī”ti. ","eng":"Even if a monk is of impeccable character, he might be suspected and distrusted as a ‘bad monk’ for these five reasons.” ","html":"<p>{}</p>"},"an5.102:3.2":{"pli":"Dutiyaṃ. ","html":"<p class='endsutta'>{}</p></article>"}},"an5.103":{"an5.103:0.1":{"pli":"Aṅguttara Nikāya 5.103 ","eng":"Numbered Discourses 5.103 ","html":"<article id='an5.103'><header><ul><li class='division'>{}</li>"},"an5.103:0.2":{"pli":"11. Phāsuvihāravagga ","eng":"11. Living Comfortably ","html":"<li>{}</li></ul>"},"an5.103:0.3":{"pli":"Mahācorasutta ","eng":"A Master Thief ","html":"<h1 class='sutta-title'>{}</h1></header>"},"an5.103:1.1":{"pli":"“Pañcahi, bhikkhave, aṅgehi samannāgato mahācoro sandhimpi chindati, nillopampi harati, ekāgārikampi karoti, paripanthepi tiṭṭhati. ","eng":"“Mendicants, a master thief with five factors breaks into houses, plunders wealth, steals from isolated buildings, and commits highway robbery. ","html":"<p>{}"},"an5.103:1.2":{"pli":"Katamehi pañcahi? ","eng":"What five? ","html":"{}"},"an5.103:1.3":{"pli":"Idha, bhikkhave, mahācoro visamanissito ca hoti, gahananissito ca, balavanissito ca, bhogacāgī ca, ekacārī ca. ","eng":"A master thief relies on rough ground, on thick cover, and on the powerful; they pay bribes, and they act alone. ","html":"{}</p>"},"an5.103:2.1":{"pli":"Kathañca, bhikkhave, mahācoro visamanissito hoti? ","eng":"And how does a master thief rely on rough ground? ","html":"<p>{}"},"an5.103:2.2":{"pli":"Idha, bhikkhave, mahācoro nadīviduggaṃ vā nissito hoti pabbatavisamaṃ vā. ","eng":"It’s when a master thief relies on inaccessible riverlands or rugged mountains. ","html":"{}"},"an5.103:2.3":{"pli":"Evaṃ kho, bhikkhave, mahācoro visamanissito hoti. ","eng":"That’s how a master thief relies on rough ground. ","html":"{}</p>"},"an5.103:3.1":{"pli":"Kathañca, bhikkhave, mahācoro gahananissito hoti? ","eng":"And how does a master thief rely on thick cover? ","html":"<p>{}"},"an5.103:3.2":{"pli":"Idha, bhikkhave, mahācoro tiṇagahanaṃ vā nissito hoti rukkhagahanaṃ vā rodhaṃ vā mahāvanasaṇḍaṃ vā. ","eng":"It’s when a master thief relies on thick grass, thick trees, a blind spot, or a large forest grove. ","html":"{}"},"an5.103:3.3":{"pli":"Evaṃ kho, bhikkhave, mahācoro gahananissito hoti. ","eng":"That’s how a master thief relies on thick cover. ","html":"{}</p>"},"an5.103:4.1":{"pli":"Kathañca, bhikkhave, mahācoro balavanissito hoti? ","eng":"And how does a master thief rely on the powerful? ","html":"<p>{}"},"an5.103:4.2":{"pli":"Idha, bhikkhave, mahācoro rājānaṃ vā rājamahāmattānaṃ vā nissito hoti. ","eng":"It’s when a master thief relies on rulers or their chief ministers. ","html":"{}"},"an5.103:4.3":{"pli":"Tassa evaṃ hoti: ","eng":"They think: ","html":"{}"},"an5.103:4.4":{"pli":"‘sace maṃ koci kiñci vakkhati, ime me rājāno vā rājamahāmattā vā pariyodhāya atthaṃ bhaṇissantī’ti. ","eng":"‘If anyone accuses me of anything, these rulers or their chief ministers will speak in my defense in the case.’ ","html":"{}"},"an5.103:4.5":{"pli":"Sace naṃ koci kiñci āha, tyassa rājāno vā rājamahāmattā vā pariyodhāya atthaṃ bhaṇanti. ","eng":"And that’s exactly what happens. ","html":"{}"},"an5.103:4.6":{"pli":"Evaṃ kho, bhikkhave, mahācoro balavanissito hoti. ","eng":"That’s how a master thief relies on the powerful. ","html":"{}</p>"},"an5.103:5.1":{"pli":"Kathañca, bhikkhave, mahācoro bhogacāgī hoti? ","eng":"And how does a master thief pay bribes? ","html":"<p>{}"},"an5.103:5.2":{"pli":"Idha, bhikkhave, mahācoro aḍḍho hoti mahaddhano mahābhogo. ","eng":"It’s when a master thief is rich, affluent, and wealthy. ","html":"{}"},"an5.103:5.3":{"pli":"Tassa evaṃ hoti: ","eng":"They think: ","html":"{}"},"an5.103:5.4":{"pli":"‘sace maṃ koci kiñci vakkhati, ito bhogena paṭisantharissāmī’ti. ","eng":"‘If anyone accuses me of anything, I’ll settle it with a bribe.’ ","html":"{}"},"an5.103:5.5":{"pli":"Sace naṃ koci kiñci āha, tato bhogena paṭisantharati. ","eng":"And that’s exactly what happens. ","html":"{}"},"an5.103:5.6":{"pli":"Evaṃ kho, bhikkhave, mahācoro bhogacāgī hoti. ","eng":"That’s how a master thief pays bribes. ","html":"{}</p>"},"an5.103:6.1":{"pli":"Kathañca, bhikkhave, mahācoro ekacārī hoti? ","eng":"And how does a master thief act alone? ","html":"<p>{}"},"an5.103:6.2":{"pli":"Idha, bhikkhave, mahācoro ekakova gahaṇāni kattā hoti. ","eng":"It’s when a master thief carries out robbery all alone. ","html":"{}"},"an5.103:6.3":{"pli":"Taṃ kissa hetu? ","eng":"Why is that? ","html":"{}"},"an5.103:6.4":{"pli":"‘Mā me guyhamantā bahiddhā sambhedaṃ agamaṃsū’ti. ","eng":"So that their secret plans are not leaked to others. ","html":"{}"},"an5.103:6.5":{"pli":"Evaṃ kho, bhikkhave, mahācoro ekacārī hoti. ","eng":"That’s how a master thief acts alone. ","html":"{}</p>"},"an5.103:7.1":{"pli":"Imehi kho, bhikkhave, pañcahaṅgehi samannāgato mahācoro sandhimpi chindati nillopampi harati ekāgārikampi karoti paripanthepi tiṭṭhati. ","eng":"A master thief with these five factors breaks into houses, plunders wealth, steals from isolated buildings, and commits highway robbery. ","html":"<p>{}</p>"},"an5.103:8.1":{"pli":"Evamevaṃ kho, bhikkhave, pañcahi dhammehi samannāgato pāpabhikkhu khataṃ upahataṃ attānaṃ pariharati, sāvajjo ca hoti sānuvajjo viññūnaṃ, bahuñca apuññaṃ pasavati. ","eng":"In the same way, when a bad mendicant has five qualities, they keep themselves broken and damaged. They deserve to be blamed and criticized by sensible people, and they brim with much wickedness. ","html":"<p>{}"},"an5.103:8.2":{"pli":"Katamehi pañcahi? ","eng":"What five? ","html":"{}"},"an5.103:8.3":{"pli":"Idha, bhikkhave, pāpabhikkhu visamanissito ca hoti, gahananissito ca, balavanissito ca, bhogacāgī ca, ekacārī ca. ","eng":"A bad mendicant relies on rough ground, on thick cover, and on the powerful; they pay bribes, and they act alone. ","html":"{}</p>"},"an5.103:9.1":{"pli":"Kathañca, bhikkhave, pāpabhikkhu visamanissito hoti? ","eng":"And how does a bad mendicant rely on rough ground? ","html":"<p>{}"},"an5.103:9.2":{"pli":"Idha, bhikkhave, pāpabhikkhu visamena kāyakammena samannāgato hoti, visamena vacīkammena samannāgato hoti, visamena manokammena samannāgato hoti. ","eng":"It’s when a bad mendicant has unethical conduct by way of body, speech, and mind. ","html":"{}"},"an5.103:9.3":{"pli":"Evaṃ kho, bhikkhave, pāpabhikkhu visamanissito hoti. ","eng":"That’s how a bad mendicant relies on rough ground. ","html":"{}</p>"},"an5.103:10.1":{"pli":"Kathañca, bhikkhave, pāpabhikkhu gahananissito hoti? ","eng":"And how does a bad mendicant rely on thick cover? ","html":"<p>{}"},"an5.103:10.2":{"pli":"Idha, bhikkhave, pāpabhikkhu micchādiṭṭhiko hoti antaggāhikāya diṭṭhiyā samannāgato. ","eng":"It’s when a bad mendicant has wrong view, he’s attached to an extremist view. ","html":"{}"},"an5.103:10.3":{"pli":"Evaṃ kho, bhikkhave, pāpabhikkhu gahananissito hoti. ","eng":"That’s how a bad mendicant relies on thick cover. ","html":"{}</p>"},"an5.103:11.1":{"pli":"Kathañca, bhikkhave, pāpabhikkhu balavanissito hoti? ","eng":"And how does a bad mendicant rely on the powerful? ","html":"<p>{}"},"an5.103:11.2":{"pli":"Idha, bhikkhave, pāpabhikkhu rājānaṃ vā rājamahāmattānaṃ vā nissito hoti. ","eng":"It’s when a bad mendicant relies on rulers or their chief ministers. ","html":"{}"},"an5.103:11.3":{"pli":"Tassa evaṃ hoti: ","eng":"They think: ","html":"{}"},"an5.103:11.4":{"pli":"‘sace maṃ koci kiñci vakkhati, ime me rājāno vā rājamahāmattā vā pariyodhāya atthaṃ bhaṇissantī’ti. ","eng":"‘If anyone accuses me of anything, these rulers or their chief ministers will speak in my defense in the case.’ ","html":"{}"},"an5.103:11.5":{"pli":"Sace naṃ koci kiñci āha, tyassa rājāno vā rājamahāmattā vā pariyodhāya atthaṃ bhaṇanti. ","eng":"And that’s exactly what happens. ","html":"{}"},"an5.103:11.6":{"pli":"Evaṃ kho, bhikkhave, pāpabhikkhu balavanissito hoti. ","eng":"That’s how a bad mendicant relies on the powerful. ","html":"{}</p>"},"an5.103:12.1":{"pli":"Kathañca, bhikkhave, pāpabhikkhu bhogacāgī hoti? ","eng":"And how does a bad mendicant pay bribes? ","html":"<p>{}"},"an5.103:12.2":{"pli":"Idha, bhikkhave, pāpabhikkhu lābhī hoti cīvarapiṇḍapātasenāsanagilānappaccayabhesajjaparikkhārānaṃ. ","eng":"It’s when a bad mendicant receives robes, almsfood, lodgings, and medicines and supplies for the sick. ","html":"{}"},"an5.103:12.3":{"pli":"Tassa evaṃ hoti: ","eng":"They think: ","html":"{}"},"an5.103:12.4":{"pli":"‘sace maṃ koci kiñci vakkhati, ito lābhena paṭisantharissāmī’ti. ","eng":"‘If anyone accuses me of anything, I’ll settle it with a bribe.’ ","html":"{}"},"an5.103:12.5":{"pli":"Sace naṃ koci kiñci āha, tato lābhena paṭisantharati. ","eng":"And that’s exactly what happens. ","html":"{}"},"an5.103:12.6":{"pli":"Evaṃ kho, bhikkhave, pāpabhikkhu bhogacāgī hoti. ","eng":"That’s how a bad mendicant pays bribes. ","html":"{}</p>"},"an5.103:13.1":{"pli":"Kathañca, bhikkhave, pāpabhikkhu ekacārī hoti? ","eng":"And how does a bad mendicant act alone? ","html":"<p>{}"},"an5.103:13.2":{"pli":"Idha, bhikkhave, pāpabhikkhu ekakova paccantimesu janapadesu nivāsaṃ kappeti. ","eng":"It’s when a bad mendicant dwells alone in the borderlands. ","html":"{}"},"an5.103:13.3":{"pli":"So tattha kulāni upasaṅkamanto lābhaṃ labhati. ","eng":"They visit families there to acquire material things. ","html":"{}"},"an5.103:13.4":{"pli":"Evaṃ kho, bhikkhave, pāpabhikkhu ekacārī hoti. ","eng":"That’s how a bad mendicant acts alone. ","html":"{}</p>"},"an5.103:14.1":{"pli":"Imehi kho, bhikkhave, pañcahi dhammehi samannāgato pāpabhikkhu khataṃ upahataṃ attānaṃ pariharati, sāvajjo ca hoti sānuvajjo viññūnaṃ, bahuñca apuññaṃ pasavatī”ti. ","eng":"When a bad mendicant possesses these five qualities, they keep themselves broken and damaged. They deserve to be blamed and criticized by sensible people, and they create much wickedness.” ","html":"<p>{}</p>"},"an5.103:14.2":{"pli":"Tatiyaṃ. ","html":"<p class='endsutta'>{}</p></article>"}},"an5.104":{"an5.104:0.1":{"pli":"Aṅguttara Nikāya 5.104 ","eng":"Numbered Discourses 5.104 ","html":"<article id='an5.104'><header><ul><li class='division'>{}</li>"},"an5.104:0.2":{"pli":"11. Phāsuvihāravagga ","eng":"11. Living Comfortably ","html":"<li>{}</li></ul>"},"an5.104:0.3":{"pli":"Samaṇasukhumālasutta ","eng":"A Delicate Ascetic of Ascetics ","html":"<h1 class='sutta-title'>{}</h1></header>"},"an5.104:1.1":{"pli":"“Pañcahi, bhikkhave, dhammehi samannāgato bhikkhu samaṇesu samaṇasukhumālo hoti. ","eng":"“Mendicants, a mendicant with five qualities is a delicate ascetic of ascetics. ","html":"<p>{}</p>"},"an5.104:2.1":{"pli":"Katamehi pañcahi? ","eng":"What five? ","html":"<p>{}</p>"},"an5.104:2.2":{"pli":"Idha, bhikkhave, bhikkhu yācitova bahulaṃ cīvaraṃ paribhuñjati, appaṃ ayācito; yācitova bahulaṃ piṇḍapātaṃ paribhuñjati, appaṃ ayācito; yācitova bahulaṃ senāsanaṃ paribhuñjati, appaṃ ayācito; yācitova bahulaṃ gilānapaccayabhesajjaparikkhāraṃ paribhuñjati, appaṃ ayācito. ","eng":"It’s when a mendicant usually uses only what they’ve been invited to accept—robes, almsfood, lodgings, and medicines and supplies for the sick—rarely using them without invitation. ","html":"<p>{}</p>"},"an5.104:2.3":{"pli":"Yehi kho pana sabrahmacārīhi saddhiṃ viharati, tyassa manāpeneva bahulaṃ kāyakammena samudācaranti, appaṃ amanāpena; manāpeneva bahulaṃ vacīkammena samudācaranti, appaṃ amanāpena; manāpeneva bahulaṃ manokammena samudācaranti, appaṃ amanāpena; ","eng":"When living with other spiritual practitioners, they usually find themselves treated agreeably by them by way of body, speech, and mind, and rarely disagreeably. ","html":"<p>{}"},"an5.104:2.4":{"pli":"manāpaṃyeva upahāraṃ upaharanti, appaṃ amanāpaṃ. ","eng":"And they are usually presented with agreeable things by them, rarely with disagreeable ones. ","html":"{}</p>"},"an5.104:2.5":{"pli":"Yāni kho pana tāni vedayitāni pittasamuṭṭhānāni vā semhasamuṭṭhānāni vā vātasamuṭṭhānāni vā sannipātikāni vā utupariṇāmajāni vā visamaparihārajāni vā opakkamikāni vā kammavipākajāni vā, tānissa na bahudeva uppajjanti. ","eng":"They’re healthy, so the various unpleasant feelings—stemming from disorders of bile, phlegm, wind, or their conjunction; or caused by change in weather, by not taking care of themselves, by overexertion, or as the result of past deeds—usually don’t come up. ","html":"<p>{}</p>"},"an5.104:2.6":{"pli":"Appābādho hoti, catunnaṃ jhānānaṃ ābhicetasikānaṃ diṭṭhadhammasukhavihārānaṃ nikāmalābhī hoti akicchalābhī akasiralābhī, ","eng":"They get the four absorptions—blissful meditations in this life that belong to the higher mind—when they want, without trouble or difficulty. ","html":"<p>{}</p>"},"an5.104:2.7":{"pli":"āsavānaṃ khayā anāsavaṃ cetovimuttiṃ paññāvimuttiṃ diṭṭheva dhamme sayaṃ abhiññā sacchikatvā upasampajja viharati. ","eng":"And they realize the undefiled freedom of heart and freedom by wisdom in this very life. And they live having realized it with their own insight due to the ending of defilements. ","html":"<p>{}</p>"},"an5.104:2.8":{"pli":"Imehi kho, bhikkhave, pañcahi dhammehi samannāgato bhikkhu samaṇesu samaṇasukhumālo hoti. ","eng":"A mendicant with these five qualities is a delicate ascetic of ascetics. ","html":"<p>{}</p>"},"an5.104:3.1":{"pli":"Yañhi taṃ, bhikkhave, sammā vadamāno vadeyya: ‘samaṇesu samaṇasukhumālo’ti, mameva taṃ, bhikkhave, sammā vadamāno vadeyya: ‘samaṇesu samaṇasukhumālo’ti. ","eng":"And if anyone should be rightly called a delicate ascetic of ascetics, it’s me. ","html":"<p>{}"},"an5.104:3.2":{"pli":"Ahañhi, bhikkhave, yācitova bahulaṃ cīvaraṃ paribhuñjāmi, appaṃ ayācito; yācitova bahulaṃ piṇḍapātaṃ paribhuñjāmi, appaṃ ayācito; yācitova bahulaṃ senāsanaṃ paribhuñjāmi, appaṃ ayācito; yācitova bahulaṃ gilānapaccayabhesajjaparikkhāraṃ paribhuñjāmi, appaṃ ayācito. ","eng":"For I usually use only what I’ve been invited to accept. ","html":"{}"},"an5.104:3.3":{"pli":"Yehi kho pana bhikkhūhi saddhiṃ viharāmi, te maṃ manāpeneva bahulaṃ kāyakammena samudācaranti, appaṃ amanāpena; manāpeneva bahulaṃ vacīkammena samudācaranti, appaṃ amanāpena; manāpeneva bahulaṃ manokammena samudācaranti, appaṃ amanāpena; ","eng":"When living with other mendicants, I am usually treated agreeably by them. ","html":"{}"},"an5.104:3.4":{"pli":"manāpaṃyeva upahāraṃ upaharanti, appaṃ amanāpaṃ. ","eng":"And I usually present them with agreeable things. ","html":"{}"},"an5.104:3.5":{"pli":"Yāni kho pana tāni vedayitāni—pittasamuṭṭhānāni vā semhasamuṭṭhānāni vā vātasamuṭṭhānāni vā sannipātikāni vā utupariṇāmajāni vā visamaparihārajāni vā opakkamikāni vā kammavipākajāni vā—tāni me na bahudeva uppajjanti. Appābādhohamasmi. ","eng":"I’m healthy. ","html":"{}"},"an5.104:3.6":{"pli":"catunnaṃ kho panasmi jhānānaṃ ābhicetasikānaṃ diṭṭhadhammasukhavihārānaṃ nikāmalābhī akicchalābhī akasiralābhī, ","eng":"I get the four absorptions when I want, without trouble or difficulty. ","html":"{}"},"an5.104:3.7":{"pli":"āsavānaṃ khayā …pe… sacchikatvā upasampajja viharāmi. ","eng":"And I’ve realized the undefiled freedom of heart and freedom by wisdom in this very life. ","html":"{}"},"an5.104:4.1":{"pli":"Yañhi taṃ, bhikkhave, sammā vadamāno vadeyya: ‘samaṇesu samaṇasukhumālo’ti, mameva taṃ, bhikkhave, sammā vadamāno vadeyya: ‘samaṇesu samaṇasukhumālo’”ti. ","eng":"So if anyone should be rightly called a delicate ascetic of ascetics, it’s me.” ","html":"{}</p>"},"an5.104:4.2":{"pli":"Catutthaṃ. ","html":"<p class='endsutta'>{}</p></article>"}},"an5.105":{"an5.105:0.1":{"pli":"Aṅguttara Nikāya 5.105 ","eng":"Numbered Discourses 5.105 ","html":"<article id='an5.105'><header><ul><li class='division'>{}</li>"},"an5.105:0.2":{"pli":"11. Phāsuvihāravagga ","eng":"11. Living Comfortably ","html":"<li>{}</li></ul>"},"an5.105:0.3":{"pli":"Phāsuvihārasutta ","eng":"Living Comfortably ","html":"<h1 class='sutta-title'>{}</h1></header>"},"an5.105:1.1":{"pli":"“Pañcime, bhikkhave, phāsuvihārā. ","eng":"“Mendicants, there are these five ways of living comfortably. ","html":"<p>{}"},"an5.105:1.2":{"pli":"Katame pañca? ","eng":"What five? ","html":"{}</p>"},"an5.105:1.3":{"pli":"Idha, bhikkhave, bhikkhuno mettaṃ kāyakammaṃ paccupaṭṭhitaṃ hoti sabrahmacārīsu āvi ceva raho ca, mettaṃ vacīkammaṃ … mettaṃ manokammaṃ paccupaṭṭhitaṃ hoti sabrahmacārīsu āvi ceva raho ca. ","eng":"It’s when a mendicant consistently treats their spiritual companions with kindness by way of body, speech, and mind, both in public and in private. ","html":"<p>{}</p>"},"an5.105:1.4":{"pli":"Yāni tāni sīlāni akhaṇḍāni acchiddāni asabalāni akammāsāni bhujissāni viññuppasatthāni aparāmaṭṭhāni samādhisaṃvattanikāni, tathārūpehi sīlehi sīlasāmaññagato viharati sabrahmacārīhi āvi ceva raho ca. ","eng":"They live according to the precepts shared with their spiritual companions, both in public and in private. Those precepts are intact, impeccable, spotless, and unmarred, liberating, praised by sensible people, not mistaken, and leading to immersion. ","html":"<p>{}</p>"},"an5.105:1.5":{"pli":"Yāyaṃ diṭṭhi ariyā niyyānikā niyyāti takkarassa sammā dukkhakkhayāya, tathārūpāya diṭṭhiyā diṭṭhisāmaññagato viharati sabrahmacārīhi āvi ceva raho ca. ","eng":"They live according to the view shared with their spiritual companions, both in public and in private. That view is noble and emancipating, and brings one who practices it to the complete ending of suffering. ","html":"<p>{}</p>"},"an5.105:1.6":{"pli":"Ime kho, bhikkhave, pañca phāsuvihārā”ti. ","eng":"These are the five ways of living comfortably.” ","html":"<p>{}</p>"},"an5.105:1.7":{"pli":"Pañcamaṃ. ","html":"<p class='endsutta'>{}</p></article>"}}}