{"an7.76":{"an7.76:0.1":{"pli":"Aṅguttara Nikāya 7.76 ","eng":"Numbered Discourses 7.76 ","html":"<article id='an7.76'><header><ul><li class='division'>{}</li>"},"an7.76:0.2":{"pli":"8. Vinayavagga ","eng":"8. The Monastic Law ","html":"<li>{}</li></ul>"},"an7.76:0.3":{"pli":"Dutiyavinayadharasutta ","eng":"An Expert in the Monastic Law (2nd) ","html":"<h1 class='sutta-title'>{}</h1></header>"},"an7.76:1.1":{"pli":"“Sattahi, bhikkhave, dhammehi samannāgato bhikkhu vinayadharo hoti. ","eng":"“Mendicants, a mendicant with seven qualities is an expert in the monastic law. ","html":"<p>{}"},"an7.76:1.2":{"pli":"Katamehi sattahi? ","eng":"What seven? ","html":"{}"},"an7.76:1.3":{"pli":"Āpattiṃ jānāti, ","eng":"They know what is an offense. ","html":"{}"},"an7.76:1.4":{"pli":"anāpattiṃ jānāti, ","eng":"They know what is not an offense. ","html":"{}"},"an7.76:1.5":{"pli":"lahukaṃ āpattiṃ jānāti, ","eng":"They know what is a light offense. ","html":"{}"},"an7.76:1.6":{"pli":"garukaṃ āpattiṃ jānāti, ","eng":"They know what is a serious offense. ","html":"{}"},"an7.76:1.7":{"pli":"ubhayāni kho panassa pātimokkhāni vitthārena svāgatāni honti suvibhattāni suppavattīni suvinicchitāni suttaso anubyañjanaso, ","eng":"Both monastic codes have been passed down to them in detail, well analyzed, well mastered, well evaluated in both the rules and accompanying material. ","html":"{}"},"an7.76:1.8":{"pli":"catunnaṃ jhānānaṃ ābhicetasikānaṃ diṭṭhadhammasukhavihārānaṃ nikāmalābhī hoti akicchalābhī akasiralābhī, ","eng":"They get the four absorptions—blissful meditations in this life that belong to the higher mind—when they want, without trouble or difficulty. ","html":"{}"},"an7.76:1.9":{"pli":"āsavānaṃ khayā anāsavaṃ cetovimuttiṃ paññāvimuttiṃ diṭṭheva dhamme sayaṃ abhiññā sacchikatvā upasampajja viharati. ","eng":"They realize the undefiled freedom of heart and freedom by wisdom in this very life, and live having realized it with their own insight due to the ending of defilements. ","html":"{}"},"an7.76:1.10":{"pli":"Imehi kho, bhikkhave, sattahi dhammehi samannāgato bhikkhu vinayadharo hotī”ti. ","eng":"A mendicant with these seven qualities is an expert in the monastic law.” ","html":"{}</p>"},"an7.76:1.11":{"pli":"Dutiyaṃ. ","html":"<p class='endsutta'>{}</p></article>"}},"an7.77":{"an7.77:0.1":{"pli":"Aṅguttara Nikāya 7.77 ","eng":"Numbered Discourses 7.77 ","html":"<article id='an7.77'><header><ul><li class='division'>{}</li>"},"an7.77:0.2":{"pli":"8. Vinayavagga ","eng":"8. The Monastic Law ","html":"<li>{}</li></ul>"},"an7.77:0.3":{"pli":"Tatiyavinayadharasutta ","eng":"An Expert in the Monastic Law (3rd) ","html":"<h1 class='sutta-title'>{}</h1></header>"},"an7.77:1.1":{"pli":"“Sattahi, bhikkhave, dhammehi samannāgato bhikkhu vinayadharo hoti. ","eng":"“Mendicants, a mendicant with seven qualities is an expert in the monastic law. ","html":"<p>{}"},"an7.77:1.2":{"pli":"Katamehi sattahi? ","eng":"What seven? ","html":"{}"},"an7.77:1.3":{"pli":"Āpattiṃ jānāti, ","eng":"They know what is an offense. ","html":"{}"},"an7.77:1.4":{"pli":"anāpattiṃ jānāti, ","eng":"They know what is not an offense. ","html":"{}"},"an7.77:1.5":{"pli":"lahukaṃ āpattiṃ jānāti, ","eng":"They know what is a light offense. ","html":"{}"},"an7.77:1.6":{"pli":"garukaṃ āpattiṃ jānāti, ","eng":"They know what is a serious offense. ","html":"{}"},"an7.77:1.7":{"pli":"vinaye kho pana ṭhito hoti asaṃhīro, ","eng":"They’re firm and unfaltering in the training. ","html":"{}"},"an7.77:1.8":{"pli":"catunnaṃ jhānānaṃ ābhicetasikānaṃ diṭṭhadhammasukhavihārānaṃ nikāmalābhī hoti akicchalābhī akasiralābhī, ","eng":"They get the four absorptions—blissful meditations in this life that belong to the higher mind—when they want, without trouble or difficulty. ","html":"{}"},"an7.77:1.9":{"pli":"āsavānaṃ khayā anāsavaṃ cetovimuttiṃ paññāvimuttiṃ diṭṭheva dhamme sayaṃ abhiññā sacchikatvā upasampajja viharati. ","eng":"They realize the undefiled freedom of heart and freedom by wisdom in this very life, and live having realized it with their own insight due to the ending of defilements. ","html":"{}"},"an7.77:1.10":{"pli":"Imehi kho, bhikkhave, sattahi dhammehi samannāgato bhikkhu vinayadharo hotī”ti. ","eng":"A mendicant with these seven qualities is an expert in the monastic law.” ","html":"{}</p>"},"an7.77:1.11":{"pli":"Tatiyaṃ. ","html":"<p class='endsutta'>{}</p></article>"}},"an7.78":{"an7.78:0.1":{"pli":"Aṅguttara Nikāya 7.78 ","eng":"Numbered Discourses 7.78 ","html":"<article id='an7.78'><header><ul><li class='division'>{}</li>"},"an7.78:0.2":{"pli":"8. Vinayavagga ","eng":"8. The Monastic Law ","html":"<li>{}</li></ul>"},"an7.78:0.3":{"pli":"Catutthavinayadharasutta ","eng":"An Expert in the Monastic Law (4th) ","html":"<h1 class='sutta-title'>{}</h1></header>"},"an7.78:1.1":{"pli":"“Sattahi, bhikkhave, dhammehi samannāgato bhikkhu vinayadharo hoti. ","eng":"“Mendicants, a mendicant with seven qualities is an expert in the monastic law. ","html":"<p>{}"},"an7.78:1.2":{"pli":"Katamehi sattahi? ","eng":"What seven? ","html":"{}"},"an7.78:1.3":{"pli":"Āpattiṃ jānāti, ","eng":"They know what is an offense. ","html":"{}"},"an7.78:1.4":{"pli":"anāpattiṃ jānāti, ","eng":"They know what is not an offense. ","html":"{}"},"an7.78:1.5":{"pli":"lahukaṃ āpattiṃ jānāti, ","eng":"They know what is a light offense. ","html":"{}"},"an7.78:1.6":{"pli":"garukaṃ āpattiṃ jānāti, ","eng":"They know what is a serious offense. ","html":"{}"},"an7.78:1.7":{"pli":"anekavihitaṃ pubbenivāsaṃ anussarati, seyyathidaṃ—ekampi jātiṃ, dvepi jātiyo …pe… iti sākāraṃ sauddesaṃ anekavihitaṃ pubbenivāsaṃ anussarati. ","eng":"They recollect their many kinds of past lives, with features and details. ","html":"{}"},"an7.78:1.8":{"pli":"Dibbena cakkhunā visuddhena atikkantamānusakena yathākammūpage satte pajānāti. ","eng":"With clairvoyance that is purified and superhuman, they understand how sentient beings pass on according to their deeds. ","html":"{}"},"an7.78:1.9":{"pli":"Āsavānaṃ khayā anāsavaṃ cetovimuttiṃ paññāvimuttiṃ diṭṭheva dhamme sayaṃ abhiññā sacchikatvā upasampajja viharati. ","eng":"They realize the undefiled freedom of heart and freedom by wisdom in this very life, and live having realized it with their own insight due to the ending of defilements. ","html":"{}"},"an7.78:1.10":{"pli":"Imehi kho, bhikkhave, sattahi dhammehi samannāgato bhikkhu vinayadharo hotī”ti. ","eng":"A mendicant with these seven qualities is an expert in the monastic law.” ","html":"{}</p>"},"an7.78:1.11":{"pli":"Catutthaṃ. ","html":"<p class='endsutta'>{}</p></article>"}},"an7.79":{"an7.79:0.1":{"pli":"Aṅguttara Nikāya 7.79 ","eng":"Numbered Discourses 7.79 ","html":"<article id='an7.79'><header><ul><li class='division'>{}</li>"},"an7.79:0.2":{"pli":"8. Vinayavagga ","eng":"8. The Monastic Law ","html":"<li>{}</li></ul>"},"an7.79:0.3":{"pli":"Paṭhamavinayadharasobhanasutta ","eng":"Shines as an Expert in the Monastic Law (1st) ","html":"<h1 class='sutta-title'>{}</h1></header>"},"an7.79:1.1":{"pli":"“Sattahi, bhikkhave, dhammehi samannāgato vinayadharo sobhati. ","eng":"“Mendicants, a mendicant with seven qualities shines as an expert in the monastic law. ","html":"<p>{}"},"an7.79:1.2":{"pli":"Katamehi sattahi? ","eng":"What seven? ","html":"{}"},"an7.79:1.3":{"pli":"Āpattiṃ jānāti, ","eng":"They know what is an offense. ","html":"{}"},"an7.79:1.4":{"pli":"anāpattiṃ jānāti, ","eng":"They know what is not an offense. ","html":"{}"},"an7.79:1.5":{"pli":"lahukaṃ āpattiṃ jānāti, ","eng":"They know what is a light offense. ","html":"{}"},"an7.79:1.6":{"pli":"garukaṃ āpattiṃ jānāti, ","eng":"They know what is a serious offense. ","html":"{}"},"an7.79:1.7":{"pli":"sīlavā hoti …pe… samādāya sikkhati sikkhāpadesu, ","eng":"They’re ethical, restrained in the monastic code, conducting themselves well and resorting for alms in suitable places; seeing danger in the slightest fault, they keep the rules they’ve undertaken. ","html":"{}"},"an7.79:1.8":{"pli":"catunnaṃ jhānānaṃ ābhicetasikānaṃ nikāmalābhī hoti akicchalābhī akasiralābhī, ","eng":"They get the four absorptions—blissful meditations in the present life that belong to the higher mind—when they want, without trouble or difficulty. ","html":"{}"},"an7.79:1.9":{"pli":"āsavānaṃ khayā …pe… sacchikatvā upasampajja viharati. ","eng":"They realize the undefiled freedom of heart and freedom by wisdom in this very life, and live having realized it with their own insight due to the ending of defilements. ","html":"{}"},"an7.79:1.10":{"pli":"Imehi kho, bhikkhave, sattahi dhammehi samannāgato vinayadharo sobhatī”ti. ","eng":"A mendicant with these seven qualities shines as an expert in the monastic law.” ","html":"{}</p>"},"an7.79:1.11":{"pli":"Pañcamaṃ. ","html":"<p class='endsutta'>{}</p></article>"}},"an7.8":{"an7.8:0.1":{"pli":"Aṅguttara Nikāya 7.8 ","eng":"Numbered Discourses 7.8 ","html":"<article id='an7.8'><header><ul><li class='division'>{}</li>"},"an7.8:0.2":{"pli":"1. Dhanavagga ","eng":"1. Wealth ","html":"<li>{}</li></ul>"},"an7.8:0.3":{"pli":"Saṃyojanasutta ","eng":"Fetters ","html":"<h1 class='sutta-title'>{}</h1></header>"},"an7.8:1.1":{"pli":"“Sattimāni, bhikkhave, saṃyojanāni. ","eng":"“Mendicants, there are these seven fetters. ","html":"<p>{}"},"an7.8:1.2":{"pli":"Katamāni satta? ","eng":"What seven? ","html":"{}"},"an7.8:1.3":{"pli":"Anunayasaṃyojanaṃ, paṭighasaṃyojanaṃ, diṭṭhisaṃyojanaṃ, vicikicchāsaṃyojanaṃ, mānasaṃyojanaṃ, bhavarāgasaṃyojanaṃ, avijjāsaṃyojanaṃ. ","eng":"The fetters of attraction, repulsion, views, doubt, conceit, desire for continued existence, and ignorance. ","html":"{}"},"an7.8:1.4":{"pli":"Imāni kho, bhikkhave, satta saṃyojanānī”ti. ","eng":"These are the seven fetters.” ","html":"{}</p>"},"an7.8:1.5":{"pli":"Aṭṭhamaṃ. ","html":"<p class='endsutta'>{}</p></article>"}},"an7.80":{"an7.80:0.1":{"pli":"Aṅguttara Nikāya 7.80 ","eng":"Numbered Discourses 7.80 ","html":"<article id='an7.80'><header><ul><li class='division'>{}</li>"},"an7.80:0.2":{"pli":"8. Vinayavagga ","eng":"8. The Monastic Law ","html":"<li>{}</li></ul>"},"an7.80:0.3":{"pli":"Dutiyavinayadharasobhanasutta ","eng":"Shines as an Expert in the Monastic Law (2nd) ","html":"<h1 class='sutta-title'>{}</h1></header>"},"an7.80:1.1":{"pli":"“Sattahi, bhikkhave, dhammehi samannāgato vinayadharo sobhati. ","eng":"“Mendicants, a mendicant with seven qualities shines as an expert in the monastic law. ","html":"<p>{}"},"an7.80:1.2":{"pli":"Katamehi sattahi? ","eng":"What seven? ","html":"{}"},"an7.80:1.3":{"pli":"Āpattiṃ jānāti, ","eng":"They know what is an offense. ","html":"{}"},"an7.80:1.4":{"pli":"anāpattiṃ jānāti, ","eng":"They know what is not an offense. ","html":"{}"},"an7.80:1.5":{"pli":"lahukaṃ āpattiṃ jānāti, ","eng":"They know what is a light offense. ","html":"{}"},"an7.80:1.6":{"pli":"garukaṃ āpattiṃ jānāti, ","eng":"They know what is a serious offense. ","html":"{}"},"an7.80:1.7":{"pli":"ubhayāni kho panassa pātimokkhāni vitthārena svāgatāni honti suvibhattāni suppavattīni suvinicchitāni suttaso anubyañjanaso, ","eng":"Both monastic codes have been passed down to them in detail, well analyzed, well mastered, well evaluated in both the rules and accompanying material. ","html":"{}"},"an7.80:1.8":{"pli":"catunnaṃ jhānānaṃ …pe… akasiralābhī, ","eng":"They get the four absorptions—blissful meditations in the present life that belong to the higher mind—when they want, without trouble or difficulty. ","html":"{}"},"an7.80:1.9":{"pli":"āsavānaṃ khayā …pe… sacchikatvā upasampajja viharati. ","eng":"They realize the undefiled freedom of heart and freedom by wisdom in this very life, and live having realized it with their own insight due to the ending of defilements. ","html":"{}"},"an7.80:1.10":{"pli":"Imehi kho, bhikkhave, sattahi dhammehi samannāgato vinayadharo sobhatī”ti. ","eng":"A mendicant with these seven qualities shines as an expert in the monastic law.” ","html":"{}</p>"},"an7.80:1.11":{"pli":"Chaṭṭhaṃ. ","html":"<p class='endsutta'>{}</p></article>"}},"an7.81":{"an7.81:0.1":{"pli":"Aṅguttara Nikāya 7.81 ","eng":"Numbered Discourses 7.81 ","html":"<article id='an7.81'><header><ul><li class='division'>{}</li>"},"an7.81:0.2":{"pli":"8. Vinayavagga ","eng":"8. The Monastic Law ","html":"<li>{}</li></ul>"},"an7.81:0.3":{"pli":"Tatiyavinayadharasobhanasutta ","eng":"Shines as an Expert in the Monastic Law (3rd) ","html":"<h1 class='sutta-title'>{}</h1></header>"},"an7.81:1.1":{"pli":"“Sattahi, bhikkhave, dhammehi samannāgato vinayadharo sobhati. ","eng":"“Mendicants, a mendicant with seven qualities shines as an expert in the monastic law. ","html":"<p>{}"},"an7.81:1.2":{"pli":"Katamehi sattahi? ","eng":"What seven? ","html":"{}"},"an7.81:1.3":{"pli":"Āpattiṃ jānāti, ","eng":"They know what is an offense. ","html":"{}"},"an7.81:1.4":{"pli":"anāpattiṃ jānāti, ","eng":"They know what is not an offense. ","html":"{}"},"an7.81:1.5":{"pli":"lahukaṃ āpattiṃ jānāti, ","eng":"They know what is a light offense. ","html":"{}"},"an7.81:1.6":{"pli":"garukaṃ āpattiṃ jānāti, ","eng":"They know what is a serious offense. ","html":"{}"},"an7.81:1.7":{"pli":"vinaye kho pana ṭhito hoti asaṃhīro, ","eng":"They’re firm and unfaltering in the training. ","html":"{}"},"an7.81:1.8":{"pli":"catunnaṃ jhānānaṃ …pe… akasiralābhī, ","eng":"They get the four absorptions—blissful meditations in the present life that belong to the higher mind—when they want, without trouble or difficulty. ","html":"{}"},"an7.81:1.9":{"pli":"āsavānaṃ khayā …pe… sacchikatvā upasampajja viharati. ","eng":"They realize the undefiled freedom of heart and freedom by wisdom in this very life, and live having realized it with their own insight due to the ending of defilements. ","html":"{}"},"an7.81:1.10":{"pli":"Imehi kho, bhikkhave, sattahi dhammehi samannāgato vinayadharo sobhatī”ti. ","eng":"A mendicant with these seven qualities shines as an expert in the monastic law.” ","html":"{}</p>"},"an7.81:1.11":{"pli":"Sattamaṃ. ","html":"<p class='endsutta'>{}</p></article>"}},"an7.82":{"an7.82:0.1":{"pli":"Aṅguttara Nikāya 7.82 ","eng":"Numbered Discourses 7.82 ","html":"<article id='an7.82'><header><ul><li class='division'>{}</li>"},"an7.82:0.2":{"pli":"8. Vinayavagga ","eng":"8. The Monastic Law ","html":"<li>{}</li></ul>"},"an7.82:0.3":{"pli":"Catutthavinayadharasobhanasutta ","eng":"Shines as an Expert in the Monastic Law (4th) ","html":"<h1 class='sutta-title'>{}</h1></header>"},"an7.82:1.1":{"pli":"“Sattahi, bhikkhave, dhammehi samannāgato vinayadharo sobhati. ","eng":"“Mendicants, a mendicant with seven qualities shines as an expert in the monastic law. ","html":"<p>{}"},"an7.82:1.2":{"pli":"Katamehi sattahi? ","eng":"What seven? ","html":"{}"},"an7.82:1.3":{"pli":"Āpattiṃ jānāti, ","eng":"They know what is an offense. ","html":"{}"},"an7.82:1.4":{"pli":"anāpattiṃ jānāti, ","eng":"They know what is not an offense. ","html":"{}"},"an7.82:1.5":{"pli":"lahukaṃ āpattiṃ jānāti, ","eng":"They know what is a light offense. ","html":"{}"},"an7.82:1.6":{"pli":"garukaṃ āpattiṃ jānāti, ","eng":"They know what is a serious offense. ","html":"{}"},"an7.82:1.7":{"pli":"anekavihitaṃ pubbenivāsaṃ anussarati, seyyathidaṃ—ekampi jātiṃ, dvepi jātiyo …pe… iti sākāraṃ sauddesaṃ anekavihitaṃ pubbenivāsaṃ anussarati, ","eng":"They recollect their many kinds of past lives, with features and details. ","html":"{}"},"an7.82:1.8":{"pli":"dibbena cakkhunā visuddhena atikkantamānusakena …pe… ","eng":"With clairvoyance that is purified and superhuman, they understand how sentient beings pass on according to their deeds. ","html":"{}"},"an7.82:1.9":{"pli":"āsavānaṃ khayā …pe… sacchikatvā upasampajja viharati. ","eng":"They realize the undefiled freedom of heart and freedom by wisdom in this very life, and live having realized it with their own insight due to the ending of defilements. ","html":"{}"},"an7.82:1.10":{"pli":"Imehi kho, bhikkhave, sattahi dhammehi samannāgato vinayadharo sobhatī”ti. ","eng":"A mendicant with these seven qualities shines as an expert in the monastic law.” ","html":"{}</p>"},"an7.82:1.11":{"pli":"Aṭṭhamaṃ. ","html":"<p class='endsutta'>{}</p></article>"}},"an7.83":{"an7.83:0.1":{"pli":"Aṅguttara Nikāya 7.83 ","eng":"Numbered Discourses 7.83 ","html":"<article id='an7.83'><header><ul><li class='division'>{}</li>"},"an7.83:0.2":{"pli":"8. Vinayavagga ","eng":"8. The Monastic Law ","html":"<li>{}</li></ul>"},"an7.83:0.3":{"pli":"Satthusāsanasutta ","eng":"The Teacher’s Instructions ","html":"<h1 class='sutta-title'>{}</h1></header>"},"an7.83:1.1":{"pli":"Atha kho āyasmā upāli yena bhagavā tenupasaṅkami; upasaṅkamitvā bhagavantaṃ abhivādetvā ekamantaṃ nisīdi. Ekamantaṃ nisinno kho āyasmā upāli bhagavantaṃ etadavoca: ","eng":"Then Venerable Upāli went up to the Buddha, bowed, sat down to one side, and said to him: ","html":"<p>{}</p>"},"an7.83:2.1":{"pli":"“Sādhu me, bhante, bhagavā saṅkhittena dhammaṃ desetu, yamahaṃ bhagavato dhammaṃ sutvā eko vūpakaṭṭho appamatto ātāpī pahitatto vihareyyan”ti. ","eng":"“Sir, may the Buddha please teach me Dhamma in brief. When I’ve heard it, I’ll live alone, withdrawn, diligent, keen, and resolute.” ","html":"<p>{}</p>"},"an7.83:2.2":{"pli":"“Ye kho tvaṃ, upāli, dhamme jāneyyāsi: ","eng":"“Upāli, you might know that ","html":"<p>{}"},"an7.83:2.3":{"pli":"‘ime dhammā na ekantanibbidāya virāgāya nirodhāya upasamāya abhiññāya sambodhāya nibbānāya saṃvattantī’ti; ","eng":"certain things don’t lead solely to disillusionment, dispassion, cessation, peace, insight, awakening, and extinguishment. ","html":"{}"},"an7.83:2.4":{"pli":"ekaṃsena, upāli, dhāreyyāsi: ","eng":"Categorically, you should remember these things as ","html":"{}"},"an7.83:2.5":{"pli":"‘neso dhammo neso vinayo netaṃ satthusāsanan’ti. ","eng":"not the teaching, not the training, and not the Teacher’s instructions. ","html":"{}"},"an7.83:2.6":{"pli":"Ye ca kho tvaṃ, upāli, dhamme jāneyyāsi: ","eng":"You might know that ","html":"{}"},"an7.83:2.7":{"pli":"‘ime dhammā ekantanibbidāya virāgāya nirodhāya upasamāya abhiññāya sambodhāya nibbānāya saṃvattantī’ti; ","eng":"certain things do lead solely to disillusionment, dispassion, cessation, peace, insight, awakening, and extinguishment. ","html":"{}"},"an7.83:2.8":{"pli":"ekaṃsena, upāli, dhāreyyāsi: ","eng":"Categorically, you should remember these things as ","html":"{}"},"an7.83:2.9":{"pli":"‘eso dhammo eso vinayo etaṃ satthusāsanan’”ti. ","eng":"the teaching, the training, and the Teacher’s instructions.” ","html":"{}</p>"},"an7.83:2.10":{"pli":"Navamaṃ. ","html":"<p class='endsutta'>{}</p></article>"}},"an7.84":{"an7.84:0.1":{"pli":"Aṅguttara Nikāya 7.84 ","eng":"Numbered Discourses 7.84 ","html":"<article id='an7.84'><header><ul><li class='division'>{}</li>"},"an7.84:0.2":{"pli":"8. Vinayavagga ","eng":"8. The Monastic Law ","html":"<li>{}</li></ul>"},"an7.84:0.3":{"pli":"Adhikaraṇasamathasutta ","eng":"Settlement of Disciplinary Issues ","html":"<h1 class='sutta-title'>{}</h1></header>"},"an7.84:1.1":{"pli":"“Sattime, bhikkhave, adhikaraṇasamathā dhammā uppannuppannānaṃ adhikaraṇānaṃ samathāya vūpasamāya. ","eng":"“Mendicants, there are these seven principles for the settlement of any disciplinary issues that might arise. ","html":"<p>{}"},"an7.84:1.2":{"pli":"Katame satta? ","eng":"What seven? ","html":"{}"},"an7.84:1.3":{"pli":"Sammukhāvinayo dātabbo, sativinayo dātabbo, amūḷhavinayo dātabbo, paṭiññātakaraṇaṃ dātabbaṃ, yebhuyyasikā dātabbā, tassapāpiyasikā dātabbā, tiṇavatthārako dātabbo. ","eng":"Resolution face-to-face to be applied. Resolution through recollection to be granted. Resolution because of past insanity to be granted. Acting according to what has been admitted. Majority decision. Further penalty. Covering over as if with grass. ","html":"{}"},"an7.84:1.4":{"pli":"Ime kho, bhikkhave, satta adhikaraṇasamathā dhammā uppannuppannānaṃ adhikaraṇānaṃ samathāya vūpasamāyā”ti. ","eng":"These are the seven principles for the settlement of any disciplinary issues that might arise.” ","html":"{}</p>"},"an7.84:1.5":{"pli":"Dasamaṃ. ","html":"<p class='endsutta'>{}</p>"},"an7.84:1.6":{"pli":"Vinayavaggo aṭṭhamo. ","html":"<p class='endvagga'>{}</p>"},"an7.84:2.0":{"pli":"Tassuddānaṃ ","html":"<p class='uddana-intro'>{}</p>"},"an7.84:2.1":{"pli":"Caturo vinayadharā, ","html":"<blockquote class='uddanagatha'><p><span class='verse-line'>{}</span>"},"an7.84:2.2":{"pli":"caturo ceva sobhanā; ","html":"<span class='verse-line'>{}</span>"},"an7.84:2.3":{"pli":"Sāsanaṃ adhikaraṇa—","html":"<span class='verse-line'>{}</span>"},"an7.84:2.4":{"pli":"samathenaṭṭhame dasāti. ","html":"<span class='verse-line'>{}</span></p></blockquote></article>"}},"an7.85":{"an7.85:0.1":{"pli":"Aṅguttara Nikāya 7.85 ","eng":"Numbered Discourses 7.85 ","html":"<article id='an7.85'><header><ul><li class='division'>{}</li>"},"an7.85:0.2":{"pli":"9. Samaṇavagga ","eng":"9. An Ascetic ","html":"<li>{}</li></ul>"},"an7.85:0.3":{"pli":"Bhikkhusutta ","eng":"A Mendicant ","html":"<h1 class='sutta-title'>{}</h1></header>"},"an7.85:1.1":{"pli":"“Sattannaṃ, bhikkhave, dhammānaṃ bhinnattā bhikkhu hoti. ","eng":"“Mendicants, it’s because of breaking seven things that you become a mendicant. ","html":"<p>{}"},"an7.85:1.2":{"pli":"Katamesaṃ sattannaṃ? ","eng":"What seven? ","html":"{}"},"an7.85:1.3":{"pli":"Sakkāyadiṭṭhi bhinnā hoti, vicikicchā bhinnā hoti, sīlabbataparāmāso bhinno hoti, rāgo bhinno hoti, doso bhinno hoti, moho bhinno hoti, māno bhinno hoti. ","eng":"Substantialist view, doubt, misapprehension of precepts and observances, greed, hate, delusion, and conceit. ","html":"{}"},"an7.85:1.4":{"pli":"Imesaṃ kho, bhikkhave, sattannaṃ dhammānaṃ bhinnattā bhikkhu hotī”ti. ","eng":"It’s because of breaking these seven things that you become a mendicant.” ","html":"{}</p>"},"an7.85:1.5":{"pli":"Paṭhamaṃ. ","html":"<p class='endsutta'>{}</p></article>"}},"an7.86":{"an7.86:0.1":{"pli":"Aṅguttara Nikāya 7.86 ","eng":"Numbered Discourses 7.86 ","html":"<article id='an7.86'><header><ul><li class='division'>{}</li>"},"an7.86:0.2":{"pli":"9. Samaṇavagga ","eng":"9. An Ascetic ","html":"<li>{}</li></ul>"},"an7.86:0.3":{"pli":"Samaṇasutta ","eng":"An Ascetic ","html":"<h1 class='sutta-title'>{}</h1></header>"},"an7.86:1.1":{"pli":"“Sattannaṃ, bhikkhave, dhammānaṃ samitattā samaṇo hoti …pe…. ","eng":"“Mendicants, it’s because of quelling seven things that you become an ascetic …” ","html":"<p>{}</p>"},"an7.86:1.2":{"pli":"Dutiyaṃ. ","html":"<p class='endsutta'>{}</p></article>"}},"an7.87":{"an7.87:0.1":{"pli":"Aṅguttara Nikāya 7.87 ","eng":"Numbered Discourses 7.87 ","html":"<article id='an7.87'><header><ul><li class='division'>{}</li>"},"an7.87:0.2":{"pli":"9. Samaṇavagga ","eng":"9. An Ascetic ","html":"<li>{}</li></ul>"},"an7.87:0.3":{"pli":"Brāhmaṇasutta ","eng":"Brahmin ","html":"<h1 class='sutta-title'>{}</h1></header>"},"an7.87:1.1":{"pli":"“… Bāhitattā brāhmaṇo hoti …pe…. ","eng":"“Mendicants, it’s because of barring out seven things that you become a brahmin …” ","html":"<p>{}</p>"},"an7.87:1.2":{"pli":"Tatiyaṃ. ","html":"<p class='endsutta'>{}</p></article>"}},"an7.88":{"an7.88:0.1":{"pli":"Aṅguttara Nikāya 7.88 ","eng":"Numbered Discourses 7.88 ","html":"<article id='an7.88'><header><ul><li class='division'>{}</li>"},"an7.88:0.2":{"pli":"9. Samaṇavagga ","eng":"9. An Ascetic ","html":"<li>{}</li></ul>"},"an7.88:0.3":{"pli":"Sottiyasutta ","eng":"Scholar ","html":"<h1 class='sutta-title'>{}</h1></header>"},"an7.88:1.1":{"pli":"“… Nissutattā sottiyo hoti …pe…. ","eng":"“Mendicants, it’s because of scouring off seven things that you become a scholar …” ","html":"<p>{}</p>"},"an7.88:1.2":{"pli":"Catutthaṃ. ","html":"<p class='endsutta'>{}</p></article>"}},"an7.89":{"an7.89:0.1":{"pli":"Aṅguttara Nikāya 7.89 ","eng":"Numbered Discourses 7.89 ","html":"<article id='an7.89'><header><ul><li class='division'>{}</li>"},"an7.89:0.2":{"pli":"9. Samaṇavagga ","eng":"9. An Ascetic ","html":"<li>{}</li></ul>"},"an7.89:0.3":{"pli":"Nhātakasutta ","eng":"Bathed ","html":"<h1 class='sutta-title'>{}</h1></header>"},"an7.89:1.1":{"pli":"“… Nhātattā nhātako hoti …pe…. ","eng":"“Mendicants, it’s because of bathing off seven things that you become a bathed initiate …” ","html":"<p>{}</p>"},"an7.89:1.2":{"pli":"Pañcamaṃ. ","html":"<p class='endsutta'>{}</p></article>"}},"an7.9":{"an7.9:0.1":{"pli":"Aṅguttara Nikāya 7.9 ","eng":"Numbered Discourses 7.9 ","html":"<article id='an7.9'><header><ul><li class='division'>{}</li>"},"an7.9:0.2":{"pli":"1. Dhanavagga ","eng":"1. Wealth ","html":"<li>{}</li></ul>"},"an7.9:0.3":{"pli":"Pahānasutta ","eng":"Giving Up ","html":"<h1 class='sutta-title'>{}</h1></header>"},"an7.9:1.1":{"pli":"“Sattannaṃ, bhikkhave, saṃyojanānaṃ pahānāya samucchedāya brahmacariyaṃ vussati. ","eng":"“Mendicants, the spiritual life is lived to give up and cut out these seven fetters. ","html":"<p>{}"},"an7.9:1.2":{"pli":"Katamesaṃ sattannaṃ? ","eng":"What seven? ","html":"{}"},"an7.9:1.3":{"pli":"Anunayasaṃyojanassa pahānāya samucchedāya brahmacariyaṃ vussati, paṭighasaṃyojanassa …pe… ","eng":"The fetters of attraction, repulsion, views, doubt, conceit, desire to be reborn, and ignorance. ","html":"{}"},"an7.9:1.4":{"pli":"diṭṭhisaṃyojanassa … ","html":"{}"},"an7.9:1.5":{"pli":"vicikicchāsaṃyojanassa … ","html":"{}"},"an7.9:1.6":{"pli":"mānasaṃyojanassa … ","html":"{}"},"an7.9:1.7":{"pli":"bhavarāgasaṃyojanassa … ","html":"{}"},"an7.9:1.8":{"pli":"avijjāsaṃyojanassa pahānāya samucchedāya brahmacariyaṃ vussati. ","html":"{}"},"an7.9:1.9":{"pli":"Imesaṃ kho, bhikkhave, sattannaṃ saṃyojanānaṃ pahānāya samucchedāya brahmacariyaṃ vussati. ","eng":"The spiritual life is lived to give up and cut out these seven fetters. ","html":"{}"},"an7.9:1.10":{"pli":"Yato ca kho, bhikkhave, bhikkhuno anunayasaṃyojanaṃ pahīnaṃ hoti ucchinnamūlaṃ tālāvatthukataṃ anabhāvaṅkataṃ āyatiṃ anuppādadhammaṃ. ","eng":"When a mendicant has given up the fetters of attraction, repulsion, views, doubt, conceit, desire to be reborn, and ignorance—cut them off at the root, made them like a palm stump, obliterated them, so they are unable to arise in the future—","html":"{}"},"an7.9:1.11":{"pli":"Paṭighasaṃyojanaṃ …pe… ","html":"{}"},"an7.9:1.12":{"pli":"diṭṭhisaṃyojanaṃ … ","html":"{}"},"an7.9:1.13":{"pli":"vicikicchāsaṃyojanaṃ … ","html":"{}"},"an7.9:1.14":{"pli":"mānasaṃyojanaṃ … ","html":"{}"},"an7.9:1.15":{"pli":"bhavarāgasaṃyojanaṃ … ","html":"{}"},"an7.9:1.16":{"pli":"avijjāsaṃyojanaṃ pahīnaṃ hoti ucchinnamūlaṃ tālāvatthukataṃ anabhāvaṅkataṃ āyatiṃ anuppādadhammaṃ. ","html":"{}"},"an7.9:1.17":{"pli":"Ayaṃ vuccati, bhikkhave, bhikkhu acchecchi taṇhaṃ, vivattayi saṃyojanaṃ, sammā mānābhisamayā antamakāsi dukkhassā”ti. ","eng":"they’re called a mendicant who has cut off craving, cast off the fetters, and by rightly comprehending conceit has made an end of suffering.” ","html":"{}</p>"},"an7.9:1.18":{"pli":"Navamaṃ. ","html":"<p class='endsutta'>{}</p></article>"}},"an7.90":{"an7.90:0.1":{"pli":"Aṅguttara Nikāya 7.90 ","eng":"Numbered Discourses 7.90 ","html":"<article id='an7.90'><header><ul><li class='division'>{}</li>"},"an7.90:0.2":{"pli":"9. Samaṇavagga ","eng":"9. An Ascetic ","html":"<li>{}</li></ul>"},"an7.90:0.3":{"pli":"Vedagūsutta ","eng":"A Knowledge Master ","html":"<h1 class='sutta-title'>{}</h1></header>"},"an7.90:1.1":{"pli":"“… Viditattā vedagū hoti …pe…. ","eng":"“Mendicants, it’s because of knowing seven things that you become a knowledge master …” ","html":"<p>{}</p>"},"an7.90:1.2":{"pli":"Chaṭṭhaṃ. ","html":"<p class='endsutta'>{}</p></article>"}},"an7.91":{"an7.91:0.1":{"pli":"Aṅguttara Nikāya 7.91 ","eng":"Numbered Discourses 7.91 ","html":"<article id='an7.91'><header><ul><li class='division'>{}</li>"},"an7.91:0.2":{"pli":"9. Samaṇavagga ","eng":"9. An Ascetic ","html":"<li>{}</li></ul>"},"an7.91:0.3":{"pli":"Ariyasutta ","eng":"A Noble One ","html":"<h1 class='sutta-title'>{}</h1></header>"},"an7.91:1.1":{"pli":"“… Ārakattā ariyo hoti …pe…. ","eng":"“Mendicants, it’s because seven foes have been nobbled that you become a noble one …” ","html":"<p>{}</p>"},"an7.91:1.2":{"pli":"Sattamaṃ. ","html":"<p class='endsutta'>{}</p></article>"}},"an7.92":{"an7.92:0.1":{"pli":"Aṅguttara Nikāya 7.92 ","eng":"Numbered Discourses 7.92 ","html":"<article id='an7.92'><header><ul><li class='division'>{}</li>"},"an7.92:0.2":{"pli":"9. Samaṇavagga ","eng":"9. An Ascetic ","html":"<li>{}</li></ul>"},"an7.92:0.3":{"pli":"Arahāsutta ","eng":"A Perfected One ","html":"<h1 class='sutta-title'>{}</h1></header>"},"an7.92:1.1":{"pli":"“Ārakattā arahā hoti. ","eng":"“Mendicants, it’s by being impeccably remote from seven things that you become a perfected one. ","html":"<p>{}"},"an7.92:1.2":{"pli":"Katamesaṃ sattannaṃ? ","eng":"What seven? ","html":"{}"},"an7.92:1.3":{"pli":"Sakkāyadiṭṭhi ārakā hoti, vicikicchā ārakā hoti, sīlabbataparāmāso ārako hoti, rāgo ārako hoti, doso ārako hoti, moho ārako hoti, māno ārako hoti. ","eng":"Substantialist view, doubt, misapprehension of precepts and observances, greed, hate, delusion, and conceit. ","html":"{}"},"an7.92:1.4":{"pli":"Imesaṃ kho, bhikkhave, sattannaṃ dhammānaṃ ārakattā arahā hotī”ti. ","eng":"It’s because of being impeccably remote from these seven things that you become a perfected one.” ","html":"{}</p>"},"an7.92:1.5":{"pli":"Aṭṭhamaṃ. ","html":"<p class='endsutta'>{}</p></article>"}},"an7.93":{"an7.93:0.1":{"pli":"Aṅguttara Nikāya 7.93 ","eng":"Numbered Discourses 7.93 ","html":"<article id='an7.93'><header><ul><li class='division'>{}</li>"},"an7.93:0.2":{"pli":"9. Samaṇavagga ","eng":"9. An Ascetic ","html":"<li>{}</li></ul>"},"an7.93:0.3":{"pli":"Asaddhammasutta ","eng":"Bad Qualities ","html":"<h1 class='sutta-title'>{}</h1></header>"},"an7.93:1.1":{"pli":"“Sattime, bhikkhave, asaddhammā. ","eng":"“Mendicants, there are these seven bad qualities. ","html":"<p>{}"},"an7.93:1.2":{"pli":"Katame satta? ","eng":"What seven? ","html":"{}"},"an7.93:1.3":{"pli":"Assaddho hoti, ahiriko hoti, anottappī hoti, appassuto hoti, kusīto hoti, muṭṭhassati hoti, duppañño hoti. ","eng":"Someone is faithless, shameless, imprudent, unlearned, lazy, unmindful, and witless. ","html":"{}"},"an7.93:1.4":{"pli":"Ime kho, bhikkhave, satta asaddhammā”ti. ","eng":"These are the seven bad qualities.” ","html":"{}</p>"},"an7.93:1.5":{"pli":"Navamaṃ. ","html":"<p class='endsutta'>{}</p></article>"}},"an7.94":{"an7.94:0.1":{"pli":"Aṅguttara Nikāya 7.94 ","eng":"Numbered Discourses 7.94 ","html":"<article id='an7.94'><header><ul><li class='division'>{}</li>"},"an7.94:0.2":{"pli":"9. Samaṇavagga ","eng":"9. An Ascetic ","html":"<li>{}</li></ul>"},"an7.94:0.3":{"pli":"Saddhammasutta ","eng":"Good Qualities ","html":"<h1 class='sutta-title'>{}</h1></header>"},"an7.94:1.1":{"pli":"“Sattime, bhikkhave, saddhammā. ","eng":"“Mendicants, there are these seven good qualities. ","html":"<p>{}"},"an7.94:1.2":{"pli":"Katame satta? ","eng":"What seven? ","html":"{}"},"an7.94:1.3":{"pli":"Saddho hoti, hirīmā hoti, ottappī hoti, bahussuto hoti, āraddhavīriyo hoti, satimā hoti, paññavā hoti. ","eng":"Someone is faithful, conscientious, prudent, learned, energetic, mindful, and wise. ","html":"{}"},"an7.94:1.4":{"pli":"Ime kho, bhikkhave, satta saddhammā”ti. ","eng":"These are the seven good qualities.” ","html":"{}</p>"},"an7.94:1.5":{"pli":"Dasamaṃ. ","html":"<p class='endsutta'>{}</p>"},"an7.94:1.6":{"pli":"Samaṇavaggo navamo. ","html":"<p class='endvagga'>{}</p>"},"an7.94:2.0":{"pli":"Tassuddānaṃ ","html":"<p class='uddana-intro'>{}</p>"},"an7.94:2.1":{"pli":"Bhikkhuṃ samaṇo brāhmaṇo, ","html":"<blockquote class='uddanagatha'><p><span class='verse-line'>{}</span>"},"an7.94:2.2":{"pli":"sottiyo ceva nhātako; ","html":"<span class='verse-line'>{}</span>"},"an7.94:2.3":{"pli":"Vedagū ariyo arahā, ","html":"<span class='verse-line'>{}</span>"},"an7.94:2.4":{"pli":"asaddhammā ca saddhammāti. ","html":"<span class='verse-line'>{}</span></p></blockquote></article>"}},"an7.95":{"an7.95:0.1":{"pli":"Aṅguttara Nikāya 7 ","eng":"Numbered Discourses 7 ","html":"<article id='an7.95'><header><ul><li class='division'>{}</li>"},"an7.95:0.2":{"pli":"10. Āhuneyyavagga ","eng":"10. Worthy of Offerings ","html":"<li>{}</li></ul>"},"an7.95:0.3":{"pli":"~ ","eng":"Observing Impermanence in the Eye ","html":"<h1 class='sutta-title'>{}</h1></header>"},"an7.95:1.1":{"pli":"“Sattime, bhikkhave, puggalā āhuneyyā …pe… dakkhiṇeyyā añjalikaraṇīyā anuttaraṃ puññakkhettaṃ lokassa. ","eng":"“Mendicants, these seven individuals are worthy of offerings dedicated to the gods, worthy of hospitality, worthy of a religious donation, worthy of greeting with joined palms, and are the supreme field of merit for the world. ","html":"<p>{}"},"an7.95:1.2":{"pli":"Katame satta? ","eng":"What seven? ","html":"{}</p>"},"an7.95:1.3":{"pli":"Idha, bhikkhave, ekacco puggalo cakkhusmiṃ aniccānupassī viharati aniccasaññī aniccapaṭisaṃvedī satataṃ samitaṃ abbokiṇṇaṃ cetasā adhimuccamāno paññāya pariyogāhamāno. ","eng":"First, take an individual who meditates observing impermanence in the eye. They perceive impermanence and experience impermanence. Constantly, continually, and without interruption, they apply the mind and fathom with wisdom. ","html":"<p>{}"},"an7.95:1.4":{"pli":"So āsavānaṃ khayā anāsavaṃ cetovimuttiṃ paññāvimuttiṃ diṭṭheva dhamme sayaṃ abhiññā sacchikatvā upasampajja viharati. ","eng":"They realize the undefiled freedom of heart and freedom by wisdom in this very life. And they live having realized it with their own insight due to the ending of defilements. ","html":"{}"},"an7.95:1.5":{"pli":"Ayaṃ kho, bhikkhave, paṭhamo puggalo āhuneyyo pāhuneyyo …pe… anuttaraṃ puññakkhettaṃ lokassa. ","eng":"This is the first individual who is worthy of offerings dedicated to the gods, worthy of hospitality, worthy of a religious donation, worthy of greeting with joined palms, and is the supreme field of merit for the world. ","html":"{}</p>"},"an7.95:2.1":{"pli":"Puna caparaṃ, bhikkhave, idhekacco puggalo cakkhusmiṃ aniccānupassī viharati aniccasaññī aniccapaṭisaṃvedī satataṃ samitaṃ abbokiṇṇaṃ cetasā adhimuccamāno paññāya pariyogāhamāno. ","eng":"Next, take an individual who meditates observing impermanence in the eye. … ","html":"<p>{}"},"an7.95:2.2":{"pli":"Tassa apubbaṃ acarimaṃ āsavapariyādānañca hoti jīvitapariyādānañca. ","eng":"Their defilements and their life come to an end at exactly the same time. ","html":"{}"},"an7.95:2.3":{"pli":"Ayaṃ, bhikkhave, dutiyo puggalo āhuneyyo …pe… anuttaraṃ puññakkhettaṃ lokassa. ","eng":"This is the second individual who is worthy of offerings … ","html":"{}</p>"},"an7.95:3.1":{"pli":"Puna caparaṃ, bhikkhave, idhekacco puggalo cakkhusmiṃ aniccānupassī viharati aniccasaññī aniccapaṭisaṃvedī satataṃ samitaṃ abbokiṇṇaṃ cetasā adhimuccamāno paññāya pariyogāhamāno. ","eng":"Next, take an individual who meditates observing impermanence in the eye. … ","html":"<p>{}"},"an7.95:3.2":{"pli":"So pañcannaṃ orambhāgiyānaṃ saṃyojanānaṃ parikkhayā antarāparinibbāyī hoti …pe… ","eng":"With the ending of the five lower fetters they’re extinguished between one life and the next. … ","html":"{}</p>"},"an7.95:3.3":{"pli":"upahaccaparinibbāyī hoti …pe… ","eng":"With the ending of the five lower fetters they’re extinguished upon landing. … ","html":"<p>{}</p>"},"an7.95:3.4":{"pli":"asaṅkhāraparinibbāyī hoti …pe… ","eng":"With the ending of the five lower fetters they’re extinguished without extra effort. … ","html":"<p>{}</p>"},"an7.95:3.5":{"pli":"sasaṅkhāraparinibbāyī hoti …pe… ","eng":"With the ending of the five lower fetters they’re extinguished with extra effort. … ","html":"<p>{}</p>"},"an7.95:3.6":{"pli":"uddhaṃsoto hoti akaniṭṭhagāmī. ","eng":"With the ending of the five lower fetters they head upstream, going to the Akaniṭṭha realm. … ","html":"<p>{}"},"an7.95:3.7":{"pli":"Ayaṃ, bhikkhave, sattamo puggalo āhuneyyo …pe… anuttaraṃ puññakkhettaṃ lokassa. ","eng":"This is the seventh individual. ","html":"{}</p>"},"an7.95:3.8":{"pli":"Ime kho, bhikkhave, satta puggalā āhuneyyā pāhuneyyā dakkhiṇeyyā añjalikaraṇīyā anuttaraṃ puññakkhettaṃ lokassā”ti. ","eng":"These are the seven individuals who are worthy of offerings dedicated to the gods, worthy of hospitality, worthy of a religious donation, worthy of greeting with joined palms, and are the supreme field of merit for the world.” ","html":"<p>{}</p></article>"}}}