{"an7.96-614":{"an7.96-614:0.1":{"pli":"Aṅguttara Nikāya 7 ","eng":"Numbered Discourses 7 ","html":"<article id='an7.96-614'><header><ul><li class='division'>{}</li>"},"an7.96-614:0.2":{"pli":"10. Āhuneyyavagga ","eng":"10. Worthy of Offerings ","html":"<li>{}</li></ul>"},"an7.96-614:0.3":{"pli":"~ ","eng":"Observing Suffering in the Eye, Etc. ","html":"<h1 class='sutta-title'>{}</h1></header>"},"an7.96-614:1.1":{"pli":"“Sattime, bhikkhave, puggalā āhuneyyā pāhuneyyā …pe… anuttaraṃ puññakkhettaṃ lokassa. ","eng":"“Mendicants, these seven individuals are worthy of offerings … ","html":"<p>{}"},"an7.96-614:1.2":{"pli":"Katame satta? ","eng":"What seven? ","html":"{}</p>"},"an7.96-614:1.3":{"pli":"Idha, bhikkhave, ekacco puggalo cakkhusmiṃ dukkhānupassī viharati …pe… ","eng":"First, take an individual who meditates observing suffering in the eye. … ","html":"<p data-counter='2–8'>{}"},"an7.96-614:1.4":{"pli":"cakkhusmiṃ anattānupassī viharati …pe… ","eng":"observing not-self in the eye. … ","html":"{}"},"an7.96-614:1.5":{"pli":"cakkhusmiṃ khayānupassī viharati …pe… ","eng":"observing ending in the eye. … ","html":"{}"},"an7.96-614:1.6":{"pli":"cakkhusmiṃ vayānupassī viharati …pe… ","eng":"observing vanishing in the eye. … ","html":"{}"},"an7.96-614:1.7":{"pli":"cakkhusmiṃ virāgānupassī viharati …pe… ","eng":"observing fading away in the eye. … ","html":"{}"},"an7.96-614:1.8":{"pli":"cakkhusmiṃ nirodhānupassī viharati …pe… ","eng":"observing cessation in the eye. … ","html":"{}"},"an7.96-614:1.9":{"pli":"cakkhusmiṃ paṭinissaggānupassī viharati …pe…. ","eng":"observing letting go in the eye. … ","html":"{}</p>"},"an7.96-614:2.1":{"pli":"Sotasmiṃ …pe… ","eng":"ear … ","html":"<p data-counter='9–48'>{}"},"an7.96-614:2.2":{"pli":"ghānasmiṃ … ","eng":"nose … ","html":"{}"},"an7.96-614:2.3":{"pli":"jivhāya … ","eng":"tongue … ","html":"{}"},"an7.96-614:2.4":{"pli":"kāyasmiṃ … ","eng":"body … ","html":"{}"},"an7.96-614:2.5":{"pli":"manasmiṃ …pe…. ","eng":"mind … ","html":"{}</p>"},"an7.96-614:3.1":{"pli":"Rūpesu …pe… ","eng":"sights … ","html":"<p data-counter='49–96'>{}"},"an7.96-614:3.2":{"pli":"saddesu … ","eng":"sounds … ","html":"{}"},"an7.96-614:3.3":{"pli":"gandhesu … ","eng":"smells … ","html":"{}"},"an7.96-614:3.4":{"pli":"rasesu … ","eng":"tastes … ","html":"{}"},"an7.96-614:3.5":{"pli":"phoṭṭhabbesu … ","eng":"touches … ","html":"{}"},"an7.96-614:3.6":{"pli":"dhammesu …pe…. ","eng":"ideas … ","html":"{}</p>"},"an7.96-614:4.1":{"pli":"Cakkhuviññāṇe …pe… ","eng":"eye consciousness … ","html":"<p data-counter='97–144'>{}"},"an7.96-614:4.2":{"pli":"sotaviññāṇe … ","eng":"ear consciousness … ","html":"{}"},"an7.96-614:4.3":{"pli":"ghānaviññāṇe … ","eng":"nose consciousness … ","html":"{}"},"an7.96-614:4.4":{"pli":"jivhāviññāṇe … ","eng":"tongue consciousness … ","html":"{}"},"an7.96-614:4.5":{"pli":"kāyaviññāṇe … ","eng":"body consciousness … ","html":"{}"},"an7.96-614:4.6":{"pli":"manoviññāṇe …pe…. ","eng":"mind consciousness … ","html":"{}</p>"},"an7.96-614:5.1":{"pli":"Cakkhusamphasse …pe… ","eng":"eye contact … ","html":"<p data-counter='145–192'>{}"},"an7.96-614:5.2":{"pli":"sotasamphasse … ","eng":"ear contact … ","html":"{}"},"an7.96-614:5.3":{"pli":"ghānasamphasse … ","eng":"nose contact … ","html":"{}"},"an7.96-614:5.4":{"pli":"jivhāsamphasse … ","eng":"tongue contact … ","html":"{}"},"an7.96-614:5.5":{"pli":"kāyasamphasse … ","eng":"body contact … ","html":"{}"},"an7.96-614:5.6":{"pli":"manosamphasse …pe…. ","eng":"mind contact … ","html":"{}</p>"},"an7.96-614:6.1":{"pli":"Cakkhusamphassajāya vedanāya …pe… ","eng":"feeling born of eye contact … ","html":"<p data-counter='193–240'>{}"},"an7.96-614:6.2":{"pli":"sotasamphassajāya vedanāya … ","eng":"feeling born of ear contact … ","html":"{}"},"an7.96-614:6.3":{"pli":"ghānasamphassajāya vedanāya … ","eng":"feeling born of nose contact … ","html":"{}"},"an7.96-614:6.4":{"pli":"jivhāsamphassajāya vedanāya … ","eng":"feeling born of tongue contact … ","html":"{}"},"an7.96-614:6.5":{"pli":"kāyasamphassajāya vedanāya … ","eng":"feeling born of body contact … ","html":"{}"},"an7.96-614:6.6":{"pli":"manosamphassajāya vedanāya …pe…. ","eng":"feeling born of mind contact … ","html":"{}</p>"},"an7.96-614:7.1":{"pli":"Rūpasaññāya …pe… ","eng":"perception of sights … ","html":"<p data-counter='241–288'>{}"},"an7.96-614:7.2":{"pli":"saddasaññāya … ","eng":"perception of sounds … ","html":"{}"},"an7.96-614:7.3":{"pli":"gandhasaññāya … ","eng":"perception of smells … ","html":"{}"},"an7.96-614:7.4":{"pli":"rasasaññāya … ","eng":"perception of tastes … ","html":"{}"},"an7.96-614:7.5":{"pli":"phoṭṭhabbasaññāya … ","eng":"perception of touches … ","html":"{}"},"an7.96-614:7.6":{"pli":"dhammasaññāya …pe…. ","eng":"perception of ideas … ","html":"{}</p>"},"an7.96-614:8.1":{"pli":"Rūpasañcetanāya …pe… ","eng":"intention regarding sights … ","html":"<p data-counter='289–336'>{}"},"an7.96-614:8.2":{"pli":"saddasañcetanāya … ","eng":"intention regarding sounds … ","html":"{}"},"an7.96-614:8.3":{"pli":"gandhasañcetanāya … ","eng":"intention regarding smells … ","html":"{}"},"an7.96-614:8.4":{"pli":"rasasañcetanāya … ","eng":"intention regarding tastes … ","html":"{}"},"an7.96-614:8.5":{"pli":"phoṭṭhabbasañcetanāya … ","eng":"intention regarding touches … ","html":"{}"},"an7.96-614:8.6":{"pli":"dhammasañcetanāya …pe…. ","eng":"intention regarding ideas … ","html":"{}</p>"},"an7.96-614:9.1":{"pli":"Rūpataṇhāya …pe… ","eng":"craving for sights … ","html":"<p data-counter='337–384'>{}"},"an7.96-614:9.2":{"pli":"saddataṇhāya … ","eng":"craving for sounds … ","html":"{}"},"an7.96-614:9.3":{"pli":"gandhataṇhāya … ","eng":"craving for smells … ","html":"{}"},"an7.96-614:9.4":{"pli":"rasataṇhāya … ","eng":"craving for tastes … ","html":"{}"},"an7.96-614:9.5":{"pli":"phoṭṭhabbataṇhāya … ","eng":"craving for touches … ","html":"{}"},"an7.96-614:9.6":{"pli":"dhammataṇhāya …pe…. ","eng":"craving for ideas … ","html":"{}</p>"},"an7.96-614:10.1":{"pli":"Rūpavitakke …pe… ","eng":"thoughts about sights … ","html":"<p data-counter='385–432'>{}"},"an7.96-614:10.2":{"pli":"saddavitakke … ","eng":"thoughts about sounds … ","html":"{}"},"an7.96-614:10.3":{"pli":"gandhavitakke … ","eng":"thoughts about smells … ","html":"{}"},"an7.96-614:10.4":{"pli":"rasavitakke … ","eng":"thoughts about tastes … ","html":"{}"},"an7.96-614:10.5":{"pli":"phoṭṭhabbavitakke … ","eng":"thoughts about touches … ","html":"{}"},"an7.96-614:10.6":{"pli":"dhammavitakke …pe…. ","eng":"thoughts about ideas … ","html":"{}</p>"},"an7.96-614:11.1":{"pli":"Rūpavicāre …pe… ","eng":"considerations regarding sights … ","html":"<p data-counter='433–480'>{}"},"an7.96-614:11.2":{"pli":"saddavicāre … ","eng":"considerations regarding sounds … ","html":"{}"},"an7.96-614:11.3":{"pli":"gandhavicāre … ","eng":"considerations regarding smells … ","html":"{}"},"an7.96-614:11.4":{"pli":"rasavicāre … ","eng":"considerations regarding tastes … ","html":"{}"},"an7.96-614:11.5":{"pli":"phoṭṭhabbavicāre … ","eng":"considerations regarding touches … ","html":"{}"},"an7.96-614:11.6":{"pli":"dhammavicāre …pe…. ","eng":"considerations regarding ideas … ","html":"{}</p>"},"an7.96-614:12.1":{"pli":"Pañcakkhandhe …pe… ","eng":"meditates observing impermanence in the five aggregates … ","html":"<p data-counter='481–528'>{}"},"an7.96-614:12.2":{"pli":"rūpakkhandhe … ","eng":"the aggregate of form … ","html":"{}"},"an7.96-614:12.3":{"pli":"vedanākkhandhe … ","eng":"the aggregate of feeling … ","html":"{}"},"an7.96-614:12.4":{"pli":"saññākkhandhe … ","eng":"the aggregate of perception … ","html":"{}"},"an7.96-614:12.5":{"pli":"saṅkhārakkhandhe … ","eng":"the aggregate of choices … ","html":"{}"},"an7.96-614:12.6":{"pli":"viññāṇakkhandhe aniccānupassī viharati …pe… ","eng":"the aggregate of consciousness … ","html":"{}"},"an7.96-614:12.7":{"pli":"dukkhānupassī viharati … ","eng":"meditates observing suffering … ","html":"{}"},"an7.96-614:12.8":{"pli":"anattānupassī viharati … ","eng":"not-self … ","html":"{}"},"an7.96-614:12.9":{"pli":"khayānupassī viharati … ","eng":"ending … ","html":"{}"},"an7.96-614:12.10":{"pli":"vayānupassī viharati … ","eng":"vanishing … ","html":"{}"},"an7.96-614:12.11":{"pli":"virāgānupassī viharati … ","eng":"fading away … ","html":"{}"},"an7.96-614:12.12":{"pli":"nirodhānupassī viharati … ","eng":"cessation … ","html":"{}"},"an7.96-614:12.13":{"pli":"paṭinissaggānupassī viharati …pe… ","eng":"letting go …” ","html":"{}"},"an7.96-614:12.14":{"pli":"lokassā”ti. ","html":"{}</p>"},"an7.96-614:13.1":{"pli":"“Chadvārārammaṇesvettha, ","html":"<blockquote class='gatha'><p><span class='verse-line'>{}</span>"},"an7.96-614:13.2":{"pli":"viññāṇesu ca phassesu; ","html":"<span class='verse-line'>{}</span>"},"an7.96-614:13.3":{"pli":"Vedanāsu ca dvārassa, ","html":"<span class='verse-line'>{}</span>"},"an7.96-614:13.4":{"pli":"suttā honti visuṃ aṭṭha. ","html":"<span class='verse-line'>{}</span></p>"},"an7.96-614:14.1":{"pli":"Saññā sañcetanā taṇhā, ","html":"<p><span class='verse-line'>{}</span>"},"an7.96-614:14.2":{"pli":"vitakkesu vicāre ca; ","html":"<span class='verse-line'>{}</span>"},"an7.96-614:14.3":{"pli":"Gocarassa visuṃ aṭṭha, ","html":"<span class='verse-line'>{}</span>"},"an7.96-614:14.4":{"pli":"pañcakkhandhe ca pacceke. ","html":"<span class='verse-line'>{}</span></p>"},"an7.96-614:15.1":{"pli":"Soḷasasvettha mūlesu, ","html":"<p><span class='verse-line'>{}</span>"},"an7.96-614:15.2":{"pli":"aniccaṃ dukkhamanattā; ","html":"<span class='verse-line'>{}</span>"},"an7.96-614:15.3":{"pli":"Khayā vayā virāgā ca, ","html":"<span class='verse-line'>{}</span>"},"an7.96-614:15.4":{"pli":"nirodhā paṭinissaggā. ","html":"<span class='verse-line'>{}</span></p>"},"an7.96-614:16.1":{"pli":"Kamaṃ aṭṭhānupassanā, ","html":"<p><span class='verse-line'>{}</span>"},"an7.96-614:16.2":{"pli":"yojetvāna visuṃ visuṃ; ","html":"<span class='verse-line'>{}</span>"},"an7.96-614:16.3":{"pli":"Sampiṇḍitesu sabbesu, ","html":"<span class='verse-line'>{}</span>"},"an7.96-614:16.4":{"pli":"honti pañca satāni ca; ","html":"<span class='verse-line'>{}</span>"},"an7.96-614:16.5":{"pli":"Aṭṭhavīsati suttāni, ","html":"<span class='verse-line'>{}</span>"},"an7.96-614:16.6":{"pli":"āhuneyye ca vaggike”. ","html":"<span class='verse-line'>{}</span></p></blockquote>"},"an7.96-614:16.7":{"pli":"Āhuneyyavaggo dasamo. ","html":"<p class='endsutta'>{}</p></article>"}}}