{"an8.80":{"an8.80:0.1":{"pli":"Aṅguttara Nikāya 8.80 ","eng":"Numbered Discourses 8.80 ","html":"<article id='an8.80'><header><ul><li class='division'>{}</li>"},"an8.80:0.2":{"pli":"8. Yamakavagga ","eng":"8. Pairs ","html":"<li>{}</li></ul>"},"an8.80:0.3":{"pli":"Kusītārambhavatthusutta ","eng":"Grounds for Laziness and Arousing Energy ","html":"<h1 class='sutta-title'>{}</h1></header>"},"an8.80:1.1":{"pli":"“Aṭṭhimāni, bhikkhave, kusītavatthūni. ","eng":"“Mendicants, there are eight grounds for laziness. ","html":"<p>{}"},"an8.80:1.2":{"pli":"Katamāni aṭṭha? ","eng":"What eight? ","html":"{}</p>"},"an8.80:1.3":{"pli":"Idha, bhikkhave, bhikkhunā kammaṃ kattabbaṃ hoti. ","eng":"Firstly, a mendicant has some work to do. ","html":"<p data-counter='1'>{}"},"an8.80:1.4":{"pli":"Tassa evaṃ hoti: ","eng":"They think: ","html":"{}"},"an8.80:1.5":{"pli":"‘kammaṃ kho me kattabbaṃ bhavissati. Kammaṃ kho pana me karontassa kāyo kilamissati. Handāhaṃ nipajjāmī’ti. ","eng":"‘I have some work to do. But while doing it my body will get tired. I’d better have a lie down.’ ","html":"{}"},"an8.80:1.6":{"pli":"So nipajjati, na vīriyaṃ ārabhati appattassa pattiyā anadhigatassa adhigamāya asacchikatassa sacchikiriyāya. ","eng":"They lie down, and don’t rouse energy for attaining the unattained, achieving the unachieved, and realizing the unrealized. ","html":"{}"},"an8.80:1.7":{"pli":"Idaṃ, bhikkhave, paṭhamaṃ kusītavatthu. ","eng":"This is the first ground for laziness. ","html":"{}</p>"},"an8.80:2.1":{"pli":"Puna caparaṃ, bhikkhave, bhikkhunā kammaṃ kataṃ hoti. ","eng":"Furthermore, a mendicant has done some work. ","html":"<p data-counter='2'>{}"},"an8.80:2.2":{"pli":"Tassa evaṃ hoti: ","eng":"They think: ","html":"{}"},"an8.80:2.3":{"pli":"‘ahaṃ kho kammaṃ akāsiṃ. Kammaṃ kho pana me karontassa kāyo kilanto. Handāhaṃ nipajjāmī’ti. ","eng":"‘I’ve done some work. But while working my body got tired. I’d better have a lie down.’ ","html":"{}"},"an8.80:2.4":{"pli":"So nipajjati, na vīriyaṃ ārabhati appattassa pattiyā anadhigatassa adhigamāya asacchikatassa sacchikiriyāya. ","eng":"They lie down, and don’t rouse energy for attaining the unattained, achieving the unachieved, and realizing the unrealized. ","html":"{}"},"an8.80:2.5":{"pli":"Idaṃ, bhikkhave, dutiyaṃ kusītavatthu. ","eng":"This is the second ground for laziness. ","html":"{}</p>"},"an8.80:3.1":{"pli":"Puna caparaṃ, bhikkhave, bhikkhunā maggo gantabbo hoti. ","eng":"Furthermore, a mendicant has to go on a journey. ","html":"<p data-counter='3'>{}"},"an8.80:3.2":{"pli":"Tassa evaṃ hoti: ","eng":"They think: ","html":"{}"},"an8.80:3.3":{"pli":"‘maggo me gantabbo bhavissati. Maggaṃ kho pana me gacchantassa kāyo kilamissati. Handāhaṃ nipajjāmī’ti. ","eng":"‘I have to go on a journey. But while walking my body will get tired. I’d better have a lie down.’ ","html":"{}"},"an8.80:3.4":{"pli":"So nipajjati, na vīriyaṃ ārabhati appattassa pattiyā anadhigatassa adhigamāya asacchikatassa sacchikiriyāya. ","eng":"They lie down, and don’t rouse energy for attaining the unattained, achieving the unachieved, and realizing the unrealized. ","html":"{}"},"an8.80:3.5":{"pli":"Idaṃ, bhikkhave, tatiyaṃ kusītavatthu. ","eng":"This is the third ground for laziness. ","html":"{}</p>"},"an8.80:4.1":{"pli":"Puna caparaṃ, bhikkhave, bhikkhunā maggo gato hoti. ","eng":"Furthermore, a mendicant has gone on a journey. ","html":"<p data-counter='4'>{}"},"an8.80:4.2":{"pli":"Tassa evaṃ hoti: ","eng":"They think: ","html":"{}"},"an8.80:4.3":{"pli":"‘ahaṃ kho maggaṃ agamāsiṃ. Maggaṃ kho pana me gacchantassa kāyo kilanto. Handāhaṃ nipajjāmī’ti. ","eng":"‘I’ve gone on a journey. But while walking my body got tired. I’d better have a lie down.’ ","html":"{}"},"an8.80:4.4":{"pli":"So nipajjati, na vīriyaṃ ārabhati appattassa pattiyā anadhigatassa adhigamāya asacchikatassa sacchikiriyāya. ","eng":"They lie down, and don’t rouse energy for attaining the unattained, achieving the unachieved, and realizing the unrealized. ","html":"{}"},"an8.80:4.5":{"pli":"Idaṃ, bhikkhave, catutthaṃ kusītavatthu. ","eng":"This is the fourth ground for laziness. ","html":"{}</p>"},"an8.80:5.1":{"pli":"Puna caparaṃ, bhikkhave, bhikkhu gāmaṃ vā nigamaṃ vā piṇḍāya caranto na labhati lūkhassa vā paṇītassa vā bhojanassa yāvadatthaṃ pāripūriṃ. ","eng":"Furthermore, a mendicant has wandered for alms, but they didn’t get to fill up on as much food as they like, coarse or fine. ","html":"<p data-counter='5'>{}"},"an8.80:5.2":{"pli":"Tassa evaṃ hoti: ","eng":"They think: ","html":"{}"},"an8.80:5.3":{"pli":"‘ahaṃ kho gāmaṃ vā nigamaṃ vā piṇḍāya caranto nālatthaṃ lūkhassa vā paṇītassa vā bhojanassa yāvadatthaṃ pāripūriṃ. Tassa me kāyo kilanto akammañño. Handāhaṃ nipajjāmī’ti. ","eng":"‘I’ve wandered for alms, but I didn’t get to fill up on as much food as I like, coarse or fine. My body is tired and unfit for work. I’d better have a lie down.’ ","html":"{}"},"an8.80:5.4":{"pli":"So nipajjati, na vīriyaṃ ārabhati …pe… ","eng":"They lie down, and don’t rouse energy for achieving the unachieved, attaining the unattained, and realizing the unrealized. ","html":"{}"},"an8.80:5.5":{"pli":"idaṃ, bhikkhave, pañcamaṃ kusītavatthu. ","eng":"This is the fifth ground for laziness. ","html":"{}</p>"},"an8.80:6.1":{"pli":"Puna caparaṃ, bhikkhave, bhikkhu gāmaṃ vā nigamaṃ vā piṇḍāya caranto labhati lūkhassa vā paṇītassa vā bhojanassa yāvadatthaṃ pāripūriṃ. ","eng":"Furthermore, a mendicant has wandered for alms, and they got to fill up on as much food as they like, coarse or fine. ","html":"<p data-counter='6'>{}"},"an8.80:6.2":{"pli":"Tassa evaṃ hoti: ","eng":"They think: ","html":"{}"},"an8.80:6.3":{"pli":"‘ahaṃ kho gāmaṃ vā nigamaṃ vā piṇḍāya caranto alatthaṃ lūkhassa vā paṇītassa vā bhojanassa yāvadatthaṃ pāripūriṃ. Tassa me kāyo garuko akammañño māsācitaṃ maññe. Handāhaṃ nipajjāmī’ti. ","eng":"‘I’ve wandered for alms, and I got to fill up on as much food as I like, coarse or fine. My body is heavy, unfit for work, like I’ve just eaten a load of beans. I’d better have a lie down.’ ","html":"{}"},"an8.80:6.4":{"pli":"So nipajjati, na vīriyaṃ ārabhati …pe… ","eng":"They lie down, and don’t rouse energy for achieving the unachieved, attaining the unattained, and realizing the unrealized. ","html":"{}"},"an8.80:6.5":{"pli":"idaṃ, bhikkhave, chaṭṭhaṃ kusītavatthu. ","eng":"This is the sixth ground for laziness. ","html":"{}</p>"},"an8.80:7.1":{"pli":"Puna caparaṃ, bhikkhave, bhikkhuno uppanno hoti appamattako ābādho. ","eng":"Furthermore, a mendicant feels a little sick. ","html":"<p data-counter='7'>{}"},"an8.80:7.2":{"pli":"Tassa evaṃ hoti: ","eng":"They think: ","html":"{}"},"an8.80:7.3":{"pli":"‘uppanno kho me ayaṃ appamattako ābādho atthi kappo nipajjituṃ. Handāhaṃ nipajjāmī’ti. ","eng":"‘I feel a little sick. Lying down would be good for me. I’d better have a lie down.’ ","html":"{}"},"an8.80:7.4":{"pli":"So nipajjati, na vīriyaṃ ārabhati …pe… ","eng":"They lie down, and don’t rouse energy for achieving the unachieved, attaining the unattained, and realizing the unrealized. ","html":"{}"},"an8.80:7.5":{"pli":"idaṃ, bhikkhave, sattamaṃ kusītavatthu. ","eng":"This is the seventh ground for laziness. ","html":"{}</p>"},"an8.80:8.1":{"pli":"Puna caparaṃ, bhikkhave, bhikkhu gilānā vuṭṭhito hoti aciravuṭṭhito gelaññā. ","eng":"Furthermore, a mendicant has recently recovered from illness. ","html":"<p data-counter='8'>{}"},"an8.80:8.2":{"pli":"Tassa evaṃ hoti: ","eng":"They think: ","html":"{}"},"an8.80:8.3":{"pli":"‘ahaṃ kho gilānā vuṭṭhito aciravuṭṭhito gelaññā. Tassa me kāyo dubbalo akammañño. Handāhaṃ nipajjāmī’ti. ","eng":"‘I’ve recently recovered from illness. My body is weak and unfit for work. I’d better have a lie down.’ ","html":"{}"},"an8.80:8.4":{"pli":"So nipajjati, na vīriyaṃ ārabhati appattassa pattiyā anadhigatassa adhigamāya asacchikatassa sacchikiriyāya. ","eng":"They lie down, and don’t rouse energy for attaining the unattained, achieving the unachieved, and realizing the unrealized. ","html":"{}"},"an8.80:8.5":{"pli":"Idaṃ, bhikkhave, aṭṭhamaṃ kusītavatthu. ","eng":"This is the eighth ground for laziness. ","html":"{}"},"an8.80:8.6":{"pli":"Imāni kho, bhikkhave, aṭṭha kusītavatthūni. ","eng":"These are the eight grounds for laziness. ","html":"{}</p>"},"an8.80:9.1":{"pli":"Aṭṭhimāni, bhikkhave, ārambhavatthūni. ","eng":"There are eight grounds for arousing energy. ","html":"<p data-counter='1'>{}"},"an8.80:9.2":{"pli":"Katamāni aṭṭha? ","eng":"What eight? ","html":"{}"},"an8.80:9.3":{"pli":"Idha, bhikkhave, bhikkhunā kammaṃ kattabbaṃ hoti. ","eng":"Firstly, a mendicant has some work to do. ","html":"{}"},"an8.80:9.4":{"pli":"Tassa evaṃ hoti: ","eng":"They think: ","html":"{}"},"an8.80:9.5":{"pli":"‘kammaṃ kho me kattabbaṃ bhavissati. Kammaṃ kho mayā karontena na sukaraṃ buddhānaṃ sāsanaṃ manasi kātuṃ. Handāhaṃ paṭikacceva vīriyaṃ ārabhāmi appattassa pattiyā anadhigatassa adhigamāya asacchikatassa sacchikiriyāyā’ti. ","eng":"‘I have some work to do. While working it’s not easy to focus on the instructions of the Buddhas. I’d better preemptively rouse up energy for attaining the unattained, achieving the unachieved, and realizing the unrealized.’ ","html":"{}"},"an8.80:9.6":{"pli":"So vīriyaṃ ārabhati appattassa pattiyā anadhigatassa adhigamāya asacchikatassa sacchikiriyāya. ","eng":"They rouse energy for attaining the unattained, achieving the unachieved, and realizing the unrealized. ","html":"{}"},"an8.80:9.7":{"pli":"Idaṃ, bhikkhave, paṭhamaṃ ārambhavatthu. ","eng":"This is the first ground for arousing energy. ","html":"{}</p>"},"an8.80:10.1":{"pli":"Puna caparaṃ, bhikkhave, bhikkhunā kammaṃ kataṃ hoti. ","eng":"Furthermore, a mendicant has done some work. ","html":"<p data-counter='2'>{}"},"an8.80:10.2":{"pli":"Tassa evaṃ hoti: ","eng":"They think: ","html":"{}"},"an8.80:10.3":{"pli":"‘ahaṃ kho kammaṃ akāsiṃ. Kammaṃ kho panāhaṃ karonto nāsakkhiṃ buddhānaṃ sāsanaṃ manasi kātuṃ. Handāhaṃ vīriyaṃ ārabhāmi appattassa pattiyā anadhigatassa adhigamāya asacchikatassa sacchikiriyāyā’ti. ","eng":"‘I’ve done some work. While I was working I wasn’t able to focus on the instructions of the Buddhas. I’d better preemptively rouse up energy for attaining the unattained, achieving the unachieved, and realizing the unrealized.’ ","html":"{}"},"an8.80:10.4":{"pli":"So vīriyaṃ ārabhati. ","eng":"They rouse up energy … ","html":"{}"},"an8.80:10.5":{"pli":"Idaṃ, bhikkhave, dutiyaṃ ārambhavatthu. ","eng":"This is the second ground for arousing energy. ","html":"{}</p>"},"an8.80:11.1":{"pli":"Puna caparaṃ, bhikkhave, bhikkhunā maggo gantabbo hoti. ","eng":"Furthermore, a mendicant has to go on a journey. ","html":"<p data-counter='3'>{}"},"an8.80:11.2":{"pli":"Tassa evaṃ hoti—","eng":"They think: ","html":"{}"},"an8.80:11.3":{"pli":"maggo kho me gantabbo bhavissati. Maggaṃ kho pana me gacchantena na sukaraṃ buddhānaṃ sāsanaṃ manasi kātuṃ. Handāhaṃ vīriyaṃ …pe… ","eng":"‘I have to go on a journey. While walking it’s not easy to focus on the instructions of the Buddhas. I’d better preemptively rouse up energy …’ … ","html":"{}"},"an8.80:11.4":{"pli":"idaṃ, bhikkhave, tatiyaṃ ārambhavatthu. ","eng":"This is the third ground for arousing energy. ","html":"{}</p>"},"an8.80:12.1":{"pli":"Puna caparaṃ, bhikkhave, bhikkhunā maggo gato hoti. ","eng":"Furthermore, a mendicant has gone on a journey. ","html":"<p data-counter='4'>{}"},"an8.80:12.2":{"pli":"Tassa evaṃ hoti—","eng":"They think: ","html":"{}"},"an8.80:12.3":{"pli":"ahaṃ kho maggaṃ agamāsiṃ. Maggaṃ kho panāhaṃ gacchanto nāsakkhiṃ buddhānaṃ sāsanaṃ manasi kātuṃ. Handāhaṃ vīriyaṃ ārabhāmi …pe… ","eng":"‘I’ve gone on a journey. While I was walking I wasn’t able to focus on the instructions of the Buddhas. I’d better preemptively rouse up energy …’ … ","html":"{}"},"an8.80:12.4":{"pli":"idaṃ, bhikkhave, catutthaṃ ārambhavatthu. ","eng":"This is the fourth ground for arousing energy. ","html":"{}</p>"},"an8.80:13.1":{"pli":"Puna caparaṃ, bhikkhave, bhikkhu gāmaṃ vā nigamaṃ vā piṇḍāya caranto na labhati lūkhassa vā paṇītassa vā bhojanassa yāvadatthaṃ pāripūriṃ. ","eng":"Furthermore, a mendicant has wandered for alms, but they didn’t get to fill up on as much food as they like, coarse or fine. ","html":"<p data-counter='5'>{}"},"an8.80:13.2":{"pli":"Tassa evaṃ hoti—","eng":"They think: ","html":"{}"},"an8.80:13.3":{"pli":"ahaṃ kho gāmaṃ vā nigamaṃ vā piṇḍāya caranto nālatthaṃ lūkhassa vā paṇītassa vā bhojanassa yāvadatthaṃ pāripūriṃ. Tassa me kāyo lahuko kammañño. Handāhaṃ vīriyaṃ ārabhāmi …pe… ","eng":"‘I’ve wandered for alms, but I didn’t get to fill up on as much food as I like, rough or fine. My body is light and fit for work. I’d better preemptively rouse up energy …’ … ","html":"{}"},"an8.80:13.4":{"pli":"idaṃ, bhikkhave, pañcamaṃ ārambhavatthu. ","eng":"This is the fifth ground for arousing energy. ","html":"{}</p>"},"an8.80:14.1":{"pli":"Puna caparaṃ, bhikkhave, bhikkhu gāmaṃ vā nigamaṃ vā piṇḍāya caranto labhati lūkhassa vā paṇītassa vā bhojanassa yāvadatthaṃ pāripūriṃ. ","eng":"Furthermore, a mendicant has wandered for alms, and they got to fill up on as much food as they like, coarse or fine. ","html":"<p data-counter='6'>{}"},"an8.80:14.2":{"pli":"Tassa evaṃ hoti—","eng":"They think: ","html":"{}"},"an8.80:14.3":{"pli":"ahaṃ kho gāmaṃ vā nigamaṃ vā piṇḍāya caranto alatthaṃ lūkhassa vā paṇītassa vā bhojanassa yāvadatthaṃ pāripūriṃ. Tassa me kāyo balavā kammañño. Handāhaṃ vīriyaṃ ārabhāmi …pe… ","eng":"‘I’ve wandered for alms, and I got to fill up on as much food as I like, coarse or fine. My body is strong and fit for work. I’d better preemptively rouse up energy …’ … ","html":"{}"},"an8.80:14.4":{"pli":"idaṃ, bhikkhave, chaṭṭhaṃ ārambhavatthu. ","eng":"This is the sixth ground for arousing energy. ","html":"{}</p>"},"an8.80:15.1":{"pli":"Puna caparaṃ, bhikkhave, bhikkhuno uppanno hoti appamattako ābādho. ","eng":"Furthermore, a mendicant feels a little sick. ","html":"<p data-counter='7'>{}"},"an8.80:15.2":{"pli":"Tassa evaṃ hoti—","eng":"They think: ","html":"{}"},"an8.80:15.3":{"pli":"uppanno kho me ayaṃ appamattako ābādho. Ṭhānaṃ kho panetaṃ vijjati yaṃ me ābādho pavaḍḍheyya. Handāhaṃ paṭikacceva vīriyaṃ ārabhāmi …pe… ","eng":"‘I feel a little sick. It’s possible this illness will worsen. I’d better preemptively rouse up energy …’ … ","html":"{}"},"an8.80:15.4":{"pli":"idaṃ, bhikkhave, sattamaṃ ārambhavatthu. ","eng":"This is the seventh ground for arousing energy. ","html":"{}</p>"},"an8.80:16.1":{"pli":"Puna caparaṃ, bhikkhave, bhikkhu gilānā vuṭṭhito hoti aciravuṭṭhito gelaññā. ","eng":"Furthermore, a mendicant has recently recovered from illness. ","html":"<p data-counter='8'>{}"},"an8.80:16.2":{"pli":"Tassa evaṃ hoti: ","eng":"They think: ","html":"{}"},"an8.80:16.3":{"pli":"‘ahaṃ kho gilānā vuṭṭhito aciravuṭṭhito gelaññā. Ṭhānaṃ kho panetaṃ vijjati yaṃ me ābādho paccudāvatteyya. Handāhaṃ paṭikacceva vīriyaṃ ārabhāmi appattassa pattiyā anadhigatassa adhigamāya asacchikatassa sacchikiriyāyā’ti. ","eng":"‘I’ve recently recovered from illness. It’s possible the illness will come back. I’d better preemptively rouse up energy for attaining the unattained, achieving the unachieved, and realizing the unrealized.’ ","html":"{}"},"an8.80:16.4":{"pli":"So vīriyaṃ ārabhati appattassa pattiyā anadhigatassa adhigamāya asacchikatassa sacchikiriyāya. ","eng":"They rouse energy for attaining the unattained, achieving the unachieved, and realizing the unrealized. ","html":"{}"},"an8.80:16.5":{"pli":"Idaṃ, bhikkhave, aṭṭhamaṃ ārambhavatthu. ","eng":"This is the eighth ground for arousing energy. ","html":"{}</p>"},"an8.80:17.1":{"pli":"Imāni kho, bhikkhave, aṭṭha ārambhavatthūnī”ti. ","eng":"These are the eight grounds for arousing energy.” ","html":"<p>{}</p>"},"an8.80:17.2":{"pli":"Dasamaṃ. ","html":"<p class='endsutta'>{}</p>"},"an8.80:17.3":{"pli":"Yamakavaggo tatiyo. ","html":"<p class='endvagga'>{}</p>"},"an8.80:18.0":{"pli":"Tassuddānaṃ ","html":"<p class='uddana-intro'>{}</p>"},"an8.80:18.1":{"pli":"Dve saddhā dve maraṇassatī, ","html":"<blockquote class='uddanagatha'><p><span class='verse-line'>{}</span>"},"an8.80:18.2":{"pli":"dve sampadā athāpare; ","html":"<span class='verse-line'>{}</span>"},"an8.80:18.3":{"pli":"Icchā alaṃ parihānaṃ, ","html":"<span class='verse-line'>{}</span>"},"an8.80:18.4":{"pli":"kusītārambhavatthūnīti. ","html":"<span class='verse-line'>{}</span></p></blockquote></article>"}},"an8.81":{"an8.81:0.1":{"pli":"Aṅguttara Nikāya 8.81 ","eng":"Numbered Discourses 8.81 ","html":"<article id='an8.81'><header><ul><li class='division'>{}</li>"},"an8.81:0.2":{"pli":"9. Sativagga ","eng":"9. Mindfulness ","html":"<li>{}</li></ul>"},"an8.81:0.3":{"pli":"Satisampajaññasutta ","eng":"Mindfulness and Situational Awareness ","html":"<h1 class='sutta-title'>{}</h1></header>"},"an8.81:1.1":{"pli":"“Satisampajaññe, bhikkhave, asati satisampajaññavipannassa hatūpanisaṃ hoti hirottappaṃ. ","eng":"“Mendicants, when there is no mindfulness and situational awareness, one who lacks mindfulness and situational awareness has destroyed a vital condition for conscience and prudence. ","html":"<p>{}"},"an8.81:1.2":{"pli":"Hirottappe asati hirottappavipannassa hatūpaniso hoti indriyasaṃvaro. ","eng":"When there is no conscience and prudence, one who lacks conscience and prudence has destroyed a vital condition for sense restraint. ","html":"{}"},"an8.81:1.3":{"pli":"Indriyasaṃvare asati indriyasaṃvaravipannassa hatūpanisaṃ hoti sīlaṃ. ","eng":"When there is no sense restraint, one who lacks sense restraint has destroyed a vital condition for ethical conduct. ","html":"{}"},"an8.81:1.4":{"pli":"Sīle asati sīlavipannassa hatūpaniso hoti sammāsamādhi. ","eng":"When there is no ethical conduct, one who lacks ethics has destroyed a vital condition for right immersion. ","html":"{}"},"an8.81:1.5":{"pli":"Sammāsamādhimhi asati sammāsamādhivipannassa hatūpanisaṃ hoti yathābhūtañāṇadassanaṃ. ","eng":"When there is no right immersion, one who lacks right immersion has destroyed a vital condition for true knowledge and vision. ","html":"{}"},"an8.81:1.6":{"pli":"Yathābhūtañāṇadassane asati yathābhūtañāṇadassanavipannassa hatūpaniso hoti nibbidāvirāgo. ","eng":"When there is no true knowledge and vision, one who lacks true knowledge and vision has destroyed a vital condition for disillusionment and dispassion. ","html":"{}"},"an8.81:1.7":{"pli":"Nibbidāvirāge asati nibbidāvirāgavipannassa hatūpanisaṃ hoti vimuttiñāṇadassanaṃ. ","eng":"When there is no disillusionment and dispassion, one who lacks disillusionment and dispassion has destroyed a vital condition for knowledge and vision of freedom. ","html":"{}</p>"},"an8.81:1.8":{"pli":"Seyyathāpi, bhikkhave, rukkho sākhāpalāsavipanno. Tassa papaṭikāpi na pāripūriṃ gacchati, tacopi … pheggupi … sāropi na pāripūriṃ gacchati. ","eng":"Suppose there was a tree that lacked branches and foliage. Its shoots, bark, softwood, and heartwood would not grow to fullness. ","html":"<p>{}</p>"},"an8.81:1.9":{"pli":"Evamevaṃ kho, bhikkhave, satisampajaññe asati satisampajaññavipannassa hatūpanisaṃ hoti hirottappaṃ; ","eng":"In the same way, when there is no mindfulness and situational awareness, one who lacks mindfulness and situational awareness has destroyed a vital condition for conscience and prudence. ","html":"<p>{}"},"an8.81:1.10":{"pli":"hirottappe asati hirottappavipannassa hatūpaniso hoti …pe… ","eng":"When there is no conscience and prudence … ","html":"{}"},"an8.81:1.11":{"pli":"vimuttiñāṇadassanaṃ. ","eng":"One who lacks disillusionment and dispassion has destroyed a vital condition for knowledge and vision of freedom. ","html":"{}</p>"},"an8.81:2.1":{"pli":"Satisampajaññe, bhikkhave, sati satisampajaññasampannassa upanisasampannaṃ hoti hirottappaṃ. ","eng":"When there is mindfulness and situational awareness, one who has fulfilled mindfulness and situational awareness has fulfilled a vital condition for conscience and prudence. ","html":"<p>{}"},"an8.81:2.2":{"pli":"Hirottappe sati hirottappasampannassa upanisasampanno hoti indriyasaṃvaro. ","eng":"When there is conscience and prudence, one who has fulfilled conscience and prudence has fulfilled a vital condition for sense restraint. ","html":"{}"},"an8.81:2.3":{"pli":"Indriyasaṃvare sati indriyasaṃvarasampannassa upanisasampannaṃ hoti sīlaṃ. ","eng":"When there is sense restraint, one who has fulfilled sense restraint has fulfilled a vital condition for ethical conduct. ","html":"{}"},"an8.81:2.4":{"pli":"Sīle sati sīlasampannassa upanisasampanno hoti sammāsamādhi. ","eng":"When there is ethical conduct, one who has fulfilled ethical conduct has fulfilled a vital condition for right immersion. ","html":"{}"},"an8.81:2.5":{"pli":"Sammāsamādhimhi sati sammāsamādhisampannassa upanisasampannaṃ hoti yathābhūtañāṇadassanaṃ. ","eng":"When there is right immersion, one who has fulfilled right immersion has fulfilled a vital condition for true knowledge and vision. ","html":"{}"},"an8.81:2.6":{"pli":"Yathābhūtañāṇadassane sati yathābhūtañāṇadassanasampannassa upanisasampanno hoti nibbidāvirāgo. ","eng":"When there is true knowledge and vision, one who has fulfilled true knowledge and vision has fulfilled a vital condition for disillusionment and dispassion. ","html":"{}"},"an8.81:2.7":{"pli":"Nibbidāvirāge sati nibbidāvirāgasampannassa upanisasampannaṃ hoti vimuttiñāṇadassanaṃ. ","eng":"When there is disillusionment and dispassion, one who has fulfilled disillusionment and dispassion has fulfilled a vital condition for knowledge and vision of freedom. ","html":"{}</p>"},"an8.81:2.8":{"pli":"Seyyathāpi, bhikkhave, rukkho sākhāpalāsasampanno. Tassa papaṭikāpi pāripūriṃ gacchati, tacopi … pheggupi … sāropi pāripūriṃ gacchati. ","eng":"Suppose there was a tree that was complete with branches and foliage. Its shoots, bark, softwood, and heartwood would grow to fullness. ","html":"<p>{}</p>"},"an8.81:2.9":{"pli":"Evamevaṃ kho, bhikkhave, satisampajaññe sati satisampajaññasampannassa upanisasampannaṃ hoti hirottappaṃ; ","eng":"In the same way, when there is mindfulness and situational awareness, one who has fulfilled mindfulness and situational awareness has fulfilled a vital condition for conscience and prudence. ","html":"<p>{}"},"an8.81:2.10":{"pli":"hirottappe sati hirottappasampannassa upanisasampanno hoti …pe… ","eng":"When there is conscience and prudence … ","html":"{}"},"an8.81:2.11":{"pli":"vimuttiñāṇadassanan”ti. ","eng":"One who has fulfilled disillusionment and dispassion has fulfilled a vital condition for knowledge and vision of freedom.” ","html":"{}</p>"},"an8.81:2.12":{"pli":"Paṭhamaṃ. ","html":"<p class='endsutta'>{}</p></article>"}},"an8.82":{"an8.82:0.1":{"pli":"Aṅguttara Nikāya 8.82 ","eng":"Numbered Discourses 8.82 ","html":"<article id='an8.82'><header><ul><li class='division'>{}</li>"},"an8.82:0.2":{"pli":"9. Sativagga ","eng":"9. Mindfulness ","html":"<li>{}</li></ul>"},"an8.82:0.3":{"pli":"Puṇṇiyasutta ","eng":"With Puṇṇiya ","html":"<h1 class='sutta-title'>{}</h1></header>"},"an8.82:1.1":{"pli":"Atha kho āyasmā puṇṇiyo yena bhagavā tenupasaṅkami; upasaṅkamitvā bhagavantaṃ abhivādetvā ekamantaṃ nisīdi. Ekamantaṃ nisinno kho āyasmā puṇṇiyo bhagavantaṃ etadavoca: ","eng":"Then Venerable Puṇṇiya went up to the Buddha, bowed, sat down to one side, and said to him: ","html":"<p>{}</p>"},"an8.82:1.2":{"pli":"“ko nu kho, bhante, hetu ko paccayo yena appekadā tathāgataṃ dhammadesanā paṭibhāti, appekadā na paṭibhātī”ti? ","eng":"“Sir, what is the cause, what is the reason why sometimes the Realized One feels inspired to teach, and other times not?” ","html":"<p>{}</p>"},"an8.82:1.3":{"pli":"“Saddho ca, puṇṇiya, bhikkhu hoti, no cupasaṅkamitā; ","eng":"“Puṇṇiya, when a mendicant has faith but doesn’t approach, ","html":"<p>{}"},"an8.82:1.4":{"pli":"neva tathāgataṃ dhammadesanā paṭibhāti. ","eng":"the Realized One doesn’t feel inspired to teach. ","html":"{}"},"an8.82:1.5":{"pli":"Yato ca kho, puṇṇiya, bhikkhu saddho ca hoti, upasaṅkamitā ca; ","eng":"But when a mendicant has faith and approaches, ","html":"{}"},"an8.82:1.6":{"pli":"evaṃ tathāgataṃ dhammadesanā paṭibhāti. ","eng":"the Realized One feels inspired to teach. ","html":"{}"},"an8.82:1.7":{"pli":"Saddho ca, puṇṇiya, bhikkhu hoti, upasaṅkamitā ca, no ca payirupāsitā …pe… ","eng":"When a mendicant has faith and approaches, but doesn’t pay homage … ","html":"{}"},"an8.82:1.8":{"pli":"payirupāsitā ca, no ca paripucchitā … ","eng":"they pay homage, but don’t ask questions … ","html":"{}"},"an8.82:1.9":{"pli":"paripucchitā ca, no ca ohitasoto dhammaṃ suṇāti … ","eng":"they ask questions, but don’t actively listen to the teaching … ","html":"{}"},"an8.82:1.10":{"pli":"ohitasoto ca dhammaṃ suṇāti, no ca sutvā dhammaṃ dhāreti … ","eng":"they actively listen to the teaching, but don’t remember the teaching they’ve heard … ","html":"{}"},"an8.82:1.11":{"pli":"sutvā ca dhammaṃ dhāreti, no ca dhātānaṃ dhammānaṃ atthaṃ upaparikkhati … ","eng":"they remember the teaching they’ve heard, but don’t examine the meaning of the teachings they’ve remembered … ","html":"{}"},"an8.82:1.12":{"pli":"dhātānañca dhammānaṃ atthaṃ upaparikkhati, no ca atthamaññāya dhammamaññāya dhammānudhammappaṭipanno hoti. ","eng":"they examine the meaning of the teachings they’ve remembered, but, not having understood the meaning and the teaching, they don’t practice in line with the principle of the teaching. ","html":"{}"},"an8.82:1.13":{"pli":"Neva tāva tathāgataṃ dhammadesanā paṭibhāti. ","eng":"The Realized One doesn’t feel inspired to teach. ","html":"{}</p>"},"an8.82:2.1":{"pli":"Yato ca kho, puṇṇiya, bhikkhu saddho ca hoti, upasaṅkamitā ca, payirupāsitā ca, paripucchitā ca, ohitasoto ca dhammaṃ suṇāti, sutvā ca dhammaṃ dhāreti, dhātānañca dhammānaṃ atthaṃ upaparikkhati, atthamaññāya dhammamaññāya dhammānudhammappaṭipanno ca hoti; ","eng":"But when a mendicant has faith, approaches, pays homage, asks questions, actively listens to the teachings, remembers the teachings, examines the meaning, and practices in line with the principle of the teaching, ","html":"<p>{}"},"an8.82:2.2":{"pli":"evaṃ tathāgataṃ dhammadesanā paṭibhāti. ","eng":"the Realized One feels inspired to teach. ","html":"{}"},"an8.82:2.3":{"pli":"Imehi kho, puṇṇiya, aṭṭhahi dhammehi samannāgatā ekantapaṭibhānā tathāgataṃ dhammadesanā hotī”ti. ","eng":"When someone possesses these eight qualities, the Realized One feels totally inspired to teach.” ","html":"{}</p>"},"an8.82:2.4":{"pli":"Dutiyaṃ. ","html":"<p class='endsutta'>{}</p></article>"}},"an8.83":{"an8.83:0.1":{"pli":"Aṅguttara Nikāya 8.83 ","eng":"Numbered Discourses 8.83 ","html":"<article id='an8.83'><header><ul><li class='division'>{}</li>"},"an8.83:0.2":{"pli":"9. Sativagga ","eng":"9. Mindfulness ","html":"<li>{}</li></ul>"},"an8.83:0.3":{"pli":"Mūlakasutta ","eng":"Rooted ","html":"<h1 class='sutta-title'>{}</h1></header>"},"an8.83:1.1":{"pli":"“Sace, bhikkhave, aññatitthiyā paribbājakā evaṃ puccheyyuṃ: ","eng":"“Mendicants, if wanderers of other religions were to ask: ","html":"<p>{}"},"an8.83:1.2":{"pli":"‘kiṃmūlakā, āvuso, sabbe dhammā, kiṃsambhavā sabbe dhammā, kiṃsamudayā sabbe dhammā, kiṃsamosaraṇā sabbe dhammā, kiṃpamukhā sabbe dhammā, kiṃadhipateyyā sabbe dhammā, kiṃuttarā sabbe dhammā, kiṃsārā sabbe dhammā’ti, evaṃ puṭṭhā tumhe, bhikkhave, tesaṃ aññatitthiyānaṃ paribbājakānaṃ kinti byākareyyāthā”ti? ","eng":"‘Reverends, all things have what as their root? What produces them? What is their origin? What is their meeting place? What is their chief? What is their ruler? What is their overseer? What is their core?’ How would you answer them?” ","html":"{}</p>"},"an8.83:1.3":{"pli":"“Bhagavaṃmūlakā no, bhante, dhammā, bhagavaṃnettikā bhagavaṃpaṭisaraṇā. Sādhu, bhante, bhagavantaṃyeva paṭibhātu etassa bhāsitassa attho. Bhagavato sutvā bhikkhū dhāressantī”ti. ","eng":"“Our teachings are rooted in the Buddha. He is our guide and our refuge. Sir, may the Buddha himself please clarify the meaning of this. The mendicants will listen and remember it.” ","html":"<p>{}</p>"},"an8.83:2.1":{"pli":"“Tena hi, bhikkhave, desessāmi. ","eng":"“Well then, mendicants, I will teach it. ","html":"<p>{}"},"an8.83:2.2":{"pli":"Taṃ suṇātha, sādhukaṃ manasi karotha, bhāsissāmī”ti. ","eng":"Listen and apply your mind well, I will speak.” ","html":"{}</p>"},"an8.83:2.3":{"pli":"“Evaṃ, bhante”ti kho te bhikkhū bhagavato paccassosuṃ. ","eng":"“Yes, sir,” they replied. ","html":"<p>{}"},"an8.83:2.4":{"pli":"Bhagavā etadavoca: ","eng":"The Buddha said this: ","html":"{}</p>"},"an8.83:2.5":{"pli":"“sace, bhikkhave, aññatitthiyā paribbājakā evaṃ puccheyyuṃ: ","eng":"“Mendicants, if wanderers of other religions were to ask: ","html":"<p>{}"},"an8.83:2.6":{"pli":"‘kiṃmūlakā, āvuso, sabbe dhammā, kiṃsambhavā sabbe dhammā, kiṃsamudayā sabbe dhammā, kiṃsamosaraṇā sabbe dhammā, kiṃpamukhā sabbe dhammā, kiṃadhipateyyā sabbe dhammā, kiṃuttarā sabbe dhammā, kiṃsārā sabbe dhammā’ti, ","eng":"‘Reverends, all things have what as their root? What produces them? What is their origin? What is their meeting place? What is their chief? What is their ruler? What is their overseer? What is their core?’ ","html":"{}"},"an8.83:2.7":{"pli":"evaṃ puṭṭhā tumhe, bhikkhave, tesaṃ aññatitthiyānaṃ paribbājakānaṃ evaṃ byākareyyātha: ","eng":"You should answer them: ","html":"{}"},"an8.83:2.8":{"pli":"‘chandamūlakā, āvuso, sabbe dhammā, manasikārasambhavā sabbe dhammā, phassasamudayā sabbe dhammā, vedanāsamosaraṇā sabbe dhammā, samādhippamukhā sabbe dhammā, satādhipateyyā sabbe dhammā, paññuttarā sabbe dhammā, vimuttisārā sabbe dhammā’ti, ","eng":"‘Reverends, all things are rooted in desire. They are produced by application of mind. Contact is their origin. Feeling is their meeting place. Immersion is their chief. Mindfulness is their ruler. Wisdom is their overseer. Freedom is their core.’ ","html":"{}"},"an8.83:2.9":{"pli":"evaṃ puṭṭhā tumhe, bhikkhave, tesaṃ aññatitthiyānaṃ paribbājakānaṃ evaṃ byākareyyāthā”ti. ","eng":"When questioned by wanderers of other religions, that’s how you should answer them.” ","html":"{}</p>"},"an8.83:2.10":{"pli":"Tatiyaṃ. ","html":"<p class='endsutta'>{}</p></article>"}},"an8.84":{"an8.84:0.1":{"pli":"Aṅguttara Nikāya 8.84 ","eng":"Numbered Discourses 8.84 ","html":"<article id='an8.84'><header><ul><li class='division'>{}</li>"},"an8.84:0.2":{"pli":"9. Sativagga ","eng":"9. Mindfulness ","html":"<li>{}</li></ul>"},"an8.84:0.3":{"pli":"Corasutta ","eng":"A Master Thief ","html":"<h1 class='sutta-title'>{}</h1></header>"},"an8.84:1.1":{"pli":"“Aṭṭhahi, bhikkhave, aṅgehi samannāgato mahācoro khippaṃ pariyāpajjati, na ciraṭṭhitiko hoti. ","eng":"“Mendicants, a master thief with eight factors is soon executed, and doesn’t have long to live. ","html":"<p>{}"},"an8.84:1.2":{"pli":"Katamehi aṭṭhahi? ","eng":"What eight? ","html":"{}"},"an8.84:1.3":{"pli":"Appaharantassa paharati, anavasesaṃ ādiyati, itthiṃ hanati, kumāriṃ dūseti, pabbajitaṃ vilumpati, rājakosaṃ vilumpati, accāsanne kammaṃ karoti, na ca nidhānakusalo hoti. ","eng":"He attacks unprovoked. He steals everything without exception. He kills a woman. He rapes a girl. He robs a monk. He robs the royal treasury. He works close to home. He’s not skilled at hiding his booty. ","html":"{}"},"an8.84:1.4":{"pli":"Imehi kho, bhikkhave, aṭṭhahaṅgehi samannāgato mahācoro khippaṃ pariyāpajjati, na ciraṭṭhitiko hoti. ","eng":"A master thief with these eight factors is soon executed, and doesn’t have long to live. ","html":"{}</p>"},"an8.84:2.1":{"pli":"Aṭṭhahi, bhikkhave, aṅgehi samannāgato mahācoro na khippaṃ pariyāpajjati, ciraṭṭhitiko hoti. ","eng":"A master thief with eight factors is not soon executed, and lives long. ","html":"<p>{}"},"an8.84:2.2":{"pli":"Katamehi aṭṭhahi? ","eng":"What eight? ","html":"{}"},"an8.84:2.3":{"pli":"Na appaharantassa paharati, na anavasesaṃ ādiyati, na itthiṃ hanati, na kumāriṃ dūseti, na pabbajitaṃ vilumpati, na rājakosaṃ vilumpati, na accāsanne kammaṃ karoti, nidhānakusalo ca hoti. ","eng":"He doesn’t attack unprovoked. He doesn’t steal everything without exception. He doesn’t kill a woman. He doesn’t rape a girl. He doesn’t rob a monk. He doesn’t rob the royal treasury. He doesn’t work close to home. He’s skilled at hiding his booty. ","html":"{}"},"an8.84:2.4":{"pli":"Imehi kho, bhikkhave, aṭṭhahaṅgehi samannāgato mahācoro na khippaṃ pariyāpajjati, ciraṭṭhitiko hotī”ti. ","eng":"A master thief with these eight factors is not soon executed, and lives long.” ","html":"{}</p>"},"an8.84:2.5":{"pli":"Catutthaṃ. ","html":"<p class='endsutta'>{}</p></article>"}},"an8.85":{"an8.85:0.1":{"pli":"Aṅguttara Nikāya 8.85 ","eng":"Numbered Discourses 8.85 ","html":"<article id='an8.85'><header><ul><li class='division'>{}</li>"},"an8.85:0.2":{"pli":"9. Sativagga ","eng":"9. Mindfulness ","html":"<li>{}</li></ul>"},"an8.85:0.3":{"pli":"Samaṇasutta ","eng":"Terms for the Realized One ","html":"<h1 class='sutta-title'>{}</h1></header>"},"an8.85:1.1":{"pli":"“‘Samaṇo’ti, bhikkhave, tathāgatassetaṃ adhivacanaṃ arahato sammāsambuddhassa. ","eng":"“‘Ascetic’ is a term for the Realized One, the perfected one, the fully awakened Buddha. ","html":"<p>{}"},"an8.85:1.2":{"pli":"‘Brāhmaṇo’ti, bhikkhave, tathāgatassetaṃ adhivacanaṃ arahato sammāsambuddhassa. ","eng":"‘Brahmin’, ","html":"{}"},"an8.85:1.3":{"pli":"‘Vedagū’ti, bhikkhave, tathāgatassetaṃ adhivacanaṃ arahato sammāsambuddhassa. ","eng":"‘Knowledge Master’, ","html":"{}"},"an8.85:1.4":{"pli":"‘Bhisakko’ti, bhikkhave, tathāgatassetaṃ adhivacanaṃ arahato sammāsambuddhassa. ","eng":"‘Healer’, ","html":"{}"},"an8.85:1.5":{"pli":"‘Nimmalo’ti, bhikkhave, tathāgatassetaṃ adhivacanaṃ arahato sammāsambuddhassa. ","eng":"‘Unstained’, ","html":"{}"},"an8.85:1.6":{"pli":"‘Vimalo’ti, bhikkhave, tathāgatassetaṃ adhivacanaṃ arahato sammāsambuddhassa. ","eng":"‘Immaculate’, ","html":"{}"},"an8.85:1.7":{"pli":"‘Ñāṇī’ti, bhikkhave, tathāgatassetaṃ adhivacanaṃ arahato sammāsambuddhassa. ","eng":"‘Knower’, ","html":"{}"},"an8.85:1.8":{"pli":"‘Vimutto’ti, bhikkhave, tathāgatassetaṃ adhivacanaṃ arahato sammāsambuddhassāti. ","eng":"and ‘Freed’ are terms for the Realized One, the perfected one, the fully awakened Buddha. ","html":"{}</p>"},"an8.85:2.1":{"pli":"Yaṃ samaṇena pattabbaṃ, ","eng":"The supreme should be attained by an ascetic, ","html":"<blockquote class='gatha'><p><span class='verse-line'>{}</span>"},"an8.85:2.2":{"pli":"brāhmaṇena vusīmatā; ","eng":"a brahmin who has lived the life; ","html":"<span class='verse-line'>{}</span>"},"an8.85:2.3":{"pli":"Yaṃ vedagunā pattabbaṃ, ","eng":"it should be attained by a knowledge master, ","html":"<span class='verse-line'>{}</span>"},"an8.85:2.4":{"pli":"bhisakkena anuttaraṃ. ","eng":"a healer. ","html":"<span class='verse-line'>{}</span></p>"},"an8.85:3.1":{"pli":"Yaṃ nimmalena pattabbaṃ, ","eng":"The supreme should be attained by the unstained, ","html":"<p><span class='verse-line'>{}</span>"},"an8.85:3.2":{"pli":"vimalena sucīmatā; ","eng":"stainless and pure; ","html":"<span class='verse-line'>{}</span>"},"an8.85:3.3":{"pli":"Yaṃ ñāṇinā ca pattabbaṃ, ","eng":"it should be attained by a knower, ","html":"<span class='verse-line'>{}</span>"},"an8.85:3.4":{"pli":"vimuttena anuttaraṃ. ","eng":"who is free. ","html":"<span class='verse-line'>{}</span></p>"},"an8.85:4.1":{"pli":"Sohaṃ vijitasaṅgāmo, ","eng":"I am victorious in battle! ","html":"<p><span class='verse-line'>{}</span>"},"an8.85:4.2":{"pli":"mutto mocemi bandhanā; ","eng":"Released, I release others from their chains. ","html":"<span class='verse-line'>{}</span>"},"an8.85:4.3":{"pli":"Nāgomhi paramadanto, ","eng":"I am a dragon completely tamed, ","html":"<span class='verse-line'>{}</span>"},"an8.85:4.4":{"pli":"asekho parinibbuto”ti. ","eng":"an adept, I am quenched.” ","html":"<span class='verse-line'>{}</span></p></blockquote>"},"an8.85:4.5":{"pli":"Pañcamaṃ. ","html":"<p class='endsutta'>{}</p></article>"}}}