{"an8.1":{"an8.1:0.1":{"pli":"Aṅguttara Nikāya 8.1 ","eng":"Numbered Discourses 8.1 ","html":"<article id='an8.1'><header><ul><li class='division'>{}</li>"},"an8.1:0.2":{"pli":"1. Mettāvagga ","eng":"1. Love ","html":"<li>{}</li></ul>"},"an8.1:0.3":{"pli":"Mettāsutta ","eng":"The Benefits of Love ","html":"<h1 class='sutta-title'>{}</h1></header>"},"an8.1:1.1":{"pli":"Evaṃ me sutaṃ—","eng":"So I have heard. ","html":"<p><span class='evam'>{}</span>"},"an8.1:1.2":{"pli":"ekaṃ samayaṃ bhagavā sāvatthiyaṃ viharati jetavane anāthapiṇḍikassa ārāme. ","eng":"At one time the Buddha was staying near Sāvatthī in Jeta’s Grove, Anāthapiṇḍika’s monastery. ","html":"{}"},"an8.1:1.3":{"pli":"Tatra kho bhagavā bhikkhū āmantesi: ","eng":"There the Buddha addressed the mendicants, ","html":"{}"},"an8.1:1.4":{"pli":"“bhikkhavo”ti. ","eng":"“Mendicants!” ","html":"{}</p>"},"an8.1:1.5":{"pli":"“Bhadante”ti te bhikkhū bhagavato paccassosuṃ. ","eng":"“Venerable sir,” they replied. ","html":"<p>{}"},"an8.1:1.6":{"pli":"Bhagavā etadavoca: ","eng":"The Buddha said this: ","html":"{}</p>"},"an8.1:2.1":{"pli":"“Mettāya, bhikkhave, cetovimuttiyā āsevitāya bhāvitāya bahulīkatāya yānīkatāya vatthukatāya anuṭṭhitāya paricitāya susamāraddhāya aṭṭhānisaṃsā pāṭikaṅkhā. ","eng":"“Mendicants, you can expect eight benefits when the heart’s release by love has been cultivated, developed, and practiced, made a vehicle and a basis, kept up, consolidated, and properly implemented. ","html":"<p>{}"},"an8.1:2.2":{"pli":"Katame aṭṭha? ","eng":"What eight? ","html":"{}"},"an8.1:2.3":{"pli":"Sukhaṃ supati, sukhaṃ paṭibujjhati, na pāpakaṃ supinaṃ passati, manussānaṃ piyo hoti, amanussānaṃ piyo hoti, devatā rakkhanti, nāssa aggi vā visaṃ vā satthaṃ vā kamati, uttariṃ appaṭivijjhanto brahmalokūpago hoti. ","eng":"You sleep at ease. You wake happily. You don’t have bad dreams. Humans love you. Non-humans love you. Deities protect you. You can’t be harmed by fire, poison, or blade. If you don’t reach any higher, you’ll be reborn in a realm of divinity. ","html":"{}"},"an8.1:2.4":{"pli":"Mettāya, bhikkhave, cetovimuttiyā āsevitāya bhāvitāya bahulīkatāya yānīkatāya vatthukatāya anuṭṭhitāya paricitāya susamāraddhāya ime aṭṭhānisaṃsā pāṭikaṅkhāti. ","eng":"You can expect these eight benefits when the heart’s release by love has been cultivated, developed, and practiced, made a vehicle and a basis, kept up, consolidated, and properly implemented. ","html":"{}</p>"},"an8.1:3.1":{"pli":"Yo ca mettaṃ bhāvayati, ","eng":"A mindful one who develops ","html":"<blockquote class='gatha'><p><span class='verse-line'>{}</span>"},"an8.1:3.2":{"pli":"appamāṇaṃ paṭissato; ","eng":"limitless love ","html":"<span class='verse-line'>{}</span>"},"an8.1:3.3":{"pli":"Tanū saṃyojanā honti, ","eng":"weakens the fetters, ","html":"<span class='verse-line'>{}</span>"},"an8.1:3.4":{"pli":"passato upadhikkhayaṃ. ","eng":"seeing the ending of attachments. ","html":"<span class='verse-line'>{}</span></p>"},"an8.1:4.1":{"pli":"Ekampi ce pāṇamaduṭṭhacitto, ","eng":"Loving just one creature with a hateless heart ","html":"<p><span class='verse-line'>{}</span>"},"an8.1:4.2":{"pli":"Mettāyati kusalī tena hoti; ","eng":"makes you a true person. ","html":"<span class='verse-line'>{}</span>"},"an8.1:4.3":{"pli":"Sabbe ca pāṇe manasānukampī, ","eng":"Sympathetic for all creatures, ","html":"<span class='verse-line'>{}</span>"},"an8.1:4.4":{"pli":"Pahūtamariyo pakaroti puññaṃ. ","eng":"a noble one creates abundant merit. ","html":"<span class='verse-line'>{}</span></p>"},"an8.1:5.1":{"pli":"Ye sattasaṇḍaṃ pathaviṃ vijetvā, ","eng":"The royal potentates conquered this land ","html":"<p><span class='verse-line'>{}</span>"},"an8.1:5.2":{"pli":"Rājisayo yajamānā anupariyagā; ","eng":"and traveled around sponsoring sacrifices—","html":"<span class='verse-line'>{}</span>"},"an8.1:5.3":{"pli":"Assamedhaṃ purisamedhaṃ, ","eng":"horse sacrifice, human sacrifice, ","html":"<span class='verse-line'>{}</span>"},"an8.1:5.4":{"pli":"Sammāpāsaṃ vājapeyyaṃ niraggaḷaṃ. ","eng":"the sacrifices of the ‘casting of the yoke-pin’, <j>the ‘royal soma drinking’, and the ‘unimpeded’. ","html":"<span class='verse-line'>{}</span></p>"},"an8.1:6.1":{"pli":"Mettassa cittassa subhāvitassa, ","eng":"These are not worth a sixteenth part ","html":"<p><span class='verse-line'>{}</span>"},"an8.1:6.2":{"pli":"Kalampi te nānubhavanti soḷasiṃ; ","eng":"of the mind developed with love, ","html":"<span class='verse-line'>{}</span>"},"an8.1:6.3":{"pli":"Candappabhā tāragaṇāva sabbe, ","eng":"as all the constellations of stars ","html":"<span class='verse-line'>{}</span>"},"an8.1:6.4":{"pli":"Yathā na agghanti kalampi soḷasiṃ. ","eng":"aren’t worth a sixteenth part of the moon’s light. ","html":"<span class='verse-line'>{}</span></p>"},"an8.1:7.1":{"pli":"Yo na hanti na ghāteti, ","eng":"Don’t kill or cause others to kill, ","html":"<p><span class='verse-line'>{}</span>"},"an8.1:7.2":{"pli":"na jināti na jāpaye; ","eng":"don’t conquer or encourage others to conquer, ","html":"<span class='verse-line'>{}</span>"},"an8.1:7.3":{"pli":"Mettaṃso sabbabhūtānaṃ, ","eng":"with love for all sentient beings, ","html":"<span class='verse-line'>{}</span>"},"an8.1:7.4":{"pli":"veraṃ tassa na kenacī”ti. ","eng":"you’ll have no enmity for anyone.” ","html":"<span class='verse-line'>{}</span></p></blockquote>"},"an8.1:7.5":{"pli":"Paṭhamaṃ. ","html":"<p class='endsutta'>{}</p></article>"}},"an8.10":{"an8.10:0.1":{"pli":"Aṅguttara Nikāya 8.10 ","eng":"Numbered Discourses 8.10 ","html":"<article id='an8.10'><header><ul><li class='division'>{}</li>"},"an8.10:0.2":{"pli":"1. Mettāvagga ","eng":"1. Love ","html":"<li>{}</li></ul>"},"an8.10:0.3":{"pli":"Kāraṇḍavasutta ","eng":"Trash ","html":"<h1 class='sutta-title'>{}</h1></header>"},"an8.10:1.1":{"pli":"Ekaṃ samayaṃ bhagavā campāyaṃ viharati gaggarāya pokkharaṇiyā tīre. ","eng":"At one time the Buddha was staying near Campā on the banks of the Gaggarā Lotus Pond. ","html":"<p>{}"},"an8.10:1.2":{"pli":"Tena kho pana samayena bhikkhū bhikkhuṃ āpattiyā codenti. ","eng":"Now at that time the mendicants accused a mendicant of an offense. ","html":"{}"},"an8.10:1.3":{"pli":"So bhikkhu bhikkhūhi āpattiyā codiyamāno aññenāññaṃ paṭicarati, bahiddhā kathaṃ apanāmeti, kopañca dosañca appaccayañca pātukaroti. ","eng":"The accused mendicant dodged the issue, distracted the discussion with irrelevant points, and displayed annoyance, hate, and bitterness. ","html":"{}</p>"},"an8.10:2.1":{"pli":"Atha kho bhagavā bhikkhū āmantesi: ","eng":"Then the Buddha said to the mendicants, ","html":"<p>{}"},"an8.10:2.2":{"pli":"“niddhamathetaṃ, bhikkhave, puggalaṃ; ","eng":"“Mendicants, throw this individual out! ","html":"{}"},"an8.10:2.3":{"pli":"niddhamathetaṃ, bhikkhave, puggalaṃ. ","eng":"Throw this individual out! ","html":"{}"},"an8.10:2.4":{"pli":"Apaneyyeso, bhikkhave, puggalo. ","eng":"This individual should be shown the door. ","html":"{}"},"an8.10:2.5":{"pli":"Kiṃ vo tena paraputtena visodhitena. ","eng":"Why should you be vexed by an outsider? ","html":"{}</p>"},"an8.10:2.6":{"pli":"Idha, bhikkhave, ekaccassa puggalassa tādisaṃyeva hoti abhikkantaṃ paṭikkantaṃ ālokitaṃ vilokitaṃ samiñjitaṃ pasāritaṃ saṅghāṭipattacīvaradhāraṇaṃ, seyyathāpi aññesaṃ bhaddakānaṃ bhikkhūnaṃ—","eng":"Take a case where a certain individual looks just the same as other good-natured mendicants when going out and coming back, when looking ahead and aside, when bending and extending the limbs, and when bearing the outer robe, bowl and robes. ","html":"<p>{}"},"an8.10:2.7":{"pli":"yāvassa bhikkhū āpattiṃ na passanti. ","eng":"That is, so long as the mendicants don’t notice his offense. ","html":"{}"},"an8.10:2.8":{"pli":"Yato ca khvassa bhikkhū āpattiṃ passanti, tamenaṃ evaṃ jānanti: ","eng":"But when the mendicants notice the offense, they know that he’s ","html":"{}"},"an8.10:2.9":{"pli":"‘samaṇadūsīvāyaṃ samaṇapalāpo samaṇakāraṇḍavo’ti. ","eng":"a corrupt ascetic, just useless trash. ","html":"{}"},"an8.10:2.10":{"pli":"Tamenaṃ iti viditvā bahiddhā nāsenti. ","eng":"When they realize this they send him away. ","html":"{}"},"an8.10:2.11":{"pli":"Taṃ kissa hetu? ","eng":"Why is that? ","html":"{}"},"an8.10:2.12":{"pli":"Mā aññe bhaddake bhikkhū dūsesīti. ","eng":"So that he doesn’t corrupt good-natured mendicants. ","html":"{}</p>"},"an8.10:3.1":{"pli":"Seyyathāpi, bhikkhave, sampanne yavakaraṇe yavadūsī jāyetha yavapalāpo yavakāraṇḍavoti. ","eng":"Suppose in a growing field of barley some bad barley appeared, just useless trash. ","html":"<p>{}"},"an8.10:3.2":{"pli":"Tassa tādisaṃyeva mūlaṃ hoti, seyyathāpi aññesaṃ bhaddakānaṃ yavānaṃ; ","eng":"Its roots, stem, and leaves would look just the same as the healthy barley. ","html":"{}"},"an8.10:3.3":{"pli":"tādisaṃyeva nāḷaṃ hoti, seyyathāpi aññesaṃ bhaddakānaṃ yavānaṃ; ","html":"{}"},"an8.10:3.4":{"pli":"tādisaṃyeva pattaṃ hoti, seyyathāpi aññesaṃ bhaddakānaṃ yavānaṃ—","html":"{}"},"an8.10:3.5":{"pli":"yāvassa sīsaṃ na nibbattati. ","eng":"That is, so long as the head doesn’t appear. ","html":"{}"},"an8.10:3.6":{"pli":"Yato ca khvassa sīsaṃ nibbattati, tamenaṃ evaṃ jānanti: ","eng":"But when the head appears, they know that it’s ","html":"{}"},"an8.10:3.7":{"pli":"‘yavadūsīvāyaṃ yavapalāpo yavakāraṇḍavo’ti. ","eng":"bad barley, just useless trash. ","html":"{}"},"an8.10:3.8":{"pli":"Tamenaṃ iti viditvā samūlaṃ uppāṭetvā bahiddhā yavakaraṇassa chaḍḍenti. ","eng":"When they realize this they pull it up by the roots and throw it outside the field. ","html":"{}"},"an8.10:3.9":{"pli":"Taṃ kissa hetu? ","eng":"Why is that? ","html":"{}"},"an8.10:3.10":{"pli":"Mā aññe bhaddake yave dūsesīti. ","eng":"So that it doesn’t spoil the good barley. ","html":"{}</p>"},"an8.10:4.1":{"pli":"Evamevaṃ kho, bhikkhave, idhekaccassa puggalassa tādisaṃyeva hoti abhikkantaṃ paṭikkantaṃ ālokitaṃ vilokitaṃ samiñjitaṃ pasāritaṃ saṅghāṭipattacīvaradhāraṇaṃ, seyyathāpi aññesaṃ bhaddakānaṃ bhikkhūnaṃ—","eng":"In the same way, take a case where a certain individual looks just the same as other good-natured mendicants when going out and coming back, when looking ahead and aside, when bending and extending the limbs, and when bearing the outer robe, bowl and robes. ","html":"<p>{}"},"an8.10:4.2":{"pli":"yāvassa bhikkhū āpattiṃ na passanti. ","eng":"That is, so long as the mendicants don’t notice his offense. ","html":"{}"},"an8.10:4.3":{"pli":"Yato ca khvassa bhikkhū āpattiṃ passanti, tamenaṃ evaṃ jānanti: ","eng":"But when the mendicants notice the offense, they know that he’s ","html":"{}"},"an8.10:4.4":{"pli":"‘samaṇadūsīvāyaṃ samaṇapalāpo samaṇakāraṇḍavo’ti. ","eng":"a corrupt ascetic, just useless trash. ","html":"{}"},"an8.10:4.5":{"pli":"Tamenaṃ iti viditvā bahiddhā nāsenti. ","eng":"When they realize this they send him away. ","html":"{}"},"an8.10:4.6":{"pli":"Taṃ kissa hetu? ","eng":"Why is that? ","html":"{}"},"an8.10:4.7":{"pli":"Mā aññe bhaddake bhikkhū dūsesīti. ","eng":"So that he doesn’t corrupt good-natured mendicants. ","html":"{}</p>"},"an8.10:5.1":{"pli":"Seyyathāpi, bhikkhave, mahato dhaññarāsissa phuṇamānassa tattha yāni tāni dhaññāni daḷhāni sāravantāni tāni ekamantaṃ puñjaṃ hoti, yāni pana tāni dhaññāni dubbalāni palāpāni tāni vāto ekamantaṃ apavahati. ","eng":"Suppose that a large heap of grain is being winnowed. The grains that are firm and solid form a heap on one side. And the grains that are flimsy and insubstantial are blown over to the other side. ","html":"<p>{}"},"an8.10:5.2":{"pli":"Tamenaṃ sāmikā sammajjaniṃ gahetvā bhiyyoso mattāya apasammajjanti. ","eng":"The owners take a broom and sweep them even further away. ","html":"{}"},"an8.10:5.3":{"pli":"Taṃ kissa hetu? ","eng":"Why is that? ","html":"{}"},"an8.10:5.4":{"pli":"Mā aññe bhaddake dhaññe dūsesīti. ","eng":"So that it doesn’t spoil the good grain. ","html":"{}"},"an8.10:5.5":{"pli":"Evamevaṃ kho, bhikkhave, idhekaccassa puggalassa tādisaṃyeva hoti abhikkantaṃ paṭikkantaṃ ālokitaṃ vilokitaṃ samiñjitaṃ pasāritaṃ saṅghāṭipattacīvaradhāraṇaṃ, seyyathāpi aññesaṃ bhaddakānaṃ bhikkhūnaṃ—","eng":"In the same way, take a case where a certain individual looks just the same as other good-natured mendicants when going out and coming back, when looking ahead and aside, when bending and extending the limbs, and when bearing the outer robe, bowl and robes. ","html":"{}"},"an8.10:5.6":{"pli":"yāvassa bhikkhū āpattiṃ na passanti. ","eng":"That is, so long as the mendicants don’t notice his offense. ","html":"{}"},"an8.10:5.7":{"pli":"Yato ca khvassa bhikkhū āpattiṃ passanti, tamenaṃ evaṃ jānanti: ","eng":"But when the mendicants notice the offense, they know that he’s ","html":"{}"},"an8.10:5.8":{"pli":"‘samaṇadūsīvāyaṃ samaṇapalāpo samaṇakāraṇḍavo’ti. ","eng":"a corrupt ascetic, just useless trash. ","html":"{}"},"an8.10:5.9":{"pli":"Tamenaṃ iti viditvā bahiddhā nāsenti. ","eng":"When they realize this they send him away. ","html":"{}"},"an8.10:5.10":{"pli":"Taṃ kissa hetu? ","eng":"Why is that? ","html":"{}"},"an8.10:5.11":{"pli":"Mā aññe bhaddake bhikkhū dūsesīti. ","eng":"So that he doesn’t corrupt good-natured mendicants. ","html":"{}</p>"},"an8.10:6.1":{"pli":"Seyyathāpi, bhikkhave, puriso udapānapanāḷiyatthiko tiṇhaṃ kuṭhāriṃ ādāya vanaṃ paviseyya. ","eng":"Suppose a man needs an irrigation gutter for a well. He’d take a sharp axe and enter the wood, ","html":"<p>{}"},"an8.10:6.2":{"pli":"So yaṃ yadeva rukkhaṃ kuṭhāripāsena ākoṭeyya tattha yāni tāni rukkhāni daḷhāni sāravantāni tāni kuṭhāripāsena ākoṭitāni kakkhaḷaṃ paṭinadanti; ","eng":"where he’d knock various trees with the axe. The trees that were firm and solid made a cracking sound. ","html":"{}"},"an8.10:6.3":{"pli":"yāni pana tāni rukkhāni antopūtīni avassutāni kasambujātāni tāni kuṭhāripāsena ākoṭitāni daddaraṃ paṭinadanti. ","eng":"But the trees that were rotten inside, decomposing and decayed, made a thud. ","html":"{}"},"an8.10:6.4":{"pli":"Tamenaṃ mūle chindati, mūle chinditvā agge chindati, agge chinditvā anto suvisodhitaṃ visodheti, anto suvisodhitaṃ visodhetvā udapānapanāḷiṃ yojeti. ","eng":"He’d cut down such a tree at the root, lop off the crown, and thoroughly clear out the insides. Then he’d use it as an irrigation gutter for the well. ","html":"{}"},"an8.10:6.5":{"pli":"Evamevaṃ kho, bhikkhave, idhekaccassa puggalassa tādisaṃyeva hoti abhikkantaṃ paṭikkantaṃ ālokitaṃ vilokitaṃ samiñjitaṃ pasāritaṃ saṅghāṭipattacīvaradhāraṇaṃ, seyyathāpi aññesaṃ bhaddakānaṃ bhikkhūnaṃ—","eng":"In the same way, take a case where a certain individual looks just the same as other good-natured mendicants when going out and coming back, when looking ahead and aside, when bending and extending the limbs, and when bearing the outer robe, bowl and robes. ","html":"{}"},"an8.10:6.6":{"pli":"yāvassa bhikkhū āpattiṃ na passanti. ","eng":"That is, so long as the mendicants don’t notice his offense. ","html":"{}"},"an8.10:6.7":{"pli":"Yato ca khvassa bhikkhū āpattiṃ passanti, tamenaṃ evaṃ jānanti: ","eng":"But when the mendicants notice the offense, they know that he’s ","html":"{}"},"an8.10:6.8":{"pli":"‘samaṇadūsīvāyaṃ samaṇapalāpo samaṇakāraṇḍavo’ti. ","eng":"a corrupt ascetic, just useless trash. ","html":"{}"},"an8.10:6.9":{"pli":"Tamenaṃ iti viditvā bahiddhā nāsenti. ","eng":"When they realize this they send him away. ","html":"{}"},"an8.10:6.10":{"pli":"Taṃ kissa hetu? ","eng":"Why is that? ","html":"{}"},"an8.10:6.11":{"pli":"Mā aññe bhaddake bhikkhū dūsesīti. ","eng":"So that he doesn’t corrupt good-natured mendicants. ","html":"{}</p>"},"an8.10:7.1":{"pli":"Saṃvāsāyaṃ vijānātha, ","eng":"By living together, know that ","html":"<blockquote class='gatha'><p><span class='verse-line'>{}</span>"},"an8.10:7.2":{"pli":"pāpiccho kodhano iti; ","eng":"they’re irritable, with corrupt wishes, ","html":"<span class='verse-line'>{}</span>"},"an8.10:7.3":{"pli":"Makkhī thambhī paḷāsī ca, ","eng":"offensive, stubborn, and contemptuous, ","html":"<span class='verse-line'>{}</span>"},"an8.10:7.4":{"pli":"issukī maccharī saṭho. ","eng":"jealous, stingy, and devious. ","html":"<span class='verse-line'>{}</span></p>"},"an8.10:8.1":{"pli":"Santavāco janavati, ","eng":"They speak to people with a voice ","html":"<p><span class='verse-line'>{}</span>"},"an8.10:8.2":{"pli":"samaṇo viya bhāsati; ","eng":"so smooth, just like an ascetic. ","html":"<span class='verse-line'>{}</span>"},"an8.10:8.3":{"pli":"Raho karoti karaṇaṃ, ","eng":"But they act in secret, with their bad views ","html":"<span class='verse-line'>{}</span>"},"an8.10:8.4":{"pli":"pāpadiṭṭhi anādaro. ","eng":"and their lack of regard for others. ","html":"<span class='verse-line'>{}</span></p>"},"an8.10:9.1":{"pli":"Saṃsappī ca musāvādī, ","eng":"You should recognize them for what they are: ","html":"<p><span class='verse-line'>{}</span>"},"an8.10:9.2":{"pli":"taṃ viditvā yathātathaṃ; ","eng":"a creep and liar. ","html":"<span class='verse-line'>{}</span>"},"an8.10:9.3":{"pli":"Sabbe samaggā hutvāna, ","eng":"Then having gathered in harmony, ","html":"<span class='verse-line'>{}</span>"},"an8.10:9.4":{"pli":"abhinibbajjayātha naṃ. ","eng":"you should expel them. ","html":"<span class='verse-line'>{}</span></p>"},"an8.10:10.1":{"pli":"Kāraṇḍavaṃ niddhamatha, ","eng":"Throw out the trash! ","html":"<p><span class='verse-line'>{}</span>"},"an8.10:10.2":{"pli":"Kasambuṃ apakassatha; ","eng":"Get rid of the rubbish! ","html":"<span class='verse-line'>{}</span>"},"an8.10:10.3":{"pli":"Tato palāpe vāhetha, ","eng":"And sweep away the scraps—","html":"<span class='verse-line'>{}</span>"},"an8.10:10.4":{"pli":"Assamaṇe samaṇamānine. ","eng":"they’re not ascetics, they just think they are. ","html":"<span class='verse-line'>{}</span></p>"},"an8.10:11.1":{"pli":"Niddhamitvāna pāpicche, ","eng":"When you’ve thrown out those of corrupt wishes, ","html":"<p><span class='verse-line'>{}</span>"},"an8.10:11.2":{"pli":"pāpaācāragocare; ","eng":"of bad behavior and alms-resort, ","html":"<span class='verse-line'>{}</span>"},"an8.10:11.3":{"pli":"Suddhāsuddhehi saṃvāsaṃ, ","eng":"dwell in communion, ever mindful, ","html":"<span class='verse-line'>{}</span>"},"an8.10:11.4":{"pli":"kappayavho patissatā; ","eng":"the pure with the pure. ","html":"<span class='verse-line'>{}</span>"},"an8.10:11.5":{"pli":"Tato samaggā nipakā, ","eng":"Then in harmony, alert, ","html":"<span class='verse-line'>{}</span>"},"an8.10:11.6":{"pli":"dukkhassantaṃ karissathā”ti. ","eng":"make an end of suffering.” ","html":"<span class='verse-line'>{}</span></p></blockquote>"},"an8.10:11.7":{"pli":"Dasamaṃ. ","html":"<p class='endsutta'>{}</p>"},"an8.10:11.8":{"pli":"Mettāvaggo paṭhamo. ","html":"<p class='endvagga'>{}</p>"},"an8.10:12.0":{"pli":"Tassuddānaṃ ","html":"<p class='uddana-intro'>{}</p>"},"an8.10:12.1":{"pli":"Mettaṃ paññā ca dve piyā, ","html":"<blockquote class='uddanagatha'><p><span class='verse-line'>{}</span>"},"an8.10:12.2":{"pli":"dve lokā dve vipattiyo; ","html":"<span class='verse-line'>{}</span>"},"an8.10:12.3":{"pli":"Devadatto ca uttaro, ","html":"<span class='verse-line'>{}</span>"},"an8.10:12.4":{"pli":"nando kāraṇḍavena cāti. ","html":"<span class='verse-line'>{}</span></p></blockquote></article>"}},"an8.11":{"an8.11:0.1":{"pli":"Aṅguttara Nikāya 8.11 ","eng":"Numbered Discourses 8.11 ","html":"<article id='an8.11'><header><ul><li class='division'>{}</li>"},"an8.11:0.2":{"pli":"2. Mahāvagga ","eng":"2. The Great Chapter ","html":"<li>{}</li></ul>"},"an8.11:0.3":{"pli":"Verañjasutta ","eng":"At Verañjā ","html":"<h1 class='sutta-title'>{}</h1></header>"},"an8.11:1.1":{"pli":"Evaṃ me sutaṃ—","eng":"So I have heard. ","html":"<p><span class='evam'>{}</span>"},"an8.11:1.2":{"pli":"ekaṃ samayaṃ bhagavā verañjāyaṃ viharati naḷerupucimandamūle. ","eng":"At one time the Buddha was staying in Verañjā at the root of a neem tree dedicated to Naḷeru. ","html":"{}"},"an8.11:1.3":{"pli":"Atha kho verañjo brāhmaṇo yena bhagavā tenupasaṅkami; upasaṅkamitvā bhagavatā saddhiṃ sammodi. ","eng":"Then the brahmin Verañja went up to the Buddha, and exchanged greetings with him. ","html":"{}"},"an8.11:1.4":{"pli":"Sammodanīyaṃ kathaṃ sāraṇīyaṃ vītisāretvā ekamantaṃ nisīdi. Ekamantaṃ nisinno kho verañjo brāhmaṇo bhagavantaṃ etadavoca: ","eng":"When the greetings and polite conversation were over, he sat down to one side and said to the Buddha: ","html":"{}</p>"},"an8.11:2.1":{"pli":"“Sutaṃ metaṃ, bho gotama: ","eng":"“Worthy Gotama, I have heard that ","html":"<p>{}"},"an8.11:2.2":{"pli":"‘na samaṇo gotamo brāhmaṇe jiṇṇe vuḍḍhe mahallake addhagate vayoanuppatte abhivādeti vā paccuṭṭheti vā āsanena vā nimantetī’ti. ","eng":"the ascetic Gotama doesn’t bow to old brahmins, the elderly and senior, who are advanced in years and have reached the final stage of life; nor does he rise in their presence or offer them a seat. ","html":"{}"},"an8.11:2.3":{"pli":"Tayidaṃ, bho gotama, tatheva. ","eng":"And this is indeed the case, ","html":"{}"},"an8.11:2.4":{"pli":"Na hi bhavaṃ gotamo brāhmaṇe jiṇṇe vuḍḍhe mahallake addhagate vayoanuppatte abhivādeti vā paccuṭṭheti vā āsanena vā nimanteti. ","eng":"for the worthy Gotama does not bow to old brahmins, elderly and senior, who are advanced in years and have reached the final stage of life; nor does he rise in their presence or offer them a seat. ","html":"{}"},"an8.11:2.5":{"pli":"Tayidaṃ, bho gotama, na sampannamevā”ti. ","eng":"This is not appropriate, worthy Gotama.” ","html":"{}</p>"},"an8.11:2.6":{"pli":"“Nāhaṃ taṃ, brāhmaṇa, passāmi sadevake loke samārake sabrahmake sassamaṇabrāhmaṇiyā pajāya sadevamanussāya yamahaṃ abhivādeyyaṃ vā paccuṭṭheyyaṃ vā āsanena vā nimanteyyaṃ. ","eng":"“Brahmin, I don’t see anyone in this world—with its gods, Māras, and Divinities, this population with its ascetics and brahmins, its gods and humans—for whom I should bow down or rise up or offer a seat. ","html":"<p>{}"},"an8.11:2.7":{"pli":"Yañhi, brāhmaṇa, tathāgato abhivādeyya vā paccuṭṭheyya vā āsanena vā nimanteyya, muddhāpi tassa vipateyyā”ti. ","eng":"If the Realized One bowed down or rose up or offered a seat to anyone, their head would explode!” ","html":"{}</p>"},"an8.11:3.1":{"pli":"“Arasarūpo bhavaṃ gotamo”ti. ","eng":"“Worthy Gotama lacks taste.” ","html":"<p>{}</p>"},"an8.11:3.2":{"pli":"“Atthi khvesa, brāhmaṇa, pariyāyo, yena maṃ pariyāyena sammā vadamāno vadeyya: ","eng":"“There is, brahmin, a sense in which you could rightly say ","html":"<p data-counter='1'>{}"},"an8.11:3.3":{"pli":"‘arasarūpo samaṇo gotamo’ti. ","eng":"that I lack taste. ","html":"{}"},"an8.11:3.4":{"pli":"Ye te, brāhmaṇa, rūparasā saddarasā gandharasā rasarasā phoṭṭhabbarasā, te tathāgatassa pahīnā ucchinnamūlā tālāvatthukatā anabhāvaṅkatā āyatiṃ anuppādadhammā. ","eng":"For the Realized One has given up taste for sights, sounds, smells, tastes, and touches. It’s cut off at the root, made like a palm stump, obliterated, and unable to arise in the future. ","html":"{}"},"an8.11:3.5":{"pli":"Ayaṃ kho, brāhmaṇa, pariyāyo, yena maṃ pariyāyena sammā vadamāno vadeyya: ","eng":"In this sense you could rightly say that I lack taste. ","html":"{}"},"an8.11:3.6":{"pli":"‘arasarūpo samaṇo gotamo’ti, no ca kho yaṃ tvaṃ sandhāya vadesī”ti. ","eng":"But that’s not what you’re talking about.” ","html":"{}</p>"},"an8.11:4.1":{"pli":"“Nibbhogo bhavaṃ gotamo”ti. ","eng":"“Worthy Gotama is indelicate.” ","html":"<p>{}</p>"},"an8.11:4.2":{"pli":"“Atthi khvesa, brāhmaṇa, pariyāyo, yena maṃ pariyāyena sammā vadamāno vadeyya: ","eng":"“There is, brahmin, a sense in which you could rightly say ","html":"<p data-counter='2'>{}"},"an8.11:4.3":{"pli":"‘nibbhogo samaṇo gotamo’ti. ","eng":"that I’m indelicate. ","html":"{}"},"an8.11:4.4":{"pli":"Ye te, brāhmaṇa, rūpabhogā saddabhogā gandhabhogā rasabhogā phoṭṭhabbabhogā, te tathāgatassa pahīnā ucchinnamūlā tālāvatthukatā anabhāvaṅkatā āyatiṃ anuppādadhammā. ","eng":"For the Realized One has given up delight in sights, sounds, smells, tastes, and touches. It’s cut off at the root, made like a palm stump, obliterated, and unable to arise in the future. ","html":"{}"},"an8.11:4.5":{"pli":"Ayaṃ kho, brāhmaṇa, pariyāyo, yena maṃ pariyāyena sammā vadamāno vadeyya: ","eng":"In this sense you could rightly say that I’m indelicate. ","html":"{}"},"an8.11:4.6":{"pli":"‘nibbhogo samaṇo gotamo’ti, no ca kho yaṃ tvaṃ sandhāya vadesī”ti. ","eng":"But that’s not what you’re talking about.” ","html":"{}</p>"},"an8.11:5.1":{"pli":"“Akiriyavādo bhavaṃ gotamo”ti. ","eng":"“Worthy Gotama is a teacher of inaction.” ","html":"<p>{}</p>"},"an8.11:5.2":{"pli":"“Atthi khvesa, brāhmaṇa, pariyāyo, yena maṃ pariyāyena sammā vadamāno vadeyya: ","eng":"“There is, brahmin, a sense in which you could rightly say that ","html":"<p data-counter='3'>{}"},"an8.11:5.3":{"pli":"‘akiriyavādo samaṇo gotamo’ti. ","eng":"I’m a teacher of inaction. ","html":"{}"},"an8.11:5.4":{"pli":"Ahañhi, brāhmaṇa, akiriyaṃ vadāmi kāyaduccaritassa vacīduccaritassa manoduccaritassa; anekavihitānaṃ pāpakānaṃ akusalānaṃ dhammānaṃ akiriyaṃ vadāmi. ","eng":"For I teach inaction regarding bad bodily, verbal, and mental conduct, and the many kinds of unskillful things. ","html":"{}"},"an8.11:5.5":{"pli":"Ayaṃ kho, brāhmaṇa, pariyāyo, yena maṃ pariyāyena sammā vadamāno vadeyya: ","eng":"In this sense you could rightly say that I’m a teacher of inaction. ","html":"{}"},"an8.11:5.6":{"pli":"‘akiriyavādo samaṇo gotamo’ti, no ca kho yaṃ tvaṃ sandhāya vadesī”ti. ","eng":"But that’s not what you’re talking about.” ","html":"{}</p>"},"an8.11:6.1":{"pli":"“Ucchedavādo bhavaṃ gotamo”ti. ","eng":"“Worthy Gotama is a teacher of annihilationism.” ","html":"<p>{}</p>"},"an8.11:6.2":{"pli":"“Atthi khvesa, brāhmaṇa, pariyāyo, yena maṃ pariyāyena sammā vadamāno vadeyya: ","eng":"“There is, brahmin, a sense in which you could rightly say that ","html":"<p data-counter='4'>{}"},"an8.11:6.3":{"pli":"‘ucchedavādo samaṇo gotamo’ti. ","eng":"I’m a teacher of annihilationism. ","html":"{}"},"an8.11:6.4":{"pli":"Ahañhi, brāhmaṇa, ucchedaṃ vadāmi rāgassa dosassa mohassa; anekavihitānaṃ pāpakānaṃ akusalānaṃ dhammānaṃ ucchedaṃ vadāmi. ","eng":"For I teach the annihilation of greed, hate, and delusion, and the many kinds of unskillful things. ","html":"{}"},"an8.11:6.5":{"pli":"Ayaṃ kho, brāhmaṇa, pariyāyo, yena maṃ pariyāyena sammā vadamāno vadeyya: ","eng":"In this sense you could rightly say that I’m a teacher of annihilationism. ","html":"{}"},"an8.11:6.6":{"pli":"‘ucchedavādo samaṇo gotamo’ti, no ca kho yaṃ tvaṃ sandhāya vadesī”ti. ","eng":"But that’s not what you’re talking about.” ","html":"{}</p>"},"an8.11:7.1":{"pli":"“Jegucchī bhavaṃ gotamo”ti. ","eng":"“Worthy Gotama is disgusted.” ","html":"<p>{}</p>"},"an8.11:7.2":{"pli":"“Atthi khvesa, brāhmaṇa, pariyāyo, yena maṃ pariyāyena sammā vadamāno vadeyya: ","eng":"“There is, brahmin, a sense in which you could rightly say that ","html":"<p data-counter='5'>{}"},"an8.11:7.3":{"pli":"‘jegucchī samaṇo gotamo’ti. ","eng":"I’m disgusted. ","html":"{}"},"an8.11:7.4":{"pli":"Ahañhi, brāhmaṇa, jigucchāmi kāyaduccaritena vacīduccaritena manoduccaritena; jigucchāmi anekavihitānaṃ pāpakānaṃ akusalānaṃ dhammānaṃ samāpattiyā. ","eng":"For I’m disgusted by bad conduct by way of body, speech, and mind, and by attainment of the many kinds of unskillful things. ","html":"{}"},"an8.11:7.5":{"pli":"Ayaṃ kho, brāhmaṇa, pariyāyo, yena maṃ pariyāyena sammā vadamāno vadeyya: ","eng":"In this sense you could rightly say that I’m disgusted. ","html":"{}"},"an8.11:7.6":{"pli":"‘jegucchī samaṇo gotamo’ti, no ca kho yaṃ tvaṃ sandhāya vadesī”ti. ","eng":"But that’s not what you’re talking about.” ","html":"{}</p>"},"an8.11:8.1":{"pli":"“Venayiko bhavaṃ gotamo”ti. ","eng":"“Worthy Gotama is an exterminator.” ","html":"<p>{}</p>"},"an8.11:8.2":{"pli":"“Atthi khvesa, brāhmaṇa, pariyāyo, yena maṃ pariyāyena sammā vadamāno vadeyya: ","eng":"“There is, brahmin, a sense in which you could rightly say that ","html":"<p data-counter='6'>{}"},"an8.11:8.3":{"pli":"‘venayiko samaṇo gotamo’ti. ","eng":"I’m an exterminator. ","html":"{}"},"an8.11:8.4":{"pli":"Ahañhi, brāhmaṇa, vinayāya dhammaṃ desemi rāgassa dosassa mohassa; anekavihitānaṃ pāpakānaṃ akusalānaṃ dhammānaṃ vinayāya dhammaṃ desemi. ","eng":"For I teach the extermination of greed, hate, and delusion, and the many kinds of unskillful things. ","html":"{}"},"an8.11:8.5":{"pli":"Ayaṃ kho, brāhmaṇa, pariyāyo, yena maṃ pariyāyena sammā vadamāno vadeyya: ","eng":"In this sense you could rightly say that I’m an exterminator. ","html":"{}"},"an8.11:8.6":{"pli":"‘venayiko samaṇo gotamo’ti, no ca kho yaṃ tvaṃ sandhāya vadesī”ti. ","eng":"But that’s not what you’re talking about.” ","html":"{}</p>"},"an8.11:9.1":{"pli":"“Tapassī bhavaṃ gotamo”ti. ","eng":"“Worthy Gotama is a mortifier.” ","html":"<p>{}</p>"},"an8.11:9.2":{"pli":"“Atthi khvesa, brāhmaṇa, pariyāyo, yena maṃ pariyāyena sammā vadamāno vadeyya: ","eng":"“There is, brahmin, a sense in which you could rightly say that ","html":"<p data-counter='7'>{}"},"an8.11:9.3":{"pli":"‘tapassī samaṇo gotamo’ti. ","eng":"I’m a mortifier. ","html":"{}"},"an8.11:9.4":{"pli":"Tapanīyāhaṃ, brāhmaṇa, pāpake akusale dhamme vadāmi kāyaduccaritaṃ vacīduccaritaṃ manoduccaritaṃ. ","eng":"For I say that bad conduct by way of body, speech, and mind should be mortified. ","html":"{}"},"an8.11:9.5":{"pli":"Yassa kho, brāhmaṇa, tapanīyā pāpakā akusalā dhammā pahīnā ucchinnamūlā tālāvatthukatā anabhāvaṅkatā āyatiṃ anuppādadhammā, tamahaṃ ‘tapassī’ti vadāmi. ","eng":"I say that a mortifier is someone who has given up unskillful qualities that should be mortified. They’ve cut them off at the root, made them like a palm stump, obliterated them, so that they’re unable to arise in the future. ","html":"{}"},"an8.11:9.6":{"pli":"Tathāgatassa kho, brāhmaṇa, tapanīyā pāpakā akusalā dhammā pahīnā ucchinnamūlā tālāvatthukatā anabhāvaṅkatā āyatiṃ anuppādadhammā. ","eng":"The Realized One is someone who has given up unskillful qualities that should be mortified. He has cut them off at the root, made them like a palm stump, obliterated them, so that they’re unable to arise in the future. ","html":"{}"},"an8.11:9.7":{"pli":"Ayaṃ kho, brāhmaṇa, pariyāyo, yena maṃ pariyāyena sammā vadamāno vadeyya: ","eng":"In this sense you could rightly say that I’m a mortifier. ","html":"{}"},"an8.11:9.8":{"pli":"‘tapassī samaṇo gotamo’ti, no ca kho yaṃ tvaṃ sandhāya vadesī”ti. ","eng":"But that’s not what you’re talking about.” ","html":"{}</p>"},"an8.11:10.1":{"pli":"“Apagabbho bhavaṃ gotamo”ti. ","eng":"“Worthy Gotama is immature.” ","html":"<p>{}</p>"},"an8.11:10.2":{"pli":"“Atthi khvesa, brāhmaṇa, pariyāyo, yena maṃ pariyāyena sammā vadamāno vadeyya: ","eng":"“There is, brahmin, a sense in which you could rightly say that ","html":"<p data-counter='8'>{}"},"an8.11:10.3":{"pli":"‘apagabbho samaṇo gotamo’ti. ","eng":"I’m immature. ","html":"{}"},"an8.11:10.4":{"pli":"Yassa kho, brāhmaṇa, āyatiṃ gabbhaseyyā punabbhavābhinibbatti pahīnā ucchinnamūlā tālāvatthukatā anabhāvaṅkatā āyatiṃ anuppādadhammā, tamahaṃ ‘apagabbho’ti vadāmi. ","eng":"I say that an immature person is someone who has given up future wombs and regeneration into a new state of existence. They’ve cut them off at the root, made them like a palm stump, obliterated them, so that they’re unable to arise in the future. ","html":"{}"},"an8.11:10.5":{"pli":"Tathāgatassa kho, brāhmaṇa, āyatiṃ gabbhaseyyā punabbhavābhinibbatti pahīnā ucchinnamūlā tālāvatthukatā anabhāvaṅkatā āyatiṃ anuppādadhammā. ","eng":"The Realized One has given up future wombs and regeneration into a new state of existence. He has cut them off at the root, made them like a palm stump, obliterated them, so that they’re unable to arise in the future. ","html":"{}"},"an8.11:10.6":{"pli":"Ayaṃ kho, brāhmaṇa, pariyāyo, yena maṃ pariyāyena sammā vadamāno vadeyya: ","eng":"In this sense you could rightly say that I’m immature. ","html":"{}"},"an8.11:10.7":{"pli":"‘apagabbho samaṇo gotamo’ti, no ca kho yaṃ tvaṃ sandhāya vadesi. ","eng":"But that’s not what you’re talking about. ","html":"{}</p>"},"an8.11:11.1":{"pli":"Seyyathāpi, brāhmaṇa, kukkuṭiyā aṇḍāni aṭṭha vā dasa vā dvādasa vā. ","eng":"Suppose, brahmin, there was a chicken with eight or ten or twelve eggs. ","html":"<p>{}"},"an8.11:11.2":{"pli":"Tānāssu kukkuṭiyā sammā adhisayitāni sammā pariseditāni sammā paribhāvitāni. ","eng":"And she properly sat on them to keep them warm and incubated. ","html":"{}"},"an8.11:11.3":{"pli":"Yo nu kho tesaṃ kukkuṭacchāpakānaṃ paṭhamataraṃ pādanakhasikhāya vā mukhatuṇḍakena vā aṇḍakosaṃ padāletvā sotthinā abhinibbhijjeyya, kinti svāssa vacanīyo: ‘jeṭṭho vā kaniṭṭho vā’”ti? ","eng":"Now, the chick that is first to break out of the eggshell with its claws and beak and hatch safely: should that be called the eldest or the youngest?” ","html":"{}</p>"},"an8.11:11.4":{"pli":"“Jeṭṭho tissa, bho gotama, vacanīyo. So hi nesaṃ, bho gotama, jeṭṭho hotī”ti. ","eng":"“Worthy Gotama, that should be called the eldest. For it is the eldest among them.” ","html":"<p>{}</p>"},"an8.11:12.1":{"pli":"“Evamevaṃ kho ahaṃ, brāhmaṇa, avijjāgatāya pajāya aṇḍabhūtāya pariyonaddhāya avijjaṇḍakosaṃ padāletvā ekova loke anuttaraṃ sammāsambodhiṃ abhisambuddho. ","eng":"“In the same way, in this population lost in ignorance, swaddled in their shells, I alone have broken open the egg of ignorance and realized the supreme perfect awakening. ","html":"<p>{}"},"an8.11:12.2":{"pli":"Ahañhi, brāhmaṇa, jeṭṭho seṭṭho lokassa. ","eng":"So, brahmin, I am the eldest and the first in the world. ","html":"{}</p>"},"an8.11:13.1":{"pli":"Āraddhaṃ kho pana me, brāhmaṇa, vīriyaṃ ahosi asallīnaṃ, upaṭṭhitā sati asammuṭṭhā, passaddho kāyo asāraddho, samāhitaṃ cittaṃ ekaggaṃ. ","eng":"My energy was roused up and unflagging, my mindfulness was established and lucid, my body was tranquil and undisturbed, and my mind was immersed in samādhi. ","html":"<p>{}"},"an8.11:13.2":{"pli":"So kho ahaṃ, brāhmaṇa, vivicceva kāmehi vivicca akusalehi dhammehi savitakkaṃ savicāraṃ vivekajaṃ pītisukhaṃ paṭhamaṃ jhānaṃ upasampajja viharāmi; ","eng":"Quite secluded from sensual pleasures, secluded from unskillful qualities, I entered and remained in the first absorption, which has the rapture and bliss born of seclusion, while placing the mind and keeping it connected. ","html":"{}"},"an8.11:13.3":{"pli":"vitakkavicārānaṃ vūpasamā ajjhattaṃ sampasādanaṃ cetaso ekodibhāvaṃ avitakkaṃ avicāraṃ samādhijaṃ pītisukhaṃ dutiyaṃ jhānaṃ upasampajja viharāmi; ","eng":"As the placing of the mind and keeping it connected were stilled, I entered and remained in the second absorption, which has the rapture and bliss born of immersion, with internal clarity and mind at one, without placing the mind and keeping it connected. ","html":"{}"},"an8.11:13.4":{"pli":"pītiyā ca virāgā upekkhako ca viharāmi sato ca sampajāno sukhañca kāyena paṭisaṃvedemi yaṃ taṃ ariyā ācikkhanti: ‘upekkhako satimā sukhavihārī’ti tatiyaṃ jhānaṃ upasampajja viharāmi; ","eng":"And with the fading away of rapture, I entered and remained in the third absorption, where I meditated with equanimity, mindful and aware, personally experiencing the bliss of which the noble ones declare, ‘Equanimous and mindful, one meditates in bliss.’ ","html":"{}"},"an8.11:13.5":{"pli":"sukhassa ca pahānā dukkhassa ca pahānā pubbeva somanassadomanassānaṃ atthaṅgamā adukkhamasukhaṃ upekkhāsatipārisuddhiṃ catutthaṃ jhānaṃ upasampajja viharāmi. ","eng":"With the giving up of pleasure and pain, and the ending of former happiness and sadness, I entered and remained in the fourth absorption, without pleasure or pain, with pure equanimity and mindfulness. ","html":"{}</p>"},"an8.11:14.1":{"pli":"So evaṃ samāhite citte parisuddhe pariyodāte anaṅgaṇe vigatūpakkilese mudubhūte kammaniye ṭhite āneñjappatte pubbenivāsānussatiñāṇāya cittaṃ abhininnāmesiṃ. ","eng":"When my mind had immersed in samādhi like this—purified, bright, flawless, rid of corruptions, pliable, workable, steady, and imperturbable—I extended it toward recollection of past lives. ","html":"<p>{}"},"an8.11:14.2":{"pli":"So anekavihitaṃ pubbenivāsaṃ anussarāmi, seyyathidaṃ—ekampi jātiṃ dvepi jātiyo tissopi jātiyo catassopi jātiyo pañcapi jātiyo dasapi jātiyo vīsampi jātiyo tiṃsampi jātiyo cattālīsampi jātiyo paññāsampi jātiyo jātisatampi jātisahassampi jātisatasahassampi anekepi saṃvaṭṭakappe anekepi vivaṭṭakappe anekepi saṃvaṭṭavivaṭṭakappe: ‘amutrāsiṃ evaṃnāmo evaṅgotto evaṃvaṇṇo evamāhāro evaṃsukhadukkhappaṭisaṃvedī evamāyupariyanto. So tato cuto amutra udapādiṃ; tatrāpāsiṃ evaṃnāmo evaṅgotto evaṃvaṇṇo evamāhāro evaṃsukhadukkhappaṭisaṃvedī evamāyupariyanto. So tato cuto idhūpapanno’ti. Iti sākāraṃ sauddesaṃ anekavihitaṃ pubbenivāsaṃ anussarāmi. ","eng":"I recollected many kinds of past lives. That is: one, two, three, four, five, ten, twenty, thirty, forty, fifty, a hundred, a thousand, a hundred thousand rebirths; many eons of the world contracting, many eons of the world expanding, many eons of the world contracting and expanding. I remembered: ‘There, I was named this, my clan was that, I looked like this, and that was my food. This was how I felt pleasure and pain, and that was how my life ended. When I passed away from that place I was reborn somewhere else. There, too, I was named this, my clan was that, I looked like this, and that was my food. This was how I felt pleasure and pain, and that was how my life ended. When I passed away from that place I was reborn here.’ And so I recollected my many kinds of past lives, with features and details. ","html":"{}</p>"},"an8.11:15.1":{"pli":"Ayaṃ kho me, brāhmaṇa, rattiyā paṭhame yāme paṭhamā vijjā adhigatā; ","eng":"This was the first knowledge, which I achieved in the first watch of the night. ","html":"<p data-counter='1'>{}"},"an8.11:15.2":{"pli":"avijjā vihatā vijjā uppannā; tamo vihato āloko uppanno, yathā taṃ appamattassa ātāpino pahitattassa viharato. ","eng":"Ignorance was banished and knowledge arose; darkness was banished and light arose, as happens for a meditator who is diligent, keen, and resolute. ","html":"{}"},"an8.11:15.3":{"pli":"Ayaṃ kho me, brāhmaṇa, paṭhamā abhinibbhidā ahosi kukkuṭacchāpakasseva aṇḍakosamhā. ","eng":"This was my first breaking out, like a chick breaking out of the eggshell. ","html":"{}</p>"},"an8.11:16.1":{"pli":"So evaṃ samāhite citte parisuddhe pariyodāte anaṅgaṇe vigatūpakkilese mudubhūte kammaniye ṭhite āneñjappatte sattānaṃ cutūpapātañāṇāya cittaṃ abhininnāmesiṃ. ","eng":"When my mind had immersed in samādhi like this—purified, bright, flawless, rid of corruptions, pliable, workable, steady, and imperturbable—I extended it toward knowledge of the death and rebirth of sentient beings. ","html":"<p>{}"},"an8.11:16.2":{"pli":"So dibbena cakkhunā visuddhena atikkantamānusakena satte passāmi cavamāne upapajjamāne hīne paṇīte suvaṇṇe dubbaṇṇe, sugate duggate yathākammūpage satte pajānāmi: ‘ime vata bhonto sattā kāyaduccaritena samannāgatā, vacīduccaritena samannāgatā, manoduccaritena samannāgatā, ariyānaṃ upavādakā, micchādiṭṭhikā, micchādiṭṭhikammasamādānā. Te kāyassa bhedā paraṃ maraṇā apāyaṃ duggatiṃ vinipātaṃ nirayaṃ upapannāti. Ime vā pana bhonto sattā kāyasucaritena samannāgatā, vacīsucaritena samannāgatā, manosucaritena samannāgatā, ariyānaṃ anupavādakā, sammādiṭṭhikā, sammādiṭṭhikammasamādānā. Te kāyassa bhedā paraṃ maraṇā sugatiṃ saggaṃ lokaṃ upapannā’ti. Iti dibbena cakkhunā visuddhena atikkantamānusakena satte passāmi cavamāne upapajjamāne hīne paṇīte suvaṇṇe dubbaṇṇe, sugate duggate yathākammūpage satte pajānāmi. ","eng":"With clairvoyance that is purified and superhuman, I saw sentient beings passing away and being reborn—inferior and superior, beautiful and ugly, in a good place or a bad place. I understood how sentient beings pass on according to their deeds: ‘These dear beings did bad things by way of body, speech, and mind. They denounced the noble ones; they had wrong view; and they chose to act out of that wrong view. When their body breaks up, after death, they’re reborn in a place of loss, a bad place, the underworld, hell. These dear beings, however, did good things by way of body, speech, and mind. They never denounced the noble ones; they had right view; and they chose to act out of that right view. When their body breaks up, after death, they’re reborn in a good place, a heavenly realm.’ And so, with clairvoyance that is purified and superhuman, I saw sentient beings passing away and being reborn—inferior and superior, beautiful and ugly, in a good place or a bad place. I understood how sentient beings pass on according to their deeds. ","html":"{}</p>"},"an8.11:17.1":{"pli":"Ayaṃ kho me, brāhmaṇa, rattiyā majjhime yāme dutiyā vijjā adhigatā; ","eng":"This was the second knowledge, which I achieved in the middle watch of the night. ","html":"<p data-counter='2'>{}"},"an8.11:17.2":{"pli":"avijjā vihatā vijjā uppannā; tamo vihato āloko uppanno, yathā taṃ appamattassa ātāpino pahitattassa viharato. ","eng":"Ignorance was banished and knowledge arose; darkness was banished and light arose, as happens for a meditator who is diligent, keen, and resolute. ","html":"{}"},"an8.11:17.3":{"pli":"Ayaṃ kho me, brāhmaṇa, dutiyā abhinibbhidā ahosi kukkuṭacchāpakasseva aṇḍakosamhā. ","eng":"This was my second breaking out, like a chick breaking out of the eggshell. ","html":"{}</p>"},"an8.11:18.1":{"pli":"So evaṃ samāhite citte parisuddhe pariyodāte anaṅgaṇe vigatūpakkilese mudubhūte kammaniye ṭhite āneñjappatte āsavānaṃ khayañāṇāya cittaṃ abhininnāmesiṃ. ","eng":"When my mind had immersed in samādhi like this—purified, bright, flawless, rid of corruptions, pliable, workable, steady, and imperturbable—I extended it toward knowledge of the ending of defilements. ","html":"<p>{}"},"an8.11:18.2":{"pli":"So ‘idaṃ dukkhan’ti yathābhūtaṃ abbhaññāsiṃ, ‘ayaṃ dukkhasamudayo’ti yathābhūtaṃ abbhaññāsiṃ, ‘ayaṃ dukkhanirodho’ti yathābhūtaṃ abbhaññāsiṃ, ‘ayaṃ dukkhanirodhagāminī paṭipadā’ti yathābhūtaṃ abbhaññāsiṃ; ","eng":"I truly understood: ‘This is suffering’ … ‘This is the origin of suffering’ … ‘This is the cessation of suffering’ … ‘This is the practice that leads to the cessation of suffering’. ","html":"{}"},"an8.11:18.3":{"pli":"‘ime āsavā’ti yathābhūtaṃ abbhaññāsiṃ, ‘ayaṃ āsavasamudayo’ti yathābhūtaṃ abbhaññāsiṃ, ‘ayaṃ āsavanirodho’ti yathābhūtaṃ abbhaññāsiṃ, ‘ayaṃ āsavanirodhagāminī paṭipadā’ti yathābhūtaṃ abbhaññāsiṃ. ","eng":"I truly understood: ‘These are defilements’ … ‘This is the origin of defilements’ … ‘This is the cessation of defilements’ … ‘This is the practice that leads to the cessation of defilements’. ","html":"{}"},"an8.11:18.4":{"pli":"Tassa me evaṃ jānato evaṃ passato kāmāsavāpi cittaṃ vimuccittha, bhavāsavāpi cittaṃ vimuccittha, avijjāsavāpi cittaṃ vimuccittha. ","eng":"Knowing and seeing like this, my mind was freed from the defilements of sensuality, desire to be reborn, and ignorance. ","html":"{}"},"an8.11:18.5":{"pli":"Vimuttasmiṃ vimuttamiti ñāṇaṃ ahosi. ","eng":"When it was freed, I knew it was freed. ","html":"{}</p>"},"an8.11:18.6":{"pli":"‘Khīṇā jāti, vusitaṃ brahmacariyaṃ, kataṃ karaṇīyaṃ, nāparaṃ itthattāyā’ti abbhaññāsiṃ. ","eng":"I understood: ‘Rebirth is ended; the spiritual journey has been completed; what had to be done has been done; there is nothing further for this place.’ ","html":"<p>{}</p>"},"an8.11:19.1":{"pli":"Ayaṃ kho me, brāhmaṇa, rattiyā pacchime yāme tatiyā vijjā adhigatā; ","eng":"This was the third knowledge, which I achieved in the last watch of the night. ","html":"<p data-counter='3'>{}"},"an8.11:19.2":{"pli":"avijjā vihatā vijjā uppannā; tamo vihato āloko uppanno, yathā taṃ appamattassa ātāpino pahitattassa viharato. ","eng":"Ignorance was banished and knowledge arose; darkness was banished and light arose, as happens for a meditator who is diligent, keen, and resolute. ","html":"{}"},"an8.11:19.3":{"pli":"Ayaṃ kho me, brāhmaṇa, tatiyā abhinibbhidā ahosi kukkuṭacchāpakasseva aṇḍakosamhā”ti. ","eng":"This was my third breaking out, like a chick breaking out of the eggshell.” ","html":"{}</p>"},"an8.11:20.1":{"pli":"Evaṃ vutte, verañjo brāhmaṇo bhagavantaṃ etadavoca: ","eng":"When he said this, the brahmin Verañja said to the Buddha: ","html":"<p>{}</p>"},"an8.11:20.2":{"pli":"“jeṭṭho bhavaṃ gotamo, seṭṭho bhavaṃ gotamo. ","eng":"“The worthy Gotama is the eldest! The worthy Gotama is the best! ","html":"<p>{}"},"an8.11:20.3":{"pli":"Abhikkantaṃ, bho gotama, abhikkantaṃ, bho gotama. ","eng":"Excellent, worthy Gotama! Excellent! ","html":"{}"},"an8.11:20.4":{"pli":"Seyyathāpi, bho gotama, nikkujjitaṃ vā ukkujjeyya, paṭicchannaṃ vā vivareyya, mūḷhassa vā maggaṃ ācikkheyya, andhakāre vā telapajjotaṃ dhāreyya: ‘cakkhumanto rūpāni dakkhantī’ti; evamevaṃ bhotā gotamena anekapariyāyena dhammo pakāsito. ","eng":"As if he were righting the overturned, or revealing the hidden, or pointing out the path to the lost, or lighting a lamp in the dark so people with clear eyes can see what’s there, worthy Gotama has made the teaching clear in many ways. ","html":"{}"},"an8.11:20.5":{"pli":"Esāhaṃ bhavantaṃ gotamaṃ saraṇaṃ gacchāmi dhammañca bhikkhusaṅghañca. ","eng":"I go for refuge to the worthy Gotama, to the teaching, and to the mendicant Saṅgha. ","html":"{}"},"an8.11:20.6":{"pli":"Upāsakaṃ maṃ bhavaṃ gotamo dhāretu ajjatagge pāṇupetaṃ saraṇaṃ gatan”ti. ","eng":"From this day forth, may the worthy Gotama remember me as a lay follower who has gone for refuge for life.” ","html":"{}</p>"},"an8.11:20.7":{"pli":"Paṭhamaṃ. ","html":"<p class='endsutta'>{}</p></article>"}}}