{"an8.77":{"an8.77:0.1":{"pli":"Aṅguttara Nikāya 8.77 ","eng":"Numbered Discourses 8.77 ","html":"<article id='an8.77'><header><ul><li class='division'>{}</li>"},"an8.77:0.2":{"pli":"8. Yamakavagga ","eng":"8. Pairs ","html":"<li>{}</li></ul>"},"an8.77:0.3":{"pli":"Icchāsutta ","eng":"Desires ","html":"<h1 class='sutta-title'>{}</h1></header>"},"an8.77:1.1":{"pli":"Tatra kho āyasmā sāriputto bhikkhū āmantesi: ","eng":"There Sāriputta addressed the mendicants: ","html":"<p>{}"},"an8.77:1.2":{"pli":"“āvuso bhikkhavo”ti. ","eng":"“Reverends, mendicants!” ","html":"{}</p>"},"an8.77:1.3":{"pli":"“Āvuso”ti kho te bhikkhū āyasmato sāriputtassa paccassosuṃ. ","eng":"“Reverend,” they replied. ","html":"<p>{}"},"an8.77:1.4":{"pli":"Āyasmā sāriputto etadavoca: ","eng":"Sāriputta said this: ","html":"{}</p>"},"an8.77:2.1":{"pli":"“Aṭṭhime, āvuso, puggalā santo saṃvijjamānā lokasmiṃ. ","eng":"“Reverends, these eight individuals are found in the world. ","html":"<p>{}"},"an8.77:2.2":{"pli":"Katame aṭṭha? ","eng":"What eight? ","html":"{}</p>"},"an8.77:2.3":{"pli":"Idhāvuso, bhikkhuno pavivittassa viharato nirāyattavuttino icchā uppajjati lābhāya. ","eng":"First, when a mendicant stays secluded, living independently, a desire arises for material things. ","html":"<p data-counter='1'>{}"},"an8.77:2.4":{"pli":"So uṭṭhahati, ghaṭati, vāyamati lābhāya. ","eng":"They try hard, strive, and make an effort to get them. ","html":"{}"},"an8.77:2.5":{"pli":"Tassa uṭṭhahato, ghaṭato, vāyamato lābhāya lābho nuppajjati. ","eng":"But material things don’t come to them. ","html":"{}"},"an8.77:2.6":{"pli":"So tena alābhena socati kilamati paridevati, urattāḷiṃ kandati, sammohaṃ āpajjati. ","eng":"And so they sorrow and wail and lament, beating their breast and falling into confusion because they don’t get those material things. ","html":"{}"},"an8.77:2.7":{"pli":"Ayaṃ vuccatāvuso, ‘bhikkhu iccho viharati lābhāya, uṭṭhahati, ghaṭati, vāyamati lābhāya, na ca lābhī, socī ca paridevī ca, cuto ca saddhammā’. ","eng":"This is called a mendicant who lives desiring material things. They try hard, strive, and make an effort to get them. But when they do not acquire material things, they sorrow and lament. They’ve fallen from the true teaching. ","html":"{}</p>"},"an8.77:3.1":{"pli":"Idha panāvuso, bhikkhuno pavivittassa viharato nirāyattavuttino icchā uppajjati lābhāya. ","eng":"Next, when a mendicant stays secluded, living independently, a desire arises for material things. ","html":"<p data-counter='2'>{}"},"an8.77:3.2":{"pli":"So uṭṭhahati, ghaṭati, vāyamati lābhāya. ","eng":"They try hard, strive, and make an effort to get them. ","html":"{}"},"an8.77:3.3":{"pli":"Tassa uṭṭhahato ghaṭato vāyamato lābhāya lābho uppajjati. ","eng":"And material things do come to them. ","html":"{}"},"an8.77:3.4":{"pli":"So tena lābhena majjati pamajjati pamādamāpajjati. ","eng":"And so they become indulgent and fall into negligence regarding those material things. ","html":"{}"},"an8.77:3.5":{"pli":"Ayaṃ vuccatāvuso, ‘bhikkhu iccho viharati lābhāya, uṭṭhahati ghaṭati vāyamati lābhāya, lābhī ca, madī ca pamādī ca, cuto ca saddhammā’. ","eng":"This is called a mendicant who lives desiring material things. They try hard, strive, and make an effort to get them. And when they acquire material things, they become intoxicated and negligent. They’ve fallen from the true teaching. ","html":"{}</p>"},"an8.77:4.1":{"pli":"Idha panāvuso, bhikkhuno pavivittassa viharato nirāyattavuttino icchā uppajjati lābhāya. ","eng":"Next, when a mendicant stays secluded, living independently, a desire arises for material things. ","html":"<p data-counter='3'>{}"},"an8.77:4.2":{"pli":"So na uṭṭhahati, na ghaṭati, na vāyamati lābhāya. ","eng":"They don’t try hard, strive, and make an effort to get them. ","html":"{}"},"an8.77:4.3":{"pli":"Tassa anuṭṭhahato, aghaṭato, avāyamato lābhāya lābho nuppajjati. ","eng":"And material things don’t come to them. ","html":"{}"},"an8.77:4.4":{"pli":"So tena alābhena socati kilamati paridevati, urattāḷiṃ kandati, sammohaṃ āpajjati. ","eng":"And so they sorrow and wail and lament, beating their breast and falling into confusion because they don’t get those material things. ","html":"{}"},"an8.77:4.5":{"pli":"Ayaṃ vuccatāvuso, ‘bhikkhu iccho viharati lābhāya, na uṭṭhahati, na ghaṭati, na vāyamati lābhāya, na ca lābhī, socī ca paridevī ca, cuto ca saddhammā’. ","eng":"This is called a mendicant who lives desiring material things. They don’t try hard, strive, and make an effort to get them. But when they do not acquire material things, they sorrow and lament. They’ve fallen from the true teaching. ","html":"{}</p>"},"an8.77:5.1":{"pli":"Idha panāvuso, bhikkhuno pavivittassa viharato nirāyattavuttino icchā uppajjati lābhāya. ","eng":"Next, when a mendicant stays secluded, living independently, a desire arises for material things. ","html":"<p data-counter='4'>{}"},"an8.77:5.2":{"pli":"So na uṭṭhahati, na ghaṭati, na vāyamati lābhāya. ","eng":"They don’t try hard, strive, and make an effort to get them. ","html":"{}"},"an8.77:5.3":{"pli":"Tassa anuṭṭhahato, aghaṭato, avāyamato lābhāya lābho uppajjati. ","eng":"But material things do come to them. ","html":"{}"},"an8.77:5.4":{"pli":"So tena lābhena majjati pamajjati pamādamāpajjati. ","eng":"And so they become indulgent and fall into negligence regarding those material things. ","html":"{}"},"an8.77:5.5":{"pli":"Ayaṃ vuccatāvuso, ‘bhikkhu iccho viharati lābhāya, na uṭṭhahati na ghaṭati na vāyamati lābhāya, lābhī ca, madī ca pamādī ca, cuto ca saddhammā’. ","eng":"This is called a mendicant who lives desiring material things. They don’t try hard, strive, and make an effort to get them. But when they acquire material things, they become intoxicated and negligent. They’ve fallen from the true teaching. ","html":"{}</p>"},"an8.77:6.1":{"pli":"Idha panāvuso, bhikkhuno pavivittassa viharato nirāyattavuttino icchā uppajjati lābhāya. ","eng":"Next, when a mendicant stays secluded, living independently, a desire arises for material things. ","html":"<p data-counter='5'>{}"},"an8.77:6.2":{"pli":"So uṭṭhahati, ghaṭati, vāyamati lābhāya. ","eng":"They try hard, strive, and make an effort to get them. ","html":"{}"},"an8.77:6.3":{"pli":"Tassa uṭṭhahato, ghaṭato, vāyamato lābhāya, lābho nuppajjati. ","eng":"But material things don’t come to them. ","html":"{}"},"an8.77:6.4":{"pli":"So tena alābhena na socati na kilamati na paridevati, na urattāḷiṃ kandati, na sammohaṃ āpajjati. ","eng":"But they don’t sorrow and wail and lament, beating their breast and falling into confusion because they don’t get those material things. ","html":"{}"},"an8.77:6.5":{"pli":"Ayaṃ vuccatāvuso, ‘bhikkhu iccho viharati lābhāya, uṭṭhahati ghaṭati vāyamati lābhāya, na ca lābhī, na ca socī na ca paridevī, accuto ca saddhammā’. ","eng":"This is called a mendicant who lives desiring material things. They try hard, strive, and make an effort to get them. But when they do not acquire material things, they don’t sorrow and lament. They haven’t fallen from the true teaching. ","html":"{}</p>"},"an8.77:7.1":{"pli":"Idha panāvuso, bhikkhuno pavivittassa viharato nirāyattavuttino icchā uppajjati lābhāya. ","eng":"Next, when a mendicant stays secluded, living independently, a desire arises for material things. ","html":"<p data-counter='6'>{}"},"an8.77:7.2":{"pli":"So uṭṭhahati, ghaṭati, vāyamati lābhāya. ","eng":"They try hard, strive, and make an effort to get them. ","html":"{}"},"an8.77:7.3":{"pli":"Tassa uṭṭhahato, ghaṭato, vāyamato lābhāya, lābho uppajjati. ","eng":"And material things do come to them. ","html":"{}"},"an8.77:7.4":{"pli":"So tena lābhena na majjati na pamajjati na pamādamāpajjati. ","eng":"But they don’t become indulgent and fall into negligence regarding those material things. ","html":"{}"},"an8.77:7.5":{"pli":"Ayaṃ vuccatāvuso, ‘bhikkhu iccho viharati lābhāya, uṭṭhahati, ghaṭati, vāyamati lābhāya, lābhī ca, na ca madī na ca pamādī, accuto ca saddhammā’. ","eng":"This is called a mendicant who lives desiring material things. They try hard, strive, and make an effort to get them. But when they acquire material things, they don’t become intoxicated and negligent. They haven’t fallen from the true teaching. ","html":"{}</p>"},"an8.77:8.1":{"pli":"Idha panāvuso, bhikkhuno pavivittassa viharato nirāyattavuttino icchā uppajjati lābhāya. ","eng":"Next, when a mendicant stays secluded, living independently, a desire arises for material things. ","html":"<p data-counter='7'>{}"},"an8.77:8.2":{"pli":"So na uṭṭhahati, na ghaṭati, na vāyamati lābhāya. ","eng":"They don’t try hard, strive, and make an effort to get them. ","html":"{}"},"an8.77:8.3":{"pli":"Tassa anuṭṭhahato, aghaṭato, avāyamato lābhāya, lābho nuppajjati. ","eng":"And material things don’t come to them. ","html":"{}"},"an8.77:8.4":{"pli":"So tena alābhena na socati na kilamati na paridevati, na urattāḷiṃ kandati, na sammohaṃ āpajjati. ","eng":"But they don’t sorrow and wail and lament, beating their breast and falling into confusion because they don’t get those material things. ","html":"{}"},"an8.77:8.5":{"pli":"Ayaṃ vuccatāvuso, ‘bhikkhu iccho viharati lābhāya, na uṭṭhahati, na ghaṭati, na vāyamati lābhāya, na ca lābhī, na ca socī na ca paridevī, accuto ca saddhammā’. ","eng":"This is called a mendicant who lives desiring material things. They don’t try hard, strive, and make an effort to get them. And when they do not acquire material things, they don’t sorrow and lament. They haven’t fallen from the true teaching. ","html":"{}</p>"},"an8.77:9.1":{"pli":"Idha panāvuso, bhikkhuno pavivittassa viharato nirāyattavuttino icchā uppajjati lābhāya. ","eng":"Next, when a mendicant stays secluded, living independently, a desire arises for material things. ","html":"<p>{}"},"an8.77:9.2":{"pli":"So na uṭṭhahati, na ghaṭati, na vāyamati lābhāya. ","eng":"They don’t try hard, strive, and make an effort to get them. ","html":"{}"},"an8.77:9.3":{"pli":"Tassa anuṭṭhahato, aghaṭato, avāyamato lābhāya, lābho uppajjati. ","eng":"But material things do come to them. ","html":"{}"},"an8.77:9.4":{"pli":"So tena lābhena na majjati na pamajjati na pamādamāpajjati. ","eng":"But they don’t become indulgent and fall into negligence regarding those material things. ","html":"{}"},"an8.77:9.5":{"pli":"Ayaṃ vuccatāvuso, ‘bhikkhu iccho viharati lābhāya, na uṭṭhahati, na ghaṭati, na vāyamati lābhāya, lābhī ca, na ca madī na ca pamādī, accuto ca saddhammā’. ","eng":"This is called a mendicant who lives desiring material things. They don’t try hard, strive, and make an effort to get them. And when they acquire material things, they don’t become intoxicated and negligent. They haven’t fallen from the true teaching. ","html":"{}</p>"},"an8.77:9.6":{"pli":"Ime kho, āvuso, aṭṭha puggalā santo saṃvijjamānā lokasmin”ti. ","eng":"These eight individuals are found in the world.” ","html":"<p data-counter='8'>{}</p>"},"an8.77:9.7":{"pli":"Sattamaṃ. ","html":"<p class='endsutta'>{}</p></article>"}},"an8.78":{"an8.78:0.1":{"pli":"Aṅguttara Nikāya 8.78 ","eng":"Numbered Discourses 8.78 ","html":"<article id='an8.78'><header><ul><li class='division'>{}</li>"},"an8.78:0.2":{"pli":"8. Yamakavagga ","eng":"8. Pairs ","html":"<li>{}</li></ul>"},"an8.78:0.3":{"pli":"Alaṃsutta ","eng":"Good Enough ","html":"<h1 class='sutta-title'>{}</h1></header>"},"an8.78:1.1":{"pli":"Tatra kho āyasmā sāriputto bhikkhū āmantesi …pe… ","eng":"There Sāriputta addressed the mendicants: ","html":"<p>{}"},"an8.78:1.2":{"pli":"chahāvuso, dhammehi samannāgato bhikkhu alaṃ attano, alaṃ paresaṃ. ","eng":"“Reverends, a mendicant with six qualities is good enough for themselves and others. ","html":"{}"},"an8.78:1.3":{"pli":"Katamehi chahi? ","eng":"What six? ","html":"{}"},"an8.78:1.4":{"pli":"Idhāvuso, bhikkhu khippanisanti ca hoti kusalesu dhammesu; ","eng":"A mendicant is quick-witted when it comes to skillful teachings. ","html":"{}"},"an8.78:1.5":{"pli":"sutānañca dhammānaṃ dhāraṇajātiko hoti; ","eng":"They readily memorize the teachings they’ve heard. ","html":"{}"},"an8.78:1.6":{"pli":"dhātānañca dhammānaṃ atthūpaparikkhitā hoti; ","eng":"They examine the meaning of teachings they’ve memorized. ","html":"{}"},"an8.78:1.7":{"pli":"atthamaññāya dhammamaññāya dhammānudhammappaṭipanno ca hoti; ","eng":"Understanding the meaning and the teaching, they practice in line with the teaching. ","html":"{}"},"an8.78:1.8":{"pli":"kalyāṇavāco ca hoti kalyāṇavākkaraṇo, poriyā vācāya samannāgato vissaṭṭhāya anelagaḷāya atthassa viññāpaniyā; ","eng":"They’re a good speaker who enunciates well. Their voice is polished, clear, articulate, and expresses the meaning. ","html":"{}"},"an8.78:1.9":{"pli":"sandassako ca hoti samādapako samuttejako sampahaṃsako sabrahmacārīnaṃ. ","eng":"They educate, encourage, fire up, and inspire their spiritual companions. ","html":"{}"},"an8.78:1.10":{"pli":"Imehi kho, āvuso, chahi dhammehi samannāgato bhikkhu alaṃ attano, alaṃ paresaṃ. ","eng":"A mendicant with these six qualities is good enough for themselves and others. ","html":"{}</p>"},"an8.78:2.1":{"pli":"Pañcahāvuso, dhammehi samannāgato bhikkhu alaṃ attano, alaṃ paresaṃ. ","eng":"A mendicant with five qualities is good enough for themselves and others. ","html":"<p>{}"},"an8.78:2.2":{"pli":"Katamehi pañcahi? ","eng":"What five? ","html":"{}"},"an8.78:2.3":{"pli":"Idhāvuso, bhikkhu na heva kho khippanisanti ca hoti kusalesu dhammesu; ","eng":"A mendicant is not quick-witted when it comes to skillful teachings. ","html":"{}"},"an8.78:2.4":{"pli":"sutānañca dhammānaṃ dhāraṇajātiko hoti; ","eng":"They readily memorize the teachings they’ve heard. ","html":"{}"},"an8.78:2.5":{"pli":"dhātānañca dhammānaṃ atthūpaparikkhitā hoti; ","eng":"They examine the meaning of teachings they’ve memorized. ","html":"{}"},"an8.78:2.6":{"pli":"atthamaññāya dhammamaññāya dhammānudhammappaṭipanno ca hoti; ","eng":"Understanding the meaning and the teaching, they practice in line with the teaching. ","html":"{}"},"an8.78:2.7":{"pli":"kalyāṇavāco ca hoti …pe… ","eng":"They’re a good speaker. Their voice is polished, clear, articulate, and expresses the meaning. ","html":"{}"},"an8.78:2.8":{"pli":"sandassako ca hoti …pe… sabrahmacārīnaṃ. ","eng":"They educate, encourage, fire up, and inspire their spiritual companions. ","html":"{}"},"an8.78:2.9":{"pli":"Imehi kho, āvuso, pañcahi dhammehi samannāgato bhikkhu alaṃ attano, alaṃ paresaṃ. ","eng":"A mendicant with these five qualities is good enough for themselves and others. ","html":"{}</p>"},"an8.78:3.1":{"pli":"Catūhāvuso, dhammehi samannāgato bhikkhu alaṃ attano, nālaṃ paresaṃ. ","eng":"A mendicant with four qualities is good enough for themselves but not for others. ","html":"<p>{}"},"an8.78:3.2":{"pli":"Katamehi catūhi? ","eng":"What four? ","html":"{}"},"an8.78:3.3":{"pli":"Idhāvuso, bhikkhu khippanisanti ca hoti kusalesu dhammesu; ","eng":"A mendicant is quick-witted when it comes to skillful teachings. ","html":"{}"},"an8.78:3.4":{"pli":"sutānañca dhammānaṃ dhāraṇajātiko hoti; ","eng":"They readily memorize the teachings they’ve heard. ","html":"{}"},"an8.78:3.5":{"pli":"dhātānañca dhammānaṃ atthūpaparikkhitā hoti; ","eng":"They examine the meaning of teachings they’ve memorized. ","html":"{}"},"an8.78:3.6":{"pli":"atthamaññāya dhammamaññāya dhammānudhammappaṭipanno ca hoti; ","eng":"Understanding the meaning and the teaching, they practice in line with the teaching. ","html":"{}"},"an8.78:3.7":{"pli":"no ca kalyāṇavāco hoti …pe… ","eng":"They’re not a good speaker. Their voice isn’t polished, clear, articulate, and doesn’t express the meaning. ","html":"{}"},"an8.78:3.8":{"pli":"no ca sandassako hoti …pe… sabrahmacārīnaṃ. ","eng":"They don’t educate, encourage, fire up, and inspire their spiritual companions. ","html":"{}"},"an8.78:3.9":{"pli":"Imehi kho, āvuso, catūhi dhammehi samannāgato bhikkhu alaṃ attano, nālaṃ paresaṃ. ","eng":"A mendicant with these four qualities is good enough for themselves but not for others. ","html":"{}</p>"},"an8.78:4.1":{"pli":"Catūhāvuso, dhammehi samannāgato bhikkhu alaṃ paresaṃ, nālaṃ attano. ","eng":"A mendicant with four qualities is good enough for others but not for themselves. ","html":"<p>{}"},"an8.78:4.2":{"pli":"Katamehi catūhi? ","eng":"What four? ","html":"{}"},"an8.78:4.3":{"pli":"Idhāvuso, bhikkhu khippanisanti ca hoti kusalesu dhammesu; ","eng":"A mendicant is quick-witted when it comes to skillful teachings. ","html":"{}"},"an8.78:4.4":{"pli":"sutānañca dhammānaṃ dhāraṇajātiko hoti; ","eng":"They readily memorize the teachings they’ve heard. ","html":"{}"},"an8.78:4.5":{"pli":"no ca dhātānaṃ dhammānaṃ atthūpaparikkhitā hoti; ","eng":"But they don’t examine the meaning of teachings they’ve memorized. ","html":"{}"},"an8.78:4.6":{"pli":"no ca atthamaññāya dhammamaññāya dhammānudhammappaṭipanno hoti; ","eng":"Not understanding the meaning and the teaching, they don’t practice in line with the teaching. ","html":"{}"},"an8.78:4.7":{"pli":"kalyāṇavāco ca hoti …pe… ","eng":"They’re a good speaker. Their voice is polished, clear, articulate, and expresses the meaning. ","html":"{}"},"an8.78:4.8":{"pli":"sandassako ca hoti …pe… sabrahmacārīnaṃ. ","eng":"They educate, encourage, fire up, and inspire their spiritual companions. ","html":"{}"},"an8.78:4.9":{"pli":"Imehi kho, āvuso, catūhi dhammehi samannāgato bhikkhu alaṃ paresaṃ, nālaṃ attano. ","eng":"A mendicant with these four qualities is good enough for others but not for themselves. ","html":"{}</p>"},"an8.78:5.1":{"pli":"Tīhāvuso, dhammehi samannāgato bhikkhu alaṃ attano, nālaṃ paresaṃ. ","eng":"A mendicant with three qualities is good enough for themselves but not for others. ","html":"<p>{}"},"an8.78:5.2":{"pli":"Katamehi tīhi? ","eng":"What three? ","html":"{}"},"an8.78:5.3":{"pli":"Idhāvuso, bhikkhu na heva kho khippanisanti ca hoti kusalesu dhammesu; ","eng":"A mendicant is not quick-witted when it comes to skillful teachings. ","html":"{}"},"an8.78:5.4":{"pli":"sutānañca dhammānaṃ dhāraṇajātiko hoti; ","eng":"They readily memorize the teachings they’ve heard. ","html":"{}"},"an8.78:5.5":{"pli":"dhātānañca dhammānaṃ atthūpaparikkhitā hoti; ","eng":"They examine the meaning of teachings they’ve memorized. ","html":"{}"},"an8.78:5.6":{"pli":"atthamaññāya dhammamaññāya dhammānudhammappaṭipanno ca hoti; ","eng":"Understanding the meaning and the teaching, they practice in line with the teaching. ","html":"{}"},"an8.78:5.7":{"pli":"no ca kalyāṇavāco hoti …pe… ","eng":"They’re not a good speaker. Their voice isn’t polished, clear, articulate, and doesn’t express the meaning. ","html":"{}"},"an8.78:5.8":{"pli":"no ca sandassako hoti …pe… sabrahmacārīnaṃ. ","eng":"They don’t educate, encourage, fire up, and inspire their spiritual companions. ","html":"{}"},"an8.78:5.9":{"pli":"Imehi kho, āvuso, tīhi dhammehi samannāgato bhikkhu alaṃ attano, nālaṃ paresaṃ. ","eng":"A mendicant with these three qualities is good enough for themselves but not for others. ","html":"{}</p>"},"an8.78:6.1":{"pli":"Tīhāvuso, dhammehi samannāgato bhikkhu alaṃ paresaṃ, nālaṃ attano. ","eng":"A mendicant with three qualities is good enough for others but not for themselves. ","html":"<p>{}"},"an8.78:6.2":{"pli":"Katamehi tīhi? ","eng":"What three? ","html":"{}"},"an8.78:6.3":{"pli":"Idhāvuso, bhikkhu na heva kho khippanisanti ca hoti kusalesu dhammesu; ","eng":"A mendicant is not quick-witted when it comes to skillful teachings. ","html":"{}"},"an8.78:6.4":{"pli":"sutānañca dhammānaṃ dhāraṇajātiko hoti; ","eng":"They readily memorize the teachings they’ve heard. ","html":"{}"},"an8.78:6.5":{"pli":"no ca dhātānaṃ dhammānaṃ atthūpaparikkhitā hoti; ","eng":"But they don’t examine the meaning of teachings they’ve memorized. ","html":"{}"},"an8.78:6.6":{"pli":"no ca atthamaññāya dhammamaññāya dhammānudhammappaṭipanno hoti; ","eng":"Not understanding the meaning and the teaching, they don’t practice in line with the teaching. ","html":"{}"},"an8.78:6.7":{"pli":"kalyāṇavāco ca hoti …pe… atthassa viññāpaniyā, ","eng":"They’re a good speaker. Their voice is polished, clear, articulate, and expresses the meaning. ","html":"{}"},"an8.78:6.8":{"pli":"sandassako ca hoti …pe… sabrahmacārīnaṃ. ","eng":"They educate, encourage, fire up, and inspire their spiritual companions. ","html":"{}"},"an8.78:6.9":{"pli":"Imehi kho, āvuso, tīhi dhammehi samannāgato bhikkhu alaṃ paresaṃ, nālaṃ attano. ","eng":"A mendicant with these three qualities is good enough for others but not for themselves. ","html":"{}</p>"},"an8.78:7.1":{"pli":"Dvīhāvuso, dhammehi samannāgato bhikkhu alaṃ attano, nālaṃ paresaṃ. ","eng":"A mendicant with two qualities is good enough for themselves but not for others. ","html":"<p>{}"},"an8.78:7.2":{"pli":"Katamehi dvīhi? ","eng":"What two? ","html":"{}"},"an8.78:7.3":{"pli":"Idhāvuso, bhikkhu na heva kho khippanisanti ca hoti kusalesu dhammesu; ","eng":"A mendicant is not quick-witted when it comes to skillful teachings. ","html":"{}"},"an8.78:7.4":{"pli":"no ca sutānaṃ dhammānaṃ dhāraṇajātiko hoti; ","eng":"And they don’t readily memorize the teachings they’ve heard. ","html":"{}"},"an8.78:7.5":{"pli":"dhātānañca dhammānaṃ atthūpaparikkhitā hoti; ","eng":"They examine the meaning of teachings they’ve memorized. ","html":"{}"},"an8.78:7.6":{"pli":"atthamaññāya dhammamaññāya dhammānudhammappaṭipanno ca hoti; ","eng":"Understanding the meaning and the teaching, they practice in line with the teaching. ","html":"{}"},"an8.78:7.7":{"pli":"no ca kalyāṇavāco hoti …pe… ","eng":"They’re not a good speaker. Their voice isn’t polished, clear, articulate, and doesn’t express the meaning. ","html":"{}"},"an8.78:7.8":{"pli":"no ca sandassako hoti …pe… sabrahmacārīnaṃ. ","eng":"They don’t educate, encourage, fire up, and inspire their spiritual companions. ","html":"{}"},"an8.78:7.9":{"pli":"Imehi kho, āvuso, dvīhi dhammehi samannāgato bhikkhu alaṃ attano, nālaṃ paresaṃ. ","eng":"A mendicant with these two qualities is good enough for themselves but not for others. ","html":"{}</p>"},"an8.78:8.1":{"pli":"Dvīhāvuso, dhammehi samannāgato bhikkhu alaṃ paresaṃ, nālaṃ attano. ","eng":"A mendicant with two qualities is good enough for others but not for themselves. ","html":"<p>{}"},"an8.78:8.2":{"pli":"Katamehi dvīhi? ","eng":"What two? ","html":"{}"},"an8.78:8.3":{"pli":"Idhāvuso, bhikkhu na heva kho khippanisanti ca hoti kusalesu dhammesu; ","eng":"A mendicant is not quick-witted when it comes to skillful teachings. ","html":"{}"},"an8.78:8.4":{"pli":"no ca sutānaṃ dhammānaṃ dhāraṇajātiko hoti; ","eng":"And they don’t readily memorize the teachings they’ve heard. ","html":"{}"},"an8.78:8.5":{"pli":"no ca dhātānaṃ dhammānaṃ atthūpaparikkhitā hoti; ","eng":"Nor do they examine the meaning of teachings they’ve memorized. ","html":"{}"},"an8.78:8.6":{"pli":"no ca atthamaññāya dhammamaññāya dhammānudhammappaṭipanno hoti; ","eng":"Not understanding the meaning and the teaching, they don’t practice in line with the teaching. ","html":"{}"},"an8.78:8.7":{"pli":"kalyāṇavāco ca hoti kalyāṇavākkaraṇo, poriyā vācāya samannāgato vissaṭṭhāya anelagaḷāya atthassa viññāpaniyā; ","eng":"They’re a good speaker who enunciates well. Their voice is polished, clear, articulate, and expresses the meaning. ","html":"{}"},"an8.78:8.8":{"pli":"sandassako ca hoti samādapako samuttejako sampahaṃsako sabrahmacārīnaṃ. ","eng":"They educate, encourage, fire up, and inspire their spiritual companions. ","html":"{}"},"an8.78:8.9":{"pli":"Imehi kho, āvuso, dvīhi dhammehi samannāgato bhikkhu alaṃ paresaṃ, nālaṃ attano”ti. ","eng":"A mendicant with these two qualities is good enough for others but not for themselves.” ","html":"{}</p>"},"an8.78:8.10":{"pli":"Aṭṭhamaṃ. ","html":"<p class='endsutta'>{}</p></article>"}},"an8.79":{"an8.79:0.1":{"pli":"Aṅguttara Nikāya 8.79 ","eng":"Numbered Discourses 8.79 ","html":"<article id='an8.79'><header><ul><li class='division'>{}</li>"},"an8.79:0.2":{"pli":"8. Yamakavagga ","eng":"8. Pairs ","html":"<li>{}</li></ul>"},"an8.79:0.3":{"pli":"Parihānasutta ","eng":"Decline ","html":"<h1 class='sutta-title'>{}</h1></header>"},"an8.79:1.1":{"pli":"“Aṭṭhime, bhikkhave, dhammā sekhassa bhikkhuno parihānāya saṃvattanti. ","eng":"“These eight things lead to the decline of a mendicant trainee. ","html":"<p>{}"},"an8.79:1.2":{"pli":"Katame aṭṭha? ","eng":"What eight? ","html":"{}"},"an8.79:1.3":{"pli":"Kammārāmatā, bhassārāmatā, niddārāmatā, saṅgaṇikārāmatā, indriyesu aguttadvāratā, bhojane amattaññutā, saṃsaggārāmatā, papañcārāmatā—","eng":"They relish work, talk, sleep, and company. They don’t guard the sense doors and they eat too much. They relish closeness and proliferation. ","html":"{}"},"an8.79:1.4":{"pli":"ime kho, bhikkhave, aṭṭha dhammā sekhassa bhikkhuno parihānāya saṃvattanti. ","eng":"These eight things lead to the decline of a mendicant trainee. ","html":"{}</p>"},"an8.79:2.1":{"pli":"Aṭṭhime, bhikkhave, dhammā sekhassa bhikkhuno aparihānāya saṃvattanti. ","eng":"These eight things don’t lead to the decline of a mendicant trainee. ","html":"<p>{}"},"an8.79:2.2":{"pli":"Katame aṭṭha? ","eng":"What eight? ","html":"{}"},"an8.79:2.3":{"pli":"Na kammārāmatā, na bhassārāmatā, na niddārāmatā, na saṅgaṇikārāmatā, indriyesu guttadvāratā, bhojane mattaññutā, asaṃsaggārāmatā, nippapañcārāmatā—","eng":"They don’t relish work, talk, sleep and company. They guard the sense doors, and they don’t eat too much. They don’t relish closeness and proliferation. ","html":"{}"},"an8.79:2.4":{"pli":"ime kho, bhikkhave, aṭṭha dhammā sekhassa bhikkhuno aparihānāya saṃvattantī”ti. ","eng":"These eight things don’t lead to the decline of a mendicant trainee.” ","html":"{}</p>"},"an8.79:2.5":{"pli":"Navamaṃ. ","html":"<p class='endsutta'>{}</p></article>"}},"an8.8":{"an8.8:0.1":{"pli":"Aṅguttara Nikāya 8.8 ","eng":"Numbered Discourses 8.8 ","html":"<article id='an8.8'><header><ul><li class='division'>{}</li>"},"an8.8:0.2":{"pli":"1. Mettāvagga ","eng":"1. Love ","html":"<li>{}</li></ul>"},"an8.8:0.3":{"pli":"Uttaravipattisutta ","eng":"Uttara on Failure ","html":"<h1 class='sutta-title'>{}</h1></header>"},"an8.8:1.1":{"pli":"Ekaṃ samayaṃ āyasmā uttaro mahisavatthusmiṃ viharati saṅkheyyake pabbate vaṭajālikāyaṃ. ","eng":"At one time Venerable Uttara was staying on the Saṅkheyyaka Mountain in the Mahisa region near Dhavajālikā. ","html":"<p>{}"},"an8.8:1.2":{"pli":"Tatra kho āyasmā uttaro bhikkhū āmantesi: ","eng":"There Uttara addressed the mendicants: ","html":"{}"},"an8.8:1.3":{"pli":"“sādhāvuso, bhikkhu kālena kālaṃ attavipattiṃ paccavekkhitā hoti. ","eng":"“Mendicants, it’s good for a mendicant to check their own failings from time to time. ","html":"{}"},"an8.8:1.4":{"pli":"Sādhāvuso, bhikkhu kālena kālaṃ paravipattiṃ paccavekkhitā hoti. ","eng":"It’s good for a mendicant to check the failings of others from time to time. ","html":"{}"},"an8.8:1.5":{"pli":"Sādhāvuso, bhikkhu kālena kālaṃ attasampattiṃ paccavekkhitā hoti. ","eng":"It’s good for a mendicant to check their own successes from time to time. ","html":"{}"},"an8.8:1.6":{"pli":"Sādhāvuso, bhikkhu kālena kālaṃ parasampattiṃ paccavekkhitā hotī”ti. ","eng":"It’s good for a mendicant to check the successes of others from time to time.” ","html":"{}</p>"},"an8.8:2.1":{"pli":"Tena kho pana samayena vessavaṇo mahārājā uttarāya disāya dakkhiṇaṃ disaṃ gacchati kenacideva karaṇīyena. ","eng":"Now at that time the great king Vessavaṇa was on his way from the north to the south on some business. ","html":"<p>{}"},"an8.8:2.2":{"pli":"Assosi kho vessavaṇo mahārājā āyasmato uttarassa mahisavatthusmiṃ saṅkheyyake pabbate vaṭajālikāyaṃ bhikkhūnaṃ evaṃ dhammaṃ desentassa: ","eng":"He heard Venerable Uttara teaching this to the mendicants on Saṅkheyyaka Mountain. ","html":"{}"},"an8.8:2.3":{"pli":"“sādhāvuso, bhikkhu kālena kālaṃ attavipattiṃ paccavekkhitā hoti. ","html":"{}"},"an8.8:2.4":{"pli":"Sādhāvuso, bhikkhu kālena kālaṃ paravipattiṃ paccavekkhitā hoti. ","html":"{}"},"an8.8:2.5":{"pli":"Sādhāvuso, bhikkhu kālena kālaṃ attasampattiṃ paccavekkhitā hoti. ","html":"{}"},"an8.8:2.6":{"pli":"Sādhāvuso, bhikkhu kālena kālaṃ parasampattiṃ paccavekkhitā hotī”ti. ","html":"{}</p>"},"an8.8:3.1":{"pli":"Atha kho vessavaṇo mahārājā—seyyathāpi nāma balavā puriso samiñjitaṃ vā bāhaṃ pasāreyya, pasāritaṃ vā bāhaṃ samiñjeyya; evamevaṃ mahisavatthusmiṃ saṅkheyyake pabbate vaṭajālikāyaṃ antarahito devesu tāvatiṃsesu pāturahosi. ","eng":"Then Vessavaṇa vanished from Saṅkheyyaka Mountain and appeared among the gods of the thirty-three, as easily as a strong person would extend or contract their arm. ","html":"<p>{}"},"an8.8:3.2":{"pli":"Atha kho vessavaṇo mahārājā yena sakko devānamindo tenupasaṅkami; upasaṅkamitvā sakkaṃ devānamindaṃ etadavoca: ","eng":"Then he went up to Sakka, lord of gods, and said to him: ","html":"{}</p>"},"an8.8:3.3":{"pli":"“yagghe, mārisa, jāneyyāsi. ","eng":"“Please good fellow, you should know this. ","html":"<p>{}"},"an8.8:3.4":{"pli":"Eso āyasmā uttaro mahisavatthusmiṃ saṅkheyyake pabbate vaṭajālikāyaṃ bhikkhūnaṃ evaṃ dhammaṃ deseti: ","eng":"Venerable Uttara is teaching the mendicants on Saṅkheyyaka Mountain in this way: ","html":"{}"},"an8.8:3.5":{"pli":"‘sādhāvuso, bhikkhu kālena kālaṃ attavipattiṃ paccavekkhitā hoti. ","eng":"‘It’s good for a mendicant from time to time to check their own failings. … ","html":"{}"},"an8.8:3.6":{"pli":"Sādhāvuso, bhikkhu kālena kālaṃ paravipattiṃ …pe… ","eng":"the failings of others … ","html":"{}"},"an8.8:3.7":{"pli":"attasampattiṃ … ","eng":"their own successes … ","html":"{}"},"an8.8:3.8":{"pli":"parasampattiṃ paccavekkhitā hotī’”ti. ","eng":"the successes of others.’” ","html":"{}</p>"},"an8.8:4.1":{"pli":"Atha kho sakko devānamindo seyyathāpi nāma balavā puriso samiñjitaṃ vā bāhaṃ pasāreyya, pasāritaṃ vā bāhaṃ samiñjeyya; evamevaṃ devesu tāvatiṃsesu antarahito mahisavatthusmiṃ saṅkheyyake pabbate vaṭajālikāyaṃ āyasmato uttarassa sammukhe pāturahosi. ","eng":"Then, as easily as a strong person would extend or contract their arm, Sakka vanished from the gods of the thirty-three and reappeared on Saṅkheyyaka Mountain in front of Venerable Uttara. ","html":"<p>{}"},"an8.8:4.2":{"pli":"Atha kho sakko devānamindo yenāyasmā uttaro tenupasaṅkami; upasaṅkamitvā āyasmantaṃ uttaraṃ abhivādetvā ekamantaṃ aṭṭhāsi. Ekamantaṃ ṭhito kho sakko devānamindo āyasmantaṃ uttaraṃ etadavoca: ","eng":"Then Sakka went up to Venerable Uttara, bowed, stood to one side, and said to him: ","html":"{}</p>"},"an8.8:5.1":{"pli":"“Saccaṃ kira, bhante, āyasmā uttaro bhikkhūnaṃ evaṃ dhammaṃ desesi: ","eng":"“Is it really true, sir, that you teach the mendicants in this way: ","html":"<p>{}"},"an8.8:5.2":{"pli":"‘sādhāvuso, bhikkhu kālena kālaṃ attavipattiṃ paccavekkhitā hoti, ","eng":"‘It’s good for a mendicant from time to time to check their own failings … ","html":"{}"},"an8.8:5.3":{"pli":"sādhāvuso, bhikkhu kālena kālaṃ paravipattiṃ …pe… ","eng":"the failings of others … ","html":"{}"},"an8.8:5.4":{"pli":"attasampattiṃ … ","eng":"their own successes … ","html":"{}"},"an8.8:5.5":{"pli":"parasampattiṃ paccavekkhitā hotī’”ti? ","eng":"the successes of others’?” ","html":"{}</p>"},"an8.8:5.6":{"pli":"“Evaṃ, devānamindā”ti. ","eng":"“Indeed, lord of gods.” ","html":"<p>{}</p>"},"an8.8:5.7":{"pli":"“Kiṃ panidaṃ, bhante, āyasmato uttarassa sakaṃ paṭibhānaṃ, udāhu tassa bhagavato vacanaṃ arahato sammāsambuddhassā”ti? ","eng":"“Sir, did this teaching come to you from your own inspiration, or was it spoken by the Blessed One, the perfected one, the fully awakened Buddha?” ","html":"<p>{}</p>"},"an8.8:5.8":{"pli":"“Tena hi, devānaminda, upamaṃ te karissāmi. ","eng":"“Well then, lord of gods, I shall give you a simile. ","html":"<p>{}"},"an8.8:5.9":{"pli":"Upamāya m’idhekacce viññū purisā bhāsitassa atthaṃ ājānanti. ","eng":"For by means of a simile some sensible people understand the meaning of what is said. ","html":"{}</p>"},"an8.8:6.1":{"pli":"Seyyathāpi, devānaminda, gāmassa vā nigamassa vā avidūre mahādhaññarāsi. ","eng":"Suppose there was a large heap of grain not far from a town or village. ","html":"<p>{}"},"an8.8:6.2":{"pli":"Tato mahājanakāyo dhaññaṃ āhareyya—","eng":"And a large crowd were to take away grain ","html":"{}"},"an8.8:6.3":{"pli":"kājehipi piṭakehipi ucchaṅgehipi añjalīhipi. ","eng":"with carrying poles, baskets, hip sacks, or their cupped hands. ","html":"{}"},"an8.8:6.4":{"pli":"Yo nu kho, devānaminda, taṃ mahājanakāyaṃ upasaṅkamitvā evaṃ puccheyya: ","eng":"If someone were to go to that crowd and ask them ","html":"{}"},"an8.8:6.5":{"pli":"‘kuto imaṃ dhaññaṃ āharathā’ti, kathaṃ byākaramāno nu kho, devānaminda, so mahājanakāyo sammā byākaramāno byākareyyā”ti? ","eng":"where they got the grain from, how should that crowd rightly reply?” ","html":"{}</p>"},"an8.8:6.6":{"pli":"“‘Amumhā mahādhaññarāsimhā āharāmā’ti kho, bhante, so mahājanakāyo sammā byākaramāno byākareyyā”ti. ","eng":"“Sir, they should reply that they took it from the large heap of grain.” ","html":"<p>{}</p>"},"an8.8:6.7":{"pli":"“Evamevaṃ kho, devānaminda, yaṃ kiñci subhāsitaṃ sabbaṃ taṃ tassa bhagavato vacanaṃ arahato sammāsambuddhassa. ","eng":"“In the same way, lord of gods, whatever is well spoken is spoken by the Blessed One, the perfected one, the fully awakened Buddha. ","html":"<p>{}"},"an8.8:6.8":{"pli":"Tato upādāyupādāya mayaṃ caññe ca bhaṇāmā”ti. ","eng":"Both myself and others rely completely on that when we speak.” ","html":"{}</p>"},"an8.8:7.1":{"pli":"“Acchariyaṃ, bhante, abbhutaṃ bhante. ","eng":"“It’s incredible, sir, it’s amazing! ","html":"<p>{}"},"an8.8:7.2":{"pli":"Yāva subhāsitañcidaṃ āyasmatā uttarena: ","eng":"How well this was said by Venerable Uttara! ","html":"{}"},"an8.8:7.3":{"pli":"‘yaṃ kiñci subhāsitaṃ sabbaṃ taṃ tassa bhagavato vacanaṃ arahato sammāsambuddhassa. ","eng":"‘Whatever is well spoken is spoken by the Blessed One, the perfected one, the fully awakened Buddha. ","html":"{}"},"an8.8:7.4":{"pli":"Tato upādāyupādāya mayañcaññe ca bhaṇāmā’ti. ","eng":"Both myself and others rely completely on that when we speak.’ ","html":"{}"},"an8.8:7.5":{"pli":"Ekamidaṃ, bhante uttara, samayaṃ bhagavā rājagahe viharati gijjhakūṭe pabbate acirapakkante devadatte. ","eng":"At one time, Honorable Uttara, the Buddha was staying near Rājagaha, on the Vulture’s Peak Mountain, not long after Devadatta had left. ","html":"{}"},"an8.8:7.6":{"pli":"Tatra kho bhagavā devadattaṃ ārabbha bhikkhū āmantesi: ","eng":"There the Buddha spoke to the mendicants about Devadatta: ","html":"{}</p>"},"an8.8:8.1":{"pli":"‘Sādhu, bhikkhave, bhikkhu kālena kālaṃ attavipattiṃ paccavekkhitā hoti. ","eng":"‘Mendicants, it’s good for a mendicant from time to time to check their own failings … ","html":"<p>{}"},"an8.8:8.2":{"pli":"Sādhu, bhikkhave, bhikkhu kālena kālaṃ paravipattiṃ …pe… ","eng":"the failings of others … ","html":"{}"},"an8.8:8.3":{"pli":"attasampattiṃ … ","eng":"their own successes … ","html":"{}"},"an8.8:8.4":{"pli":"parasampattiṃ paccavekkhitā hoti. ","eng":"the successes of others. ","html":"{}"},"an8.8:8.5":{"pli":"Aṭṭhahi, bhikkhave, asaddhammehi abhibhūto pariyādinnacitto devadatto āpāyiko nerayiko kappaṭṭho atekiccho. ","eng":"Overcome and overwhelmed by eight things that oppose the true teaching, Devadatta is going to a place of loss, to hell, there to remain for an eon, irredeemable. ","html":"{}"},"an8.8:8.6":{"pli":"Katamehi aṭṭhahi? ","eng":"What eight? ","html":"{}"},"an8.8:8.7":{"pli":"Lābhena hi, bhikkhave, abhibhūto pariyādinnacitto devadatto āpāyiko nerayiko kappaṭṭho atekiccho; ","eng":"Overcome and overwhelmed by gain … ","html":"{}"},"an8.8:8.8":{"pli":"alābhena, bhikkhave …pe… ","eng":"loss … ","html":"{}"},"an8.8:8.9":{"pli":"yasena, bhikkhave … ","eng":"fame … ","html":"{}"},"an8.8:8.10":{"pli":"ayasena, bhikkhave … ","eng":"disgrace … ","html":"{}"},"an8.8:8.11":{"pli":"sakkārena, bhikkhave … ","eng":"honor … ","html":"{}"},"an8.8:8.12":{"pli":"asakkārena, bhikkhave … ","eng":"dishonor … ","html":"{}"},"an8.8:8.13":{"pli":"pāpicchatāya, bhikkhave … ","eng":"corrupt wishes … ","html":"{}"},"an8.8:8.14":{"pli":"pāpamittatāya, bhikkhave, abhibhūto pariyādinnacitto devadatto āpāyiko nerayiko kappaṭṭho atekiccho. ","eng":"bad friendship, Devadatta is going to a place of loss, to hell, there to remain for an eon, irredeemable. ","html":"{}"},"an8.8:8.15":{"pli":"Imehi kho, bhikkhave, aṭṭhahi asaddhammehi abhibhūto pariyādinnacitto devadatto āpāyiko nerayiko kappaṭṭho atekiccho. ","eng":"Overcome and overwhelmed by these eight things that oppose the true teaching, Devadatta is going to a place of loss, to hell, there to remain for an eon, irredeemable. ","html":"{}</p>"},"an8.8:9.1":{"pli":"Sādhu, bhikkhave, bhikkhu uppannaṃ lābhaṃ abhibhuyya abhibhuyya vihareyya; ","eng":"It’s good for a mendicant, whenever they encounter it, to overcome gain … ","html":"<p>{}"},"an8.8:9.2":{"pli":"uppannaṃ alābhaṃ …pe… ","eng":"loss … ","html":"{}"},"an8.8:9.3":{"pli":"uppannaṃ yasaṃ … ","eng":"fame … ","html":"{}"},"an8.8:9.4":{"pli":"uppannaṃ ayasaṃ … ","eng":"disgrace … ","html":"{}"},"an8.8:9.5":{"pli":"uppannaṃ sakkāraṃ … ","eng":"honor … ","html":"{}"},"an8.8:9.6":{"pli":"uppannaṃ asakkāraṃ … ","eng":"dishonor … ","html":"{}"},"an8.8:9.7":{"pli":"uppannaṃ pāpicchataṃ … ","eng":"corrupt wishes … ","html":"{}"},"an8.8:9.8":{"pli":"uppannaṃ pāpamittataṃ abhibhuyya abhibhuyya vihareyya. ","eng":"bad friendship. ","html":"{}</p>"},"an8.8:10.1":{"pli":"Kiñca, bhikkhave, bhikkhu atthavasaṃ paṭicca uppannaṃ lābhaṃ abhibhuyya abhibhuyya vihareyya; ","eng":"What advantage does a mendicant gain by overcoming these eight things? ","html":"<p>{}"},"an8.8:10.2":{"pli":"uppannaṃ alābhaṃ …pe… ","html":"{}"},"an8.8:10.3":{"pli":"uppannaṃ yasaṃ … ","html":"{}"},"an8.8:10.4":{"pli":"uppannaṃ ayasaṃ … ","html":"{}"},"an8.8:10.5":{"pli":"uppannaṃ sakkāraṃ … ","html":"{}"},"an8.8:10.6":{"pli":"uppannaṃ asakkāraṃ … ","html":"{}"},"an8.8:10.7":{"pli":"uppannaṃ pāpicchataṃ … ","html":"{}"},"an8.8:10.8":{"pli":"uppannaṃ pāpamittataṃ abhibhuyya abhibhuyya vihareyya? ","html":"{}</p>"},"an8.8:11.1":{"pli":"Yaṃ hissa, bhikkhave, uppannaṃ lābhaṃ anabhibhuyya viharato uppajjeyyuṃ āsavā vighātapariḷāhā, uppannaṃ lābhaṃ abhibhuyya viharato evaṃsa te āsavā vighātapariḷāhā na honti. ","eng":"The distressing and feverish defilements that might arise in someone who lives without overcoming these eight things do not arise when they have overcome them. ","html":"<p>{}"},"an8.8:11.2":{"pli":"Yaṃ hissa, bhikkhave, uppannaṃ alābhaṃ …pe… ","html":"{}"},"an8.8:11.3":{"pli":"uppannaṃ yasaṃ … ","html":"{}"},"an8.8:11.4":{"pli":"uppannaṃ ayasaṃ … ","html":"{}"},"an8.8:11.5":{"pli":"uppannaṃ sakkāraṃ … ","html":"{}"},"an8.8:11.6":{"pli":"uppannaṃ asakkāraṃ … ","html":"{}"},"an8.8:11.7":{"pli":"uppannaṃ pāpicchataṃ … ","html":"{}"},"an8.8:11.8":{"pli":"uppannaṃ pāpamittataṃ anabhibhuyya viharato uppajjeyyuṃ āsavā vighātapariḷāhā, uppannaṃ pāpamittataṃ abhibhuyya viharato evaṃsa te āsavā vighātapariḷāhā na honti. ","html":"{}"},"an8.8:11.9":{"pli":"Idaṃ kho, bhikkhave, bhikkhu atthavasaṃ paṭicca uppannaṃ lābhaṃ abhibhuyya abhibhuyya vihareyya; ","eng":"This is the advantage that a mendicant gains by overcoming these eight things. ","html":"{}"},"an8.8:11.10":{"pli":"uppannaṃ alābhaṃ …pe… ","html":"{}"},"an8.8:11.11":{"pli":"uppannaṃ yasaṃ … ","html":"{}"},"an8.8:11.12":{"pli":"uppannaṃ ayasaṃ … ","html":"{}"},"an8.8:11.13":{"pli":"uppannaṃ sakkāraṃ … ","html":"{}"},"an8.8:11.14":{"pli":"uppannaṃ asakkāraṃ … ","html":"{}"},"an8.8:11.15":{"pli":"uppannaṃ pāpicchataṃ … ","html":"{}"},"an8.8:11.16":{"pli":"uppannaṃ pāpamittataṃ abhibhuyya abhibhuyya vihareyya. ","html":"{}</p>"},"an8.8:12.1":{"pli":"Tasmātiha, bhikkhave, evaṃ sikkhitabbaṃ: ","eng":"So you should train like this: ","html":"<p>{}</p>"},"an8.8:12.2":{"pli":"“uppannaṃ lābhaṃ abhibhuyya abhibhuyya viharissāma, ","eng":"“Whenever we encounter it, we will overcome gain … ","html":"<p>{}"},"an8.8:12.3":{"pli":"uppannaṃ alābhaṃ …pe… ","eng":"loss … ","html":"{}"},"an8.8:12.4":{"pli":"uppannaṃ yasaṃ … ","eng":"fame … ","html":"{}"},"an8.8:12.5":{"pli":"uppannaṃ ayasaṃ … ","eng":"disgrace … ","html":"{}"},"an8.8:12.6":{"pli":"uppannaṃ sakkāraṃ … ","eng":"honor … ","html":"{}"},"an8.8:12.7":{"pli":"uppannaṃ asakkāraṃ … ","eng":"dishonor … ","html":"{}"},"an8.8:12.8":{"pli":"uppannaṃ pāpicchataṃ … ","eng":"corrupt wishes … ","html":"{}"},"an8.8:12.9":{"pli":"uppannaṃ pāpamittataṃ abhibhuyya abhibhuyya viharissāmā”ti. ","eng":"bad friendship.” ","html":"{}"},"an8.8:12.10":{"pli":"Evañhi vo, bhikkhave, sikkhitabban’ti. ","eng":"That’s how you should train.’ ","html":"{}</p>"},"an8.8:13.1":{"pli":"Ettāvatā, bhante uttara, manussesu catasso parisā—","eng":"Honorable Uttara, this exposition of the teaching is not established anywhere in the four assemblies—","html":"<p>{}"},"an8.8:13.2":{"pli":"bhikkhū, bhikkhuniyo, upāsakā, upāsikāyo. ","eng":"monks, nuns, laymen, and laywomen. ","html":"{}"},"an8.8:13.3":{"pli":"Nāyaṃ dhammapariyāyo kismiñci upaṭṭhito. ","html":"{}"},"an8.8:13.4":{"pli":"Uggaṇhatu, bhante, āyasmā uttaro imaṃ dhammapariyāyaṃ. ","eng":"Sir, learn this exposition of the teaching! ","html":"{}"},"an8.8:13.5":{"pli":"Pariyāpuṇātu, bhante, āyasmā uttaro imaṃ dhammapariyāyaṃ. ","eng":"Memorize this exposition of the teaching! ","html":"{}"},"an8.8:13.6":{"pli":"Dhāretu, bhante, āyasmā uttaro imaṃ dhammapariyāyaṃ. ","eng":"Remember this exposition of the teaching! ","html":"{}"},"an8.8:13.7":{"pli":"Atthasaṃhito ayaṃ, bhante, dhammapariyāyo ādibrahmacariyako”ti. ","eng":"Sir, this exposition of the teaching is beneficial and relevant to the fundamentals of the spiritual life.” ","html":"{}</p>"},"an8.8:13.8":{"pli":"Aṭṭhamaṃ. ","html":"<p class='endsutta'>{}</p></article>"}}}