{"an9.13":{"an9.13:0.1":{"pli":"Aṅguttara Nikāya 9.13 ","eng":"Numbered Discourses 9.13 ","html":"<article id='an9.13'><header><ul><li class='division'>{}</li>"},"an9.13:0.2":{"pli":"2. Sīhanādavagga ","eng":"2. The Lion’s Roar ","html":"<li>{}</li></ul>"},"an9.13:0.3":{"pli":"Koṭṭhikasutta ","eng":"With Koṭṭhita ","html":"<h1 class='sutta-title'>{}</h1></header>"},"an9.13:1.1":{"pli":"Atha kho āyasmā mahākoṭṭhiko yenāyasmā sāriputto tenupasaṅkami; upasaṅkamitvā āyasmatā sāriputtena saddhiṃ sammodi. ","eng":"Then Venerable Mahākoṭṭhita went up to Venerable Sāriputta, and exchanged greetings with him. ","html":"<p>{}"},"an9.13:1.2":{"pli":"Sammodanīyaṃ kathaṃ sāraṇīyaṃ vītisāretvā ekamantaṃ nisīdi. Ekamantaṃ nisinno kho āyasmā mahākoṭṭhiko āyasmantaṃ sāriputtaṃ etadavoca: ","eng":"When the greetings and polite conversation were over, he sat down to one side and said to Sāriputta: ","html":"{}</p>"},"an9.13:1.3":{"pli":"“kiṃ nu kho, āvuso sāriputta, ‘yaṃ kammaṃ diṭṭhadhammavedanīyaṃ, taṃ me kammaṃ samparāyavedanīyaṃ hotū’ti, etassa atthāya bhagavati brahmacariyaṃ vussatī”ti? ","eng":"“Reverend Sāriputta, is the spiritual life lived under the Buddha for this purpose: ‘May deeds to be experienced in this life be experienced by me in lives to come’?” ","html":"<p>{}</p>"},"an9.13:1.4":{"pli":"“No hidaṃ, āvuso”. ","eng":"“Certainly not, reverend.” ","html":"<p>{}</p>"},"an9.13:2.1":{"pli":"“Kiṃ panāvuso sāriputta, ‘yaṃ kammaṃ samparāyavedanīyaṃ taṃ me kammaṃ diṭṭhadhammavedanīyaṃ hotū’ti, etassa atthāya bhagavati brahmacariyaṃ vussatī”ti? ","eng":"“Then is the spiritual life lived under the Buddha for this purpose: ‘May deeds to be experienced in lives to come be experienced by me in this life’?” ","html":"<p>{}</p>"},"an9.13:2.2":{"pli":"“No hidaṃ, āvuso”. ","eng":"“Certainly not.” ","html":"<p>{}</p>"},"an9.13:3.1":{"pli":"“Kiṃ nu kho, āvuso sāriputta, ‘yaṃ kammaṃ sukhavedanīyaṃ, taṃ me kammaṃ dukkhavedanīyaṃ hotū’ti, etassa atthāya bhagavati brahmacariyaṃ vussatī”ti? ","eng":"“Is the spiritual life lived under the Buddha for this purpose: ‘May deeds to be experienced as pleasant be experienced by me as painful’?” ","html":"<p>{}</p>"},"an9.13:3.2":{"pli":"“No hidaṃ, āvuso”. ","eng":"“Certainly not.” ","html":"<p>{}</p>"},"an9.13:4.1":{"pli":"“Kiṃ panāvuso, sāriputta, ‘yaṃ kammaṃ dukkhavedanīyaṃ, taṃ me kammaṃ sukhavedanīyaṃ hotū’ti, etassa atthāya bhagavati brahmacariyaṃ vussatī”ti? ","eng":"“Then is the spiritual life lived under the Buddha for this purpose: ‘May deeds to be experienced as painful be experienced by me as pleasant’?” ","html":"<p>{}</p>"},"an9.13:4.2":{"pli":"“No hidaṃ, āvuso”. ","eng":"“Certainly not.” ","html":"<p>{}</p>"},"an9.13:5.1":{"pli":"“Kiṃ nu kho, āvuso sāriputta, ‘yaṃ kammaṃ paripakkavedanīyaṃ, taṃ me kammaṃ aparipakkavedanīyaṃ hotū’ti, etassa atthāya bhagavati brahmacariyaṃ vussatī”ti? ","eng":"“Is the spiritual life lived under the Buddha for this purpose: ‘May deeds to be experienced when ripe be experienced by me when unripe’?” ","html":"<p>{}</p>"},"an9.13:5.2":{"pli":"“No hidaṃ, āvuso”. ","eng":"“Certainly not.” ","html":"<p>{}</p>"},"an9.13:6.1":{"pli":"“Kiṃ panāvuso sāriputta, ‘yaṃ kammaṃ aparipakkavedanīyaṃ, taṃ me kammaṃ paripakkavedanīyaṃ hotū’ti, etassa atthāya bhagavati brahmacariyaṃ vussatī”ti? ","eng":"“Then is the spiritual life lived under the Buddha for this purpose: ‘May deeds to be experienced when unripe be experienced by me when ripe’?” ","html":"<p>{}</p>"},"an9.13:6.2":{"pli":"“No hidaṃ, āvuso”. ","eng":"“Certainly not.” ","html":"<p>{}</p>"},"an9.13:7.1":{"pli":"“Kiṃ nu kho, āvuso sāriputta, ‘yaṃ kammaṃ bahuvedanīyaṃ, taṃ me kammaṃ appavedanīyaṃ hotū’ti, etassa atthāya bhagavati brahmacariyaṃ vussatī”ti? ","eng":"“Is the spiritual life lived under the Buddha for this purpose: ‘May deeds to be experienced a lot be experienced by me a little’?” ","html":"<p>{}</p>"},"an9.13:7.2":{"pli":"“No hidaṃ, āvuso”. ","eng":"“Certainly not.” ","html":"<p>{}</p>"},"an9.13:8.1":{"pli":"“Kiṃ panāvuso sāriputta, ‘yaṃ kammaṃ appavedanīyaṃ, taṃ me kammaṃ bahuvedanīyaṃ hotū’ti, etassa atthāya bhagavati brahmacariyaṃ vussatī”ti? ","eng":"“Then is the spiritual life lived under the Buddha for this purpose: ‘May deeds to be experienced a little be experienced by me a lot’?” ","html":"<p>{}</p>"},"an9.13:8.2":{"pli":"“No hidaṃ, āvuso”. ","eng":"“Certainly not.” ","html":"<p>{}</p>"},"an9.13:9.1":{"pli":"“Kiṃ nu kho, āvuso sāriputta, ‘yaṃ kammaṃ vedanīyaṃ, taṃ me kammaṃ avedanīyaṃ hotū’ti, etassa atthāya bhagavati brahmacariyaṃ vussatī”ti? ","eng":"“Is the spiritual life lived under the Buddha for this purpose: ‘May deeds to be experienced by me be not experienced’?” ","html":"<p>{}</p>"},"an9.13:9.2":{"pli":"“No hidaṃ, āvuso”. ","eng":"“Certainly not.” ","html":"<p>{}</p>"},"an9.13:10.1":{"pli":"“Kiṃ panāvuso sāriputta, ‘yaṃ kammaṃ avedanīyaṃ, taṃ me kammaṃ vedanīyaṃ hotū’ti, etassa atthāya bhagavati brahmacariyaṃ vussatī”ti? ","eng":"“Then is the spiritual life lived under the Buddha for this purpose: ‘May deeds not to be experienced be experienced’?” ","html":"<p>{}</p>"},"an9.13:10.2":{"pli":"“No hidaṃ, āvuso”. ","eng":"“Certainly not.” ","html":"<p>{}</p>"},"an9.13:11.1":{"pli":"“‘Kiṃ nu kho, āvuso sāriputta, yaṃ kammaṃ diṭṭhadhammavedanīyaṃ taṃ me kammaṃ samparāyavedanīyaṃ hotūti, etassa atthāya bhagavati brahmacariyaṃ vussatī’ti, iti puṭṭho samāno ‘no hidaṃ, āvuso’ti vadesi. ","eng":"“Reverend Sāriputta, when you were asked whether the spiritual life was lived under the Buddha so that deeds to be experienced in this life are experienced in lives to come, you said, ‘Certainly not’. ","html":"<p>{}</p>"},"an9.13:12.1":{"pli":"‘Kiṃ panāvuso sāriputta, yaṃ kammaṃ samparāyavedanīyaṃ taṃ me kammaṃ diṭṭhadhammavedanīyaṃ hotūti, etassa atthāya bhagavati brahmacariyaṃ vussatī’ti, iti puṭṭho samāno ‘no hidaṃ, āvuso’ti vadesi. ","eng":"When you were asked whether the spiritual life was lived under the Buddha so that deeds to be experienced in lives to come are experienced in this life … ","html":"<p>{}</p>"},"an9.13:13.1":{"pli":"‘Kiṃ nu kho, āvuso sāriputta, yaṃ kammaṃ sukhavedanīyaṃ taṃ me kammaṃ dukkhavedanīyaṃ hotūti, etassa atthāya bhagavati brahmacariyaṃ vussatī’ti, iti puṭṭho samāno ‘no hidaṃ, āvuso’ti vadesi. ","eng":"deeds to be experienced as pleasant are experienced as painful … ","html":"<p>{}</p>"},"an9.13:14.1":{"pli":"‘Kiṃ panāvuso sāriputta, yaṃ kammaṃ dukkhavedanīyaṃ taṃ me kammaṃ sukhavedanīyaṃ hotūti, etassa atthāya bhagavati brahmacariyaṃ vussatī’ti, iti puṭṭho samāno ‘no hidaṃ, āvuso’ti vadesi. ","eng":"deeds to be experienced as painful are experienced as pleasant … ","html":"<p>{}</p>"},"an9.13:15.1":{"pli":"‘Kiṃ nu kho, āvuso sāriputta, yaṃ kammaṃ paripakkavedanīyaṃ taṃ me kammaṃ aparipakkavedanīyaṃ hotūti, etassa atthāya bhagavati brahmacariyaṃ vussatī’ti, iti puṭṭho samāno ‘no hidaṃ, āvuso’ti vadesi. ","eng":"deeds to be experienced when ripe are experienced when unripe … ","html":"<p>{}</p>"},"an9.13:16.1":{"pli":"‘Kiṃ panāvuso sāriputta, yaṃ kammaṃ aparipakkavedanīyaṃ taṃ me kammaṃ paripakkavedanīyaṃ hotūti, etassa atthāya bhagavati brahmacariyaṃ vussatī’ti, iti puṭṭho samāno ‘no hidaṃ, āvuso’ti vadesi. ","eng":"deeds to be experienced when unripe are experienced when ripe … ","html":"<p>{}</p>"},"an9.13:17.1":{"pli":"‘Kiṃ nu kho, āvuso sāriputta, yaṃ kammaṃ bahuvedanīyaṃ taṃ me kammaṃ appavedanīyaṃ hotūti, etassa atthāya bhagavati brahmacariyaṃ vussatī’ti, iti puṭṭho samāno ‘no hidaṃ, āvuso’ti vadesi. ","eng":"deeds to be experienced a lot are experienced a little … ","html":"<p>{}</p>"},"an9.13:18.1":{"pli":"‘Kiṃ panāvuso sāriputta, yaṃ kammaṃ appavedanīyaṃ taṃ me kammaṃ bahuvedanīyaṃ hotūti, etassa atthāya bhagavati brahmacariyaṃ vussatī’ti, iti puṭṭho samāno ‘no hidaṃ, āvuso’ti vadesi. ","eng":"deeds to be experienced a little are experienced a lot … ","html":"<p>{}</p>"},"an9.13:19.1":{"pli":"‘Kiṃ nu kho, āvuso sāriputta, yaṃ kammaṃ vedanīyaṃ taṃ me kammaṃ avedanīyaṃ hotūti, etassa atthāya bhagavati brahmacariyaṃ vussatī’ti, iti puṭṭho samāno ‘no hidaṃ, āvuso’ti vadesi. ","eng":"deeds to be experienced are not experienced … ","html":"<p>{}</p>"},"an9.13:20.1":{"pli":"‘Kiṃ panāvuso sāriputta, yaṃ kammaṃ avedanīyaṃ taṃ me kammaṃ vedanīyaṃ hotūti, etassa atthāya bhagavati brahmacariyaṃ vussatī’ti, iti puṭṭho samāno ‘no hidaṃ, āvuso’ti vadesi. ","eng":"When you were asked whether the spiritual life was lived under the Buddha so that deeds not to be experienced are experienced, you said, ‘Certainly not.’ ","html":"<p>{}"},"an9.13:20.2":{"pli":"Atha kimatthaṃ carahāvuso, bhagavati brahmacariyaṃ vussatī”ti? ","eng":"Then what exactly is the purpose of leading the spiritual life under the Buddha?” ","html":"{}</p>"},"an9.13:21.1":{"pli":"“Yaṃ khvassa, āvuso, aññātaṃ adiṭṭhaṃ appattaṃ asacchikataṃ anabhisametaṃ, tassa ñāṇāya dassanāya pattiyā sacchikiriyāya abhisamayāya bhagavati brahmacariyaṃ vussatīti. ","eng":"“Reverend, the spiritual life is lived under the Buddha to know, see, attain, realize, and comprehend that which is unknown, unseen, unattained, unrealized, and uncomprehended.” ","html":"<p>{}</p>"},"an9.13:21.2":{"pli":"Kiṃ panassāvuso, aññātaṃ adiṭṭhaṃ appattaṃ asacchikataṃ anabhisametaṃ, yassa ñāṇāya dassanāya pattiyā sacchikiriyāya abhisamayāya bhagavati brahmacariyaṃ vussatīti? ","eng":"“But what is the unknown, unseen, unattained, unrealized, and uncomprehended?” ","html":"<p>{}</p>"},"an9.13:21.3":{"pli":"‘Idaṃ dukkhan’ti khvassa, āvuso, aññātaṃ adiṭṭhaṃ appattaṃ asacchikataṃ anabhisametaṃ. ","eng":"“‘This is suffering.’ … ","html":"<p>{}"},"an9.13:21.4":{"pli":"Tassa ñāṇāya dassanāya pattiyā sacchikiriyāya abhisamayāya bhagavati brahmacariyaṃ vussati. ","html":"{}"},"an9.13:21.5":{"pli":"‘Ayaṃ dukkhasamudayo’ti khvassa, āvuso …pe… ‘ayaṃ dukkhanirodho’ti khvassa, āvuso …pe… ","eng":"‘This is the origin of suffering.’ … ‘This is the cessation of suffering.’ … ","html":"{}"},"an9.13:21.6":{"pli":"‘ayaṃ dukkhanirodhagāminī paṭipadā’ti khvassa, āvuso, aññātaṃ adiṭṭhaṃ appattaṃ asacchikataṃ anabhisametaṃ. ","eng":"‘This is the practice that leads to the cessation of suffering.’ … ","html":"{}"},"an9.13:21.7":{"pli":"Tassa ñāṇāya dassanāya pattiyā sacchikiriyāya abhisamayāya bhagavati brahmacariyaṃ vussati. ","html":"{}"},"an9.13:21.8":{"pli":"Idaṃ khvassa, āvuso, aññātaṃ adiṭṭhaṃ appattaṃ asacchikataṃ anabhisametaṃ. ","eng":"This is the unknown, unseen, unattained, unrealized, and uncomprehended. ","html":"{}"},"an9.13:21.9":{"pli":"Tassa ñāṇāya dassanāya pattiyā sacchikiriyāya abhisamayāya bhagavati brahmacariyaṃ vussatī”ti. ","eng":"The spiritual life is lived under the Buddha to know, see, attain, realize, and comprehend this.” ","html":"{}</p>"},"an9.13:21.10":{"pli":"Tatiyaṃ. ","html":"<p class='endsutta'>{}</p></article>"}},"an9.14":{"an9.14:0.1":{"pli":"Aṅguttara Nikāya 9.14 ","eng":"Numbered Discourses 9.14 ","html":"<article id='an9.14'><header><ul><li class='division'>{}</li>"},"an9.14:0.2":{"pli":"2. Sīhanādavagga ","eng":"2. The Lion’s Roar ","html":"<li>{}</li></ul>"},"an9.14:0.3":{"pli":"Samiddhisutta ","eng":"With Samiddhi ","html":"<h1 class='sutta-title'>{}</h1></header>"},"an9.14:1.1":{"pli":"Atha kho āyasmā samiddhi yenāyasmā sāriputto tenupasaṅkami; upasaṅkamitvā āyasmantaṃ sāriputtaṃ abhivādetvā ekamantaṃ nisīdi. Ekamantaṃ nisinnaṃ kho āyasmantaṃ samiddhiṃ āyasmā sāriputto etadavoca: ","eng":"Then Venerable Samiddhi went up to Venerable Sāriputta, bowed, and sat to one side. Venerable Sāriputta said to him: ","html":"<p>{}</p>"},"an9.14:2.1":{"pli":"“Kimārammaṇā, samiddhi, purisassa saṅkappavitakkā uppajjantī”ti? ","eng":"“Samiddhi, based on what do thoughts arise in a person?” ","html":"<p>{}</p>"},"an9.14:2.2":{"pli":"“Nāmarūpārammaṇā, bhante”ti. ","eng":"“Based on name and form, sir.” ","html":"<p>{}</p>"},"an9.14:3.1":{"pli":"“Te pana, samiddhi, kva nānattaṃ gacchantī”ti? ","eng":"“Where do they become diversified?” ","html":"<p>{}</p>"},"an9.14:3.2":{"pli":"“Dhātūsu, bhante”ti. ","eng":"“In the elements.” ","html":"<p>{}</p>"},"an9.14:4.1":{"pli":"“Te pana, samiddhi, kiṃsamudayā”ti? ","eng":"“What is their origin?” ","html":"<p>{}</p>"},"an9.14:4.2":{"pli":"“Phassasamudayā, bhante”ti. ","eng":"“Contact is their origin.” ","html":"<p>{}</p>"},"an9.14:5.1":{"pli":"“Te pana, samiddhi, kiṃsamosaraṇā”ti? ","eng":"“What is their meeting place?” ","html":"<p>{}</p>"},"an9.14:5.2":{"pli":"“Vedanāsamosaraṇā, bhante”ti. ","eng":"“Feeling is their meeting place.” ","html":"<p>{}</p>"},"an9.14:6.1":{"pli":"“Te pana, samiddhi, kiṃpamukhā”ti? ","eng":"“What is their chief?” ","html":"<p>{}</p>"},"an9.14:6.2":{"pli":"“Samādhippamukhā, bhante”ti. ","eng":"“Immersion is their chief.” ","html":"<p>{}</p>"},"an9.14:7.1":{"pli":"“Te pana, samiddhi, kiṃadhipateyyā”ti? ","eng":"“What is their ruler?” ","html":"<p>{}</p>"},"an9.14:7.2":{"pli":"“Satādhipateyyā, bhante”ti. ","eng":"“Mindfulness is their ruler.” ","html":"<p>{}</p>"},"an9.14:8.1":{"pli":"“Te pana, samiddhi, kiṃuttarā”ti? ","eng":"“What is their overseer?” ","html":"<p>{}</p>"},"an9.14:8.2":{"pli":"“Paññuttarā, bhante”ti. ","eng":"“Wisdom is their overseer.” ","html":"<p>{}</p>"},"an9.14:9.1":{"pli":"“Te pana, samiddhi, kiṃsārā”ti? ","eng":"“What is their core?” ","html":"<p>{}</p>"},"an9.14:9.2":{"pli":"“Vimuttisārā, bhante”ti. ","eng":"“Freedom is their core.” ","html":"<p>{}</p>"},"an9.14:10.1":{"pli":"“Te pana, samiddhi, kiṃogadhā”ti? ","eng":"“What is their objective?” ","html":"<p>{}</p>"},"an9.14:10.2":{"pli":"“Amatogadhā, bhante”ti. ","eng":"“Their objective is freedom from death.” ","html":"<p>{}</p>"},"an9.14:11.1":{"pli":"“‘Kimārammaṇā, samiddhi, purisassa saṅkappavitakkā uppajjantī’ti, iti puṭṭho samāno ‘nāmarūpārammaṇā, bhante’ti vadesi. ","eng":"“Samiddhi, when you were asked what is the basis on which thoughts arise in a person, you answered ‘name and form’. ","html":"<p>{}"},"an9.14:11.2":{"pli":"‘Te pana, samiddhi, kva nānattaṃ gacchantī’ti, iti puṭṭho samāno ‘dhātūsu, bhante’ti vadesi. ","eng":"When you were asked … ","html":"{}"},"an9.14:11.3":{"pli":"‘Te pana, samiddhi, kiṃsamudayā’ti, iti puṭṭho samāno ‘phassasamudayā, bhante’ti vadesi. ","html":"{}"},"an9.14:11.4":{"pli":"‘Te pana, samiddhi, kiṃsamosaraṇā’ti, iti puṭṭho samāno ‘vedanāsamosaraṇā, bhante’ti vadesi. ","html":"{}"},"an9.14:11.5":{"pli":"‘Te pana, samiddhi, kiṃpamukhā’ti, iti puṭṭho samāno ‘samādhippamukhā, bhante’ti vadesi. ","html":"{}"},"an9.14:11.6":{"pli":"‘Te pana, samiddhi, kiṃadhipateyyā’ti, iti puṭṭho samāno ‘satādhipateyyā, bhante’ti vadesi. ","html":"{}"},"an9.14:11.7":{"pli":"‘Te pana, samiddhi, kiṃuttarā’ti, iti puṭṭho samāno ‘paññuttarā, bhante’ti vadesi. ","html":"{}"},"an9.14:11.8":{"pli":"‘Te pana, samiddhi, kiṃsārā’ti, iti puṭṭho samāno ‘vimuttisārā, bhante’ti vadesi. ","html":"{}"},"an9.14:11.9":{"pli":"‘Te pana, samiddhi, kiṃogadhā’ti, iti puṭṭho samāno ‘amatogadhā, bhante’ti vadesi. ","eng":"what is their objective, you answered ‘freedom from death’. ","html":"{}"},"an9.14:11.10":{"pli":"Sādhu sādhu, samiddhi. ","eng":"Good, good, Samiddhi! ","html":"{}"},"an9.14:11.11":{"pli":"Sādhu kho tvaṃ, samiddhi, puṭṭho puṭṭho vissajjesi, tena ca mā maññī”ti. ","eng":"It’s good that you answered each question. But don’t get conceited because of that.” ","html":"{}</p>"},"an9.14:11.12":{"pli":"Catutthaṃ. ","html":"<p class='endsutta'>{}</p></article>"}},"an9.15":{"an9.15:0.1":{"pli":"Aṅguttara Nikāya 9.15 ","eng":"Numbered Discourses 9.15 ","html":"<article id='an9.15'><header><ul><li class='division'>{}</li>"},"an9.15:0.2":{"pli":"2. Sīhanādavagga ","eng":"2. The Lion’s Roar ","html":"<li>{}</li></ul>"},"an9.15:0.3":{"pli":"Gaṇḍasutta ","eng":"The Simile of the Boil ","html":"<h1 class='sutta-title'>{}</h1></header>"},"an9.15:1.1":{"pli":"“Seyyathāpi, bhikkhave, gaṇḍo anekavassagaṇiko. ","eng":"“Mendicants, suppose there was a boil that was many years old. ","html":"<p>{}"},"an9.15:1.2":{"pli":"Tassassu gaṇḍassa nava vaṇamukhāni nava abhedanamukhāni. ","eng":"And that boil had nine orifices that were continually open wounds. ","html":"{}"},"an9.15:1.3":{"pli":"Tato yaṃ kiñci pagghareyya—","eng":"Whatever oozed out of them ","html":"{}"},"an9.15:1.4":{"pli":"asuciyeva pagghareyya, duggandhaṃyeva pagghareyya, jegucchiyaṃyeva pagghareyya; ","eng":"would be filthy, stinking, and disgusting. ","html":"{}"},"an9.15:1.5":{"pli":"yaṃ kiñci pasaveyya—","eng":"Whatever exuded from them ","html":"{}"},"an9.15:1.6":{"pli":"asuciyeva pasaveyya, duggandhaṃyeva pasaveyya, jegucchiyaṃyeva pasaveyya. ","eng":"would be filthy, stinking, and disgusting. ","html":"{}</p>"},"an9.15:2.1":{"pli":"Gaṇḍoti kho, bhikkhave, imassetaṃ cātumahābhūtikassa kāyassa adhivacanaṃ mātāpettikasambhavassa odanakummāsūpacayassa aniccucchādanaparimaddanabhedanaviddhaṃsanadhammassa. ","eng":"‘Boil’ is a term for this body made up of the four principal states, produced by mother and father, built up from rice and porridge, liable to impermanence, to wearing away and erosion, to breaking up and destruction. ","html":"<p>{}"},"an9.15:2.2":{"pli":"Tassassu gaṇḍassa nava vaṇamukhāni nava abhedanamukhāni. ","eng":"And that boil has nine orifices that are continually open wounds. ","html":"{}"},"an9.15:2.3":{"pli":"Tato yaṃ kiñci paggharati—","eng":"Whatever oozes out of them ","html":"{}"},"an9.15:2.4":{"pli":"asuciyeva paggharati, duggandhaṃyeva paggharati, jegucchiyaṃyeva paggharati; ","eng":"is filthy, stinking, and disgusting. ","html":"{}"},"an9.15:2.5":{"pli":"yaṃ kiñci pasavati—","eng":"Whatever exudes from them ","html":"{}"},"an9.15:2.6":{"pli":"asuciyeva pasavati, duggandhaṃyeva pasavati, jegucchiyaṃyeva pasavati. ","eng":"is filthy, stinking, and disgusting. ","html":"{}"},"an9.15:2.7":{"pli":"Tasmātiha, bhikkhave, imasmiṃ kāye nibbindathā”ti. ","eng":"So, mendicants, have no illusion about this body.” ","html":"{}</p>"},"an9.15:2.8":{"pli":"Pañcamaṃ. ","html":"<p class='endsutta'>{}</p></article>"}},"an9.16":{"an9.16:0.1":{"pli":"Aṅguttara Nikāya 9.16 ","eng":"Numbered Discourses 9.16 ","html":"<article id='an9.16'><header><ul><li class='division'>{}</li>"},"an9.16:0.2":{"pli":"2. Sīhanādavagga ","eng":"2. The Lion’s Roar ","html":"<li>{}</li></ul>"},"an9.16:0.3":{"pli":"Saññāsutta ","eng":"Perceptions ","html":"<h1 class='sutta-title'>{}</h1></header>"},"an9.16:1.1":{"pli":"“Navayimā, bhikkhave, saññā bhāvitā bahulīkatā mahapphalā honti mahānisaṃsā amatogadhā amatapariyosānā. ","eng":"“Mendicants, these nine perceptions, when developed and cultivated, are very fruitful and beneficial. Their objective and culmination is freedom from death. ","html":"<p>{}"},"an9.16:1.2":{"pli":"Katamā nava? ","eng":"What nine? ","html":"{}"},"an9.16:1.3":{"pli":"Asubhasaññā, maraṇasaññā, āhāre paṭikūlasaññā, sabbaloke anabhiratasaññā, aniccasaññā, anicce dukkhasaññā, dukkhe anattasaññā, pahānasaññā, virāgasaññā—","eng":"The perceptions of ugliness, death, repulsiveness of food, dissatisfaction with the whole world, impermanence, suffering in impermanence, not-self in suffering, giving up, and fading away. ","html":"{}"},"an9.16:1.4":{"pli":"imā kho, bhikkhave, nava saññā, bhāvitā bahulīkatā mahapphalā honti mahānisaṃsā amatogadhā amatapariyosānā”ti. ","eng":"These nine perceptions, when developed and cultivated, are very fruitful and beneficial. Their objective and culmination is freedom from death.” ","html":"{}</p>"},"an9.16:1.5":{"pli":"Chaṭṭhaṃ. ","html":"<p class='endsutta'>{}</p></article>"}},"an9.17":{"an9.17:0.1":{"pli":"Aṅguttara Nikāya 9.17 ","eng":"Numbered Discourses 9.17 ","html":"<article id='an9.17'><header><ul><li class='division'>{}</li>"},"an9.17:0.2":{"pli":"2. Sīhanādavagga ","eng":"2. The Lion’s Roar ","html":"<li>{}</li></ul>"},"an9.17:0.3":{"pli":"Kulasutta ","eng":"Families ","html":"<h1 class='sutta-title'>{}</h1></header>"},"an9.17:1.1":{"pli":"“Navahi, bhikkhave, aṅgehi samannāgataṃ kulaṃ anupagantvā vā nālaṃ upagantuṃ, upagantvā vā nālaṃ nisīdituṃ. ","eng":"“Mendicants, visiting a family with nine factors is not worthwhile, or if you’ve already arrived, sitting down is not worthwhile. ","html":"<p>{}"},"an9.17:1.2":{"pli":"Katamehi navahi? ","eng":"What nine? ","html":"{}"},"an9.17:1.3":{"pli":"Na manāpena paccuṭṭhenti, na manāpena abhivādenti, na manāpena āsanaṃ denti, santamassa pariguhanti, bahukampi thokaṃ denti, paṇītampi lūkhaṃ denti, asakkaccaṃ denti no sakkaccaṃ, na upanisīdanti dhammassavanāya, bhāsitamassa na sussūsanti. ","eng":"They don’t politely rise, bow, or offer a seat. They hide what they have. Even when they have much they give little. Even when they have fine things they give coarse things. They give carelessly, not carefully. They don’t sit nearby to listen to the teachings. When you’re speaking, they don’t listen well. ","html":"{}"},"an9.17:1.4":{"pli":"Imehi kho, bhikkhave, navahaṅgehi samannāgataṃ kulaṃ anupagantvā vā nālaṃ upagantuṃ upagantvā vā nālaṃ nisīdituṃ. ","eng":"Visiting a family with these nine factors is not worthwhile, or if you’ve already arrived, sitting down is not worthwhile. ","html":"{}</p>"},"an9.17:2.1":{"pli":"Navahi, bhikkhave, aṅgehi samannāgataṃ kulaṃ anupagantvā vā alaṃ upagantuṃ, upagantvā vā alaṃ nisīdituṃ. ","eng":"Visiting a family with nine factors is worthwhile, or if you’ve already arrived, sitting down is worthwhile. ","html":"<p>{}"},"an9.17:2.2":{"pli":"Katamehi navahi? ","eng":"What nine? ","html":"{}"},"an9.17:2.3":{"pli":"Manāpena paccuṭṭhenti, manāpena abhivādenti, manāpena āsanaṃ denti, santamassa na pariguhanti, bahukampi bahukaṃ denti, paṇītampi paṇītaṃ denti, sakkaccaṃ denti no asakkaccaṃ, upanisīdanti dhammassavanāya, bhāsitamassa sussūsanti. ","eng":"They politely rise, bow, and offer a seat. They don’t hide what they have. When they have much they give much. When they have refined things they give refined things. They give carefully, not carelessly. They sit nearby to listen to the teachings. When you’re speaking, they listen well. ","html":"{}"},"an9.17:2.4":{"pli":"Imehi kho, bhikkhave, navahaṅgehi samannāgataṃ kulaṃ anupagantvā vā alaṃ upagantuṃ, upagantvā vā alaṃ nisīditun”ti. ","eng":"Visiting a family with these nine factors is worthwhile, or if you’ve already arrived, sitting down is worthwhile.” ","html":"{}</p>"},"an9.17:2.5":{"pli":"Sattamaṃ. ","html":"<p class='endsutta'>{}</p></article>"}},"an9.18":{"an9.18:0.1":{"pli":"Aṅguttara Nikāya 9.18 ","eng":"Numbered Discourses 9.18 ","html":"<article id='an9.18'><header><ul><li class='division'>{}</li>"},"an9.18:0.2":{"pli":"2. Sīhanādavagga ","eng":"2. The Lion’s Roar ","html":"<li>{}</li></ul>"},"an9.18:0.3":{"pli":"Navaṅguposathasutta ","eng":"The Sabbath with Nine Factors ","html":"<h1 class='sutta-title'>{}</h1></header>"},"an9.18:1.1":{"pli":"“Navahi, bhikkhave, aṅgehi samannāgato uposatho upavuttho mahapphalo hoti mahānisaṃso mahājutiko mahāvipphāro. ","eng":"“Mendicants, the observance of the sabbath with its nine factors is very fruitful and beneficial and dazzling and bountiful. ","html":"<p>{}"},"an9.18:1.2":{"pli":"Kathaṃ upavuttho ca, bhikkhave, navahaṅgehi samannāgato uposatho mahapphalo hoti mahānisaṃso mahājutiko mahāvipphāro? ","eng":"And how should it be observed? ","html":"{}</p>"},"an9.18:1.3":{"pli":"Idha, bhikkhave, ariyasāvako iti paṭisañcikkhati: ","eng":"It’s when a noble disciple reflects: ","html":"<p data-counter='1–7'>{}"},"an9.18:1.4":{"pli":"‘yāvajīvaṃ arahanto pāṇātipātaṃ pahāya pāṇātipātā paṭiviratā nihitadaṇḍā nihitasatthā lajjī dayāpannā sabbapāṇabhūtahitānukampino viharanti; ","eng":"‘As long as they live, the perfected ones give up killing living creatures, renouncing the rod and the sword. They are scrupulous and kind, and live full of sympathy for all living beings. ","html":"{}"},"an9.18:1.5":{"pli":"ahampajja imañca rattiṃ imañca divasaṃ pāṇātipātaṃ pahāya pāṇātipātā paṭivirato nihitadaṇḍo nihitasattho lajjī dayāpanno sabbapāṇabhūtahitānukampī viharāmi. ","eng":"I, too, for this day and night will give up killing living creatures, renouncing the rod and the sword. I’ll be scrupulous and kind, and live full of sympathy for all living beings. ","html":"{}"},"an9.18:1.6":{"pli":"Imināpaṅgena arahataṃ anukaromi; uposatho ca me upavuttho bhavissatī’ti. ","eng":"I will observe the sabbath by doing as the perfected ones do in this respect.’ ","html":"{}"},"an9.18:1.7":{"pli":"Iminā paṭhamena aṅgena samannāgato hoti …pe…. ","eng":"This is its first factor. … ","html":"{}</p>"},"an9.18:2.1":{"pli":"‘Yāvajīvaṃ arahanto uccāsayanamahāsayanaṃ pahāya uccāsayanamahāsayanā paṭiviratā nīcaseyyaṃ kappenti—mañcake vā tiṇasanthārake vā; ","eng":"‘As long as they live, the perfected ones give up high and luxurious beds. They sleep in a low place, either a cot or a straw mat. ","html":"<p data-counter='8'>{}"},"an9.18:2.2":{"pli":"ahampajja imañca rattiṃ imañca divasaṃ uccāsayanamahāsayanaṃ pahāya uccāsayanamahāsayanā paṭivirato nīcaseyyaṃ kappemi—mañcake vā tiṇasanthārake vā. ","eng":"I, too, for this day and night will give up high and luxurious beds. I’ll sleep in a low place, either a cot or a straw mat. ","html":"{}"},"an9.18:2.3":{"pli":"Imināpaṅgena arahataṃ anukaromi; uposatho ca me upavuttho bhavissatī’ti. ","eng":"I will observe the sabbath by doing as the perfected ones do in this respect.’ ","html":"{}"},"an9.18:2.4":{"pli":"Iminā aṭṭhamena aṅgena samannāgato hoti. ","eng":"This is its eighth factor. ","html":"{}</p>"},"an9.18:3.1":{"pli":"Mettāsahagatena cetasā ekaṃ disaṃ pharitvā viharati, tathā dutiyaṃ tathā tatiyaṃ tathā catutthaṃ. Iti uddhamadho tiriyaṃ sabbadhi sabbattatāya sabbāvantaṃ lokaṃ mettāsahagatena cetasā vipulena mahaggatena appamāṇena averena abyāpajjena pharitvā viharati. ","eng":"They meditate spreading a heart full of love to one direction, and to the second, and to the third, and to the fourth. In the same way above, below, across, everywhere, all around, they spread a heart full of love to the whole world—abundant, expansive, limitless, free of enmity and ill will. ","html":"<p data-counter='9'>{}"},"an9.18:3.2":{"pli":"Iminā navamena aṅgena samannāgato hoti. ","eng":"This is its ninth factor. ","html":"{}</p>"},"an9.18:4.1":{"pli":"Evaṃ upavuttho kho, bhikkhave, navahaṅgehi samannāgato uposatho mahapphalo hoti mahānisaṃso mahājutiko mahāvipphāro”ti. ","eng":"The observance of the sabbath with its nine factors in this way is very fruitful and beneficial and dazzling and bountiful.” ","html":"<p>{}</p>"},"an9.18:4.2":{"pli":"Aṭṭhamaṃ. ","html":"<p class='endsutta'>{}</p></article>"}},"an9.19":{"an9.19:0.1":{"pli":"Aṅguttara Nikāya 9.19 ","eng":"Numbered Discourses 9.19 ","html":"<article id='an9.19'><header><ul><li class='division'>{}</li>"},"an9.19:0.2":{"pli":"2. Sīhanādavagga ","eng":"2. The Lion’s Roar ","html":"<li>{}</li></ul>"},"an9.19:0.3":{"pli":"Devatāsutta ","eng":"A Deity ","html":"<h1 class='sutta-title'>{}</h1></header>"},"an9.19:1.1":{"pli":"“Imañca, bhikkhave, rattiṃ sambahulā devatā abhikkantāya rattiyā abhikkantavaṇṇā kevalakappaṃ jetavanaṃ obhāsetvā yenāhaṃ tenupasaṅkamiṃsu; upasaṅkamitvā maṃ abhivādetvā ekamantaṃ aṭṭhaṃsu. Ekamantaṃ ṭhitā kho, bhikkhave, tā devatā maṃ etadavocuṃ: ","eng":"“Mendicants, tonight, several glorious deities, lighting up the entire Jeta’s Grove, came to me, bowed, stood to one side, and said to me: ","html":"<p>{}"},"an9.19:1.2":{"pli":"‘upasaṅkamiṃsu no, bhante, pubbe manussabhūtānaṃ pabbajitā agārāni. ","eng":"‘Sir, formerly when we were human beings, renunciates came to our homes. ","html":"{}"},"an9.19:1.3":{"pli":"Te mayaṃ, bhante, paccuṭṭhimha, no ca kho abhivādimha. ","eng":"We politely rose for them, but we didn’t bow. ","html":"{}"},"an9.19:1.4":{"pli":"Tā mayaṃ, bhante, aparipuṇṇakammantā vippaṭisāriniyo paccānutāpiniyo hīnaṃ kāyaṃ upapannā’ti. ","eng":"And so, having not fulfilled our duty, full of remorse and regret, we were reborn in a lesser realm.’ ","html":"{}</p>"},"an9.19:2.1":{"pli":"Aparāpi maṃ, bhikkhave, sambahulā devatā upasaṅkamitvā etadavocuṃ: ","eng":"Then several other deities came to me and said: ","html":"<p>{}"},"an9.19:2.2":{"pli":"‘upasaṅkamiṃsu no, bhante, pubbe manussabhūtānaṃ pabbajitā agārāni. ","eng":"‘Sir, formerly when we were human beings, renunciates came to our homes. ","html":"{}"},"an9.19:2.3":{"pli":"Te mayaṃ, bhante, paccuṭṭhimha abhivādimha, no ca tesaṃ āsanaṃ adamha. ","eng":"We politely rose for them and bowed, but we didn’t offer a seat. ","html":"{}"},"an9.19:2.4":{"pli":"Tā mayaṃ, bhante, aparipuṇṇakammantā vippaṭisāriniyo paccānutāpiniyo hīnaṃ kāyaṃ upapannā’ti. ","eng":"And so, having not fulfilled our duty, full of remorse and regret, we were reborn in a lesser realm.’ ","html":"{}</p>"},"an9.19:3.1":{"pli":"Aparāpi maṃ, bhikkhave, sambahulā devatā upasaṅkamitvā etadavocuṃ: ","eng":"Then several other deities came to me and said: ","html":"<p>{}"},"an9.19:3.2":{"pli":"‘upasaṅkamiṃsu no, bhante, pubbe manussabhūtānaṃ pabbajitā agārāni. ","eng":"‘Sir, formerly when we were human beings, renunciates came to our homes. ","html":"{}"},"an9.19:3.3":{"pli":"Te mayaṃ, bhante, paccuṭṭhimha abhivādimha āsanaṃ adamha, no ca kho yathāsatti yathābalaṃ saṃvibhajimha …pe… ","eng":"We politely rose for them, bowed, and offered a seat, but we didn’t share as best we could. …’ ","html":"{}</p>"},"an9.19:3.4":{"pli":"yathāsatti yathābalaṃ saṃvibhajimha, no ca kho upanisīdimha dhammassavanāya …pe… ","eng":"‘… we didn’t sit nearby to listen to the teachings. …’ ","html":"<p>{}</p>"},"an9.19:3.5":{"pli":"upanisīdimha dhammassavanāya, no ca kho ohitasotā dhammaṃ suṇimha …pe… ","eng":"‘… we didn’t actively listen to the teachings. …’ ","html":"<p>{}</p>"},"an9.19:3.6":{"pli":"ohitasotā ca dhammaṃ suṇimha, no ca kho sutvā dhammaṃ dhārayimha …pe… ","eng":"‘… we didn’t memorize the teachings. …’ ","html":"<p>{}</p>"},"an9.19:3.7":{"pli":"sutvā ca dhammaṃ dhārayimha, no ca kho dhātānaṃ dhammānaṃ atthaṃ upaparikkhimha …pe… ","eng":"‘… we didn’t examine the meaning of teachings we’d memorized. …’ ","html":"<p>{}</p>"},"an9.19:3.8":{"pli":"dhātānañca dhammānaṃ atthaṃ upaparikkhimha, no ca kho atthamaññāya dhammamaññāya dhammānudhammaṃ paṭipajjimha. ","eng":"‘… not having understood the meaning and the teaching, we didn’t practice in line with the teaching. ","html":"<p>{}"},"an9.19:3.9":{"pli":"Tā mayaṃ, bhante, aparipuṇṇakammantā vippaṭisāriniyo paccānutāpiniyo hīnaṃ kāyaṃ upapannā’ti. ","eng":"And so, having not fulfilled our duty, full of remorse and regret, we were reborn in a lesser realm.’ ","html":"{}</p>"},"an9.19:4.1":{"pli":"Aparāpi maṃ, bhikkhave, sambahulā devatā upasaṅkamitvā etadavocuṃ: ","eng":"Then several other deities came to me and said: ","html":"<p>{}"},"an9.19:4.2":{"pli":"‘upasaṅkamiṃsu no, bhante, pubbe manussabhūtānaṃ pabbajitā agārāni. ","eng":"‘Sir, formerly when we were human beings, renunciates came to our homes. ","html":"{}"},"an9.19:4.3":{"pli":"Te mayaṃ, bhante, paccuṭṭhimha abhivādimha, āsanaṃ adamha, yathāsatti yathābalaṃ saṃvibhajimha, upanisīdimha dhammassavanāya, ohitasotā ca dhammaṃ suṇimha, sutvā ca dhammaṃ dhārayimha, dhātānañca dhammānaṃ atthaṃ upaparikkhimha, atthamaññāya dhammamaññāya dhammānudhammaṃ paṭipajjimha. ","eng":"We politely rose, bowed, and offered them a seat. We shared as best we could. We sat nearby to listen to the teachings, lent an ear, memorized them, and examined their meaning. Understanding the teaching and the meaning we practiced in line with the teaching. ","html":"{}"},"an9.19:4.4":{"pli":"Tā mayaṃ, bhante, paripuṇṇakammantā avippaṭisāriniyo apaccānutāpiniyo paṇītaṃ kāyaṃ upapannā’ti. ","eng":"And so, having fulfilled our duty, free of remorse and regret, we were reborn in a superior realm.’ ","html":"{}</p>"},"an9.19:4.5":{"pli":"Etāni, bhikkhave, rukkhamūlāni etāni suññāgārāni. Jhāyatha, bhikkhave, mā pamādattha, mā pacchā vippaṭisārino ahuvattha seyyathāpi tā purimikā devatā”ti. ","eng":"Here, mendicants, are these roots of trees, and here are these empty huts. Practice absorption, mendicants! Don’t be negligent! Don’t regret it later, like those former deities.” ","html":"<p>{}</p>"},"an9.19:4.6":{"pli":"Navamaṃ. ","html":"<p class='endsutta'>{}</p></article>"}},"an9.2":{"an9.2:0.1":{"pli":"Aṅguttara Nikāya 9.2 ","eng":"Numbered Discourses 9.2 ","html":"<article id='an9.2'><header><ul><li class='division'>{}</li>"},"an9.2:0.2":{"pli":"1. Sambodhivagga ","eng":"1. Awakening ","html":"<li>{}</li></ul>"},"an9.2:0.3":{"pli":"Nissayasutta ","eng":"Supported ","html":"<h1 class='sutta-title'>{}</h1></header>"},"an9.2:1.1":{"pli":"Atha kho aññataro bhikkhu yena bhagavā tenupasaṅkami; upasaṅkamitvā bhagavantaṃ …pe… ekamantaṃ nisinno kho so bhikkhu bhagavantaṃ etadavoca: ","eng":"Then a mendicant went up to the Buddha, bowed, sat down to one side, and said to him: ","html":"<p>{}</p>"},"an9.2:1.2":{"pli":"“‘nissayasampanno nissayasampanno’ti, bhante, vuccati. ","eng":"“Sir, they speak of being ‘supported’. ","html":"<p>{}"},"an9.2:1.3":{"pli":"Kittāvatā nu kho, bhante, bhikkhu nissayasampanno hotī”ti? ","eng":"How is a mendicant who is supported defined?” ","html":"{}</p>"},"an9.2:1.4":{"pli":"“Saddhañce, bhikkhu, bhikkhu nissāya akusalaṃ pajahati kusalaṃ bhāveti, pahīnamevassa taṃ akusalaṃ hoti. ","eng":"“Mendicant, if a mendicant supported by faith gives up the unskillful and develops the skillful, the unskillful is actually given up by them. ","html":"<p>{}</p>"},"an9.2:1.5":{"pli":"Hiriñce, bhikkhu, bhikkhu nissāya …pe… ","eng":"If a mendicant supported by conscience … ","html":"<p>{}</p>"},"an9.2:1.6":{"pli":"ottappañce, bhikkhu, bhikkhu nissāya …pe… ","eng":"If a mendicant supported by prudence … ","html":"<p>{}</p>"},"an9.2:1.7":{"pli":"vīriyañce, bhikkhu, bhikkhu nissāya …pe… ","eng":"If a mendicant supported by energy … ","html":"<p>{}</p>"},"an9.2:1.8":{"pli":"paññañce, bhikkhu, bhikkhu nissāya akusalaṃ pajahati kusalaṃ bhāveti, pahīnamevassa taṃ akusalaṃ hoti. ","eng":"If a mendicant supported by wisdom gives up the unskillful and develops the skillful, the unskillful is actually given up by them. ","html":"<p>{}"},"an9.2:1.9":{"pli":"Taṃ hissa bhikkhuno akusalaṃ pahīnaṃ hoti suppahīnaṃ, yaṃsa ariyāya paññāya disvā pahīnaṃ. ","eng":"What’s been given up is completely given up when it has been given up by seeing with noble wisdom. ","html":"{}</p>"},"an9.2:2.1":{"pli":"Tena ca pana, bhikkhu, bhikkhunā imesu pañcasu dhammesu patiṭṭhāya cattāro upanissāya vihātabbā. ","eng":"But then, a mendicant grounded on these five things should rely on four things. ","html":"<p>{}"},"an9.2:2.2":{"pli":"Katame cattāro? ","eng":"What four? ","html":"{}"},"an9.2:2.3":{"pli":"Idha, bhikkhu, bhikkhu saṅkhāyekaṃ paṭisevati, saṅkhāyekaṃ adhivāseti, saṅkhāyekaṃ parivajjeti, saṅkhāyekaṃ vinodeti. ","eng":"After appraisal, a mendicant uses some things, endures some things, avoids some things, and gets rid of some things. ","html":"{}"},"an9.2:2.4":{"pli":"Evaṃ kho, bhikkhu, bhikkhu nissayasampanno hotī”ti. ","eng":"That’s how a mendicant is supported.” ","html":"{}</p>"},"an9.2:2.5":{"pli":"Dutiyaṃ. ","html":"<p class='endsutta'>{}</p></article>"}}}