{"an9.37":{"an9.37:0.1":{"pli":"Aṅguttara Nikāya 9.37 ","eng":"Numbered Discourses 9.37 ","html":"<article id='an9.37'><header><ul><li class='division'>{}</li>"},"an9.37:0.2":{"pli":"4. Mahāvagga ","eng":"4. The Great Chapter ","html":"<li>{}</li></ul>"},"an9.37:0.3":{"pli":"Ānandasutta ","eng":"By Ānanda ","html":"<h1 class='sutta-title'>{}</h1></header>"},"an9.37:1.1":{"pli":"Ekaṃ samayaṃ āyasmā ānando kosambiyaṃ viharati ghositārāme. ","eng":"At one time Venerable Ānanda was staying near Kosambī, in Ghosita’s Monastery. ","html":"<p>{}"},"an9.37:1.2":{"pli":"Tatra kho āyasmā ānando bhikkhū āmantesi: ","eng":"There Ānanda addressed the mendicants: ","html":"{}"},"an9.37:1.3":{"pli":"“āvuso bhikkhave”ti. ","eng":"“Reverends, mendicants!” ","html":"{}</p>"},"an9.37:1.4":{"pli":"“Āvuso”ti kho te bhikkhū āyasmato ānandassa paccassosuṃ. ","eng":"“Reverend,” they replied. ","html":"<p>{}"},"an9.37:1.5":{"pli":"Āyasmā ānando etadavoca: ","eng":"Ānanda said this: ","html":"{}</p>"},"an9.37:2.1":{"pli":"“Acchariyaṃ, āvuso, abbhutaṃ, āvuso. ","eng":"“It’s incredible, reverends, it’s amazing! ","html":"<p>{}"},"an9.37:2.2":{"pli":"Yāvañcidaṃ tena bhagavatā jānatā passatā arahatā sammāsambuddhena sambādhe okāsādhigamo anubuddho sattānaṃ visuddhiyā sokaparidevānaṃ samatikkamāya dukkhadomanassānaṃ atthaṅgamāya ñāyassa adhigamāya nibbānassa sacchikiriyāya. ","eng":"How this Blessed One who knows and sees, the perfected one, the fully awakened Buddha, has found an opening amid confinement. It’s in order to purify sentient beings, to get past sorrow and crying, to make an end of pain and sadness, to discover the system, and to realize extinguishment. ","html":"{}</p>"},"an9.37:2.3":{"pli":"Tadeva nāma cakkhuṃ bhavissati te rūpā tañcāyatanaṃ no paṭisaṃvedissati. ","eng":"The eye itself is actually present, and so are those sights. Yet one will not experience that sense-field. ","html":"<p>{}"},"an9.37:2.4":{"pli":"Tadeva nāma sotaṃ bhavissati te saddā tañcāyatanaṃ no paṭisaṃvedissati. ","eng":"The ear itself is actually present, and so are those sounds. Yet one will not experience that sense-field. ","html":"{}"},"an9.37:2.5":{"pli":"Tadeva nāma ghānaṃ bhavissati te gandhā tañcāyatanaṃ no paṭisaṃvedissati. ","eng":"The nose itself is actually present, and so are those smells. Yet one will not experience that sense-field. ","html":"{}"},"an9.37:2.6":{"pli":"Sāva nāma jivhā bhavissati te rasā tañcāyatanaṃ no paṭisaṃvedissati. ","eng":"The tongue itself is actually present, and so are those tastes. Yet one will not experience that sense-field. ","html":"{}"},"an9.37:2.7":{"pli":"Sova nāma kāyo bhavissati te phoṭṭhabbā tañcāyatanaṃ no paṭisaṃvedissatī”ti. ","eng":"The body itself is actually present, and so are those touches. Yet one will not experience that sense-field.” ","html":"{}</p>"},"an9.37:3.1":{"pli":"Evaṃ vutte, āyasmā udāyī āyasmantaṃ ānandaṃ etadavoca: ","eng":"When he said this, Venerable Udāyī said to Venerable Ānanda: ","html":"<p>{}</p>"},"an9.37:3.2":{"pli":"“saññīmeva nu kho, āvuso ānanda, tadāyatanaṃ no paṭisaṃvedeti udāhu asaññī”ti? ","eng":"“Reverend Ānanda, is one who doesn’t experience that sense-field actually percipient or not?” ","html":"<p>{}</p>"},"an9.37:3.3":{"pli":"“Saññīmeva kho, āvuso, tadāyatanaṃ no paṭisaṃvedeti, no asaññī”ti. ","eng":"“Reverend, one who doesn’t experience that sense-field is actually percipient, not non-percipient.” ","html":"<p>{}</p>"},"an9.37:4.1":{"pli":"“Kiṃsaññī panāvuso, tadāyatanaṃ no paṭisaṃvedetī”ti? ","eng":"“But what does one who doesn’t experience that sense-field perceive?” ","html":"<p>{}</p>"},"an9.37:4.2":{"pli":"“Idhāvuso, bhikkhu, sabbaso rūpasaññānaṃ samatikkamā paṭighasaññānaṃ atthaṅgamā nānattasaññānaṃ amanasikārā ‘ananto ākāso’ti ākāsānañcāyatanaṃ upasampajja viharati. ","eng":"“It’s when a mendicant, going totally beyond perceptions of form, with the disappearance of perceptions of impingement, not focusing on perceptions of diversity, aware that ‘space is infinite’, enters and remains in the dimension of infinite space. ","html":"<p>{}"},"an9.37:4.3":{"pli":"Evaṃsaññīpi kho, āvuso, tadāyatanaṃ no paṭisaṃvedeti. ","eng":"One who doesn’t experience that sense-field perceives in this way. ","html":"{}</p>"},"an9.37:5.1":{"pli":"Puna caparaṃ, āvuso, bhikkhu sabbaso ākāsānañcāyatanaṃ samatikkamma ‘anantaṃ viññāṇan’ti viññāṇañcāyatanaṃ upasampajja viharati. ","eng":"Furthermore, a mendicant, going totally beyond the dimension of infinite space, aware that ‘consciousness is infinite’, enters and remains in the dimension of infinite consciousness. ","html":"<p>{}"},"an9.37:5.2":{"pli":"Evaṃsaññīpi kho, āvuso, tadāyatanaṃ no paṭisaṃvedeti. ","eng":"One who doesn’t experience that sense-field perceives in this way. ","html":"{}</p>"},"an9.37:6.1":{"pli":"Puna caparaṃ, āvuso, bhikkhu sabbaso viññāṇañcāyatanaṃ samatikkamma ‘natthi kiñcī’ti ākiñcaññāyatanaṃ upasampajja viharati. ","eng":"Furthermore, a mendicant, going totally beyond the dimension of infinite consciousness, aware that ‘there is nothing at all’, enters and remains in the dimension of nothingness. ","html":"<p>{}"},"an9.37:6.2":{"pli":"Evaṃsaññīpi kho, āvuso, tadāyatanaṃ no paṭisaṃvedetīti. ","eng":"One who doesn’t experience that sense-field perceives in this way. ","html":"{}</p>"},"an9.37:7.1":{"pli":"Ekamidāhaṃ, āvuso, samayaṃ sākete viharāmi añjanavane migadāye. ","eng":"Reverend, this one time I was staying near Sāketa in the deer park in Añjana Wood. ","html":"<p>{}"},"an9.37:7.2":{"pli":"Atha kho, āvuso, jaṭilavāsikā bhikkhunī yenāhaṃ tenupasaṅkami; upasaṅkamitvā maṃ abhivādetvā ekamantaṃ aṭṭhāsi. Ekamantaṃ ṭhitā kho, āvuso, jaṭilavāsikā bhikkhunī maṃ etadavoca: ","eng":"Then the nun Jaṭilagāhikā came up to me, bowed, stood to one side, and said to me: ","html":"{}"},"an9.37:7.3":{"pli":"‘yāyaṃ, bhante ānanda, samādhi na cābhinato na cāpanato na ca sasaṅkhāraniggayhavāritagato, ","eng":"‘Honorable Ānanda, regarding the immersion that does not lean forward or pull back, and is not held in place by forceful suppression. ","html":"{}"},"an9.37:7.4":{"pli":"vimuttattā ṭhito, ṭhitattā santusito, santusitattā no paritassati. ","eng":"Being free, it’s stable. Being stable, it’s content. Being content, one is not anxious. ","html":"{}"},"an9.37:7.5":{"pli":"Ayaṃ, bhante ānanda, samādhi kiṃphalo vutto bhagavatā’ti? ","eng":"What did the Buddha say was the fruit of this immersion?’ ","html":"{}</p>"},"an9.37:8.1":{"pli":"Evaṃ vutte, sohaṃ, āvuso, jaṭilavāsikaṃ bhikkhuniṃ etadavocaṃ: ","eng":"When she said this, I said to her: ","html":"<p>{}"},"an9.37:8.2":{"pli":"‘yāyaṃ, bhagini, samādhi na cābhinato na cāpanato na ca sasaṅkhāraniggayhavāritagato, ","eng":"‘Sister, regarding the immersion that does not lean forward or pull back, and is not held in place by forceful suppression. ","html":"{}"},"an9.37:8.3":{"pli":"vimuttattā ṭhito, ṭhitattā santusito, santusitattā no paritassati. ","eng":"Being free, it’s stable. Being stable, it’s content. Being content, one is not anxious. ","html":"{}"},"an9.37:8.4":{"pli":"Ayaṃ, bhagini, samādhi aññāphalo vutto bhagavatā’ti. ","eng":"The Buddha said that the fruit of this immersion is enlightenment.’ ","html":"{}"},"an9.37:8.5":{"pli":"Evaṃsaññīpi kho, āvuso, tadāyatanaṃ no paṭisaṃvedetī”ti. ","eng":"One who doesn’t experience that sense-field perceives in this way, too.” ","html":"{}</p>"},"an9.37:8.6":{"pli":"Chaṭṭhaṃ. ","html":"<p class='endsutta'>{}</p></article>"}},"an9.38":{"an9.38:0.1":{"pli":"Aṅguttara Nikāya 9.38 ","eng":"Numbered Discourses 9.38 ","html":"<article id='an9.38'><header><ul><li class='division'>{}</li>"},"an9.38:0.2":{"pli":"4. Mahāvagga ","eng":"4. The Great Chapter ","html":"<li>{}</li></ul>"},"an9.38:0.3":{"pli":"Lokāyatikasutta ","eng":"Brahmin Cosmologists ","html":"<h1 class='sutta-title'>{}</h1></header>"},"an9.38:1.1":{"pli":"Atha kho dve lokāyatikā brāhmaṇā yena bhagavā tenupasaṅkamiṃsu; upasaṅkamitvā bhagavatā saddhiṃ sammodiṃsu. ","eng":"Then two brahmin cosmologists went up to the Buddha, and exchanged greetings with him. ","html":"<p>{}"},"an9.38:1.2":{"pli":"Sammodanīyaṃ kathaṃ sāraṇīyaṃ vītisāretvā ekamantaṃ nisīdiṃsu. Ekamantaṃ nisinnā kho te brāhmaṇā bhagavantaṃ etadavocuṃ: ","eng":"When the greetings and polite conversation were over, they sat down to one side and said to the Buddha: ","html":"{}</p>"},"an9.38:2.1":{"pli":"“Pūraṇo, bho gotama, kassapo sabbaññū sabbadassāvī aparisesaṃ ñāṇadassanaṃ paṭijānāti: ","eng":"“Worthy Gotama, Pūraṇa Kassapa claims to be all-knowing and all-seeing, to know and see everything without exception, thus: ","html":"<p>{}"},"an9.38:2.2":{"pli":"‘carato ca me tiṭṭhato ca suttassa ca jāgarassa ca satataṃ samitaṃ ñāṇadassanaṃ paccupaṭṭhitan’ti. ","eng":"‘Knowledge and vision are constantly and continually present to me, while walking, standing, sleeping, and waking.’ ","html":"{}"},"an9.38:2.3":{"pli":"So evamāha: ","eng":"He says: ","html":"{}"},"an9.38:2.4":{"pli":"‘ahaṃ anantena ñāṇena anantaṃ lokaṃ jānaṃ passaṃ viharāmī’ti. ","eng":"‘With infinite knowledge I know and see that the cosmos is infinite.’ ","html":"{}"},"an9.38:2.5":{"pli":"Ayampi, bho gotama, nigaṇṭho nāṭaputto sabbaññū sabbadassāvī aparisesaṃ ñāṇadassanaṃ paṭijānāti: ","eng":"And the Jain ascetic of the Ñātika clan also claims to be all-knowing and all-seeing, to know and see everything without exception, thus: ","html":"{}"},"an9.38:2.6":{"pli":"‘carato ca me tiṭṭhato ca suttassa ca jāgarassa ca satataṃ samitaṃ ñāṇadassanaṃ paccupaṭṭhitan’ti. ","eng":"‘Knowledge and vision are constantly and continually present to me, while walking, standing, sleeping, and waking.’ ","html":"{}"},"an9.38:2.7":{"pli":"So evamāha: ","eng":"He says: ","html":"{}"},"an9.38:2.8":{"pli":"‘ahaṃ anantena ñāṇena anantaṃ lokaṃ jānaṃ passaṃ viharāmī’ti. ","eng":"‘With infinite knowledge I know and see that the cosmos is finite.’ ","html":"{}"},"an9.38:2.9":{"pli":"Imesaṃ, bho gotama, ubhinnaṃ ñāṇavādānaṃ ubhinnaṃ aññamaññaṃ vipaccanīkavādānaṃ ko saccaṃ āha ko musā”ti? ","eng":"These two claim to speak from knowledge, but they directly contradict each other. Which one of them speaks the truth, and which falsehood?” ","html":"{}</p>"},"an9.38:3.1":{"pli":"“Alaṃ, brāhmaṇā. ","eng":"“Enough, brahmins, let that be. ","html":"<p>{}"},"an9.38:3.2":{"pli":"Tiṭṭhatetaṃ: ","html":"{}"},"an9.38:3.3":{"pli":"‘imesaṃ ubhinnaṃ ñāṇavādānaṃ ubhinnaṃ aññamaññaṃ vipaccanīkavādānaṃ ko saccaṃ āha ko musā’ti. ","html":"{}"},"an9.38:3.4":{"pli":"Dhammaṃ vo, brāhmaṇā, desessāmi, ","eng":"I will teach you the Dhamma. ","html":"{}"},"an9.38:3.5":{"pli":"taṃ suṇātha, sādhukaṃ manasi karotha, bhāsissāmī”ti. ","eng":"Listen and apply your mind well, I will speak.” ","html":"{}</p>"},"an9.38:3.6":{"pli":"“Evaṃ, bho”ti kho te brāhmaṇā bhagavato paccassosuṃ. ","eng":"“Yes, worthy sir,” those brahmins replied. ","html":"<p>{}"},"an9.38:3.7":{"pli":"Bhagavā etadavoca: ","eng":"The Buddha said this: ","html":"{}</p>"},"an9.38:4.1":{"pli":"“Seyyathāpi, brāhmaṇā, cattāro purisā catuddisā ṭhitā paramena javena ca samannāgatā paramena ca padavītihārena. ","eng":"“Suppose there were four men standing in the four quarters. Each of them was extremely fast, with an extremely mighty stride. ","html":"<p>{}"},"an9.38:4.2":{"pli":"Te evarūpena javena samannāgatā assu, seyyathāpi nāma daḷhadhammā dhanuggaho sikkhito katahattho katūpāsano lahukena asanena appakasirena tiriyaṃ tālacchāyaṃ atipāteyya; ","eng":"They’re as fast as a light arrow easily shot across the shadow of a palm tree by a well-trained expert archer with a strong bow. ","html":"{}"},"an9.38:4.3":{"pli":"evarūpena ca padavītihārena, seyyathāpi nāma puratthimā samuddā pacchimo samuddo ","eng":"Their stride was such that it spanned from the eastern ocean to the western ocean. ","html":"{}"},"an9.38:4.4":{"pli":"atha puratthimāya disāya ṭhito puriso evaṃ vadeyya: ","eng":"Then the man standing in the east would say: ","html":"{}"},"an9.38:4.5":{"pli":"‘ahaṃ gamanena lokassa antaṃ pāpuṇissāmī’ti. ","eng":"‘I will reach the end of the world by traveling.’ ","html":"{}"},"an9.38:4.6":{"pli":"So aññatreva asitapītakhāyitasāyitā aññatra uccārapassāvakammā aññatra niddākilamathapaṭivinodanā vassasatāyuko vassasatajīvī vassasataṃ gantvā appatvāva lokassa antaṃ antarā kālaṃ kareyya. ","eng":"Though he’d travel for his whole lifespan of a hundred years—pausing only to eat and drink, go to the toilet, and sleep to dispel weariness—he’d die along the way, never reaching the end of the world. ","html":"{}"},"an9.38:4.7":{"pli":"Atha pacchimāya disāya …pe… ","eng":"Then the man standing in the west … ","html":"{}"},"an9.38:4.8":{"pli":"atha uttarāya disāya … ","eng":"Then the man standing in the north … ","html":"{}"},"an9.38:4.9":{"pli":"atha dakkhiṇāya disāya ṭhito puriso evaṃ vadeyya: ","eng":"Then the man standing in the south would say: ","html":"{}"},"an9.38:4.10":{"pli":"‘ahaṃ gamanena lokassa antaṃ pāpuṇissāmī’ti. ","eng":"‘I will reach the end of the world by traveling.’ ","html":"{}"},"an9.38:4.11":{"pli":"So aññatreva asitapītakhāyitasāyitā aññatra uccārapassāvakammā aññatra niddākilamathapaṭivinodanā vassasatāyuko vassasatajīvī vassasataṃ gantvā appatvāva lokassa antaṃ antarā kālaṃ kareyya. ","eng":"Though he’d travel for his whole lifespan of a hundred years—pausing only to eat and drink, go to the toilet, and sleep to dispel weariness—he’d die along the way, never reaching the end of the world. ","html":"{}"},"an9.38:4.12":{"pli":"Taṃ kissa hetu? ","eng":"Why is that? ","html":"{}"},"an9.38:4.13":{"pli":"Nāhaṃ, brāhmaṇā, evarūpāya sandhāvanikāya lokassa antaṃ ñāteyyaṃ daṭṭheyyaṃ patteyyanti vadāmi. ","eng":"I say it’s not possible to know or see or reach the end of the world by running like this. ","html":"{}"},"an9.38:4.14":{"pli":"Na cāhaṃ, brāhmaṇā, appatvāva lokassa antaṃ dukkhassa antakiriyaṃ vadāmi. ","eng":"But I also say there’s no making an end of suffering without reaching the end of the world. ","html":"{}</p>"},"an9.38:5.1":{"pli":"Pañcime, brāhmaṇā, kāmaguṇā ariyassa vinaye lokoti vuccati. ","eng":"These five kinds of sensual stimulation are called the world in the training of the Noble One. ","html":"<p>{}"},"an9.38:5.2":{"pli":"Katame pañca? ","eng":"What five? ","html":"{}"},"an9.38:5.3":{"pli":"Cakkhuviññeyyā rūpā iṭṭhā kantā manāpā piyarūpā kāmūpasaṃhitā rajanīyā; ","eng":"Sights known by the eye, which are likable, desirable, agreeable, pleasant, sensual, and arousing. ","html":"{}"},"an9.38:5.4":{"pli":"sotaviññeyyā saddā …pe… ","eng":"Sounds known by the ear … ","html":"{}"},"an9.38:5.5":{"pli":"ghānaviññeyyā gandhā … ","eng":"Smells known by the nose … ","html":"{}"},"an9.38:5.6":{"pli":"jivhāviññeyyā rasā … ","eng":"Tastes known by the tongue … ","html":"{}"},"an9.38:5.7":{"pli":"kāyaviññeyyā phoṭṭhabbā iṭṭhā kantā manāpā piyarūpā kāmūpasaṃhitā rajanīyā; ","eng":"Touches known by the body, which are likable, desirable, agreeable, pleasant, sensual, and arousing. ","html":"{}"},"an9.38:5.8":{"pli":"ime kho, brāhmaṇā, pañca kāmaguṇā ariyassa vinaye lokoti vuccati. ","eng":"These five kinds of sensual stimulation are called the world in the training of the Noble One. ","html":"{}</p>"},"an9.38:6.1":{"pli":"Idha, brāhmaṇā, bhikkhu vivicceva kāmehi vivicca akusalehi dhammehi savitakkaṃ savicāraṃ vivekajaṃ pītisukhaṃ paṭhamaṃ jhānaṃ upasampajja viharati. ","eng":"Take a mendicant who, quite secluded from sensual pleasures, secluded from unskillful qualities, enters and remains in the first absorption, which has the rapture and bliss born of seclusion, while placing the mind and keeping it connected. ","html":"<p>{}"},"an9.38:6.2":{"pli":"Ayaṃ vuccati, brāhmaṇā, ‘bhikkhu lokassa antamāgamma, lokassa ante viharati’. ","eng":"This is called a mendicant who, having gone to the end of the world, meditates at the end of the world. ","html":"{}"},"an9.38:6.3":{"pli":"Tamaññe evamāhaṃsu: ","eng":"Others say of them: ","html":"{}"},"an9.38:6.4":{"pli":"‘ayampi lokapariyāpanno, ayampi anissaṭo lokamhā’ti. ","eng":"‘They’re included in the world, and haven’t yet left the world.’ ","html":"{}"},"an9.38:6.5":{"pli":"Ahampi hi, brāhmaṇā, evaṃ vadāmi: ","eng":"And I also say this: ","html":"{}"},"an9.38:6.6":{"pli":"‘ayampi lokapariyāpanno, ayampi anissaṭo lokamhā’ti. ","eng":"‘They’re included in the world, and haven’t yet left the world.’ ","html":"{}</p>"},"an9.38:7.1":{"pli":"Puna caparaṃ, brāhmaṇā, bhikkhu vitakkavicārānaṃ vūpasamā …pe… dutiyaṃ jhānaṃ … ","eng":"Furthermore, take a mendicant who, as the placing of the mind and keeping it connected are stilled, enters and remains in the second absorption … ","html":"<p>{}"},"an9.38:7.2":{"pli":"tatiyaṃ jhānaṃ … ","eng":"third absorption … ","html":"{}"},"an9.38:7.3":{"pli":"catutthaṃ jhānaṃ upasampajja viharati. ","eng":"fourth absorption. ","html":"{}"},"an9.38:7.4":{"pli":"Ayaṃ vuccati, brāhmaṇā, ‘bhikkhu lokassa antamāgamma lokassa ante viharati’. ","eng":"This is called a mendicant who, having gone to the end of the world, meditates at the end of the world. ","html":"{}"},"an9.38:7.5":{"pli":"Tamaññe evamāhaṃsu: ","eng":"Others say of them: ","html":"{}"},"an9.38:7.6":{"pli":"‘ayampi lokapariyāpanno, ayampi anissaṭo lokamhā’ti. ","eng":"‘They’re included in the world, and haven’t yet left the world.’ ","html":"{}"},"an9.38:7.7":{"pli":"Ahampi hi, brāhmaṇā, evaṃ vadāmi: ","eng":"And I also say this: ","html":"{}"},"an9.38:7.8":{"pli":"‘ayampi lokapariyāpanno, ayampi anissaṭo lokamhā’ti. ","eng":"‘They’re included in the world, and haven’t yet left the world.’ ","html":"{}</p>"},"an9.38:8.1":{"pli":"Puna caparaṃ, brāhmaṇā, bhikkhu sabbaso rūpasaññānaṃ samatikkamā paṭighasaññānaṃ atthaṅgamā nānattasaññānaṃ amanasikārā ‘ananto ākāso’ti ākāsānañcāyatanaṃ upasampajja viharati. ","eng":"Furthermore, take a mendicant who, going totally beyond perceptions of form, with the disappearance of perceptions of impingement, not focusing on perceptions of diversity, aware that ‘space is infinite’, enters and remains in the dimension of infinite space. ","html":"<p>{}"},"an9.38:8.2":{"pli":"Ayaṃ vuccati, brāhmaṇā, ‘bhikkhu lokassa antamāgamma lokassa ante viharati’. ","eng":"This is called a mendicant who, having gone to the end of the world, meditates at the end of the world. ","html":"{}"},"an9.38:8.3":{"pli":"Tamaññe evamāhaṃsu: ","eng":"Others say of them: ","html":"{}"},"an9.38:8.4":{"pli":"‘ayampi lokapariyāpanno, ayampi anissaṭo lokamhā’ti. ","eng":"‘They’re included in the world, and haven’t yet left the world.’ ","html":"{}"},"an9.38:8.5":{"pli":"Ahampi hi, brāhmaṇā, evaṃ vadāmi: ","eng":"And I also say this: ","html":"{}"},"an9.38:8.6":{"pli":"‘ayampi lokapariyāpanno, ayampi anissaṭo lokamhā’ti. ","eng":"‘They’re included in the world, and haven’t yet left the world.’ ","html":"{}</p>"},"an9.38:9.1":{"pli":"Puna caparaṃ, brāhmaṇā, bhikkhu sabbaso ākāsānañcāyatanaṃ samatikkamma ‘anantaṃ viññāṇan’ti viññāṇañcāyatanaṃ upasampajja viharati …pe… ","eng":"Furthermore, take a mendicant who enters and remains in the dimension of infinite consciousness. … ","html":"<p>{}"},"an9.38:9.2":{"pli":"sabbaso viññāṇañcāyatanaṃ samatikkamma ‘natthi kiñcī’ti ākiñcaññāyatanaṃ upasampajja viharati …pe… ","eng":"the dimension of nothingness … ","html":"{}"},"an9.38:9.3":{"pli":"sabbaso ākiñcaññāyatanaṃ samatikkamma nevasaññānāsaññāyatanaṃ upasampajja viharati. ","eng":"the dimension of neither perception nor non-perception. ","html":"{}"},"an9.38:9.4":{"pli":"Ayaṃ vuccati, brāhmaṇā, ‘bhikkhu lokassa antamāgamma lokassa ante viharati’. ","eng":"This is called a mendicant who, having gone to the end of the world, meditates at the end of the world. ","html":"{}"},"an9.38:9.5":{"pli":"Tamaññe evamāhaṃsu: ","eng":"Others say of them: ","html":"{}"},"an9.38:9.6":{"pli":"‘ayampi lokapariyāpanno, ayampi anissaṭo lokamhā’ti. ","eng":"‘They’re included in the world, and haven’t yet left the world.’ ","html":"{}"},"an9.38:9.7":{"pli":"Ahampi hi, brāhmaṇā, evaṃ vadāmi: ","eng":"And I also say this: ","html":"{}"},"an9.38:9.8":{"pli":"‘ayampi lokapariyāpanno, ayampi anissaṭo lokamhā’ti. ","eng":"‘They’re included in the world, and haven’t yet left the world.’ ","html":"{}</p>"},"an9.38:10.1":{"pli":"Puna caparaṃ, brāhmaṇā, bhikkhu sabbaso nevasaññānāsaññāyatanaṃ samatikkamma saññāvedayitanirodhaṃ upasampajja viharati, paññāya cassa disvā āsavā parikkhīṇā honti. ","eng":"Furthermore, take a mendicant who, going totally beyond the dimension of neither perception nor non-perception, enters and remains in the cessation of perception and feeling. And, having seen with wisdom, their defilements come to an end. ","html":"<p>{}"},"an9.38:10.2":{"pli":"Ayaṃ vuccati, brāhmaṇā, ‘bhikkhu lokassa antamāgamma lokassa ante viharati tiṇṇo loke visattikan’”ti. ","eng":"This is called a mendicant who, having gone to the end of the world, meditates at the end of the world. And they’ve crossed over clinging to the world.” ","html":"{}</p>"},"an9.38:10.3":{"pli":"Sattamaṃ. ","html":"<p class='endsutta'>{}</p></article>"}},"an9.39":{"an9.39:0.1":{"pli":"Aṅguttara Nikāya 9.39 ","eng":"Numbered Discourses 9.39 ","html":"<article id='an9.39'><header><ul><li class='division'>{}</li>"},"an9.39:0.2":{"pli":"4. Mahāvagga ","eng":"4. The Great Chapter ","html":"<li>{}</li></ul>"},"an9.39:0.3":{"pli":"Devāsurasaṅgāmasutta ","eng":"The War Between the Gods and the Titans ","html":"<h1 class='sutta-title'>{}</h1></header>"},"an9.39:1.1":{"pli":"“Bhūtapubbaṃ, bhikkhave, devāsurasaṅgāmo samupabyūḷho ahosi. ","eng":"“Once upon a time, mendicants, a battle was fought between the gods and the titans. ","html":"<p>{}"},"an9.39:1.2":{"pli":"Tasmiṃ kho pana, bhikkhave, saṅgāme asurā jiniṃsu, devā parājayiṃsu. ","eng":"In that battle the titans won and the gods lost. ","html":"{}"},"an9.39:1.3":{"pli":"Parājitā ca, bhikkhave, devā apayiṃsuyeva uttarenābhimukhā, abhiyiṃsu asurā. ","eng":"Defeated, the gods fled north with the titans in pursuit. ","html":"{}</p>"},"an9.39:1.4":{"pli":"Atha kho, bhikkhave, devānaṃ etadahosi: ","eng":"Then the gods thought, ","html":"<p>{}"},"an9.39:1.5":{"pli":"‘abhiyanteva kho asurā. ","eng":"‘The titans are still in pursuit. ","html":"{}"},"an9.39:1.6":{"pli":"Yannūna mayaṃ dutiyampi asurehi saṅgāmeyyāmā’ti. ","eng":"Why don’t we engage them in battle a second time?’ ","html":"{}"},"an9.39:1.7":{"pli":"Dutiyampi kho, bhikkhave, devā asurehi saṅgāmesuṃ. ","eng":"And so a second battle was fought between the gods and the titans. ","html":"{}"},"an9.39:1.8":{"pli":"Dutiyampi kho, bhikkhave, asurāva jiniṃsu, devā parājayiṃsu. ","eng":"And for a second time the titans won and the gods lost. ","html":"{}"},"an9.39:1.9":{"pli":"Parājitā ca, bhikkhave, devā apayiṃsuyeva uttarenābhimukhā, abhiyiṃsu asurā. ","eng":"Defeated, the gods fled north with the titans in pursuit. ","html":"{}</p>"},"an9.39:2.1":{"pli":"Atha kho, bhikkhave, devānaṃ etadahosi: ","eng":"Then the gods thought, ","html":"<p>{}"},"an9.39:2.2":{"pli":"‘abhiyanteva kho asurā. ","eng":"‘The titans are still in pursuit. ","html":"{}"},"an9.39:2.3":{"pli":"Yannūna mayaṃ tatiyampi asurehi saṅgāmeyyāmā’ti. ","eng":"Why don’t we engage them in battle a third time?’ ","html":"{}"},"an9.39:2.4":{"pli":"Tatiyampi kho, bhikkhave, devā asurehi saṅgāmesuṃ. ","eng":"And so a third battle was fought between the gods and the titans. ","html":"{}"},"an9.39:2.5":{"pli":"Tatiyampi kho, bhikkhave, asurāva jiniṃsu, devā parājayiṃsu. ","eng":"And for a third time the titans won and the gods lost. ","html":"{}"},"an9.39:2.6":{"pli":"Parājitā ca, bhikkhave, devā bhītā devapuraṃyeva pavisiṃsu. ","eng":"Defeated and terrified, the gods fled right into the castle of the gods. ","html":"{}</p>"},"an9.39:2.7":{"pli":"Devapuragatānañca pana, bhikkhave, devānaṃ etadahosi: ","eng":"When they had entered their castle, they thought, ","html":"<p>{}"},"an9.39:2.8":{"pli":"‘bhīruttānagatena kho dāni mayaṃ etarahi attanā viharāma akaraṇīyā asurehī’ti. ","eng":"‘Now we’re in a secure location and the titans can’t do anything to us.’ ","html":"{}"},"an9.39:2.9":{"pli":"Asurānampi, bhikkhave, etadahosi: ","eng":"The titans also thought, ","html":"{}"},"an9.39:2.10":{"pli":"‘bhīruttānagatena kho dāni devā etarahi attanā viharanti akaraṇīyā amhehī’ti. ","eng":"‘Now the gods are in a secure location and we can’t do anything to them.’ ","html":"{}</p>"},"an9.39:3.1":{"pli":"Bhūtapubbaṃ, bhikkhave, devāsurasaṅgāmo samupabyūḷho ahosi. ","eng":"Once upon a time, a battle was fought between the gods and the titans. ","html":"<p>{}"},"an9.39:3.2":{"pli":"Tasmiṃ kho pana, bhikkhave, saṅgāme devā jiniṃsu, asurā parājayiṃsu. ","eng":"In that battle the gods won and the titans lost. ","html":"{}"},"an9.39:3.3":{"pli":"Parājitā ca, bhikkhave, asurā apayiṃsuyeva dakkhiṇenābhimukhā, abhiyiṃsu devā. ","eng":"Defeated, the titans fled south with the gods in pursuit. ","html":"{}</p>"},"an9.39:3.4":{"pli":"Atha kho, bhikkhave, asurānaṃ etadahosi: ","eng":"Then the titans thought, ","html":"<p>{}"},"an9.39:3.5":{"pli":"‘abhiyanteva kho devā. ","eng":"‘The gods are still in pursuit. ","html":"{}"},"an9.39:3.6":{"pli":"Yannūna mayaṃ dutiyampi devehi saṅgāmeyyāmā’ti. ","eng":"Why don’t we engage them in battle a second time?’ ","html":"{}"},"an9.39:3.7":{"pli":"Dutiyampi kho, bhikkhave, asurā devehi saṅgāmesuṃ. ","eng":"And so a second battle was fought between the gods and the titans. ","html":"{}"},"an9.39:3.8":{"pli":"Dutiyampi kho, bhikkhave, devā jiniṃsu, asurā parājayiṃsu. ","eng":"And for a second time the gods won and the titans lost. ","html":"{}"},"an9.39:3.9":{"pli":"Parājitā ca, bhikkhave, asurā apayiṃsuyeva dakkhiṇenābhimukhā, abhiyiṃsu devā. ","eng":"Defeated, the titans fled south with the gods in pursuit. ","html":"{}</p>"},"an9.39:4.1":{"pli":"Atha kho, bhikkhave, asurānaṃ etadahosi: ","eng":"Then the titans thought, ","html":"<p>{}"},"an9.39:4.2":{"pli":"‘abhiyanteva kho devā. ","eng":"‘The gods are still in pursuit. ","html":"{}"},"an9.39:4.3":{"pli":"Yannūna mayaṃ tatiyampi devehi saṅgāmeyyāmā’ti. ","eng":"Why don’t we engage them in battle a third time?’ ","html":"{}"},"an9.39:4.4":{"pli":"Tatiyampi kho, bhikkhave, asurā devehi saṅgāmesuṃ. ","eng":"And so a third battle was fought between the gods and the titans. ","html":"{}"},"an9.39:4.5":{"pli":"Tatiyampi kho, bhikkhave, devā jiniṃsu, asurā parājayiṃsu. ","eng":"And for a third time the gods won and the titans lost. ","html":"{}"},"an9.39:4.6":{"pli":"Parājitā ca, bhikkhave, asurā bhītā asurapuraṃyeva pavisiṃsu. ","eng":"Defeated and terrified, the titans fled right into the citadel of the titans. ","html":"{}</p>"},"an9.39:4.7":{"pli":"Asurapuragatānañca pana, bhikkhave, asurānaṃ etadahosi: ","eng":"When they had entered their citadel, they thought, ","html":"<p>{}"},"an9.39:4.8":{"pli":"‘bhīruttānagatena kho dāni mayaṃ etarahi attanā viharāma akaraṇīyā devehī’ti. ","eng":"‘Now we’re in a secure location and the gods can’t do anything to us.’ ","html":"{}"},"an9.39:4.9":{"pli":"Devānampi, bhikkhave, etadahosi: ","eng":"And the gods also thought, ","html":"{}"},"an9.39:4.10":{"pli":"‘bhīruttānagatena kho dāni asurā etarahi attanā viharanti akaraṇīyā amhehī’ti. ","eng":"‘Now the titans are in a secure location and we can’t do anything to them.’ ","html":"{}</p>"},"an9.39:5.1":{"pli":"Evamevaṃ kho, bhikkhave, yasmiṃ samaye bhikkhu vivicceva kāmehi vivicca akusalehi dhammehi savitakkaṃ savicāraṃ vivekajaṃ pītisukhaṃ paṭhamaṃ jhānaṃ upasampajja viharati, ","eng":"In the same way, there’s a time when a mendicant, quite secluded from sensual pleasures, secluded from unskillful qualities, enters and remains in the first absorption, which has the rapture and bliss born of seclusion, while placing the mind and keeping it connected. ","html":"<p>{}"},"an9.39:5.2":{"pli":"tasmiṃ, bhikkhave, samaye bhikkhussa evaṃ hoti: ","eng":"At that time the mendicant thinks, ","html":"{}"},"an9.39:5.3":{"pli":"‘bhīruttānagatena kho dānāhaṃ etarahi attanā viharāmi akaraṇīyo mārassā’ti. ","eng":"‘Now I’m in a secure location and Māra can’t do anything to me.’ ","html":"{}"},"an9.39:5.4":{"pli":"Mārassāpi, bhikkhave, pāpimato evaṃ hoti: ","eng":"And Māra the Wicked also thinks, ","html":"{}"},"an9.39:5.5":{"pli":"‘bhīruttānagatena kho dāni bhikkhu etarahi attanā viharati akaraṇīyo mayhan’ti. ","eng":"‘Now the mendicant is in a secure location and we can’t do anything to them.’ ","html":"{}</p>"},"an9.39:6.1":{"pli":"Yasmiṃ, bhikkhave, samaye bhikkhu vitakkavicārānaṃ vūpasamā …pe… dutiyaṃ jhānaṃ … ","eng":"There’s a time when, as the placing of the mind and keeping it connected are stilled, a mendicant enters and remains in the second absorption … ","html":"<p>{}"},"an9.39:6.2":{"pli":"tatiyaṃ jhānaṃ … ","eng":"third absorption … ","html":"{}"},"an9.39:6.3":{"pli":"catutthaṃ jhānaṃ upasampajja viharati, ","eng":"fourth absorption. ","html":"{}"},"an9.39:6.4":{"pli":"tasmiṃ, bhikkhave, samaye bhikkhussa evaṃ hoti: ","eng":"At that time the mendicant thinks, ","html":"{}"},"an9.39:6.5":{"pli":"‘bhīruttānagatena kho dānāhaṃ etarahi attanā viharāmi akaraṇīyo mārassā’ti. ","eng":"‘Now I’m in a secure location and Māra can’t do anything to me.’ ","html":"{}"},"an9.39:6.6":{"pli":"Mārassāpi, bhikkhave, pāpimato evaṃ hoti: ","eng":"And Māra the Wicked also thinks, ","html":"{}"},"an9.39:6.7":{"pli":"‘bhīruttānagatena kho dāni bhikkhu etarahi attanā viharati, akaraṇīyo mayhan’ti. ","eng":"‘Now the mendicant is in a secure location and we can’t do anything to them.’ ","html":"{}</p>"},"an9.39:7.1":{"pli":"Yasmiṃ, bhikkhave, samaye bhikkhu sabbaso rūpasaññānaṃ samatikkamā paṭighasaññānaṃ atthaṅgamā nānattasaññānaṃ amanasikārā ‘ananto ākāso’ti ākāsānañcāyatanaṃ upasampajja viharati. ","eng":"There’s a time when a mendicant, going totally beyond perceptions of form, with the disappearance of perceptions of impingement, not focusing on perceptions of diversity, aware that ‘space is infinite’, enters and remains in the dimension of infinite space. ","html":"<p>{}"},"an9.39:7.2":{"pli":"Ayaṃ vuccati, bhikkhave, ‘bhikkhu antamakāsi māraṃ, apadaṃ vadhitvā māracakkhuṃ adassanaṃ gato pāpimato tiṇṇo loke visattikan’ti. ","eng":"This is called a mendicant who has blinded Māra, put out his eyes without a trace, and gone where the Wicked One cannot see. ","html":"{}</p>"},"an9.39:8.1":{"pli":"Yasmiṃ, bhikkhave, samaye bhikkhu sabbaso ākāsānañcāyatanaṃ samatikkamma ‘anantaṃ viññāṇan’ti viññāṇañcāyatanaṃ upasampajja viharati … ","eng":"There’s a time when a mendicant, going totally beyond the dimension of infinite space, aware that ‘consciousness is infinite’, enters and remains in the dimension of infinite consciousness. … ","html":"<p>{}"},"an9.39:8.2":{"pli":"sabbaso viññāṇañcāyatanaṃ samatikkamma ‘natthi kiñcī’ti ākiñcaññāyatanaṃ upasampajja viharati … ","eng":"Going totally beyond the dimension of infinite consciousness, aware that ‘there is nothing at all’, they enter and remain in the dimension of nothingness. … ","html":"{}"},"an9.39:8.3":{"pli":"sabbaso ākiñcaññāyatanaṃ samatikkamma nevasaññānāsaññāyatanaṃ upasampajja viharati … ","eng":"Going totally beyond the dimension of nothingness, they enter and remain in the dimension of neither perception nor non-perception. … ","html":"{}</p>"},"an9.39:8.4":{"pli":"sabbaso nevasaññānāsaññāyatanaṃ samatikkamma saññāvedayitanirodhaṃ upasampajja viharati, paññāya cassa disvā āsavā parikkhīṇā honti. ","eng":"Going totally beyond the dimension of neither perception nor non-perception, they enter and remain in the cessation of perception and feeling. And, having seen with wisdom, their defilements come to an end. ","html":"<p>{}"},"an9.39:8.5":{"pli":"Ayaṃ vuccati, bhikkhave, ‘bhikkhu antamakāsi māraṃ, apadaṃ vadhitvā māracakkhuṃ adassanaṃ gato pāpimato tiṇṇo loke visattikan’”ti. ","eng":"This is called a mendicant who has blinded Māra, put out his eyes without a trace, and gone where the Wicked One cannot see. And they’ve crossed over clinging to the world.” ","html":"{}</p>"},"an9.39:8.6":{"pli":"Aṭṭhamaṃ. ","html":"<p class='endsutta'>{}</p></article>"}}}