{"bv14":{"bv14:0.1":{"pli":"Buddhavaṃsa ","html":"<article id='bv14'><header><ul><li class='division'>{}</li></ul>"},"bv14:0.2":{"pli":"14. Sujātabuddhavaṃsa ","html":"<h1 class='sutta-title'>{}</h1></header>"},"bv14:1.1":{"pli":"“Tattheva maṇḍakappamhi, ","html":"<blockquote class='gatha'><p><span class='verse-line'>{}</span>"},"bv14:1.2":{"pli":"sujāto nāma nāyako; ","html":"<span class='verse-line'>{}</span>"},"bv14:1.3":{"pli":"Sīhahanusabhakkhandho, ","html":"<span class='verse-line'>{}</span>"},"bv14:1.4":{"pli":"appameyyo durāsado. ","html":"<span class='verse-line'>{}</span></p>"},"bv14:2.1":{"pli":"Candova vimalo suddho, ","html":"<p><span class='verse-line'>{}</span>"},"bv14:2.2":{"pli":"sataraṃsīva patāpavā; ","html":"<span class='verse-line'>{}</span>"},"bv14:2.3":{"pli":"Evaṃ sobhati sambuddho, ","html":"<span class='verse-line'>{}</span>"},"bv14:2.4":{"pli":"jalanto siriyā sadā. ","html":"<span class='verse-line'>{}</span></p>"},"bv14:3.1":{"pli":"Pāpuṇitvāna sambuddho, ","html":"<p><span class='verse-line'>{}</span>"},"bv14:3.2":{"pli":"kevalaṃ bodhimuttamaṃ; ","html":"<span class='verse-line'>{}</span>"},"bv14:3.3":{"pli":"Sumaṅgalamhi nagare, ","html":"<span class='verse-line'>{}</span>"},"bv14:3.4":{"pli":"dhammacakkaṃ pavattayi. ","html":"<span class='verse-line'>{}</span></p>"},"bv14:4.1":{"pli":"Desente pavaraṃ dhammaṃ, ","html":"<p><span class='verse-line'>{}</span>"},"bv14:4.2":{"pli":"Sujāte lokanāyake; ","html":"<span class='verse-line'>{}</span>"},"bv14:4.3":{"pli":"Asītikoṭī abhisamiṃsu, ","html":"<span class='verse-line'>{}</span>"},"bv14:4.4":{"pli":"Paṭhame dhammadesane. ","html":"<span class='verse-line'>{}</span></p>"},"bv14:5.1":{"pli":"Yadā sujāto amitayaso, ","html":"<p><span class='verse-line'>{}</span>"},"bv14:5.2":{"pli":"Deve vassaṃ upāgami; ","html":"<span class='verse-line'>{}</span>"},"bv14:5.3":{"pli":"Sattatiṃsasatasahassānaṃ, ","html":"<span class='verse-line'>{}</span>"},"bv14:5.4":{"pli":"Dutiyābhisamayo ahu. ","html":"<span class='verse-line'>{}</span></p>"},"bv14:6.1":{"pli":"Yadā sujāto asamasamo, ","html":"<p><span class='verse-line'>{}</span>"},"bv14:6.2":{"pli":"Upagacchi pitusantikaṃ; ","html":"<span class='verse-line'>{}</span>"},"bv14:6.3":{"pli":"Saṭṭhisatasahassānaṃ, ","html":"<span class='verse-line'>{}</span>"},"bv14:6.4":{"pli":"Tatiyābhisamayo ahu. ","html":"<span class='verse-line'>{}</span></p>"},"bv14:7.1":{"pli":"Sannipātā tayo āsuṃ, ","html":"<p><span class='verse-line'>{}</span>"},"bv14:7.2":{"pli":"sujātassa mahesino; ","html":"<span class='verse-line'>{}</span>"},"bv14:7.3":{"pli":"Khīṇāsavānaṃ vimalānaṃ, ","html":"<span class='verse-line'>{}</span>"},"bv14:7.4":{"pli":"santacittāna tādinaṃ. ","html":"<span class='verse-line'>{}</span></p>"},"bv14:8.1":{"pli":"Abhiññābalappattānaṃ, ","html":"<p><span class='verse-line'>{}</span>"},"bv14:8.2":{"pli":"appattānaṃ bhavābhave; ","html":"<span class='verse-line'>{}</span>"},"bv14:8.3":{"pli":"Saṭṭhisatasahassāni, ","html":"<span class='verse-line'>{}</span>"},"bv14:8.4":{"pli":"paṭhamaṃ sannipatiṃsu te. ","html":"<span class='verse-line'>{}</span></p>"},"bv14:9.1":{"pli":"Punāparaṃ sannipāte, ","html":"<p><span class='verse-line'>{}</span>"},"bv14:9.2":{"pli":"tidivorohaṇe jine; ","html":"<span class='verse-line'>{}</span>"},"bv14:9.3":{"pli":"Paññāsasatasahassānaṃ, ","html":"<span class='verse-line'>{}</span>"},"bv14:9.4":{"pli":"dutiyo āsi samāgamo. ","html":"<span class='verse-line'>{}</span></p>"},"bv14:10.1":{"pli":"Upasaṅkamanto narāsabhaṃ, ","html":"<p><span class='verse-line'>{}</span>"},"bv14:10.2":{"pli":"Tassa yo aggasāvako; ","html":"<span class='verse-line'>{}</span>"},"bv14:10.3":{"pli":"Catūhi satasahassehi, ","html":"<span class='verse-line'>{}</span>"},"bv14:10.4":{"pli":"Sambuddhaṃ upasaṅkami. ","html":"<span class='verse-line'>{}</span></p>"},"bv14:11.1":{"pli":"Ahaṃ tena samayena, ","html":"<p><span class='verse-line'>{}</span>"},"bv14:11.2":{"pli":"catudīpamhi issaro; ","html":"<span class='verse-line'>{}</span>"},"bv14:11.3":{"pli":"Antalikkhacaro āsiṃ, ","html":"<span class='verse-line'>{}</span>"},"bv14:11.4":{"pli":"cakkavattī mahabbalo. ","html":"<span class='verse-line'>{}</span></p>"},"bv14:12.1":{"pli":"Loke acchariyaṃ disvā, ","html":"<p><span class='verse-line'>{}</span>"},"bv14:12.2":{"pli":"abbhutaṃ lomahaṃsanaṃ; ","html":"<span class='verse-line'>{}</span>"},"bv14:12.3":{"pli":"Upagantvāna vandiṃ so, ","html":"<span class='verse-line'>{}</span>"},"bv14:12.4":{"pli":"sujātaṃ lokanāyakaṃ. ","html":"<span class='verse-line'>{}</span></p>"},"bv14:13.1":{"pli":"Catudīpe mahārajjaṃ, ","html":"<p><span class='verse-line'>{}</span>"},"bv14:13.2":{"pli":"ratane satta uttame; ","html":"<span class='verse-line'>{}</span>"},"bv14:13.3":{"pli":"Buddhe niyyādayitvāna, ","html":"<span class='verse-line'>{}</span>"},"bv14:13.4":{"pli":"pabbajiṃ tassa santike. ","html":"<span class='verse-line'>{}</span></p>"},"bv14:14.1":{"pli":"Ārāmikā janapade, ","html":"<p><span class='verse-line'>{}</span>"},"bv14:14.2":{"pli":"uṭṭhānaṃ paṭipiṇḍiya; ","html":"<span class='verse-line'>{}</span>"},"bv14:14.3":{"pli":"Upanenti bhikkhusaṅghassa, ","html":"<span class='verse-line'>{}</span>"},"bv14:14.4":{"pli":"paccayaṃ sayanāsanaṃ. ","html":"<span class='verse-line'>{}</span></p>"},"bv14:15.1":{"pli":"Sopi maṃ buddho byākāsi, ","html":"<p><span class='verse-line'>{}</span>"},"bv14:15.2":{"pli":"dasasahassimhi issaro; ","html":"<span class='verse-line'>{}</span>"},"bv14:15.3":{"pli":"‘Tiṃsakappasahassamhi, ","html":"<span class='verse-line'>{}</span>"},"bv14:15.4":{"pli":"ayaṃ buddho bhavissati. ","html":"<span class='verse-line'>{}</span></p>"},"bv14:16.1":{"pli":"Padhānaṃ padahitvāna, ","html":"<p><span class='verse-line'>{}</span>"},"bv14:16.2":{"pli":"…pe… ","html":"<span class='verse-line'>{}</span>"},"bv14:16.3":{"pli":"hessāma sammukhā imaṃ’. ","html":"<span class='verse-line'>{}</span></p>"},"bv14:17.1":{"pli":"Tassāpi vacanaṃ sutvā, ","html":"<p><span class='verse-line'>{}</span>"},"bv14:17.2":{"pli":"bhiyyo hāsaṃ janesahaṃ; ","html":"<span class='verse-line'>{}</span>"},"bv14:17.3":{"pli":"Adhiṭṭhahiṃ vataṃ uggaṃ, ","html":"<span class='verse-line'>{}</span>"},"bv14:17.4":{"pli":"dasapāramipūriyā. ","html":"<span class='verse-line'>{}</span></p>"},"bv14:18.1":{"pli":"Suttantaṃ vinayañcāpi, ","html":"<p><span class='verse-line'>{}</span>"},"bv14:18.2":{"pli":"navaṅgaṃ satthusāsanaṃ; ","html":"<span class='verse-line'>{}</span>"},"bv14:18.3":{"pli":"Sabbaṃ pariyāpuṇitvāna, ","html":"<span class='verse-line'>{}</span>"},"bv14:18.4":{"pli":"sobhayiṃ jinasāsanaṃ. ","html":"<span class='verse-line'>{}</span></p>"},"bv14:19.1":{"pli":"Tatthappamatto viharanto, ","html":"<p><span class='verse-line'>{}</span>"},"bv14:19.2":{"pli":"brahmaṃ bhāvetva bhāvanaṃ; ","html":"<span class='verse-line'>{}</span>"},"bv14:19.3":{"pli":"Abhiññāpāramiṃ gantvā, ","html":"<span class='verse-line'>{}</span>"},"bv14:19.4":{"pli":"brahmalokamagañchahaṃ. ","html":"<span class='verse-line'>{}</span></p>"},"bv14:20.1":{"pli":"Sumaṅgalaṃ nāma nagaraṃ, ","html":"<p><span class='verse-line'>{}</span>"},"bv14:20.2":{"pli":"uggato nāma khattiyo; ","html":"<span class='verse-line'>{}</span>"},"bv14:20.3":{"pli":"Mātā pabhāvatī nāma, ","html":"<span class='verse-line'>{}</span>"},"bv14:20.4":{"pli":"sujātassa mahesino. ","html":"<span class='verse-line'>{}</span></p>"},"bv14:21.1":{"pli":"Navavassasahassāni, ","html":"<p><span class='verse-line'>{}</span>"},"bv14:21.2":{"pli":"agāraṃ ajjha so vasi; ","html":"<span class='verse-line'>{}</span>"},"bv14:21.3":{"pli":"Sirī upasirī nando, ","html":"<span class='verse-line'>{}</span>"},"bv14:21.4":{"pli":"tayo pāsādamuttamā. ","html":"<span class='verse-line'>{}</span></p>"},"bv14:22.1":{"pli":"Tevīsatisahassāni, ","html":"<p><span class='verse-line'>{}</span>"},"bv14:22.2":{"pli":"nāriyo samalaṅkatā; ","html":"<span class='verse-line'>{}</span>"},"bv14:22.3":{"pli":"Sirinandā nāma nārī, ","html":"<span class='verse-line'>{}</span>"},"bv14:22.4":{"pli":"upaseno nāma atrajo. ","html":"<span class='verse-line'>{}</span></p>"},"bv14:23.1":{"pli":"Nimitte caturo disvā, ","html":"<p><span class='verse-line'>{}</span>"},"bv14:23.2":{"pli":"assayānena nikkhami; ","html":"<span class='verse-line'>{}</span>"},"bv14:23.3":{"pli":"Anūnanavamāsāni, ","html":"<span class='verse-line'>{}</span>"},"bv14:23.4":{"pli":"padhānaṃ padahī jino. ","html":"<span class='verse-line'>{}</span></p>"},"bv14:24.1":{"pli":"Brahmunā yācito santo, ","html":"<p><span class='verse-line'>{}</span>"},"bv14:24.2":{"pli":"sujāto lokanāyako; ","html":"<span class='verse-line'>{}</span>"},"bv14:24.3":{"pli":"Vatti cakkaṃ mahāvīro, ","html":"<span class='verse-line'>{}</span>"},"bv14:24.4":{"pli":"sumaṅgaluyyānamuttame. ","html":"<span class='verse-line'>{}</span></p>"},"bv14:25.1":{"pli":"Sudassano sudevo ca, ","html":"<p><span class='verse-line'>{}</span>"},"bv14:25.2":{"pli":"ahesuṃ aggasāvakā; ","html":"<span class='verse-line'>{}</span>"},"bv14:25.3":{"pli":"Nārado nāmupaṭṭhāko, ","html":"<span class='verse-line'>{}</span>"},"bv14:25.4":{"pli":"sujātassa mahesino. ","html":"<span class='verse-line'>{}</span></p>"},"bv14:26.1":{"pli":"Nāgā ca nāgasamālā ca, ","html":"<p><span class='verse-line'>{}</span>"},"bv14:26.2":{"pli":"ahesuṃ aggasāvikā; ","html":"<span class='verse-line'>{}</span>"},"bv14:26.3":{"pli":"Bodhi tassa bhagavato, ","html":"<span class='verse-line'>{}</span>"},"bv14:26.4":{"pli":"mahāveḷūti vuccati. ","html":"<span class='verse-line'>{}</span></p>"},"bv14:27.1":{"pli":"So ca rukkho ghanakkhandho, ","html":"<p><span class='verse-line'>{}</span>"},"bv14:27.2":{"pli":"Acchiddo hoti pattiko; ","html":"<span class='verse-line'>{}</span>"},"bv14:27.3":{"pli":"Uju vaṃso brahā hoti, ","html":"<span class='verse-line'>{}</span>"},"bv14:27.4":{"pli":"Dassanīyo manoramo. ","html":"<span class='verse-line'>{}</span></p>"},"bv14:28.1":{"pli":"Ekakkhandho pavaḍḍhitvā, ","html":"<p><span class='verse-line'>{}</span>"},"bv14:28.2":{"pli":"tato sākhā pabhijjati; ","html":"<span class='verse-line'>{}</span>"},"bv14:28.3":{"pli":"Yathā subaddho morahattho, ","html":"<span class='verse-line'>{}</span>"},"bv14:28.4":{"pli":"evaṃ sobhati so dumo. ","html":"<span class='verse-line'>{}</span></p>"},"bv14:29.1":{"pli":"Na tassa kaṇṭakā honti, ","html":"<p><span class='verse-line'>{}</span>"},"bv14:29.2":{"pli":"nāpi chiddaṃ mahā ahu; ","html":"<span class='verse-line'>{}</span>"},"bv14:29.3":{"pli":"Vitthiṇṇasākho aviralo, ","html":"<span class='verse-line'>{}</span>"},"bv14:29.4":{"pli":"sandacchāyo manoramo. ","html":"<span class='verse-line'>{}</span></p>"},"bv14:30.1":{"pli":"Sudatto ceva citto ca, ","html":"<p><span class='verse-line'>{}</span>"},"bv14:30.2":{"pli":"ahesuṃ aggupaṭṭhakā; ","html":"<span class='verse-line'>{}</span>"},"bv14:30.3":{"pli":"Subhaddā ca padumā ca, ","html":"<span class='verse-line'>{}</span>"},"bv14:30.4":{"pli":"ahesuṃ aggupaṭṭhikā. ","html":"<span class='verse-line'>{}</span></p>"},"bv14:31.1":{"pli":"Paññāsaratano āsi, ","html":"<p><span class='verse-line'>{}</span>"},"bv14:31.2":{"pli":"uccattanena so jino; ","html":"<span class='verse-line'>{}</span>"},"bv14:31.3":{"pli":"Sabbākāravarūpeto, ","html":"<span class='verse-line'>{}</span>"},"bv14:31.4":{"pli":"sabbaguṇamupāgato. ","html":"<span class='verse-line'>{}</span></p>"},"bv14:32.1":{"pli":"Tassa pabhā asamasamā, ","html":"<p><span class='verse-line'>{}</span>"},"bv14:32.2":{"pli":"niddhāvati samantato; ","html":"<span class='verse-line'>{}</span>"},"bv14:32.3":{"pli":"Appamāṇo atuliyo, ","html":"<span class='verse-line'>{}</span>"},"bv14:32.4":{"pli":"opammehi anūpamo. ","html":"<span class='verse-line'>{}</span></p>"},"bv14:33.1":{"pli":"Navutivassasahassāni, ","html":"<p><span class='verse-line'>{}</span>"},"bv14:33.2":{"pli":"āyu vijjati tāvade; ","html":"<span class='verse-line'>{}</span>"},"bv14:33.3":{"pli":"Tāvatā tiṭṭhamāno so, ","html":"<span class='verse-line'>{}</span>"},"bv14:33.4":{"pli":"tāresi janataṃ bahuṃ. ","html":"<span class='verse-line'>{}</span></p>"},"bv14:34.1":{"pli":"Yathāpi sāgare ūmī, ","html":"<p><span class='verse-line'>{}</span>"},"bv14:34.2":{"pli":"gagane tārakā yathā; ","html":"<span class='verse-line'>{}</span>"},"bv14:34.3":{"pli":"Evaṃ tadā pāvacanaṃ, ","html":"<span class='verse-line'>{}</span>"},"bv14:34.4":{"pli":"arahantehi cittitaṃ. ","html":"<span class='verse-line'>{}</span></p>"},"bv14:35.1":{"pli":"So ca buddho asamasamo, ","html":"<p><span class='verse-line'>{}</span>"},"bv14:35.2":{"pli":"Guṇāni ca tāni atuliyāni; ","html":"<span class='verse-line'>{}</span>"},"bv14:35.3":{"pli":"Sabbaṃ tamantarahitaṃ, ","html":"<span class='verse-line'>{}</span>"},"bv14:35.4":{"pli":"Nanu rittā sabbasaṅkhārā. ","html":"<span class='verse-line'>{}</span></p>"},"bv14:36.1":{"pli":"Sujāto jinavaro buddho, ","html":"<p data-counter='6511'><span class='verse-line'>{}</span>"},"bv14:36.2":{"pli":"Silārāmamhi nibbuto; ","html":"<span class='verse-line'>{}</span>"},"bv14:36.3":{"pli":"Tattheva tassa cetiyo, ","html":"<span class='verse-line'>{}</span>"},"bv14:36.4":{"pli":"Tīṇigāvutamuggato”ti. ","html":"<span class='verse-line'>{}</span></p></blockquote>"},"bv14:37.1":{"pli":"Sujātassa bhagavato vaṃso dvādasamo. ","html":"<p class='endsutta'>{}</p></article>"}},"bv15":{"bv15:0.1":{"pli":"Buddhavaṃsa ","html":"<article id='bv15'><header><ul><li class='division'>{}</li></ul>"},"bv15:0.2":{"pli":"15 Piyadassībuddhavaṃsa ","html":"<h1 class='sutta-title'>{}</h1></header>"},"bv15:1.1":{"pli":"“Sujātassa aparena, ","html":"<blockquote class='gatha'><p><span class='verse-line'>{}</span>"},"bv15:1.2":{"pli":"sayambhū lokanāyako; ","html":"<span class='verse-line'>{}</span>"},"bv15:1.3":{"pli":"Durāsado asamasamo, ","html":"<span class='verse-line'>{}</span>"},"bv15:1.4":{"pli":"piyadassī mahāyaso. ","html":"<span class='verse-line'>{}</span></p>"},"bv15:2.1":{"pli":"Sopi buddho amitayaso, ","html":"<p><span class='verse-line'>{}</span>"},"bv15:2.2":{"pli":"ādiccova virocati; ","html":"<span class='verse-line'>{}</span>"},"bv15:2.3":{"pli":"Sabbaṃ tamaṃ nihantvāna, ","html":"<span class='verse-line'>{}</span>"},"bv15:2.4":{"pli":"dhammacakkaṃ pavattayi. ","html":"<span class='verse-line'>{}</span></p>"},"bv15:3.1":{"pli":"Tassāpi atulatejassa, ","html":"<p><span class='verse-line'>{}</span>"},"bv15:3.2":{"pli":"Ahesuṃ abhisamayā tayo; ","html":"<span class='verse-line'>{}</span>"},"bv15:3.3":{"pli":"Koṭisatasahassānaṃ, ","html":"<span class='verse-line'>{}</span>"},"bv15:3.4":{"pli":"Paṭhamābhisamayo ahu. ","html":"<span class='verse-line'>{}</span></p>"},"bv15:4.1":{"pli":"Sudassano devarājā, ","html":"<p><span class='verse-line'>{}</span>"},"bv15:4.2":{"pli":"micchādiṭṭhimarocayi; ","html":"<span class='verse-line'>{}</span>"},"bv15:4.3":{"pli":"Tassa diṭṭhiṃ vinodento, ","html":"<span class='verse-line'>{}</span>"},"bv15:4.4":{"pli":"satthā dhammamadesayi. ","html":"<span class='verse-line'>{}</span></p>"},"bv15:5.1":{"pli":"Janasannipāto atulo, ","html":"<p><span class='verse-line'>{}</span>"},"bv15:5.2":{"pli":"mahāsannipatī tadā; ","html":"<span class='verse-line'>{}</span>"},"bv15:5.3":{"pli":"Navutikoṭisahassānaṃ, ","html":"<span class='verse-line'>{}</span>"},"bv15:5.4":{"pli":"dutiyābhisamayo ahu. ","html":"<span class='verse-line'>{}</span></p>"},"bv15:6.1":{"pli":"Yadā doṇamukhaṃ hatthiṃ, ","html":"<p><span class='verse-line'>{}</span>"},"bv15:6.2":{"pli":"vinesi narasārathi; ","html":"<span class='verse-line'>{}</span>"},"bv15:6.3":{"pli":"Asītikoṭisahassānaṃ, ","html":"<span class='verse-line'>{}</span>"},"bv15:6.4":{"pli":"tatiyābhisamayo ahu. ","html":"<span class='verse-line'>{}</span></p>"},"bv15:7.1":{"pli":"Sannipātā tayo āsuṃ, ","html":"<p><span class='verse-line'>{}</span>"},"bv15:7.2":{"pli":"tassāpi piyadassino; ","html":"<span class='verse-line'>{}</span>"},"bv15:7.3":{"pli":"Koṭisatasahassānaṃ, ","html":"<span class='verse-line'>{}</span>"},"bv15:7.4":{"pli":"paṭhamo āsi samāgamo. ","html":"<span class='verse-line'>{}</span></p>"},"bv15:8.1":{"pli":"Tato paraṃ navutikoṭī, ","html":"<p><span class='verse-line'>{}</span>"},"bv15:8.2":{"pli":"samiṃsu ekato munī; ","html":"<span class='verse-line'>{}</span>"},"bv15:8.3":{"pli":"Tatiye sannipātamhi, ","html":"<span class='verse-line'>{}</span>"},"bv15:8.4":{"pli":"asītikoṭiyo ahū. ","html":"<span class='verse-line'>{}</span></p>"},"bv15:9.1":{"pli":"Ahaṃ tena samayena, ","html":"<p><span class='verse-line'>{}</span>"},"bv15:9.2":{"pli":"kassapo nāma brāhmaṇo; ","html":"<span class='verse-line'>{}</span>"},"bv15:9.3":{"pli":"Ajjhāyako mantadharo, ","html":"<span class='verse-line'>{}</span>"},"bv15:9.4":{"pli":"tiṇṇaṃ vedāna pāragū. ","html":"<span class='verse-line'>{}</span></p>"},"bv15:10.1":{"pli":"Tassa dhammaṃ suṇitvāna, ","html":"<p><span class='verse-line'>{}</span>"},"bv15:10.2":{"pli":"pasādaṃ janayiṃ ahaṃ; ","html":"<span class='verse-line'>{}</span>"},"bv15:10.3":{"pli":"Koṭisatasahassehi, ","html":"<span class='verse-line'>{}</span>"},"bv15:10.4":{"pli":"saṅghārāmaṃ amāpayiṃ. ","html":"<span class='verse-line'>{}</span></p>"},"bv15:11.1":{"pli":"Tassa datvāna ārāmaṃ, ","html":"<p><span class='verse-line'>{}</span>"},"bv15:11.2":{"pli":"haṭṭho saṃviggamānaso; ","html":"<span class='verse-line'>{}</span>"},"bv15:11.3":{"pli":"Saraṇe pañca sīle ca, ","html":"<span class='verse-line'>{}</span>"},"bv15:11.4":{"pli":"daḷhaṃ katvā samādiyiṃ. ","html":"<span class='verse-line'>{}</span></p>"},"bv15:12.1":{"pli":"Sopi maṃ buddho byākāsi, ","html":"<p><span class='verse-line'>{}</span>"},"bv15:12.2":{"pli":"saṅghamajjhe nisīdiya; ","html":"<span class='verse-line'>{}</span>"},"bv15:12.3":{"pli":"‘Aṭṭhārase kappasate, ","html":"<span class='verse-line'>{}</span>"},"bv15:12.4":{"pli":"ayaṃ buddho bhavissati. ","html":"<span class='verse-line'>{}</span></p>"},"bv15:13.1":{"pli":"Padhānaṃ padahitvāna, ","html":"<p><span class='verse-line'>{}</span>"},"bv15:13.2":{"pli":"…pe… ","html":"<span class='verse-line'>{}</span>"},"bv15:13.3":{"pli":"hessāma sammukhā imaṃ’. ","html":"<span class='verse-line'>{}</span></p>"},"bv15:14.1":{"pli":"Tassāpi vacanaṃ sutvā, ","html":"<p><span class='verse-line'>{}</span>"},"bv15:14.2":{"pli":"bhiyyo cittaṃ pasādayiṃ; ","html":"<span class='verse-line'>{}</span>"},"bv15:14.3":{"pli":"Uttariṃ vatamadhiṭṭhāsiṃ, ","html":"<span class='verse-line'>{}</span>"},"bv15:14.4":{"pli":"dasapāramipūriyā. ","html":"<span class='verse-line'>{}</span></p>"},"bv15:15.1":{"pli":"Sudhaññaṃ nāma nagaraṃ, ","html":"<p><span class='verse-line'>{}</span>"},"bv15:15.2":{"pli":"sudatto nāma khattiyo; ","html":"<span class='verse-line'>{}</span>"},"bv15:15.3":{"pli":"Candā nāmāsi janikā, ","html":"<span class='verse-line'>{}</span>"},"bv15:15.4":{"pli":"piyadassissa satthuno. ","html":"<span class='verse-line'>{}</span></p>"},"bv15:16.1":{"pli":"Navavassasahassāni, ","html":"<p><span class='verse-line'>{}</span>"},"bv15:16.2":{"pli":"Agāraṃ ajjha so vasi; ","html":"<span class='verse-line'>{}</span>"},"bv15:16.3":{"pli":"Sunimmalavimalagiriguhā, ","html":"<span class='verse-line'>{}</span>"},"bv15:16.4":{"pli":"Tayo pāsādamuttamā. ","html":"<span class='verse-line'>{}</span></p>"},"bv15:17.1":{"pli":"Tettiṃsasahassāni ca, ","html":"<p><span class='verse-line'>{}</span>"},"bv15:17.2":{"pli":"Nāriyo samalaṅkatā; ","html":"<span class='verse-line'>{}</span>"},"bv15:17.3":{"pli":"Vimalā nāma nārī ca, ","html":"<span class='verse-line'>{}</span>"},"bv15:17.4":{"pli":"Kañcanāveḷo nāma atrajo. ","html":"<span class='verse-line'>{}</span></p>"},"bv15:18.1":{"pli":"Nimitte caturo disvā, ","html":"<p><span class='verse-line'>{}</span>"},"bv15:18.2":{"pli":"rathayānena nikkhami; ","html":"<span class='verse-line'>{}</span>"},"bv15:18.3":{"pli":"Chamāsaṃ padhānacāraṃ, ","html":"<span class='verse-line'>{}</span>"},"bv15:18.4":{"pli":"acarī purisuttamo. ","html":"<span class='verse-line'>{}</span></p>"},"bv15:19.1":{"pli":"Brahmunā yācito santo, ","html":"<p><span class='verse-line'>{}</span>"},"bv15:19.2":{"pli":"piyadassī mahāmuni; ","html":"<span class='verse-line'>{}</span>"},"bv15:19.3":{"pli":"Vatti cakkaṃ mahāvīro, ","html":"<span class='verse-line'>{}</span>"},"bv15:19.4":{"pli":"usabhuyyāne manorame. ","html":"<span class='verse-line'>{}</span></p>"},"bv15:20.1":{"pli":"Pālito sabbadassī ca, ","html":"<p><span class='verse-line'>{}</span>"},"bv15:20.2":{"pli":"ahesuṃ aggasāvakā; ","html":"<span class='verse-line'>{}</span>"},"bv15:20.3":{"pli":"Sobhito nāmupaṭṭhāko, ","html":"<span class='verse-line'>{}</span>"},"bv15:20.4":{"pli":"piyadassissa satthuno. ","html":"<span class='verse-line'>{}</span></p>"},"bv15:21.1":{"pli":"Sujātā dhammadinnā ca, ","html":"<p><span class='verse-line'>{}</span>"},"bv15:21.2":{"pli":"ahesuṃ aggasāvikā; ","html":"<span class='verse-line'>{}</span>"},"bv15:21.3":{"pli":"Bodhi tassa bhagavato, ","html":"<span class='verse-line'>{}</span>"},"bv15:21.4":{"pli":"kakudhoti pavuccati. ","html":"<span class='verse-line'>{}</span></p>"},"bv15:22.1":{"pli":"Sandhako dhammako ceva, ","html":"<p><span class='verse-line'>{}</span>"},"bv15:22.2":{"pli":"ahesuṃ aggupaṭṭhakā; ","html":"<span class='verse-line'>{}</span>"},"bv15:22.3":{"pli":"Visākhā dhammadinnā ca, ","html":"<span class='verse-line'>{}</span>"},"bv15:22.4":{"pli":"ahesuṃ aggupaṭṭhikā. ","html":"<span class='verse-line'>{}</span></p>"},"bv15:23.1":{"pli":"Sopi buddho amitayaso, ","html":"<p><span class='verse-line'>{}</span>"},"bv15:23.2":{"pli":"dvattiṃsavaralakkhaṇo; ","html":"<span class='verse-line'>{}</span>"},"bv15:23.3":{"pli":"Asītihatthamubbedho, ","html":"<span class='verse-line'>{}</span>"},"bv15:23.4":{"pli":"sālarājāva dissati. ","html":"<span class='verse-line'>{}</span></p>"},"bv15:24.1":{"pli":"Aggicandasūriyānaṃ, ","html":"<p><span class='verse-line'>{}</span>"},"bv15:24.2":{"pli":"natthi tādisikā pabhā; ","html":"<span class='verse-line'>{}</span>"},"bv15:24.3":{"pli":"Yathā ahu pabhā tassa, ","html":"<span class='verse-line'>{}</span>"},"bv15:24.4":{"pli":"asamassa mahesino. ","html":"<span class='verse-line'>{}</span></p>"},"bv15:25.1":{"pli":"Tassāpi devadevassa, ","html":"<p><span class='verse-line'>{}</span>"},"bv15:25.2":{"pli":"āyu tāvatakaṃ ahu; ","html":"<span class='verse-line'>{}</span>"},"bv15:25.3":{"pli":"Navutivassasahassāni, ","html":"<span class='verse-line'>{}</span>"},"bv15:25.4":{"pli":"loke aṭṭhāsi cakkhumā. ","html":"<span class='verse-line'>{}</span></p>"},"bv15:26.1":{"pli":"Sopi buddho asamasamo, ","html":"<p><span class='verse-line'>{}</span>"},"bv15:26.2":{"pli":"Yugānipi tāni atuliyāni; ","html":"<span class='verse-line'>{}</span>"},"bv15:26.3":{"pli":"Sabbaṃ tamantarahitaṃ, ","html":"<span class='verse-line'>{}</span>"},"bv15:26.4":{"pli":"Nanu rittā sabbasaṅkhārā. ","html":"<span class='verse-line'>{}</span></p>"},"bv15:27.1":{"pli":"Piyadassī munivaro, ","html":"<p data-counter='6781'><span class='verse-line'>{}</span>"},"bv15:27.2":{"pli":"Assatthārāmamhi nibbuto; ","html":"<span class='verse-line'>{}</span>"},"bv15:27.3":{"pli":"Tatthevassa jinathūpo, ","html":"<span class='verse-line'>{}</span>"},"bv15:27.4":{"pli":"Tīṇiyojanamuggato”ti. ","html":"<span class='verse-line'>{}</span></p></blockquote>"},"bv15:28.1":{"pli":"Piyadassissa bhagavato vaṃso terasamo. ","html":"<p class='endsutta'>{}</p></article>"}},"bv16":{"bv16:0.1":{"pli":"Buddhavaṃsa ","html":"<article id='bv16'><header><ul><li class='division'>{}</li></ul>"},"bv16:0.2":{"pli":"16 Atthadassībuddhavaṃsa ","html":"<h1 class='sutta-title'>{}</h1></header>"},"bv16:1.1":{"pli":"“Tattheva maṇḍakappamhi, ","html":"<blockquote class='gatha'><p><span class='verse-line'>{}</span>"},"bv16:1.2":{"pli":"atthadassī mahāyaso; ","html":"<span class='verse-line'>{}</span>"},"bv16:1.3":{"pli":"Mahātamaṃ nihantvāna, ","html":"<span class='verse-line'>{}</span>"},"bv16:1.4":{"pli":"patto sambodhimuttamaṃ. ","html":"<span class='verse-line'>{}</span></p>"},"bv16:2.1":{"pli":"Brahmunā yācito santo, ","html":"<p><span class='verse-line'>{}</span>"},"bv16:2.2":{"pli":"dhammacakkaṃ pavattayi; ","html":"<span class='verse-line'>{}</span>"},"bv16:2.3":{"pli":"Amatena tappayī lokaṃ, ","html":"<span class='verse-line'>{}</span>"},"bv16:2.4":{"pli":"dasasahassisadevakaṃ. ","html":"<span class='verse-line'>{}</span></p>"},"bv16:3.1":{"pli":"Tassāpi lokanāthassa, ","html":"<p><span class='verse-line'>{}</span>"},"bv16:3.2":{"pli":"Ahesuṃ abhisamayā tayo; ","html":"<span class='verse-line'>{}</span>"},"bv16:3.3":{"pli":"Koṭisatasahassānaṃ, ","html":"<span class='verse-line'>{}</span>"},"bv16:3.4":{"pli":"Paṭhamābhisamayo ahu. ","html":"<span class='verse-line'>{}</span></p>"},"bv16:4.1":{"pli":"Yadā buddho atthadassī, ","html":"<p><span class='verse-line'>{}</span>"},"bv16:4.2":{"pli":"carate devacārikaṃ; ","html":"<span class='verse-line'>{}</span>"},"bv16:4.3":{"pli":"Koṭisatasahassānaṃ, ","html":"<span class='verse-line'>{}</span>"},"bv16:4.4":{"pli":"dutiyābhisamayo ahu. ","html":"<span class='verse-line'>{}</span></p>"},"bv16:5.1":{"pli":"Punāparaṃ yadā buddho, ","html":"<p><span class='verse-line'>{}</span>"},"bv16:5.2":{"pli":"desesi pitusantike; ","html":"<span class='verse-line'>{}</span>"},"bv16:5.3":{"pli":"Koṭisatasahassānaṃ, ","html":"<span class='verse-line'>{}</span>"},"bv16:5.4":{"pli":"tatiyābhisamayo ahu. ","html":"<span class='verse-line'>{}</span></p>"},"bv16:6.1":{"pli":"Sannipātā tayo āsuṃ, ","html":"<p><span class='verse-line'>{}</span>"},"bv16:6.2":{"pli":"tassāpi ca mahesino; ","html":"<span class='verse-line'>{}</span>"},"bv16:6.3":{"pli":"Khīṇāsavānaṃ vimalānaṃ, ","html":"<span class='verse-line'>{}</span>"},"bv16:6.4":{"pli":"santacittāna tādinaṃ. ","html":"<span class='verse-line'>{}</span></p>"},"bv16:7.1":{"pli":"Aṭṭhanavutisahassānaṃ, ","html":"<p><span class='verse-line'>{}</span>"},"bv16:7.2":{"pli":"paṭhamo āsi samāgamo; ","html":"<span class='verse-line'>{}</span>"},"bv16:7.3":{"pli":"Aṭṭhāsītisahassānaṃ, ","html":"<span class='verse-line'>{}</span>"},"bv16:7.4":{"pli":"dutiyo āsi samāgamo. ","html":"<span class='verse-line'>{}</span></p>"},"bv16:8.1":{"pli":"Aṭṭhasattatisatasahassānaṃ, ","html":"<p><span class='verse-line'>{}</span>"},"bv16:8.2":{"pli":"Tatiyo āsi samāgamo; ","html":"<span class='verse-line'>{}</span>"},"bv16:8.3":{"pli":"Anupādā vimuttānaṃ, ","html":"<span class='verse-line'>{}</span>"},"bv16:8.4":{"pli":"Vimalānaṃ mahesinaṃ. ","html":"<span class='verse-line'>{}</span></p>"},"bv16:9.1":{"pli":"Ahaṃ tena samayena, ","html":"<p><span class='verse-line'>{}</span>"},"bv16:9.2":{"pli":"jaṭilo uggatāpano; ","html":"<span class='verse-line'>{}</span>"},"bv16:9.3":{"pli":"Susīmo nāma nāmena, ","html":"<span class='verse-line'>{}</span>"},"bv16:9.4":{"pli":"mahiyā seṭṭhasammato. ","html":"<span class='verse-line'>{}</span></p>"},"bv16:10.1":{"pli":"Dibbaṃ mandāravaṃ pupphaṃ, ","html":"<p><span class='verse-line'>{}</span>"},"bv16:10.2":{"pli":"padumaṃ pārichattakaṃ; ","html":"<span class='verse-line'>{}</span>"},"bv16:10.3":{"pli":"Devalokāharitvāna, ","html":"<span class='verse-line'>{}</span>"},"bv16:10.4":{"pli":"sambuddhamabhipūjayiṃ. ","html":"<span class='verse-line'>{}</span></p>"},"bv16:11.1":{"pli":"Sopi maṃ buddho byākāsi, ","html":"<p><span class='verse-line'>{}</span>"},"bv16:11.2":{"pli":"atthadassī mahāmuni; ","html":"<span class='verse-line'>{}</span>"},"bv16:11.3":{"pli":"‘Aṭṭhārase kappasate, ","html":"<span class='verse-line'>{}</span>"},"bv16:11.4":{"pli":"ayaṃ buddho bhavissati. ","html":"<span class='verse-line'>{}</span></p>"},"bv16:12.1":{"pli":"Padhānaṃ padahitvāna, ","html":"<p><span class='verse-line'>{}</span>"},"bv16:12.2":{"pli":"…pe… ","html":"<span class='verse-line'>{}</span>"},"bv16:12.3":{"pli":"hessāma sammukhā imaṃ’. ","html":"<span class='verse-line'>{}</span></p>"},"bv16:13.1":{"pli":"Tassāpi vacanaṃ sutvā, ","html":"<p><span class='verse-line'>{}</span>"},"bv16:13.2":{"pli":"haṭṭho saṃviggamānaso; ","html":"<span class='verse-line'>{}</span>"},"bv16:13.3":{"pli":"Uttariṃ vatamadhiṭṭhāsiṃ, ","html":"<span class='verse-line'>{}</span>"},"bv16:13.4":{"pli":"dasapāramipūriyā. ","html":"<span class='verse-line'>{}</span></p>"},"bv16:14.1":{"pli":"Sobhanaṃ nāma nagaraṃ, ","html":"<p><span class='verse-line'>{}</span>"},"bv16:14.2":{"pli":"sāgaro nāma khattiyo; ","html":"<span class='verse-line'>{}</span>"},"bv16:14.3":{"pli":"Sudassanā nāma janikā, ","html":"<span class='verse-line'>{}</span>"},"bv16:14.4":{"pli":"atthadassissa satthuno. ","html":"<span class='verse-line'>{}</span></p>"},"bv16:15.1":{"pli":"Dasavassasahassāni, ","html":"<p><span class='verse-line'>{}</span>"},"bv16:15.2":{"pli":"Agāraṃ ajjha so vasi; ","html":"<span class='verse-line'>{}</span>"},"bv16:15.3":{"pli":"Amaragiri sugiri vāhanā, ","html":"<span class='verse-line'>{}</span>"},"bv16:15.4":{"pli":"Tayo pāsādamuttamā. ","html":"<span class='verse-line'>{}</span></p>"},"bv16:16.1":{"pli":"Tettiṃsañca sahassāni, ","html":"<p><span class='verse-line'>{}</span>"},"bv16:16.2":{"pli":"nāriyo samalaṅkatā; ","html":"<span class='verse-line'>{}</span>"},"bv16:16.3":{"pli":"Visākhā nāma nārī ca, ","html":"<span class='verse-line'>{}</span>"},"bv16:16.4":{"pli":"selo nāmāsi atrajo. ","html":"<span class='verse-line'>{}</span></p>"},"bv16:17.1":{"pli":"Nimitte caturo disvā, ","html":"<p><span class='verse-line'>{}</span>"},"bv16:17.2":{"pli":"assayānena nikkhami; ","html":"<span class='verse-line'>{}</span>"},"bv16:17.3":{"pli":"Anūnaaṭṭhamāsāni, ","html":"<span class='verse-line'>{}</span>"},"bv16:17.4":{"pli":"padhānaṃ padahī jino. ","html":"<span class='verse-line'>{}</span></p>"},"bv16:18.1":{"pli":"Brahmunā yācito santo, ","html":"<p><span class='verse-line'>{}</span>"},"bv16:18.2":{"pli":"atthadassī mahāyaso; ","html":"<span class='verse-line'>{}</span>"},"bv16:18.3":{"pli":"Vatti cakkaṃ mahāvīro, ","html":"<span class='verse-line'>{}</span>"},"bv16:18.4":{"pli":"anomuyyāne narāsabho. ","html":"<span class='verse-line'>{}</span></p>"},"bv16:19.1":{"pli":"Santo ca upasanto ca, ","html":"<p><span class='verse-line'>{}</span>"},"bv16:19.2":{"pli":"ahesuṃ aggasāvakā; ","html":"<span class='verse-line'>{}</span>"},"bv16:19.3":{"pli":"Abhayo nāmupaṭṭhāko, ","html":"<span class='verse-line'>{}</span>"},"bv16:19.4":{"pli":"atthadassissa satthuno. ","html":"<span class='verse-line'>{}</span></p>"},"bv16:20.1":{"pli":"Dhammā ceva sudhammā ca, ","html":"<p><span class='verse-line'>{}</span>"},"bv16:20.2":{"pli":"ahesuṃ aggasāvikā; ","html":"<span class='verse-line'>{}</span>"},"bv16:20.3":{"pli":"Bodhi tassa bhagavato, ","html":"<span class='verse-line'>{}</span>"},"bv16:20.4":{"pli":"campakoti pavuccati. ","html":"<span class='verse-line'>{}</span></p>"},"bv16:21.1":{"pli":"Nakulo ca nisabho ca, ","html":"<p><span class='verse-line'>{}</span>"},"bv16:21.2":{"pli":"ahesuṃ aggupaṭṭhakā; ","html":"<span class='verse-line'>{}</span>"},"bv16:21.3":{"pli":"Makilā ca sunandā ca, ","html":"<span class='verse-line'>{}</span>"},"bv16:21.4":{"pli":"ahesuṃ aggupaṭṭhikā. ","html":"<span class='verse-line'>{}</span></p>"},"bv16:22.1":{"pli":"Sopi buddho asamasamo, ","html":"<p><span class='verse-line'>{}</span>"},"bv16:22.2":{"pli":"asītihatthamuggato; ","html":"<span class='verse-line'>{}</span>"},"bv16:22.3":{"pli":"Sobhate sālarājāva, ","html":"<span class='verse-line'>{}</span>"},"bv16:22.4":{"pli":"uḷurājāva pūrito. ","html":"<span class='verse-line'>{}</span></p>"},"bv16:23.1":{"pli":"Tassa pākatikā raṃsī, ","html":"<p><span class='verse-line'>{}</span>"},"bv16:23.2":{"pli":"anekasatakoṭiyo; ","html":"<span class='verse-line'>{}</span>"},"bv16:23.3":{"pli":"Uddhaṃ adho dasa disā, ","html":"<span class='verse-line'>{}</span>"},"bv16:23.4":{"pli":"pharanti yojanaṃ sadā. ","html":"<span class='verse-line'>{}</span></p>"},"bv16:24.1":{"pli":"Sopi buddho narāsabho, ","html":"<p><span class='verse-line'>{}</span>"},"bv16:24.2":{"pli":"sabbasattuttamo muni; ","html":"<span class='verse-line'>{}</span>"},"bv16:24.3":{"pli":"Vassasatasahassāni, ","html":"<span class='verse-line'>{}</span>"},"bv16:24.4":{"pli":"loke aṭṭhāsi cakkhumā. ","html":"<span class='verse-line'>{}</span></p>"},"bv16:25.1":{"pli":"Atulaṃ dassetvā obhāsaṃ, ","html":"<p><span class='verse-line'>{}</span>"},"bv16:25.2":{"pli":"virocetvā sadevake; ","html":"<span class='verse-line'>{}</span>"},"bv16:25.3":{"pli":"Sopi aniccataṃ patto, ","html":"<span class='verse-line'>{}</span>"},"bv16:25.4":{"pli":"yathaggupādānasaṅkhayā. ","html":"<span class='verse-line'>{}</span></p>"},"bv16:26.1":{"pli":"Atthadassī jinavaro, ","html":"<p data-counter='7041'><span class='verse-line'>{}</span>"},"bv16:26.2":{"pli":"Anomārāmamhi nibbuto; ","html":"<span class='verse-line'>{}</span>"},"bv16:26.3":{"pli":"Dhātuvitthārikaṃ āsi, ","html":"<span class='verse-line'>{}</span>"},"bv16:26.4":{"pli":"Tesu tesu padesato”ti. ","html":"<span class='verse-line'>{}</span></p></blockquote>"},"bv16:27.1":{"pli":"Atthadassissa bhagavato vaṃso cuddasamo. ","html":"<p class='endsutta'>{}</p></article>"}},"bv17":{"bv17:0.1":{"pli":"Buddhavaṃsa ","html":"<article id='bv17'><header><ul><li class='division'>{}</li></ul>"},"bv17:0.2":{"pli":"17 Dhammadassībuddhavaṃsa ","html":"<h1 class='sutta-title'>{}</h1></header>"},"bv17:1.1":{"pli":"“Tattheva maṇḍakappamhi, ","html":"<blockquote class='gatha'><p><span class='verse-line'>{}</span>"},"bv17:1.2":{"pli":"dhammadassī mahāyaso; ","html":"<span class='verse-line'>{}</span>"},"bv17:1.3":{"pli":"Tamandhakāraṃ vidhamitvā, ","html":"<span class='verse-line'>{}</span>"},"bv17:1.4":{"pli":"atirocati sadevake. ","html":"<span class='verse-line'>{}</span></p>"},"bv17:2.1":{"pli":"Tassāpi atulatejassa, ","html":"<p><span class='verse-line'>{}</span>"},"bv17:2.2":{"pli":"dhammacakkappavattane; ","html":"<span class='verse-line'>{}</span>"},"bv17:2.3":{"pli":"Koṭisatasahassānaṃ, ","html":"<span class='verse-line'>{}</span>"},"bv17:2.4":{"pli":"paṭhamābhisamayo ahu. ","html":"<span class='verse-line'>{}</span></p>"},"bv17:3.1":{"pli":"Yadā buddho dhammadassī, ","html":"<p><span class='verse-line'>{}</span>"},"bv17:3.2":{"pli":"vinesi sañjayaṃ isiṃ; ","html":"<span class='verse-line'>{}</span>"},"bv17:3.3":{"pli":"Tadā navutikoṭīnaṃ, ","html":"<span class='verse-line'>{}</span>"},"bv17:3.4":{"pli":"dutiyābhisamayo ahu. ","html":"<span class='verse-line'>{}</span></p>"},"bv17:4.1":{"pli":"Yadā sakko upāgañchi, ","html":"<p><span class='verse-line'>{}</span>"},"bv17:4.2":{"pli":"sapariso vināyakaṃ; ","html":"<span class='verse-line'>{}</span>"},"bv17:4.3":{"pli":"Tadā asītikoṭīnaṃ, ","html":"<span class='verse-line'>{}</span>"},"bv17:4.4":{"pli":"tatiyābhisamayo ahu. ","html":"<span class='verse-line'>{}</span></p>"},"bv17:5.1":{"pli":"Tassāpi devadevassa, ","html":"<p><span class='verse-line'>{}</span>"},"bv17:5.2":{"pli":"sannipātā tayo ahuṃ; ","html":"<span class='verse-line'>{}</span>"},"bv17:5.3":{"pli":"Khīṇāsavānaṃ vimalānaṃ, ","html":"<span class='verse-line'>{}</span>"},"bv17:5.4":{"pli":"santacittāna tādinaṃ. ","html":"<span class='verse-line'>{}</span></p>"},"bv17:6.1":{"pli":"Yadā buddho dhammadassī, ","html":"<p><span class='verse-line'>{}</span>"},"bv17:6.2":{"pli":"Saraṇe vassaṃ upāgami; ","html":"<span class='verse-line'>{}</span>"},"bv17:6.3":{"pli":"Tadā koṭisatasahassānaṃ, ","html":"<span class='verse-line'>{}</span>"},"bv17:6.4":{"pli":"Paṭhamo āsi samāgamo. ","html":"<span class='verse-line'>{}</span></p>"},"bv17:7.1":{"pli":"Punāparaṃ yadā buddho, ","html":"<p><span class='verse-line'>{}</span>"},"bv17:7.2":{"pli":"devato eti mānusaṃ; ","html":"<span class='verse-line'>{}</span>"},"bv17:7.3":{"pli":"Tadāpi satakoṭīnaṃ, ","html":"<span class='verse-line'>{}</span>"},"bv17:7.4":{"pli":"dutiyo āsi samāgamo. ","html":"<span class='verse-line'>{}</span></p>"},"bv17:8.1":{"pli":"Punāparaṃ yadā buddho, ","html":"<p><span class='verse-line'>{}</span>"},"bv17:8.2":{"pli":"pakāsesi dhute guṇe; ","html":"<span class='verse-line'>{}</span>"},"bv17:8.3":{"pli":"Tadā asītikoṭīnaṃ, ","html":"<span class='verse-line'>{}</span>"},"bv17:8.4":{"pli":"tatiyo āsi samāgamo. ","html":"<span class='verse-line'>{}</span></p>"},"bv17:9.1":{"pli":"Ahaṃ tena samayena, ","html":"<p><span class='verse-line'>{}</span>"},"bv17:9.2":{"pli":"sakko āsiṃ purindado; ","html":"<span class='verse-line'>{}</span>"},"bv17:9.3":{"pli":"Dibbena gandhamālena, ","html":"<span class='verse-line'>{}</span>"},"bv17:9.4":{"pli":"tūriyenābhipūjayiṃ. ","html":"<span class='verse-line'>{}</span></p>"},"bv17:10.1":{"pli":"Sopi maṃ buddho byākāsi, ","html":"<p><span class='verse-line'>{}</span>"},"bv17:10.2":{"pli":"devamajjhe nisīdiya; ","html":"<span class='verse-line'>{}</span>"},"bv17:10.3":{"pli":"‘Aṭṭhārase kappasate, ","html":"<span class='verse-line'>{}</span>"},"bv17:10.4":{"pli":"ayaṃ buddho bhavissati. ","html":"<span class='verse-line'>{}</span></p>"},"bv17:11.1":{"pli":"Padhānaṃ padahitvāna, ","html":"<p><span class='verse-line'>{}</span>"},"bv17:11.2":{"pli":"…pe… ","html":"<span class='verse-line'>{}</span>"},"bv17:11.3":{"pli":"hessāma sammukhā imaṃ’. ","html":"<span class='verse-line'>{}</span></p>"},"bv17:12.1":{"pli":"Tassāpi vacanaṃ sutvā, ","html":"<p><span class='verse-line'>{}</span>"},"bv17:12.2":{"pli":"bhiyyo cittaṃ pasādayiṃ; ","html":"<span class='verse-line'>{}</span>"},"bv17:12.3":{"pli":"Uttariṃ vatamadhiṭṭhāsiṃ, ","html":"<span class='verse-line'>{}</span>"},"bv17:12.4":{"pli":"dasapāramipūriyā. ","html":"<span class='verse-line'>{}</span></p>"},"bv17:13.1":{"pli":"Saraṇaṃ nāma nagaraṃ, ","html":"<p><span class='verse-line'>{}</span>"},"bv17:13.2":{"pli":"saraṇo nāma khattiyo; ","html":"<span class='verse-line'>{}</span>"},"bv17:13.3":{"pli":"Sunandā nāma janikā, ","html":"<span class='verse-line'>{}</span>"},"bv17:13.4":{"pli":"dhammadassissa satthuno. ","html":"<span class='verse-line'>{}</span></p>"},"bv17:14.1":{"pli":"Aṭṭhavassasahassāni, ","html":"<p><span class='verse-line'>{}</span>"},"bv17:14.2":{"pli":"Agāraṃ ajjha so vasi; ","html":"<span class='verse-line'>{}</span>"},"bv17:14.3":{"pli":"Arajo virajo sudassano, ","html":"<span class='verse-line'>{}</span>"},"bv17:14.4":{"pli":"Tayo pāsādamuttamā. ","html":"<span class='verse-line'>{}</span></p>"},"bv17:15.1":{"pli":"Ticattārīsasahassāni, ","html":"<p><span class='verse-line'>{}</span>"},"bv17:15.2":{"pli":"nāriyo samalaṅkatā; ","html":"<span class='verse-line'>{}</span>"},"bv17:15.3":{"pli":"Vicikoḷi nāma nārī, ","html":"<span class='verse-line'>{}</span>"},"bv17:15.4":{"pli":"atrajo puññavaḍḍhano. ","html":"<span class='verse-line'>{}</span></p>"},"bv17:16.1":{"pli":"Nimitte caturo disvā, ","html":"<p><span class='verse-line'>{}</span>"},"bv17:16.2":{"pli":"pāsādenābhinikkhami; ","html":"<span class='verse-line'>{}</span>"},"bv17:16.3":{"pli":"Sattāhaṃ padhānacāraṃ, ","html":"<span class='verse-line'>{}</span>"},"bv17:16.4":{"pli":"acarī purisuttamo. ","html":"<span class='verse-line'>{}</span></p>"},"bv17:17.1":{"pli":"Brahmunā yācito santo, ","html":"<p><span class='verse-line'>{}</span>"},"bv17:17.2":{"pli":"dhammadassī narāsabho; ","html":"<span class='verse-line'>{}</span>"},"bv17:17.3":{"pli":"Vatti cakkaṃ mahāvīro, ","html":"<span class='verse-line'>{}</span>"},"bv17:17.4":{"pli":"migadāye naruttamo. ","html":"<span class='verse-line'>{}</span></p>"},"bv17:18.1":{"pli":"Padumo phussadevo ca, ","html":"<p><span class='verse-line'>{}</span>"},"bv17:18.2":{"pli":"ahesuṃ aggasāvakā; ","html":"<span class='verse-line'>{}</span>"},"bv17:18.3":{"pli":"Sunetto nāmupaṭṭhāko, ","html":"<span class='verse-line'>{}</span>"},"bv17:18.4":{"pli":"dhammadassissa satthuno. ","html":"<span class='verse-line'>{}</span></p>"},"bv17:19.1":{"pli":"Khemā ca saccanāmā ca, ","html":"<p><span class='verse-line'>{}</span>"},"bv17:19.2":{"pli":"ahesuṃ aggasāvikā; ","html":"<span class='verse-line'>{}</span>"},"bv17:19.3":{"pli":"Bodhi tassa bhagavato, ","html":"<span class='verse-line'>{}</span>"},"bv17:19.4":{"pli":"bimbijāloti vuccati. ","html":"<span class='verse-line'>{}</span></p>"},"bv17:20.1":{"pli":"Subhaddo kaṭissaho ceva, ","html":"<p><span class='verse-line'>{}</span>"},"bv17:20.2":{"pli":"ahesuṃ aggupaṭṭhakā; ","html":"<span class='verse-line'>{}</span>"},"bv17:20.3":{"pli":"Sāḷiyā ca kaḷiyā ca, ","html":"<span class='verse-line'>{}</span>"},"bv17:20.4":{"pli":"ahesuṃ aggupaṭṭhikā. ","html":"<span class='verse-line'>{}</span></p>"},"bv17:21.1":{"pli":"Sopi buddho asamasamo, ","html":"<p><span class='verse-line'>{}</span>"},"bv17:21.2":{"pli":"asītihatthamuggato; ","html":"<span class='verse-line'>{}</span>"},"bv17:21.3":{"pli":"Atirocati tejena, ","html":"<span class='verse-line'>{}</span>"},"bv17:21.4":{"pli":"dasasahassimhi dhātuyā. ","html":"<span class='verse-line'>{}</span></p>"},"bv17:22.1":{"pli":"Suphullo sālarājāva, ","html":"<p><span class='verse-line'>{}</span>"},"bv17:22.2":{"pli":"vijjūva gagane yathā; ","html":"<span class='verse-line'>{}</span>"},"bv17:22.3":{"pli":"Majjhanhikeva sūriyo, ","html":"<span class='verse-line'>{}</span>"},"bv17:22.4":{"pli":"evaṃ so upasobhatha. ","html":"<span class='verse-line'>{}</span></p>"},"bv17:23.1":{"pli":"Tassāpi atulatejassa, ","html":"<p><span class='verse-line'>{}</span>"},"bv17:23.2":{"pli":"samakaṃ āsi jīvitaṃ; ","html":"<span class='verse-line'>{}</span>"},"bv17:23.3":{"pli":"Vassasatasahassāni, ","html":"<span class='verse-line'>{}</span>"},"bv17:23.4":{"pli":"loke aṭṭhāsi cakkhumā. ","html":"<span class='verse-line'>{}</span></p>"},"bv17:24.1":{"pli":"Obhāsaṃ dassayitvāna, ","html":"<p><span class='verse-line'>{}</span>"},"bv17:24.2":{"pli":"vimalaṃ katvāna sāsanaṃ; ","html":"<span class='verse-line'>{}</span>"},"bv17:24.3":{"pli":"Cavi candova gagane, ","html":"<span class='verse-line'>{}</span>"},"bv17:24.4":{"pli":"nibbuto so sasāvako. ","html":"<span class='verse-line'>{}</span></p>"},"bv17:25.1":{"pli":"Dhammadassī mahāvīro, ","html":"<p data-counter='7291'><span class='verse-line'>{}</span>"},"bv17:25.2":{"pli":"Sālārāmamhi nibbuto; ","html":"<span class='verse-line'>{}</span>"},"bv17:25.3":{"pli":"Tatthevassa thūpavaro, ","html":"<span class='verse-line'>{}</span>"},"bv17:25.4":{"pli":"Tīṇiyojanamuggato”ti. ","html":"<span class='verse-line'>{}</span></p></blockquote>"},"bv17:26.1":{"pli":"Dhammadassissa bhagavato vaṃso pannarasamo. ","html":"<p class='endsutta'>{}</p></article>"}}}