{"cnd14":{"cnd14:0.1":{"pli":"Cūḷaniddesa ","html":"<article id='cnd14'><header><ul><li class='division'>{}</li>"},"cnd14:0.2":{"pli":"Pārāyanavagganiddesa ","html":"<li>{}</li>"},"cnd14:0.3":{"pli":"Pucchāniddesa ","html":"<li>{}</li></ul>"},"cnd14:0.4":{"pli":"10. Kappamāṇavapucchāniddesa ","html":"<h1 class='sutta-title'>{}</h1></header>"},"cnd14:1.1":{"pli":"<b>Majjhe sarasmiṃ tiṭṭhataṃ,</b> ","html":"<blockquote class='gatha'><p data-counter='1'><span class='verse-line'>{}</span>"},"cnd14:1.2":{"pli":"(iccāyasmā kappo) ","html":"<span class='speaker'>{}</span>"},"cnd14:1.3":{"pli":"<b>Oghe jāte mahabbhaye;</b> ","html":"<span class='verse-line'>{}</span>"},"cnd14:1.4":{"pli":"<b>Jarāmaccuparetānaṃ,</b> ","html":"<span class='verse-line'>{}</span>"},"cnd14:1.5":{"pli":"<b>Dīpaṃ pabrūhi mārisa;</b> ","html":"<span class='verse-line'>{}</span>"},"cnd14:1.6":{"pli":"<b>Tvañca me dīpamakkhāhi,</b> ","html":"<span class='verse-line'>{}</span>"},"cnd14:1.7":{"pli":"<b>Yathāyidaṃ nāparaṃ siyā. </b> ","html":"<span class='verse-line'>{}</span></p></blockquote>"},"cnd14:2.1":{"pli":"<b>Majjhe sarasmiṃ tiṭṭhatan</b>ti saro vuccati saṃsāro āgamanaṃ gamanaṃ gamanāgamanaṃ kālaṃ gati bhavābhavo cuti ca upapatti ca nibbatti ca bhedo ca jāti ca jarā ca maraṇañca. ","html":"<p>{}"},"cnd14:2.2":{"pli":"Saṃsārassa purimāpi koṭi na paññāyati, pacchimāpi koṭi na paññāyati; ","html":"{}"},"cnd14:2.3":{"pli":"majjheva saṃsāre sattā ṭhitā patiṭṭhitā allīnā upagatā ajjhositā adhimuttā. ","html":"{}</p>"},"cnd14:3.1":{"pli":"Kathaṃ saṃsārassa purimā koṭi na paññāyati? ","html":"<p>{}"},"cnd14:3.2":{"pli":"Ettakā jātiyo vaṭṭaṃ vatti, tato paraṃ na vattatīti hevaṃ natthi, evampi saṃsārassa purimā koṭi na paññāyati. ","html":"{}"},"cnd14:3.3":{"pli":"Ettakāni jātisatāni vaṭṭaṃ vatti, tato paraṃ na vattatīti hevaṃ natthi, evampi saṃsārassa purimā koṭi na paññāyati. ","html":"{}"},"cnd14:3.4":{"pli":"Ettakāni jātisahassāni vaṭṭaṃ vatti, tato paraṃ na vattatīti hevaṃ natthi, evampi saṃsārassa purimā koṭi na paññāyati. ","html":"{}"},"cnd14:3.5":{"pli":"Ettakāni jātisatasahassāni vaṭṭaṃ vatti, tato paraṃ na vattatīti hevaṃ natthi, evampi saṃsārassa purimā koṭi na paññāyati. ","html":"{}"},"cnd14:3.6":{"pli":"Ettakā jātikoṭiyo vaṭṭaṃ vatti, tato paraṃ na vattatīti hevaṃ natthi, evampi saṃsārassa purimā koṭi na paññāyati. ","html":"{}"},"cnd14:3.7":{"pli":"Ettakāni jātikoṭisatāni vaṭṭaṃ vatti, tato paraṃ na vattatīti hevaṃ natthi, evampi saṃsārassa purimā koṭi na paññāyati. ","html":"{}"},"cnd14:3.8":{"pli":"Ettakāni jātikoṭisahassāni vaṭṭaṃ vatti, tato paraṃ na vattatīti, hevaṃ natthi. ","html":"{}"},"cnd14:3.9":{"pli":"Evampi saṃsārassa purimā koṭi na paññāyati. ","html":"{}"},"cnd14:3.10":{"pli":"Ettakāni jātikoṭisatasahassāni vaṭṭaṃ vatti, tato paraṃ na vattatīti hevaṃ natthi, evampi saṃsārassa purimā koṭi na paññāyati. ","html":"{}</p>"},"cnd14:4.1":{"pli":"Ettakāni vassāni vaṭṭaṃ vatti, tato paraṃ na vattatīti hevaṃ natthi, evampi saṃsārassa purimā koṭi na paññāyati. ","html":"<p>{}"},"cnd14:4.2":{"pli":"Ettakāni vassasatāni vaṭṭaṃ vatti, tato paraṃ na vattatīti hevaṃ natthi, evampi saṃsārassa purimā koṭi na paññāyati. ","html":"{}"},"cnd14:4.3":{"pli":"Ettakāni vassasahassāni vaṭṭaṃ vatti, tato paraṃ na vattatīti hevaṃ natthi, evampi saṃsārassa purimā koṭi na paññāyati. ","html":"{}"},"cnd14:4.4":{"pli":"Ettakāni vassasatasahassāni vaṭṭaṃ vatti, tato paraṃ na vattatīti hevaṃ natthi, evampi saṃsārassa purimā koṭi na paññāyati. ","html":"{}"},"cnd14:4.5":{"pli":"Ettakā vassakoṭiyo vaṭṭaṃ vatti, tato paraṃ na vattatīti hevaṃ natthi, evampi saṃsārassa purimā koṭi na paññāyati. ","html":"{}"},"cnd14:4.6":{"pli":"Ettakāni vassakoṭisatāni vaṭṭaṃ vatti, tato paraṃ na vattatīti hevaṃ natthi, evampi saṃsārassa purimā koṭi na paññāyati. ","html":"{}"},"cnd14:4.7":{"pli":"Ettakāni vassakoṭisahassāni vaṭṭaṃ vatti, tato paraṃ na vattatīti hevaṃ natthi, evampi saṃsārassa purimā koṭi na paññāyati. ","html":"{}"},"cnd14:4.8":{"pli":"Ettakāni vassakoṭisatasahassāni vaṭṭaṃ vatti, tato paraṃ na vattatīti hevaṃ natthi, evampi saṃsārassa purimā koṭi na paññāyati. ","html":"{}</p>"},"cnd14:5.1":{"pli":"Ettakāni kappāni vaṭṭaṃ vatti, tato paraṃ na vattatīti hevaṃ natthi, evampi saṃsārassa purimā koṭi na paññāyati. ","html":"<p>{}"},"cnd14:5.2":{"pli":"Ettakāni kappasatāni vaṭṭaṃ vatti, tato paraṃ na vattatīti hevaṃ natthi, evampi saṃsārassa purimā koṭi na paññāyati. ","html":"{}"},"cnd14:5.3":{"pli":"Ettakāni kappasahassāni vaṭṭaṃ vatti, tato paraṃ na vattatīti hevaṃ natthi, evampi saṃsārassa purimā koṭi na paññāyati. ","html":"{}"},"cnd14:5.4":{"pli":"Ettakāni kappasatasahassāni vaṭṭaṃ vatti, tato paraṃ na vattatīti hevaṃ natthi, evampi saṃsārassa purimā koṭi na paññāyati. ","html":"{}"},"cnd14:5.5":{"pli":"Ettakā kappakoṭiyo vaṭṭaṃ vatti, tato paraṃ na vattatīti hevaṃ natthi, evampi saṃsārassa purimā koṭi na paññāyati. ","html":"{}"},"cnd14:5.6":{"pli":"Ettakāni kappakoṭisatāni vaṭṭaṃ vatti, tato paraṃ na vattatīti hevaṃ natthi, evampi saṃsārassa purimā koṭi na paññāyati. ","html":"{}"},"cnd14:5.7":{"pli":"Ettakāni kappakoṭisahassāni vaṭṭaṃ vatti, tato paraṃ na vattatīti hevaṃ natthi, evampi saṃsārassa purimā koṭi na paññāyati. ","html":"{}"},"cnd14:5.8":{"pli":"Ettakāni kappakoṭisatasahassāni vaṭṭaṃ vatti, tato paraṃ na vattatīti hevaṃ natthi, evampi saṃsārassa purimā koṭi na paññāyati. ","html":"{}</p>"},"cnd14:6.1":{"pli":"Vuttañhetaṃ bhagavatā—","html":"<p>{}"},"cnd14:6.2":{"pli":"“anamataggoyaṃ, bhikkhave, saṃsāro, pubbā koṭi na paññāyati avijjānīvaraṇānaṃ sattānaṃ taṇhāsaṃyojanānaṃ sandhāvataṃ saṃsarataṃ. ","html":"{}"},"cnd14:6.3":{"pli":"Evaṃ dīgharattaṃ kho, bhikkhave, dukkhaṃ paccanubhūtaṃ tibbaṃ paccanubhūtaṃ byasanaṃ paccanubhūtaṃ, kaṭasī vaḍḍhitā. ","html":"{}"},"cnd14:6.4":{"pli":"Yāvañcidaṃ, bhikkhave, alameva sabbasaṅkhāresu nibbindituṃ alaṃ virajjituṃ alaṃ vimuccitun”ti. ","html":"{}"},"cnd14:6.5":{"pli":"Evampi saṃsārassa purimā koṭi na paññāyati. ","html":"{}</p>"},"cnd14:7.1":{"pli":"Kathaṃ saṃsārassa pacchimā koṭi na paññāyati? ","html":"<p>{}"},"cnd14:7.2":{"pli":"Ettakā jātiyo vaṭṭaṃ vattissati, tato paraṃ na vattissatīti hevaṃ natthi, evampi saṃsārassa pacchimā koṭi na paññāyati. ","html":"{}"},"cnd14:7.3":{"pli":"Ettakāni jātisatāni, ettakāni jātisahassāni, ettakāni jātisatasahassāni …pe… ","html":"{}"},"cnd14:7.4":{"pli":"ettakā jātikoṭiyo, ettakāni jātikoṭisatāni, ettakāni jātikoṭisahassāni, ettakāni jātikoṭisatasahassāni, ettakāni vassāni, ettakāni vassasatāni, ettakāni vassasahassāni, ettakāni vassasatasahassāni, ettakā vassakoṭiyo, ettakāni vassakoṭisatāni, ettakāni vassakoṭisahassāni, ettakāni vassakoṭisatasahassāni, ettakāni kappāni, ettakāni kappasatāni, ettakāni kappasahassāni, ettakāni kappasatasahassāni, ettakā kappakoṭiyo, ettakāni kappakoṭisatāni, ettakāni kappakoṭisahassāni, ettakāni kappakoṭisatasahassāni vaṭṭaṃ vattissati, tato paraṃ na vattissatīti hevaṃ natthi, evampi saṃsārassa pacchimā koṭi na paññāyati. ","html":"{}"},"cnd14:7.5":{"pli":"Evampi saṃsārassa purimāpi koṭi na paññāyati, pacchimāpi koṭi na paññāyati, majjheva saṃsāre sattā ṭhitā patiṭṭhitā allīnā upagatā ajjhositā adhimuttāti—","html":"{}"},"cnd14:7.6":{"pli":"majjhe sarasmiṃ tiṭṭhataṃ. ","html":"{}"},"cnd14:7.7":{"pli":"<b>Iccāyasmā kappo</b>ti. ","html":"{}"},"cnd14:7.8":{"pli":"<b>Iccā</b>ti padasandhi …pe…. ","html":"{}"},"cnd14:7.9":{"pli":"<b>Āyasmā</b>ti piyavacanaṃ …pe…. ","html":"{}"},"cnd14:7.10":{"pli":"<b>Kappo</b>ti tassa brāhmaṇassa nāmaṃ …pe… abhilāpoti—","html":"{}"},"cnd14:7.11":{"pli":"iccāyasmā kappo. ","html":"{}</p>"},"cnd14:8.1":{"pli":"<b>Oghe jāte mahabbhaye</b>ti kāmoghe bhavoghe diṭṭhoghe avijjoghe jāte sañjāte nibbatte abhinibbatte pātubhūte. ","html":"<p>{}"},"cnd14:8.2":{"pli":"<b>Mahabbhaye</b>ti jātibhaye jarābhaye byādhibhaye maraṇabhayeti—","html":"{}"},"cnd14:8.3":{"pli":"oghe jāte mahabbhaye. ","html":"{}</p>"},"cnd14:9.1":{"pli":"<b>Jarāmaccuparetānan</b>ti jarāya phuṭṭhānaṃ paretānaṃ samohitānaṃ samannāgatānaṃ. ","html":"<p>{}"},"cnd14:9.2":{"pli":"Maccunā phuṭṭhānaṃ paretānaṃ samohitānaṃ samannāgatānaṃ, jātiyā anugatānaṃ jarāya anusaṭānaṃ byādhinā abhibhūtānaṃ maraṇena abbhāhatānaṃ atāṇānaṃ aleṇānaṃ asaraṇānaṃ asaraṇībhūtānanti—","html":"{}"},"cnd14:9.3":{"pli":"jarāmaccuparetānaṃ. ","html":"{}</p>"},"cnd14:10.1":{"pli":"<b>Dīpaṃ pabrūhi mārisā</b>ti dīpaṃ tāṇaṃ leṇaṃ saraṇaṃ gatiṃ parāyanaṃ brūhi ācikkhāhi desehi paññapehi paṭṭhapehi vivarāhi vibhajāhi uttānīkarohi pakāsehi. ","html":"<p>{}"},"cnd14:10.2":{"pli":"<b>Mārisā</b>ti piyavacanaṃ garuvacanaṃ sagāravasappatissādhivacanametaṃ mārisāti—","html":"{}"},"cnd14:10.3":{"pli":"dīpaṃ pabrūhi mārisa. ","html":"{}</p>"},"cnd14:11.1":{"pli":"<b>Tvañca me dīpamakkhāhī</b>ti. ","html":"<p>{}"},"cnd14:11.2":{"pli":"<b>Tvan</b>ti bhagavantaṃ bhaṇati. ","html":"{}"},"cnd14:11.3":{"pli":"<b>Dīpamakkhāhī</b>ti dīpaṃ tāṇaṃ leṇaṃ saraṇaṃ gatiṃ parāyanaṃ akkhāhi ācikkhāhi desehi paññapehi paṭṭhapehi vivarāhi vibhajāhi uttānīkarohi pakāsehīti—","html":"{}"},"cnd14:11.4":{"pli":"tvañca me dīpamakkhāhi. ","html":"{}</p>"},"cnd14:12.1":{"pli":"<b>Yathāyidaṃ nāparaṃ siyā</b>ti yathayidaṃ dukkhaṃ idheva nirujjheyya vūpasameyya atthaṃ gaccheyya paṭippassambheyya punapaṭisandhikaṃ dukkhaṃ na nibbatteyya, kāmadhātuyā vā rūpadhātuyā vā arūpadhātuyā vā kāmabhave vā rūpabhave vā arūpabhave vā saññābhave vā asaññābhave vā nevasaññānāsaññābhave vā ekavokārabhave vā catuvokārabhave vā pañcavokārabhave vā punagatiyā vā upapattiyā vā paṭisandhiyā vā bhave vā saṃsāre vā vaṭṭe vā na janeyya na sañjaneyya na nibbatteyya nābhinibbatteyya. ","html":"<p>{}"},"cnd14:12.2":{"pli":"Idheva nirujjheyya vūpasameyya atthaṃ gaccheyya paṭippassambheyyāti—","html":"{}"},"cnd14:12.3":{"pli":"yathāyidaṃ nāparaṃ siyā. ","html":"{}"},"cnd14:12.4":{"pli":"Tenāha so brāhmaṇo—","html":"{}</p>"},"cnd14:13.1":{"pli":"“Majjhe sarasmiṃ tiṭṭhataṃ, ","html":"<blockquote class='gatha'><p><span class='verse-line'>{}</span>"},"cnd14:13.2":{"pli":"(iccāyasmā kappo) ","html":"<span class='speaker'>{}</span>"},"cnd14:13.3":{"pli":"Oghe jāte mahabbhaye; ","html":"<span class='verse-line'>{}</span>"},"cnd14:13.4":{"pli":"Jarāmaccuparetānaṃ, ","html":"<span class='verse-line'>{}</span>"},"cnd14:13.5":{"pli":"Dīpaṃ pabrūhi mārisa; ","html":"<span class='verse-line'>{}</span>"},"cnd14:13.6":{"pli":"Tvañca me dīpamakkhāhi, ","html":"<span class='verse-line'>{}</span>"},"cnd14:13.7":{"pli":"Yathāyidaṃ nāparaṃ siyā”ti. ","html":"<span class='verse-line'>{}</span></p></blockquote>"},"cnd14:14.1":{"pli":"<b>Majjhe sarasmiṃ tiṭṭhataṃ,</b> ","html":"<blockquote class='gatha'><p data-counter='2'><span class='verse-line'>{}</span>"},"cnd14:14.2":{"pli":"(kappāti bhagavā) ","html":"<span class='speaker'>{}</span>"},"cnd14:14.3":{"pli":"<b>Oghe jāte mahabbhaye;</b> ","html":"<span class='verse-line'>{}</span>"},"cnd14:14.4":{"pli":"<b>Jarāmaccuparetānaṃ,</b> ","html":"<span class='verse-line'>{}</span>"},"cnd14:14.5":{"pli":"<b>Dīpaṃ pabrūmi kappa te. </b> ","html":"<span class='verse-line'>{}</span></p></blockquote>"},"cnd14:15.1":{"pli":"<b>Majjhe sarasmiṃ tiṭṭhatan</b>ti saro vuccati saṃsāro āgamanaṃ gamanaṃ gamanāgamanaṃ kālaṃ gati bhavābhavo, cuti ca upapatti ca nibbatti ca bhedo ca jāti ca jarā ca maraṇañca. ","html":"<p>{}"},"cnd14:15.2":{"pli":"Saṃsārassa purimāpi koṭi na paññāyati, pacchimāpi koṭi na paññāyati. ","html":"{}"},"cnd14:15.3":{"pli":"Majjheva saṃsāre sattā ṭhitā patiṭṭhitā allīnā upagatā ajjhositā adhimuttā. ","html":"{}</p>"},"cnd14:16.1":{"pli":"Kathaṃ saṃsārassa purimā koṭi na paññāyati …pe… ","html":"<p>{}"},"cnd14:16.2":{"pli":"evaṃ saṃsārassa purimā koṭi na paññāyati. ","html":"{}"},"cnd14:16.3":{"pli":"Kathaṃ saṃsārassa pacchimā koṭi na paññāyati …pe… ","html":"{}"},"cnd14:16.4":{"pli":"evaṃ saṃsārassa pacchimā koṭi na paññāyati. ","html":"{}"},"cnd14:16.5":{"pli":"Evaṃ saṃsārassa purimāpi koṭi na paññāyati, pacchimāpi koṭi na paññāyati. ","html":"{}"},"cnd14:16.6":{"pli":"Majjheva saṃsāre sattā ṭhitā patiṭṭhitā allīnā upagatā ajjhositā adhimuttāti—","html":"{}"},"cnd14:16.7":{"pli":"majjhe sarasmiṃ tiṭṭhataṃ. ","html":"{}"},"cnd14:16.8":{"pli":"<b>Kappāti bhagavā</b>ti. ","html":"{}"},"cnd14:16.9":{"pli":"<b>Kappā</b>ti bhagavā taṃ brāhmaṇaṃ nāmena ālapati. ","html":"{}"},"cnd14:16.10":{"pli":"<b>Bhagavā</b>ti gāravādhivacanametaṃ …pe… sacchikā paññatti, yadidaṃ bhagavāti—","html":"{}"},"cnd14:16.11":{"pli":"kappāti bhagavā. ","html":"{}</p>"},"cnd14:17.1":{"pli":"<b>Oghe jāte mahabbhaye</b>ti kāmoghe bhavoghe diṭṭhoghe avijjoghe jāte sañjāte nibbatte abhinibbatte pātubhūte. ","html":"<p>{}"},"cnd14:17.2":{"pli":"<b>Mahabbhaye</b>ti jātibhaye jarābhaye byādhibhaye maraṇabhayeti—","html":"{}"},"cnd14:17.3":{"pli":"oghe jāte mahabbhaye. ","html":"{}</p>"},"cnd14:18.1":{"pli":"<b>Jarāmaccuparetānan</b>ti jarāya phuṭṭhānaṃ paretānaṃ samohitānaṃ samannāgatānaṃ, maccunā phuṭṭhānaṃ paretānaṃ samohitānaṃ samannāgatānaṃ jātiyā anugatānaṃ jarāya anusaṭānaṃ byādhinā abhibhūtānaṃ maraṇena abbhāhatānaṃ atāṇānaṃ aleṇānaṃ asaraṇānaṃ asaraṇībhūtānanti—","html":"<p>{}"},"cnd14:18.2":{"pli":"jarāmaccuparetānaṃ. ","html":"{}</p>"},"cnd14:19.1":{"pli":"<b>Dīpaṃ pabrūmi kappa te</b>ti dīpaṃ tāṇaṃ leṇaṃ saraṇaṃ gatiṃ parāyanaṃ brūmi ācikkhāmi desemi paññapemi paṭṭhapemi vivarāmi vibhajāmi uttānīkaromi pakāsemīti—","html":"<p>{}"},"cnd14:19.2":{"pli":"dīpaṃ pabrūmi kappa te. ","html":"{}"},"cnd14:19.3":{"pli":"Tenāha bhagavā—","html":"{}</p>"},"cnd14:20.1":{"pli":"“Majjhe sarasmiṃ tiṭṭhataṃ, ","html":"<blockquote class='gatha'><p><span class='verse-line'>{}</span>"},"cnd14:20.2":{"pli":"(kappāti bhagavā) ","html":"<span class='speaker'>{}</span>"},"cnd14:20.3":{"pli":"Oghe jāte mahabbhaye; ","html":"<span class='verse-line'>{}</span>"},"cnd14:20.4":{"pli":"Jarāmaccuparetānaṃ, ","html":"<span class='verse-line'>{}</span>"},"cnd14:20.5":{"pli":"Dīpaṃ pabrūmi kappa te”ti. ","html":"<span class='verse-line'>{}</span></p></blockquote>"},"cnd14:21.1":{"pli":"<b>Akiñcanaṃ anādānaṃ,</b> ","html":"<blockquote class='gatha'><p data-counter='31'><span class='verse-line'>{}</span>"},"cnd14:21.2":{"pli":"<b>etaṃ dīpaṃ anāparaṃ;</b> ","html":"<span class='verse-line'>{}</span>"},"cnd14:21.3":{"pli":"<b>Nibbānaṃ iti naṃ brūmi,</b> ","html":"<span class='verse-line'>{}</span>"},"cnd14:21.4":{"pli":"<b>jarāmaccuparikkhayaṃ. </b> ","html":"<span class='verse-line'>{}</span></p></blockquote>"},"cnd14:22.1":{"pli":"<b>Akiñcanaṃ anādānan</b>ti. ","html":"<p>{}"},"cnd14:22.2":{"pli":"<b>Kiñcanan</b>ti—","html":"{}"},"cnd14:22.3":{"pli":"rāgakiñcanaṃ dosakiñcanaṃ mohakiñcanaṃ mānakiñcanaṃ diṭṭhikiñcanaṃ kilesakiñcanaṃ duccaritakiñcanaṃ; ","html":"{}"},"cnd14:22.4":{"pli":"kiñcanappahānaṃ kiñcanavūpasamaṃ kiñcanapaṭinissaggaṃ kiñcanapaṭippassaddhiṃ amataṃ nibbānanti—","html":"{}"},"cnd14:22.5":{"pli":"akiñcanaṃ. ","html":"{}"},"cnd14:22.6":{"pli":"<b>Anādānan</b>ti <b>ādānaṃ</b> vuccati taṇhā. ","html":"{}"},"cnd14:22.7":{"pli":"Yo rāgo sārāgo …pe… abhijjhā lobho akusalamūlaṃ. ","html":"{}"},"cnd14:22.8":{"pli":"Ādānappahānaṃ ādānavūpasamaṃ ādānapaṭinissaggaṃ ādānapaṭippassaddhiṃ amataṃ nibbānanti—","html":"{}"},"cnd14:22.9":{"pli":"akiñcanaṃ anādānaṃ. ","html":"{}</p>"},"cnd14:23.1":{"pli":"<b>Etaṃ dīpaṃ anāparan</b>ti etaṃ dīpaṃ tāṇaṃ leṇaṃ saraṇaṃ gati parāyanaṃ. ","html":"<p>{}"},"cnd14:23.2":{"pli":"<b>Anāparan</b>ti tamhā paro añño dīpo natthi. ","html":"{}"},"cnd14:23.3":{"pli":"Atha kho so evaṃ dīpo aggo ca seṭṭho ca viseṭṭho ca pāmokkho ca uttamo ca pavaro cāti—","html":"{}"},"cnd14:23.4":{"pli":"etaṃ dīpaṃ anāparaṃ. ","html":"{}</p>"},"cnd14:24.1":{"pli":"<b>Nibbānaṃ iti naṃ brūmī</b>ti vānaṃ vuccati taṇhā. ","html":"<p>{}"},"cnd14:24.2":{"pli":"Yo rāgo sārāgo …pe… abhijjhā lobho akusalamūlaṃ. ","html":"{}"},"cnd14:24.3":{"pli":"Vānappahānaṃ vānavūpasamaṃ vānapaṭinissaggaṃ vānapaṭippassaddhiṃ amataṃ nibbānaṃ. ","html":"{}"},"cnd14:24.4":{"pli":"<b>Itī</b>ti padasandhi padasaṃsaggo padapāripūrī akkharasamavāyo byañjanasiliṭṭhatā padānupubbatāpetaṃ—","html":"{}"},"cnd14:24.5":{"pli":"itīti. ","html":"{}"},"cnd14:24.6":{"pli":"<b>Brūmī</b>ti brūmi ācikkhāmi desemi paññapemi paṭṭhapemi vivarāmi vibhajāmi uttānīkaromi pakāsemīti—","html":"{}"},"cnd14:24.7":{"pli":"nibbānaṃ iti naṃ brūmi. ","html":"{}</p>"},"cnd14:25.1":{"pli":"<b>Jarāmaccuparikkhayan</b>ti jarāmaraṇassa pahānaṃ vūpasamaṃ paṭinissaggaṃ paṭippassaddhiṃ amataṃ nibbānanti—","html":"<p>{}"},"cnd14:25.2":{"pli":"jarāmaccuparikkhayaṃ. ","html":"{}"},"cnd14:25.3":{"pli":"Tenāha bhagavā—","html":"{}</p>"},"cnd14:26.1":{"pli":"“Akiñcanaṃ anādānaṃ, ","html":"<blockquote class='gatha'><p><span class='verse-line'>{}</span>"},"cnd14:26.2":{"pli":"etaṃ dīpaṃ anāparaṃ; ","html":"<span class='verse-line'>{}</span>"},"cnd14:26.3":{"pli":"Nibbānaṃ iti naṃ brūmi, ","html":"<span class='verse-line'>{}</span>"},"cnd14:26.4":{"pli":"jarāmaccuparikkhayan”ti. ","html":"<span class='verse-line'>{}</span></p></blockquote>"},"cnd14:27.1":{"pli":"<b>Etadaññāya ye satā,</b> ","html":"<blockquote class='gatha'><p data-counter='41'><span class='verse-line'>{}</span>"},"cnd14:27.2":{"pli":"<b>Diṭṭhadhammābhinibbutā;</b> ","html":"<span class='verse-line'>{}</span>"},"cnd14:27.3":{"pli":"<b>Na te māravasānugā,</b> ","html":"<span class='verse-line'>{}</span>"},"cnd14:27.4":{"pli":"<b>Na te mārassa paddhagū. </b> ","html":"<span class='verse-line'>{}</span></p></blockquote>"},"cnd14:28.1":{"pli":"<b>Etadaññāya ye satā</b>ti. ","html":"<p>{}"},"cnd14:28.2":{"pli":"<b>Etan</b>ti amataṃ nibbānaṃ. ","html":"{}"},"cnd14:28.3":{"pli":"Yo so sabbasaṅkhārasamatho sabbūpadhipaṭinissaggo taṇhakkhayo virāgo nirodho nibbānaṃ. ","html":"{}"},"cnd14:28.4":{"pli":"<b>Aññāyā</b>ti aññāya jānitvā tulayitvā tīrayitvā vibhāvayitvā vibhūtaṃ katvā, “sabbe saṅkhārā aniccā”ti …pe… ","html":"{}"},"cnd14:28.5":{"pli":"“yaṃ kiñci samudayadhammaṃ, sabbaṃ taṃ nirodhadhamman”ti aññāya jānitvā tulayitvā tīrayitvā vibhāvayitvā vibhūtaṃ katvā. ","html":"{}"},"cnd14:28.6":{"pli":"<b>Ye</b>ti arahanto khīṇāsavā. ","html":"{}"},"cnd14:28.7":{"pli":"<b>Satā</b>ti catūhi kāraṇehi satā—","html":"{}"},"cnd14:28.8":{"pli":"kāye kāyānupassanāsatipaṭṭhānaṃ bhāventā satā …pe… ","html":"{}"},"cnd14:28.9":{"pli":"te vuccanti satāti—","html":"{}"},"cnd14:28.10":{"pli":"etadaññāya ye satā. ","html":"{}</p>"},"cnd14:29.1":{"pli":"<b>Diṭṭhadhammābhinibbutā</b>ti. ","html":"<p>{}"},"cnd14:29.2":{"pli":"<b>Diṭṭhadhammā</b>ti diṭṭhadhammā ñātadhammā tulitadhammā tīritadhammā vibhūtadhammā vibhāvitadhammā. ","html":"{}"},"cnd14:29.3":{"pli":"<b>Abhinibbutā</b>ti rāgassa nibbāpitattā nibbutā, dosassa …pe… ","html":"{}"},"cnd14:29.4":{"pli":"sabbākusalābhisaṅkhārānaṃ santattā samitattā vūpasamitattā nijjhātattā nibbutattā paṭippassaddhattā santā upasantā vūpasantā nibbutā paṭippassaddhāti—","html":"{}"},"cnd14:29.5":{"pli":"diṭṭhadhammābhinibbutā. ","html":"{}</p>"},"cnd14:30.1":{"pli":"<b>Na te māravasānugā</b>ti. ","html":"<p>{}"},"cnd14:30.2":{"pli":"<b>Māro</b>ti yo so māro kaṇho adhipati antagū namuci pamattabandhu. ","html":"{}"},"cnd14:30.3":{"pli":"<b>Na te māravasānugā</b>ti na te mārassa vase vattanti, nāpi māro tesu vasaṃ vatteti. ","html":"{}"},"cnd14:30.4":{"pli":"Te mārañca mārapakkhañca mārapāsañca mārabaḷisañca mārāmisañca māravisayañca māranivāsañca māragocarañca mārabandhanañca abhibhuyya abhibhavitvā ajjhottharitvā pariyādiyitvā madditvā caranti viharanti iriyanti vattenti pālenti yapenti yāpentīti—","html":"{}"},"cnd14:30.5":{"pli":"na te māravasānugā. ","html":"{}</p>"},"cnd14:31.1":{"pli":"<b>Na te mārassa paddhagū</b>ti na te mārassa paddhā paddhacarā paricārikā siyā; ","html":"<p>{}"},"cnd14:31.2":{"pli":"buddhassa te bhagavato paddhā paddhacarā paricārikā siyāti—","html":"{}"},"cnd14:31.3":{"pli":"na te mārassa paddhagū. ","html":"{}"},"cnd14:31.4":{"pli":"Tenāha bhagavā—","html":"{}</p>"},"cnd14:32.1":{"pli":"“Etadaññāya ye satā, ","html":"<blockquote class='gatha'><p><span class='verse-line'>{}</span>"},"cnd14:32.2":{"pli":"diṭṭhadhammābhinibbutā; ","html":"<span class='verse-line'>{}</span>"},"cnd14:32.3":{"pli":"Na te māravasānugā, ","html":"<span class='verse-line'>{}</span>"},"cnd14:32.4":{"pli":"na te mārassa paddhagū”ti. ","html":"<span class='verse-line'>{}</span></p></blockquote>"},"cnd14:33.1":{"pli":"Saha gāthāpariyosānā …pe… ","html":"<p>{}"},"cnd14:33.2":{"pli":"satthā me bhante bhagavā, sāvakohamasmīti. ","html":"{}</p>"},"cnd14:33.3":{"pli":"Kappamāṇavapucchāniddeso dasamo. ","html":"<p class='endsutta'>{}</p></article>"}},"cnd15":{"cnd15:0.1":{"pli":"Cūḷaniddesa ","html":"<article id='cnd15'><header><ul><li class='division'>{}</li>"},"cnd15:0.2":{"pli":"Pārāyanavagganiddesa ","html":"<li>{}</li>"},"cnd15:0.3":{"pli":"Pucchāniddesa ","html":"<li>{}</li></ul>"},"cnd15:0.4":{"pli":"11. Jatukaṇṇimāṇavapucchāniddesa ","html":"<h1 class='sutta-title'>{}</h1></header>"},"cnd15:1.1":{"pli":"<b>Sutvānahaṃ vīramakāmakāmiṃ,</b> ","html":"<blockquote class='gatha'><p data-counter='1'><span class='verse-line'>{}</span>"},"cnd15:1.2":{"pli":"(iccāyasmā jatukaṇṇi) ","html":"<span class='speaker'>{}</span>"},"cnd15:1.3":{"pli":"<b>Oghātigaṃ puṭṭhumakāmamāgamaṃ;</b> ","html":"<span class='verse-line'>{}</span>"},"cnd15:1.4":{"pli":"<b>Santipadaṃ brūhi sahajanetta,</b> ","html":"<span class='verse-line'>{}</span>"},"cnd15:1.5":{"pli":"<b>Yathātacchaṃ bhagavā brūhi metaṃ. </b> ","html":"<span class='verse-line'>{}</span></p></blockquote>"},"cnd15:2.1":{"pli":"<b>Sutvānahaṃ vīramakāmakāmin</b>ti sutvā suṇitvā uggahetvā upadhāretvā upalakkhayitvā. ","html":"<p>{}"},"cnd15:2.2":{"pli":"Itipi so bhagavā arahaṃ …pe… buddho bhagavāti—","html":"{}"},"cnd15:2.3":{"pli":"sutvānahaṃ. ","html":"{}"},"cnd15:2.4":{"pli":"<b>Vīran</b>ti vīro bhagavā. ","html":"{}"},"cnd15:2.5":{"pli":"Vīriyavāti vīro, pahūti vīro, visavīti vīro, alamattoti vīro, sūroti vīro, vikkanto abhīrū acchambhī anutrāsī apalāyī pahīnabhayabheravo vigatalomahaṃsoti vīro. ","html":"{}</p>"},"cnd15:3.1":{"pli":"Virato idha sabbapāpakehi, ","html":"<blockquote class='gatha'><p><span class='verse-line'>{}</span>"},"cnd15:3.2":{"pli":"Nirayadukkhaṃ aticca vīriyavāso; ","html":"<span class='verse-line'>{}</span>"},"cnd15:3.3":{"pli":"So vīriyavā padhānavā, ","html":"<span class='verse-line'>{}</span>"},"cnd15:3.4":{"pli":"Vīro tādi pavuccate tathattāti. ","html":"<span class='verse-line'>{}</span></p></blockquote>"},"cnd15:4.1":{"pli":"Sutvānahaṃ vīraṃ. ","html":"<p>{}"},"cnd15:4.2":{"pli":"<b>Akāmakāmin</b>ti. ","html":"{}"},"cnd15:4.3":{"pli":"<b>Kāmā</b>ti uddānato dve kāmā—","html":"{}"},"cnd15:4.4":{"pli":"vatthukāmā ca kilesakāmā ca …pe… ","html":"{}"},"cnd15:4.5":{"pli":"ime vuccanti vatthukāmā …pe… ","html":"{}"},"cnd15:4.6":{"pli":"ime vuccanti kilesakāmā. ","html":"{}"},"cnd15:4.7":{"pli":"Buddhassa bhagavato vatthukāmā pariññātā, kilesakāmā pahīnā. ","html":"{}"},"cnd15:4.8":{"pli":"Vatthukāmānaṃ pariññātattā kilesakāmānaṃ pahīnattā bhagavā na kāme kāmeti, na kāme pattheti, na kāme piheti, na kāme abhijappati. ","html":"{}"},"cnd15:4.9":{"pli":"Ye kāme kāmenti, kāme patthenti, kāme pihenti, kāme abhijappanti, te kāmakāmino rāgarāgino saññāsaññino. ","html":"{}"},"cnd15:4.10":{"pli":"Bhagavā na kāme kāmeti, na kāme pattheti, na kāme piheti, na kāme abhijappati. ","html":"{}"},"cnd15:4.11":{"pli":"Tasmā buddho akāmo nikkāmo cattakāmo vantakāmo muttakāmo pahīnakāmo paṭinissaṭṭhakāmo vītarāgo vigatarāgo cattarāgo vantarāgo muttarāgo pahīnarāgo paṭinissaṭṭharāgo nicchāto nibbuto sītibhūto sukhappaṭisaṃvedī brahmabhūtena attanā viharatīti—","html":"{}"},"cnd15:4.12":{"pli":"sutvānahaṃ vīra amakāmakāmiṃ. ","html":"{}</p>"},"cnd15:5.1":{"pli":"<b>Iccāyasmā jatukaṇṇī</b>ti. ","html":"<p>{}"},"cnd15:5.2":{"pli":"<b>Iccā</b>ti padasandhi …pe… padānupubbatāpetaṃ—","html":"{}"},"cnd15:5.3":{"pli":"iccāti. ","html":"{}"},"cnd15:5.4":{"pli":"<b>Āyasmā</b>ti piyavacanaṃ sagāravasappatissādhivacanametaṃ āyasmāti. ","html":"{}"},"cnd15:5.5":{"pli":"<b>Jatukaṇṇī</b>ti tassa brāhmaṇassa gottaṃ saṅkhā samaññā paññatti vohāroti—","html":"{}"},"cnd15:5.6":{"pli":"iccāyasmā jatukaṇṇi. ","html":"{}</p>"},"cnd15:6.1":{"pli":"<b>Oghātigaṃ puṭṭhumakāmamāgaman</b>ti. ","html":"<p>{}"},"cnd15:6.2":{"pli":"<b>Oghātigan</b>ti oghātigaṃ oghaṃ atikkantaṃ samatikkantaṃ vītivattanti—","html":"{}"},"cnd15:6.3":{"pli":"oghātigaṃ. ","html":"{}"},"cnd15:6.4":{"pli":"<b>Puṭṭhun</b>ti puṭṭhuṃ pucchituṃ yācituṃ ajjhesituṃ pasādetuṃ. ","html":"{}"},"cnd15:6.5":{"pli":"<b>Akāmamāgaman</b>ti akāmaṃ puṭṭhuṃ nikkāmaṃ cattakāmaṃ vantakāmaṃ muttakāmaṃ pahīnakāmaṃ paṭinissaṭṭhakāmaṃ vītarāgaṃ vigatarāgaṃ cattarāgaṃ vantarāgaṃ muttarāgaṃ pahīnarāgaṃ paṭinissaṭṭharāgaṃ āgamhā āgatamhā upāgatamhā sampattamhā tayā saddhiṃ samāgatamhāti—","html":"{}"},"cnd15:6.6":{"pli":"oghātigaṃ puṭṭhumakāmamāgamaṃ. ","html":"{}</p>"},"cnd15:7.1":{"pli":"<b>Santipadaṃ brūhi sahajanettā</b>ti. ","html":"<p>{}"},"cnd15:7.2":{"pli":"<b>Santī</b>ti ekena ākārena santipi santipadampi taṃyeva amataṃ nibbānaṃ. ","html":"{}"},"cnd15:7.3":{"pli":"Yo so sabbasaṅkhārasamatho sabbūpadhipaṭinissaggo taṇhakkhayo virāgo nirodho nibbānaṃ. ","html":"{}"},"cnd15:7.4":{"pli":"Vuttañhetaṃ bhagavatā—","html":"{}"},"cnd15:7.5":{"pli":"“santametaṃ padaṃ, paṇītametaṃ padaṃ, yadidaṃ sabbasaṅkhārasamatho sabbūpadhipaṭinissaggo taṇhakkhayo virāgo nirodho nibbānan”ti. ","html":"{}"},"cnd15:7.6":{"pli":"Athāparenākārena ye dhammā santādhigamāya santiphusanāya santisacchikiriyāya saṃvattanti, seyyathidaṃ—","html":"{}"},"cnd15:7.7":{"pli":"cattāro satipaṭṭhānā cattāro sammappadhānā cattāro iddhipādā pañcindriyāni pañca balāni satta bojjhaṅgā ariyo aṭṭhaṅgiko maggo—","html":"{}"},"cnd15:7.8":{"pli":"ime vuccanti santipadā. ","html":"{}"},"cnd15:7.9":{"pli":"Santipadaṃ tāṇapadaṃ leṇapadaṃ saraṇapadaṃ abhayapadaṃ accutapadaṃ amatapadaṃ nibbānapadaṃ brūhi ācikkhāhi desehi paññapehi paṭṭhapehi vivarāhi vibhajāhi uttānīkarohi pakāsehi. ","html":"{}"},"cnd15:7.10":{"pli":"<b>Sahajanettā</b>ti nettaṃ vuccati sabbaññutañāṇaṃ. ","html":"{}"},"cnd15:7.11":{"pli":"Buddhassa bhagavato nettañca jinabhāvo ca bodhiyā mūle apubbaṃ acarimaṃ ekasmiṃ khaṇe uppanno, tasmā buddho sahajanettoti—","html":"{}"},"cnd15:7.12":{"pli":"santipadaṃ brūhi sahajanetta. ","html":"{}</p>"},"cnd15:8.1":{"pli":"<b>Yathātacchaṃ bhagavā brūhi metan</b>ti yathātacchaṃ vuccati amataṃ nibbānaṃ …pe… nirodho nibbānaṃ. ","html":"<p>{}"},"cnd15:8.2":{"pli":"<b>Bhagavā</b>ti gāravādhivacanaṃ …pe… sacchikā paññatti, yadidaṃ bhagavāti. ","html":"{}"},"cnd15:8.3":{"pli":"<b>Brūhi metan</b>ti brūhi ācikkhāhi …pe… ","html":"{}"},"cnd15:8.4":{"pli":"pakāsehīti—","html":"{}"},"cnd15:8.5":{"pli":"yathātacchaṃ bhagavā brūhi metaṃ. ","html":"{}"},"cnd15:8.6":{"pli":"Tenāha so brāhmaṇo—","html":"{}</p>"},"cnd15:9.1":{"pli":"“Sutvānahaṃ vīramakāmakāmiṃ, ","html":"<blockquote class='gatha'><p><span class='verse-line'>{}</span>"},"cnd15:9.2":{"pli":"(iccāyasmā jatukaṇṇi) ","html":"<span class='speaker'>{}</span>"},"cnd15:9.3":{"pli":"Oghātigaṃ puṭṭhumakāmamāgamaṃ; ","html":"<span class='verse-line'>{}</span>"},"cnd15:9.4":{"pli":"Santipadaṃ brūhi sahajanetta, ","html":"<span class='verse-line'>{}</span>"},"cnd15:9.5":{"pli":"Yathātacchaṃ bhagavā brūhi metan”ti. ","html":"<span class='verse-line'>{}</span></p></blockquote>"},"cnd15:10.1":{"pli":"<b>Bhagavā hi kāme abhibhuyya iriyati,</b> ","html":"<blockquote class='gatha'><p data-counter='21'><span class='verse-line'>{}</span>"},"cnd15:10.2":{"pli":"<b>Ādiccova pathaviṃ tejī tejasā;</b> ","html":"<span class='verse-line'>{}</span>"},"cnd15:10.3":{"pli":"<b>Parittapaññassa me bhūripañña,</b> ","html":"<span class='verse-line'>{}</span>"},"cnd15:10.4":{"pli":"<b>Ācikkha dhammaṃ yamahaṃ vijaññaṃ;</b> ","html":"<span class='verse-line'>{}</span>"},"cnd15:10.5":{"pli":"<b>Jātijarāya idha vippahānaṃ. </b> ","html":"<span class='verse-line'>{}</span></p></blockquote>"},"cnd15:11.1":{"pli":"<b>Bhagavā hi kāme abhibhuyya iriyatī</b>ti. ","html":"<p>{}"},"cnd15:11.2":{"pli":"<b>Bhagavā</b>ti gāravādhivacanaṃ …pe… sacchikā paññatti, yadidaṃ bhagavāti. ","html":"{}"},"cnd15:11.3":{"pli":"<b>Kāmā</b>ti uddānato dve kāmā—","html":"{}"},"cnd15:11.4":{"pli":"vatthukāmā ca kilesakāmā ca …pe… ","html":"{}"},"cnd15:11.5":{"pli":"ime vuccanti vatthukāmā …pe… ","html":"{}"},"cnd15:11.6":{"pli":"ime vuccanti kilesakāmā. ","html":"{}"},"cnd15:11.7":{"pli":"Bhagavā vatthukāme parijānitvā kilesakāme pahāya abhibhuyya abhibhavitvā ajjhottharitvā pariyādiyitvā carati viharati iriyati vatteti pāleti yapeti yāpetīti—","html":"{}"},"cnd15:11.8":{"pli":"bhagavā hi kāme abhibhuyya iriyati. ","html":"{}</p>"},"cnd15:12.1":{"pli":"<b>Ādiccova pathaviṃ tejī tejasā</b>ti ādicco vuccati sūriyo. ","html":"<p>{}"},"cnd15:12.2":{"pli":"Pathavī vuccati jagatī. ","html":"{}"},"cnd15:12.3":{"pli":"Yathā sūriyo tejī tejena samannāgato pathaviṃ abhibhuyya abhibhavitvā ajjhottharitvā pariyādiyitvā santāpayitvā sabbaṃ ākāsagataṃ tamagataṃ abhivihacca andhakāraṃ vidhamitvā ālokaṃ dassayitvā ākāse antalikkhe gaganapathe gacchati, evameva bhagavā ñāṇatejī ñāṇatejena samannāgato sabbaṃ abhisaṅkhārasamudayaṃ …pe… ","html":"{}"},"cnd15:12.4":{"pli":"kilesatamaṃ avijjandhakāraṃ vidhamitvā ñāṇālokaṃ dassetvā vatthukāme parijānitvā kilesakāme pahāya abhibhuyya abhibhavitvā ajjhottharitvā pariyādiyitvā madditvā carati viharati iriyati vatteti pāleti yapeti yāpetīti—","html":"{}"},"cnd15:12.5":{"pli":"ādiccova pathaviṃ tejī tejasā. ","html":"{}</p>"},"cnd15:13.1":{"pli":"<b>Parittapaññassa me bhūripaññā</b>ti ahamasmi parittapañño omakapañño lāmakapañño chatukkapañño. ","html":"<p>{}"},"cnd15:13.2":{"pli":"Tvampi mahāpañño puthupañño hāsapañño javanapañño tikkhapañño nibbedhikapañño. ","html":"{}"},"cnd15:13.3":{"pli":"Bhūri vuccati pathavī. ","html":"{}"},"cnd15:13.4":{"pli":"Bhagavā tāya pathavisamāya paññāya vipulāya vitthatāya samannāgatoti—","html":"{}"},"cnd15:13.5":{"pli":"parittapaññassa me bhūripañña. ","html":"{}</p>"},"cnd15:14.1":{"pli":"<b>Ācikkha dhammaṃ yamahaṃ vijaññan</b>ti. ","html":"<p>{}"},"cnd15:14.2":{"pli":"<b>Dhamman</b>ti ādikalyāṇaṃ majjhekalyāṇaṃ pariyosānakalyāṇaṃ sātthaṃ sabyañjanaṃ kevalaparipuṇṇaṃ parisuddhaṃ brahmacariyaṃ, cattāro satipaṭṭhāne …pe… ","html":"{}"},"cnd15:14.3":{"pli":"nibbānañca nibbānagāminiñca paṭipadaṃ ācikkhāhi desehi paññapehi paṭṭhapehi vivarāhi vibhajāhi uttānīkarohi pakāsehi. ","html":"{}"},"cnd15:14.4":{"pli":"<b>Yamahaṃ vijaññan</b>ti yamahaṃ jāneyyaṃ ājāneyyaṃ vijāneyyaṃ paṭijāneyyaṃ paṭivijjheyyaṃ adhigaccheyyaṃ phasseyyaṃ sacchikareyyanti—","html":"{}"},"cnd15:14.5":{"pli":"ācikkha dhammaṃ yamahaṃ vijaññaṃ. ","html":"{}</p>"},"cnd15:15.1":{"pli":"<b>Jātijarāya idha vippahānan</b>ti idheva jātijarāya maraṇassa pahānaṃ vūpasamaṃ paṭinissaggaṃ paṭippassaddhiṃ amataṃ nibbānanti—","html":"<p>{}"},"cnd15:15.2":{"pli":"jātijarāya idha vippahānaṃ. ","html":"{}"},"cnd15:15.3":{"pli":"Tenāha so brāhmaṇo—","html":"{}</p>"},"cnd15:16.1":{"pli":"“Bhagavā hi kāme abhibhuyya iriyati, ","html":"<blockquote class='gatha'><p><span class='verse-line'>{}</span>"},"cnd15:16.2":{"pli":"Ādiccova pathaviṃ tejī tejasā; ","html":"<span class='verse-line'>{}</span>"},"cnd15:16.3":{"pli":"Parittapaññassa me bhūripañña, ","html":"<span class='verse-line'>{}</span>"},"cnd15:16.4":{"pli":"Ācikkha dhammaṃ yamahaṃ vijaññaṃ; ","html":"<span class='verse-line'>{}</span>"},"cnd15:16.5":{"pli":"Jātijarāya idha vippahānan”ti. ","html":"<span class='verse-line'>{}</span></p></blockquote>"},"cnd15:17.1":{"pli":"<b>Kāmesu vinaya gedhaṃ,</b> ","html":"<blockquote class='gatha'><p data-counter='3'><span class='verse-line'>{}</span>"},"cnd15:17.2":{"pli":"(jatukaṇṇīti bhagavā) ","html":"<span class='speaker'>{}</span>"},"cnd15:17.3":{"pli":"<b>Nekkhammaṃ daṭṭhu khemato;</b> ","html":"<span class='verse-line'>{}</span>"},"cnd15:17.4":{"pli":"<b>Uggahitaṃ nirattaṃ vā,</b> ","html":"<span class='verse-line'>{}</span>"},"cnd15:17.5":{"pli":"<b>Mā te vijjittha kiñcanaṃ. </b> ","html":"<span class='verse-line'>{}</span></p></blockquote>"},"cnd15:18.1":{"pli":"<b>Kāmesu vinaya gedhan</b>ti. ","html":"<p>{}"},"cnd15:18.2":{"pli":"<b>Kāmā</b>ti uddānato dve kāmā—","html":"{}"},"cnd15:18.3":{"pli":"vatthukāmā ca kilesakāmā ca …pe… ","html":"{}"},"cnd15:18.4":{"pli":"ime vuccanti vatthukāmā …pe… ","html":"{}"},"cnd15:18.5":{"pli":"ime vuccanti kilesakāmā. ","html":"{}"},"cnd15:18.6":{"pli":"<b>Gedhan</b>ti gedho vuccati taṇhā. ","html":"{}"},"cnd15:18.7":{"pli":"Yo rāgo sārāgo …pe… abhijjhā lobho akusalamūlaṃ. ","html":"{}"},"cnd15:18.8":{"pli":"<b>Kāmesu vinaya gedhan</b>ti kāmesu gedhaṃ vinaya paṭivinaya pajaha vinodehi byantīkarohi anabhāvaṃ gamehīti—","html":"{}"},"cnd15:18.9":{"pli":"kāmesu vinaya gedhaṃ. ","html":"{}"},"cnd15:18.10":{"pli":"<b>Jatukaṇṇī</b>ti bhagavā taṃ brāhmaṇaṃ gottena ālapati. ","html":"{}"},"cnd15:18.11":{"pli":"<b>Bhagavā</b>ti gāravādhivacanametaṃ …pe… sacchikā paññatti, yadidaṃ bhagavāti—","html":"{}"},"cnd15:18.12":{"pli":"jatukaṇṇīti bhagavā. ","html":"{}</p>"},"cnd15:19.1":{"pli":"<b>Nekkhammaṃ daṭṭhu khemato</b>ti. ","html":"<p>{}"},"cnd15:19.2":{"pli":"<b>Nekkhamman</b>ti sammāpaṭipadaṃ anulomapaṭipadaṃ apaccanīkapaṭipadaṃ anvatthapaṭipadaṃ dhammānudhammapaṭipadaṃ sīlesu paripūrakāritaṃ indriyesu guttadvārataṃ bhojane mattaññutaṃ jāgariyānuyogaṃ satisampajaññaṃ cattāro satipaṭṭhāne cattāro sammappadhāne cattāro iddhipāde pañcindriyāni pañca balāni satta bojjhaṅge ariyaṃ aṭṭhaṅgikaṃ maggaṃ nibbānañca nibbānagāminiñca paṭipadaṃ khemato tāṇato leṇato saraṇato saraṇībhūtato abhayato accutato amatato nibbānato daṭṭhuṃ passitvā tulayitvā tīrayitvā vibhāvayitvā vibhūtaṃ katvāti—","html":"{}"},"cnd15:19.3":{"pli":"nekkhammaṃ daṭṭhu khemato. ","html":"{}</p>"},"cnd15:20.1":{"pli":"<b>Uggahitaṃ nirattaṃ vā</b>ti. ","html":"<p>{}"},"cnd15:20.2":{"pli":"<b>Uggahitan</b>ti taṇhāvasena diṭṭhivasena gahitaṃ parāmaṭṭhaṃ abhiniviṭṭhaṃ ajjhositaṃ adhimuttaṃ. ","html":"{}"},"cnd15:20.3":{"pli":"<b>Nirattaṃ vā</b>ti nirattaṃ vā muñcitabbaṃ vijahitabbaṃ vinoditabbaṃ byantīkātabbaṃ anabhāvaṃ gametabbanti—","html":"{}"},"cnd15:20.4":{"pli":"uggahitaṃ nirattaṃ vā. ","html":"{}</p>"},"cnd15:21.1":{"pli":"<b>Mā te vijjittha kiñcanan</b>ti rāgakiñcanaṃ dosakiñcanaṃ mohakiñcanaṃ mānakiñcanaṃ diṭṭhikiñcanaṃ kilesakiñcanaṃ duccaritakiñcanaṃ. ","html":"<p>{}"},"cnd15:21.2":{"pli":"Idaṃ kiñcanaṃ tuyhaṃ mā vijjittha mā pavijjittha mā saṃvijjittha pajaha vinodehi byantīkarohi anabhāvaṃ gamehīti—","html":"{}"},"cnd15:21.3":{"pli":"mā te vijjittha kiñcanaṃ. ","html":"{}"},"cnd15:21.4":{"pli":"Tenāha bhagavā—","html":"{}</p>"},"cnd15:22.1":{"pli":"“Kāmesu vinaya gedhaṃ, ","html":"<blockquote class='gatha'><p><span class='verse-line'>{}</span>"},"cnd15:22.2":{"pli":"(jatukaṇṇīti bhagavā) ","html":"<span class='speaker'>{}</span>"},"cnd15:22.3":{"pli":"Nekkhammaṃ daṭṭhu khemato; ","html":"<span class='verse-line'>{}</span>"},"cnd15:22.4":{"pli":"Uggahitaṃ nirattaṃ vā, ","html":"<span class='verse-line'>{}</span>"},"cnd15:22.5":{"pli":"Mā te vijjittha kiñcanan”ti. ","html":"<span class='verse-line'>{}</span></p></blockquote>"},"cnd15:23.1":{"pli":"<b>Yaṃ pubbe taṃ visosehi,</b> ","html":"<blockquote class='gatha'><p data-counter='41'><span class='verse-line'>{}</span>"},"cnd15:23.2":{"pli":"<b>pacchā te māhu kiñcanaṃ;</b> ","html":"<span class='verse-line'>{}</span>"},"cnd15:23.3":{"pli":"<b>Majjhe ce no gahessasi,</b> ","html":"<span class='verse-line'>{}</span>"},"cnd15:23.4":{"pli":"<b>upasanto carissasi. </b> ","html":"<span class='verse-line'>{}</span></p></blockquote>"},"cnd15:24.1":{"pli":"<b>Yaṃ pubbe taṃ visosehī</b>ti atīte saṅkhāre ārabbha ye kilesā uppajjeyyuṃ te kilese sosehi visosehi sukkhāpehi visukkhāpehi abījaṃ karohi pajaha vinodehi byantīkarohi anabhāvaṃ gamehīti—","html":"<p>{}"},"cnd15:24.2":{"pli":"evampi yaṃ pubbe taṃ visosehi. ","html":"{}"},"cnd15:24.3":{"pli":"Atha vā ye atītā kammābhisaṅkhārā avipakkavipākā te kammābhisaṅkhāre sosehi visosehi sukkhāpehi visukkhāpehi abījaṃ karohi pajaha vinodehi byantīkarohi anabhāvaṃ gamehīti—","html":"{}"},"cnd15:24.4":{"pli":"evampi yaṃ pubbe taṃ visosehi. ","html":"{}</p>"},"cnd15:25.1":{"pli":"<b>Pacchā te māhu kiñcanan</b>ti pacchā vuccati anāgate saṅkhāre ārabbha rāgakiñcanaṃ dosakiñcanaṃ mohakiñcanaṃ mānakiñcanaṃ diṭṭhikiñcanaṃ kilesakiñcanaṃ duccaritakiñcanaṃ. ","html":"<p>{}"},"cnd15:25.2":{"pli":"Idaṃ kiñcanaṃ tuyhaṃ mā ahu mā ahosi mā janesi mā sañjanesi mābhinibbattesi pajaha vinodehi byantīkarohi anabhāvaṃ gamehīti—","html":"{}"},"cnd15:25.3":{"pli":"pacchā te māhu kiñcanaṃ. ","html":"{}</p>"},"cnd15:26.1":{"pli":"<b>Majjhe ce no gahessasī</b>ti majjhe vuccati paccuppannaṃ rūpaṃ vedanā saññā saṅkhārā viññāṇaṃ. ","html":"<p>{}"},"cnd15:26.2":{"pli":"Paccuppanne saṅkhāre taṇhāvasena diṭṭhivasena na gahessasi na gaṇhissasi na parāmasissasi na nandissasi nābhinandissasi na ajjhosissasi. ","html":"{}"},"cnd15:26.3":{"pli":"Abhinandanaṃ abhivadanaṃ ajjhosānaṃ gāhaṃ parāmāsaṃ abhinivesaṃ pajahissasi vinodessasi byantīkarissasi anabhāvaṃ gamessasīti—","html":"{}"},"cnd15:26.4":{"pli":"majjhe ce no gahessasi. ","html":"{}</p>"},"cnd15:27.1":{"pli":"<b>Upasanto carissasī</b>ti rāgassa upasamitattā upasanto carissasi, dosassa …pe… ","html":"<p>{}"},"cnd15:27.2":{"pli":"sabbākusalābhisaṅkhārānaṃ santattā samitattā upasamitattā vūpasamitattā nijjhātattā nibbutattā vigatattā paṭippassaddhattā santo upasanto vūpasanto nibbuto paṭippassaddho carissasi viharissasi iriyissasi vattissasi pālessasi yapessasi yāpessasīti—","html":"{}"},"cnd15:27.3":{"pli":"upasanto carissasi. ","html":"{}"},"cnd15:27.4":{"pli":"Tenāha bhagavā—","html":"{}</p>"},"cnd15:28.1":{"pli":"“Yaṃ pubbe taṃ visosehi, ","html":"<blockquote class='gatha'><p><span class='verse-line'>{}</span>"},"cnd15:28.2":{"pli":"pacchā te māhu kiñcanaṃ; ","html":"<span class='verse-line'>{}</span>"},"cnd15:28.3":{"pli":"Majjhe ce no gahessasi, ","html":"<span class='verse-line'>{}</span>"},"cnd15:28.4":{"pli":"upasanto carissasī”ti. ","html":"<span class='verse-line'>{}</span></p></blockquote>"},"cnd15:29.1":{"pli":"<b>Sabbaso nāmarūpasmiṃ,</b> ","html":"<blockquote class='gatha'><p data-counter='51'><span class='verse-line'>{}</span>"},"cnd15:29.2":{"pli":"<b>vītagedhassa brāhmaṇa;</b> ","html":"<span class='verse-line'>{}</span>"},"cnd15:29.3":{"pli":"<b>Āsavāssa na vijjanti,</b> ","html":"<span class='verse-line'>{}</span>"},"cnd15:29.4":{"pli":"<b>yehi maccuvasaṃ vaje. </b> ","html":"<span class='verse-line'>{}</span></p></blockquote>"},"cnd15:30.1":{"pli":"<b>Sabbaso nāmarūpasmiṃ vītagedhassa brāhmaṇā</b>ti. ","html":"<p>{}"},"cnd15:30.2":{"pli":"<b>Sabbaso</b>ti sabbena sabbaṃ sabbathā sabbaṃ asesaṃ nissesaṃ pariyādiyanavacanametaṃ sabbasoti. ","html":"{}"},"cnd15:30.3":{"pli":"<b>Nāman</b>ti cattāro arūpino khandhā. ","html":"{}"},"cnd15:30.4":{"pli":"<b>Rūpan</b>ti cattāro ca mahābhūtā catunnañca mahābhūtānaṃ upādāya rūpaṃ. ","html":"{}"},"cnd15:30.5":{"pli":"<b>Gedho</b> vuccati taṇhā. ","html":"{}"},"cnd15:30.6":{"pli":"Yo rāgo sārāgo …pe… abhijjhā lobho akusalamūlaṃ. ","html":"{}"},"cnd15:30.7":{"pli":"<b>Sabbaso nāmarūpasmiṃ vītagedhassa brāhmaṇā</b>ti sabbaso nāmarūpasmiṃ vītagedhassa vigatagedhassa cattagedhassa vantagedhassa muttagedhassa pahīnagedhassa paṭinissaṭṭhagedhassa vītarāgassa vigatarāgassa cattarāgassa vantarāgassa muttarāgassa pahīnarāgassa paṭinissaṭṭharāgassāti—","html":"{}"},"cnd15:30.8":{"pli":"sabbaso nāmarūpasmiṃ vītagedhassa brāhmaṇa. ","html":"{}</p>"},"cnd15:31.1":{"pli":"<b>Āsavāssa na vijjantī</b>ti. ","html":"<p>{}"},"cnd15:31.2":{"pli":"<b>Āsavā</b>ti cattāro āsavā—","html":"{}"},"cnd15:31.3":{"pli":"kāmāsavo, bhavāsavo, diṭṭhāsavo, avijjāsavo. ","html":"{}"},"cnd15:31.4":{"pli":"<b>Assā</b>ti arahato khīṇāsavassa. ","html":"{}"},"cnd15:31.5":{"pli":"<b>Na vijjantī</b>ti ime āsavā tassa natthi na santi na saṃvijjanti nupalabbhanti pahīnā samucchinnā vūpasantā paṭippassaddhā abhabbuppattikā ñāṇagginā daḍḍhāti—","html":"{}"},"cnd15:31.6":{"pli":"āsavāssa na vijjanti. ","html":"{}</p>"},"cnd15:32.1":{"pli":"<b>Yehi maccuvasaṃ vaje</b>ti yehi āsavehi maccuno vā vasaṃ gaccheyya, maraṇassa vā vasaṃ gaccheyya, mārapakkhassa vā vasaṃ gaccheyya; ","html":"<p>{}"},"cnd15:32.2":{"pli":"te āsavā tassa natthi na santi na saṃvijjanti nupalabbhanti pahīnā samucchinnā vūpasantā paṭippassaddhā abhabbuppattikā ñāṇagginā daḍḍhāti—","html":"{}"},"cnd15:32.3":{"pli":"yehi maccuvasaṃ vaje. ","html":"{}"},"cnd15:32.4":{"pli":"Tenāha bhagavā—","html":"{}</p>"},"cnd15:33.1":{"pli":"“Sabbaso nāmarūpasmiṃ, ","html":"<blockquote class='gatha'><p><span class='verse-line'>{}</span>"},"cnd15:33.2":{"pli":"vītagedhassa brāhmaṇa; ","html":"<span class='verse-line'>{}</span>"},"cnd15:33.3":{"pli":"Āsavāssa na vijjanti, ","html":"<span class='verse-line'>{}</span>"},"cnd15:33.4":{"pli":"yehi maccuvasaṃ vaje”ti. ","html":"<span class='verse-line'>{}</span></p></blockquote>"},"cnd15:34.1":{"pli":"Saha gāthāpariyosānā …pe… ","html":"<p>{}"},"cnd15:34.2":{"pli":"satthā me bhante bhagavā, sāvakohamasmīti. ","html":"{}</p>"},"cnd15:34.3":{"pli":"Jatukaṇṇimāṇavapucchāniddeso ekādasamo. ","html":"<p class='endsutta'>{}</p></article>"}}}