{"dhp33-43":{"dhp33:0.1":{"pli":"Khuddakanikāya ","eng":"Minor Collection ","html":"<section class='range'  id='dhp33-43'><header><ul><li class='division'>{}</li>"},"dhp33:0.2":{"pli":"Dhammapada ","eng":"Sayings of the Dhamma 33–43 ","html":"<li class='subdivision'>{}</li></ul>"},"dhp33:0.3":{"pli":"Cittavagga ","eng":"3. The Mind ","html":"<h1 class='range-title'>{}</h1></header>"},"dhp33:0.4":{"pli":"Meghiyattheravatthu ","html":"<article id='dhp33'><h2 class='sutta-title'>{}</h2>"},"dhp33:1":{"pli":"Phandanaṃ capalaṃ cittaṃ, ","eng":"The mind quivers and shakes, ","html":"<blockquote class='gatha'><p><span class='verse-line'>{}</span>"},"dhp33:2":{"pli":"dūrakkhaṃ dunnivārayaṃ; ","eng":"hard to guard, hard to curb. ","html":"<span class='verse-line'>{}</span>"},"dhp33:3":{"pli":"Ujuṃ karoti medhāvī, ","eng":"The discerning straighten it out, ","html":"<span class='verse-line'>{}</span>"},"dhp33:4":{"pli":"usukārova tejanaṃ. ","eng":"like a fletcher straightens an arrow. ","html":"<span class='verse-line'>{}</span></p></blockquote></article>"},"dhp34:1":{"pli":"Vārijova thale khitto, ","eng":"Like a fish pulled from the sea ","html":"<article id='dhp34'><blockquote class='gatha'><p><span class='verse-line'>{}</span>"},"dhp34:2":{"pli":"okamokataubbhato; ","eng":"and cast upon the shore, ","html":"<span class='verse-line'>{}</span>"},"dhp34:3":{"pli":"Pariphandatidaṃ cittaṃ, ","eng":"this mind flounders about, ","html":"<span class='verse-line'>{}</span>"},"dhp34:4":{"pli":"māradheyyaṃ pahātave. ","eng":"trying to throw off Māra’s dominion. ","html":"<span class='verse-line'>{}</span></p></blockquote></article>"},"dhp35:0":{"pli":"Aññatarabhikkhuvatthu ","html":"<article id='dhp35'><h2 class='sutta-title'>{}</h2>"},"dhp35:1":{"pli":"Dunniggahassa lahuno, ","eng":"Hard to hold back, flighty, ","html":"<blockquote class='gatha'><p><span class='verse-line'>{}</span>"},"dhp35:2":{"pli":"yatthakāmanipātino; ","eng":"alighting where it will; ","html":"<span class='verse-line'>{}</span>"},"dhp35:3":{"pli":"Cittassa damatho sādhu, ","eng":"it’s good to tame the mind; ","html":"<span class='verse-line'>{}</span>"},"dhp35:4":{"pli":"cittaṃ dantaṃ sukhāvahaṃ. ","eng":"a tamed mind leads to bliss. ","html":"<span class='verse-line'>{}</span></p></blockquote></article>"},"dhp36:0":{"pli":"Aññataraukkaṇṭhitabhikkhuvatthu ","html":"<article id='dhp36'><h2 class='sutta-title'>{}</h2>"},"dhp36:1":{"pli":"Sududdasaṃ sunipuṇaṃ, ","eng":"So hard to see, so subtle, ","html":"<blockquote class='gatha'><p><span class='verse-line'>{}</span>"},"dhp36:2":{"pli":"yatthakāmanipātinaṃ; ","eng":"alighting where it will; ","html":"<span class='verse-line'>{}</span>"},"dhp36:3":{"pli":"Cittaṃ rakkhetha medhāvī, ","eng":"the discerning protect the mind, ","html":"<span class='verse-line'>{}</span>"},"dhp36:4":{"pli":"cittaṃ guttaṃ sukhāvahaṃ. ","eng":"a guarded mind leads to bliss. ","html":"<span class='verse-line'>{}</span></p></blockquote></article>"},"dhp37:0":{"pli":"Saṅgharakkhitabhāgineyyattheravatthu ","html":"<article id='dhp37'><h2 class='sutta-title'>{}</h2>"},"dhp37:1":{"pli":"Dūraṅgamaṃ ekacaraṃ, ","eng":"The mind travels far, wandering alone; ","html":"<blockquote class='gatha'><p><span class='verse-line'>{}</span>"},"dhp37:2":{"pli":"asarīraṃ guhāsayaṃ; ","eng":"incorporeal, it lies hidden in the heart. ","html":"<span class='verse-line'>{}</span>"},"dhp37:3":{"pli":"Ye cittaṃ saṃyamissanti, ","eng":"Those who will restrain the mind ","html":"<span class='verse-line'>{}</span>"},"dhp37:4":{"pli":"mokkhanti mārabandhanā. ","eng":"are freed from Māra’s bonds. ","html":"<span class='verse-line'>{}</span></p></blockquote></article>"},"dhp38:0":{"pli":"Cittahatthattheravatthu ","html":"<article id='dhp38'><h2 class='sutta-title'>{}</h2>"},"dhp38:1":{"pli":"Anavaṭṭhitacittassa, ","eng":"Those of unsteady mind, ","html":"<blockquote class='gatha'><p><span class='verse-line'>{}</span>"},"dhp38:2":{"pli":"saddhammaṃ avijānato; ","eng":"who don’t understand the true teaching, ","html":"<span class='verse-line'>{}</span>"},"dhp38:3":{"pli":"Pariplavapasādassa, ","eng":"and whose confidence wavers, ","html":"<span class='verse-line'>{}</span>"},"dhp38:4":{"pli":"paññā na paripūrati. ","eng":"do not perfect their wisdom. ","html":"<span class='verse-line'>{}</span></p></blockquote></article>"},"dhp39:1":{"pli":"Anavassutacittassa, ","eng":"One whose mind is not festering, ","html":"<article id='dhp39'><blockquote class='gatha'><p><span class='verse-line'>{}</span>"},"dhp39:2":{"pli":"ananvāhatacetaso; ","eng":"whose heart is undamaged, ","html":"<span class='verse-line'>{}</span>"},"dhp39:3":{"pli":"Puññapāpapahīnassa, ","eng":"who’s given up right and wrong, ","html":"<span class='verse-line'>{}</span>"},"dhp39:4":{"pli":"natthi jāgarato bhayaṃ. ","eng":"alert, has nothing to fear. ","html":"<span class='verse-line'>{}</span></p></blockquote></article>"},"dhp40:0":{"pli":"Pañcasatabhikkhuvatthu ","html":"<article id='dhp40'><h2 class='sutta-title'>{}</h2>"},"dhp40:1":{"pli":"Kumbhūpamaṃ kāyamimaṃ viditvā, ","eng":"Knowing this body breaks like a pot, ","html":"<blockquote class='gatha'><p><span class='verse-line'>{}</span>"},"dhp40:2":{"pli":"Nagarūpamaṃ cittamidaṃ ṭhapetvā; ","eng":"and fortifying the mind like a citadel, ","html":"<span class='verse-line'>{}</span>"},"dhp40:3":{"pli":"Yodhetha māraṃ paññāvudhena, ","eng":"attack Māra with the sword of wisdom, ","html":"<span class='verse-line'>{}</span>"},"dhp40:4":{"pli":"Jitañca rakkhe anivesano siyā. ","eng":"guard your conquest, and never settle. ","html":"<span class='verse-line'>{}</span></p></blockquote></article>"},"dhp41:0":{"pli":"Pūtigattatissattheravatthu ","html":"<article id='dhp41'><h2 class='sutta-title'>{}</h2>"},"dhp41:1":{"pli":"Aciraṃ vatayaṃ kāyo, ","eng":"All too soon this body ","html":"<blockquote class='gatha'><p><span class='verse-line'>{}</span>"},"dhp41:2":{"pli":"pathaviṃ adhisessati; ","eng":"will lie upon the earth, ","html":"<span class='verse-line'>{}</span>"},"dhp41:3":{"pli":"Chuddho apetaviññāṇo, ","eng":"bereft of consciousness, ","html":"<span class='verse-line'>{}</span>"},"dhp41:4":{"pli":"niratthaṃva kaliṅgaraṃ. ","eng":"tossed aside like a worthless log. ","html":"<span class='verse-line'>{}</span></p></blockquote></article>","comm":"As the sacrificed beast “lies there useless as a block of wood” (<i lang='pi' translate='no'>dārveva tarhi bhūto ’narthyaḥ śete</i>, Śatapatha Brāhmaṇa 3.8.3.15). "},"dhp42:0":{"pli":"Nandagopālakavatthu ","html":"<article id='dhp42'><h2 class='sutta-title'>{}</h2>"},"dhp42:1":{"pli":"Diso disaṃ yaṃ taṃ kayirā, ","eng":"A wrongly directed mind ","html":"<blockquote class='gatha'><p><span class='verse-line'>{}</span>"},"dhp42:2":{"pli":"verī vā pana verinaṃ; ","eng":"would do you more harm ","html":"<span class='verse-line'>{}</span>"},"dhp42:3":{"pli":"Micchāpaṇihitaṃ cittaṃ, ","eng":"than a hater to the hated, ","html":"<span class='verse-line'>{}</span>"},"dhp42:4":{"pli":"pāpiyo naṃ tato kare. ","eng":"or an enemy to their foe. ","html":"<span class='verse-line'>{}</span></p></blockquote></article>"},"dhp43:0":{"pli":"Soreyyavatthu ","html":"<article id='dhp43'><h2 class='sutta-title'>{}</h2>"},"dhp43:1":{"pli":"Na taṃ mātā pitā kayirā, ","eng":"A rightly directed mind ","html":"<blockquote class='gatha'><p><span class='verse-line'>{}</span>"},"dhp43:2":{"pli":"aññe vāpi ca ñātakā; ","eng":"would do you more good ","html":"<span class='verse-line'>{}</span>"},"dhp43:3":{"pli":"Sammāpaṇihitaṃ cittaṃ, ","eng":"than your mother or father ","html":"<span class='verse-line'>{}</span>"},"dhp43:4":{"pli":"seyyaso naṃ tato kare. ","eng":"or any other relative. ","html":"<span class='verse-line'>{}</span></p></blockquote>"},"dhp43:5":{"pli":"Cittavaggo tatiyo. ","html":"<p class='endvagga'>{}</p></article></section>"}},"dhp334-359":{"dhp334:0.1":{"pli":"Khuddakanikāya ","eng":"Minor Collection ","html":"<section class='range'  id='dhp334-359'><header><ul><li class='division'>{}</li>"},"dhp334:0.2":{"pli":"Dhammapada ","eng":"Sayings of the Dhamma 334–359 ","html":"<li class='subdivision'>{}</li></ul>"},"dhp334:0.3":{"pli":"Taṇhāvagga ","eng":"24. Craving ","html":"<h1 class='range-title'>{}</h1></header>"},"dhp334:0.4":{"pli":"Kapilamacchavatthu ","html":"<article id='dhp334'><h2 class='sutta-title'>{}</h2>"},"dhp334:1":{"pli":"Manujassa pamattacārino, ","eng":"When a man lives heedlessly, ","html":"<blockquote class='gatha'><p><span class='verse-line'>{}</span>"},"dhp334:2":{"pli":"Taṇhā vaḍḍhati māluvā viya; ","eng":"craving grows in them like a camel’s foot creeper. ","html":"<span class='verse-line'>{}</span>"},"dhp334:3":{"pli":"So plavatī hurā huraṃ, ","eng":"They jump from one thing to the next, like a langur ","html":"<span class='verse-line'>{}</span>"},"dhp334:4":{"pli":"Phalamicchaṃva vanasmi vānaro. ","eng":"greedy for fruit in a forest grove. ","html":"<span class='verse-line'>{}</span></p></blockquote></article>","comm":"The <i lang='pi' translate='no'>vānara</i> is a type of human-like monkey often identified with the langur. See <a href='index.html?q=ja57'>Ja 57</a>. "},"dhp335:1":{"pli":"Yaṃ esā sahate jammī, ","eng":"Whoever is beaten by this wretched craving, ","html":"<article id='dhp335'><blockquote class='gatha'><p><span class='verse-line'>{}</span>"},"dhp335:2":{"pli":"taṇhā loke visattikā; ","eng":"this attachment to the world, ","html":"<span class='verse-line'>{}</span>"},"dhp335:3":{"pli":"Sokā tassa pavaḍḍhanti, ","eng":"their sorrow grows, ","html":"<span class='verse-line'>{}</span>"},"dhp335:4":{"pli":"abhivaṭṭhaṃva bīraṇaṃ. ","eng":"like grass in the rain. ","html":"<span class='verse-line'>{}</span></p></blockquote></article>"},"dhp336:1":{"pli":"Yo cetaṃ sahate jammiṃ, ","eng":"But whoever prevails over this wretched craving, ","html":"<article id='dhp336'><blockquote class='gatha'><p><span class='verse-line'>{}</span>"},"dhp336:2":{"pli":"taṇhaṃ loke duraccayaṃ; ","eng":"so hard to get over in the world, ","html":"<span class='verse-line'>{}</span>"},"dhp336:3":{"pli":"Sokā tamhā papatanti, ","eng":"their sorrows fall from them, ","html":"<span class='verse-line'>{}</span>"},"dhp336:4":{"pli":"udabinduva pokkharā. ","eng":"like a drop from a lotus-leaf. ","html":"<span class='verse-line'>{}</span></p></blockquote></article>"},"dhp337:1":{"pli":"Taṃ vo vadāmi bhaddaṃ vo, ","eng":"I say this to you, good people, ","html":"<article id='dhp337'><blockquote class='gatha'><p><span class='verse-line'>{}</span>"},"dhp337:2":{"pli":"yāvantettha samāgatā; ","eng":"all those who have gathered here: ","html":"<span class='verse-line'>{}</span>"},"dhp337:3":{"pli":"Taṇhāya mūlaṃ khaṇatha, ","eng":"dig up the root of craving, ","html":"<span class='verse-line'>{}</span>"},"dhp337:4":{"pli":"usīratthova bīraṇaṃ; ","eng":"as you’d dig up grass in search of roots. ","html":"<span class='verse-line'>{}</span>"},"dhp337:5":{"pli":"Mā vo naḷaṃva sotova, ","eng":"Don’t let Māra break you again and again, ","html":"<span class='verse-line'>{}</span>"},"dhp337:6":{"pli":"māro bhañji punappunaṃ. ","eng":"like a stream breaking a reed. ","html":"<span class='verse-line'>{}</span></p></blockquote></article>"},"dhp338:0":{"pli":"Sūkarapotikāvatthu ","html":"<article id='dhp338'><h2 class='sutta-title'>{}</h2>"},"dhp338:1":{"pli":"Yathāpi mūle anupaddave daḷhe, ","eng":"A tree grows back even when cut down, ","html":"<blockquote class='gatha'><p><span class='verse-line'>{}</span>"},"dhp338:2":{"pli":"Chinnopi rukkho punareva rūhati; ","eng":"so long as its roots are strong and undamaged; ","html":"<span class='verse-line'>{}</span>"},"dhp338:3":{"pli":"Evampi taṇhānusaye anūhate, ","eng":"suffering springs up again and again, ","html":"<span class='verse-line'>{}</span>"},"dhp338:4":{"pli":"Nibbattatī dukkhamidaṃ punappunaṃ. ","eng":"so long as the tendency to craving is not pulled out. ","html":"<span class='verse-line'>{}</span></p></blockquote></article>"},"dhp339:1":{"pli":"Yassa chattiṃsati sotā, ","eng":"A person of low views ","html":"<article id='dhp339'><blockquote class='gatha'><p><span class='verse-line'>{}</span>"},"dhp339:2":{"pli":"manāpasavanā bhusā; ","eng":"in whom the thirty-six streams ","html":"<span class='verse-line'>{}</span>"},"dhp339:3":{"pli":"Mahāvahanti duddiṭṭhiṃ, ","eng":"that flow to pleasure are mighty, ","html":"<span class='verse-line'>{}</span>"},"dhp339:4":{"pli":"saṅkappā rāganissitā. ","eng":"is swept away by lustful thoughts. ","html":"<span class='verse-line'>{}</span></p></blockquote></article>"},"dhp340:1":{"pli":"Savanti sabbadhi sotā, ","eng":"The streams flow everywhere; ","html":"<article id='dhp340'><blockquote class='gatha'><p><span class='verse-line'>{}</span>"},"dhp340:2":{"pli":"latā uppajja tiṭṭhati; ","eng":"a weed springs up and remains. ","html":"<span class='verse-line'>{}</span>"},"dhp340:3":{"pli":"Tañca disvā lataṃ jātaṃ, ","eng":"Seeing this weed that has been born, ","html":"<span class='verse-line'>{}</span>"},"dhp340:4":{"pli":"mūlaṃ paññāya chindatha. ","eng":"cut the root with wisdom. ","html":"<span class='verse-line'>{}</span></p></blockquote></article>"},"dhp341:1":{"pli":"Saritāni sinehitāni ca, ","eng":"A personage’s joys ","html":"<article id='dhp341'><blockquote class='gatha'><p><span class='verse-line'>{}</span>"},"dhp341:2":{"pli":"Somanassāni bhavanti jantuno; ","eng":"flow from senses and cravings. ","html":"<span class='verse-line'>{}</span>"},"dhp341:3":{"pli":"Te sātasitā sukhesino, ","eng":"Seekers of happiness, bent on pleasure, ","html":"<span class='verse-line'>{}</span>"},"dhp341:4":{"pli":"Te ve jātijarūpagā narā. ","eng":"continue to be reborn and grow old. ","html":"<span class='verse-line'>{}</span></p></blockquote></article>"},"dhp342:1":{"pli":"Tasiṇāya purakkhatā pajā, ","eng":"People governed by thirst, ","html":"<article id='dhp342'><blockquote class='gatha'><p><span class='verse-line'>{}</span>"},"dhp342:2":{"pli":"Parisappanti sasova bandhito; ","eng":"crawl about like a trapped rabbit. ","html":"<span class='verse-line'>{}</span>"},"dhp342:3":{"pli":"Saṃyojanasaṅgasattakā, ","eng":"Bound and fettered, for a long time ","html":"<span class='verse-line'>{}</span>"},"dhp342:4":{"pli":"Dukkhamupenti punappunaṃ cirāya. ","eng":"they return to pain time and again. ","html":"<span class='verse-line'>{}</span></p></blockquote></article>"},"dhp343:1":{"pli":"Tasiṇāya purakkhatā pajā, ","eng":"People governed by thirst, ","html":"<article id='dhp343'><blockquote class='gatha'><p><span class='verse-line'>{}</span>"},"dhp343:2":{"pli":"Parisappanti sasova bandhito; ","eng":"crawl about like a trapped rabbit. ","html":"<span class='verse-line'>{}</span>"},"dhp343:3":{"pli":"Tasmā tasiṇaṃ vinodaye, ","eng":"That’s why one who longs for dispassion ","html":"<span class='verse-line'>{}</span>"},"dhp343:4":{"pli":"Ākaṅkhanta virāgamattano. ","eng":"should dispel thirst. ","html":"<span class='verse-line'>{}</span></p></blockquote></article>"},"dhp344:0":{"pli":"Vibbhantabhikkhuvatthu ","html":"<article id='dhp344'><h2 class='sutta-title'>{}</h2>"},"dhp344:1":{"pli":"Yo nibbanatho vanādhimutto, ","eng":"Unsnarled, they set out for the jungle, ","html":"<blockquote class='gatha'><p><span class='verse-line'>{}</span>"},"dhp344:2":{"pli":"Vanamutto vanameva dhāvati; ","eng":"then they run right back to the jungle they left behind. ","html":"<span class='verse-line'>{}</span>"},"dhp344:3":{"pli":"Taṃ puggalametha passatha, ","eng":"Just look at this individual! ","html":"<span class='verse-line'>{}</span>"},"dhp344:4":{"pli":"Mutto bandhanameva dhāvati. ","eng":"Freed, they run to bondage. ","html":"<span class='verse-line'>{}</span></p></blockquote></article>"},"dhp345:0":{"pli":"Bandhanāgāravatthu ","html":"<article id='dhp345'><h2 class='sutta-title'>{}</h2>"},"dhp345:1":{"pli":"Na taṃ daḷhaṃ bandhanamāhu dhīrā, ","eng":"The attentive say that shackle is not strong ","html":"<blockquote class='gatha'><p><span class='verse-line'>{}</span>"},"dhp345:2":{"pli":"Yadāyasaṃ dārujapabbajañca; ","eng":"that’s made of iron, wood, or knots. ","html":"<span class='verse-line'>{}</span>"},"dhp345:3":{"pli":"Sārattarattā maṇikuṇḍalesu, ","eng":"But obsession with jeweled earrings, ","html":"<span class='verse-line'>{}</span>"},"dhp345:4":{"pli":"Puttesu dāresu ca yā apekkhā. ","eng":"concern for your partners and children: ","html":"<span class='verse-line'>{}</span></p></blockquote></article>"},"dhp346:1":{"pli":"Etaṃ daḷhaṃ bandhanamāhu dhīrā, ","eng":"this, say the attentive, is a strong shackle ","html":"<article id='dhp346'><blockquote class='gatha'><p><span class='verse-line'>{}</span>"},"dhp346:2":{"pli":"Ohārinaṃ sithilaṃ duppamuñcaṃ; ","eng":"dragging the indulgent down, hard to escape. ","html":"<span class='verse-line'>{}</span>"},"dhp346:3":{"pli":"Etampi chetvāna paribbajanti, ","eng":"Having cut this one too they go forth, ","html":"<span class='verse-line'>{}</span>"},"dhp346:4":{"pli":"Anapekkhino kāmasukhaṃ pahāya. ","eng":"unconcerned, having given up sensual pleasures. ","html":"<span class='verse-line'>{}</span></p></blockquote></article>"},"dhp347:0":{"pli":"Khemātherīvatthu ","html":"<article id='dhp347'><h2 class='sutta-title'>{}</h2>"},"dhp347:1":{"pli":"Ye rāgarattānupatanti sotaṃ, ","eng":"Besotted by lust they fall into the stream, ","html":"<blockquote class='gatha'><p><span class='verse-line'>{}</span>"},"dhp347:2":{"pli":"Sayaṅkataṃ makkaṭakova jālaṃ; ","eng":"like a spider caught in the web she wove. ","html":"<span class='verse-line'>{}</span>"},"dhp347:3":{"pli":"Etampi chetvāna vajanti dhīrā, ","eng":"The attentive proceed, having cut this one too, ","html":"<span class='verse-line'>{}</span>"},"dhp347:4":{"pli":"Anapekkhino sabbadukkhaṃ pahāya. ","eng":"unconcerned, having given up all suffering. ","html":"<span class='verse-line'>{}</span></p></blockquote></article>"},"dhp348:0":{"pli":"Uggasenavatthu ","html":"<article id='dhp348'><h2 class='sutta-title'>{}</h2>"},"dhp348:1":{"pli":"Muñca pure muñca pacchato, ","eng":"Let go of the past, let go of the future, ","html":"<blockquote class='gatha'><p><span class='verse-line'>{}</span>"},"dhp348:2":{"pli":"Majjhe muñca bhavassa pāragū; ","eng":"let go of the present, having gone beyond rebirth. ","html":"<span class='verse-line'>{}</span>"},"dhp348:3":{"pli":"Sabbattha vimuttamānaso, ","eng":"With your heart freed in every respect, ","html":"<span class='verse-line'>{}</span>"},"dhp348:4":{"pli":"Na punaṃ jātijaraṃ upehisi. ","eng":"you’ll not come again to rebirth and old age. ","html":"<span class='verse-line'>{}</span></p></blockquote></article>"},"dhp349:0":{"pli":"Cūḷadhanuggahapaṇḍitavatthu ","html":"<article id='dhp349'><h2 class='sutta-title'>{}</h2>"},"dhp349:1":{"pli":"Vitakkamathitassa jantuno, ","eng":"For a personage churned by thoughts, ","html":"<blockquote class='gatha'><p><span class='verse-line'>{}</span>"},"dhp349:2":{"pli":"Tibbarāgassa subhānupassino; ","eng":"very lustful, focusing on beauty, ","html":"<span class='verse-line'>{}</span>"},"dhp349:3":{"pli":"Bhiyyo taṇhā pavaḍḍhati, ","eng":"their craving grows and grows, ","html":"<span class='verse-line'>{}</span>"},"dhp349:4":{"pli":"Esa kho daḷhaṃ karoti bandhanaṃ. ","eng":"tying them with a stout bond. ","html":"<span class='verse-line'>{}</span></p></blockquote></article>"},"dhp350:1":{"pli":"Vitakkūpasame ca yo rato, ","eng":"But one who loves to calm their thoughts, ","html":"<article id='dhp350'><blockquote class='gatha'><p><span class='verse-line'>{}</span>"},"dhp350:2":{"pli":"Asubhaṃ bhāvayate sadā sato; ","eng":"developing perception of ugliness, ever mindful, ","html":"<span class='verse-line'>{}</span>"},"dhp350:3":{"pli":"Esa kho byanti kāhiti, ","eng":"will surely eliminate that craving, ","html":"<span class='verse-line'>{}</span>"},"dhp350:4":{"pli":"Esa checchati mārabandhanaṃ. ","eng":"cutting off the bonds of Māra. ","html":"<span class='verse-line'>{}</span></p></blockquote></article>"},"dhp351:0":{"pli":"Māravatthu ","html":"<article id='dhp351'><h2 class='sutta-title'>{}</h2>"},"dhp351:1":{"pli":"Niṭṭhaṅgato asantāsī, ","eng":"One who is confident, unafraid, ","html":"<blockquote class='gatha'><p><span class='verse-line'>{}</span>"},"dhp351:2":{"pli":"vītataṇho anaṅgaṇo; ","eng":"rid of craving, free of blemish, ","html":"<span class='verse-line'>{}</span>"},"dhp351:3":{"pli":"Acchindi bhavasallāni, ","eng":"having struck down the arrows flying to future lives, ","html":"<span class='verse-line'>{}</span>"},"dhp351:4":{"pli":"antimoyaṃ samussayo. ","eng":"this bag of bones is their last. ","html":"<span class='verse-line'>{}</span></p></blockquote></article>"},"dhp352:1":{"pli":"Vītataṇho anādāno, ","eng":"Rid of craving, free of grasping, ","html":"<article id='dhp352'><blockquote class='gatha'><p><span class='verse-line'>{}</span>"},"dhp352:2":{"pli":"Niruttipadakovido; ","eng":"expert in the definition of terms, ","html":"<span class='verse-line'>{}</span>"},"dhp352:3":{"pli":"Akkharānaṃ sannipātaṃ, ","eng":"knowing the correct ","html":"<span class='verse-line'>{}</span>"},"dhp352:4":{"pli":"Jaññā pubbāparāni ca; ","eng":"structure and sequence of syllables, ","html":"<span class='verse-line'>{}</span>"},"dhp352:5":{"pli":"Sa ve “antimasārīro, ","eng":"they are said to be one who bears their final body, ","html":"<span class='verse-line'>{}</span>"},"dhp352:6":{"pli":"Mahāpañño mahāpuriso”ti vuccati. ","eng":"one of great wisdom, a great person. ","html":"<span class='verse-line'>{}</span></p></blockquote></article>"},"dhp353:0":{"pli":"Upakājīvakavatthu ","html":"<article id='dhp353'><h2 class='sutta-title'>{}</h2>"},"dhp353:1":{"pli":"Sabbābhibhū sabbavidūhamasmi, ","eng":"I am the champion, the knower of all, ","html":"<blockquote class='gatha'><p><span class='verse-line'>{}</span>"},"dhp353:2":{"pli":"Sabbesu dhammesu anūpalitto; ","eng":"unsullied in the midst of all things. ","html":"<span class='verse-line'>{}</span>"},"dhp353:3":{"pli":"Sabbañjaho taṇhakkhaye vimutto, ","eng":"I’ve given up all, freed in the ending of craving. ","html":"<span class='verse-line'>{}</span>"},"dhp353:4":{"pli":"Sayaṃ abhiññāya kamuddiseyyaṃ. ","eng":"Since I know for myself, whose follower should I be? ","html":"<span class='verse-line'>{}</span></p></blockquote></article>"},"dhp354:0":{"pli":"Sakkapañhavatthu ","html":"<article id='dhp354'><h2 class='sutta-title'>{}</h2>"},"dhp354:1":{"pli":"Sabbadānaṃ dhammadānaṃ jināti, ","eng":"The gift of the teaching surmounts all other gifts; ","html":"<blockquote class='gatha'><p><span class='verse-line'>{}</span>"},"dhp354:2":{"pli":"Sabbarasaṃ dhammaraso jināti; ","eng":"the taste of the teaching surmounts all other tastes; ","html":"<span class='verse-line'>{}</span>"},"dhp354:3":{"pli":"Sabbaratiṃ dhammarati jināti, ","eng":"the joy of the teaching surmounts all other joys; ","html":"<span class='verse-line'>{}</span>"},"dhp354:4":{"pli":"Taṇhakkhayo sabbadukkhaṃ jināti. ","eng":"the ending of craving surmounts all suffering. ","html":"<span class='verse-line'>{}</span></p></blockquote></article>"},"dhp355:0":{"pli":"Aputtakaseṭṭhivatthu ","html":"<article id='dhp355'><h2 class='sutta-title'>{}</h2>"},"dhp355:1":{"pli":"Hananti bhogā dummedhaṃ, ","eng":"Riches ruin a simpleton, ","html":"<blockquote class='gatha'><p><span class='verse-line'>{}</span>"},"dhp355:2":{"pli":"no ca pāragavesino; ","eng":"but not a seeker of the far shore. ","html":"<span class='verse-line'>{}</span>"},"dhp355:3":{"pli":"Bhogataṇhāya dummedho, ","eng":"From craving for wealth, a simpleton ","html":"<span class='verse-line'>{}</span>"},"dhp355:4":{"pli":"hanti aññeva attanaṃ. ","eng":"ruins themselves and others. ","html":"<span class='verse-line'>{}</span></p></blockquote></article>"},"dhp356:0":{"pli":"Aṅkuravatthu ","html":"<article id='dhp356'><h2 class='sutta-title'>{}</h2>"},"dhp356:1":{"pli":"Tiṇadosāni khettāni, ","eng":"Weeds are the bane of crops, ","html":"<blockquote class='gatha'><p><span class='verse-line'>{}</span>"},"dhp356:2":{"pli":"rāgadosā ayaṃ pajā; ","eng":"but greed is these folk’s bane. ","html":"<span class='verse-line'>{}</span>"},"dhp356:3":{"pli":"Tasmā hi vītarāgesu, ","eng":"That’s why a gift to one rid of greed ","html":"<span class='verse-line'>{}</span>"},"dhp356:4":{"pli":"dinnaṃ hoti mahapphalaṃ. ","eng":"is so very fruitful. ","html":"<span class='verse-line'>{}</span></p></blockquote></article>"},"dhp357:1":{"pli":"Tiṇadosāni khettāni, ","eng":"Weeds are the bane of crops, ","html":"<article id='dhp357'><blockquote class='gatha'><p><span class='verse-line'>{}</span>"},"dhp357:2":{"pli":"dosadosā ayaṃ pajā; ","eng":"but hate is these folk’s bane. ","html":"<span class='verse-line'>{}</span>"},"dhp357:3":{"pli":"Tasmā hi vītadosesu, ","eng":"That’s why a gift to one rid of hate ","html":"<span class='verse-line'>{}</span>"},"dhp357:4":{"pli":"dinnaṃ hoti mahapphalaṃ. ","eng":"is so very fruitful. ","html":"<span class='verse-line'>{}</span></p></blockquote></article>"},"dhp358:1":{"pli":"Tiṇadosāni khettāni, ","eng":"Weeds are the bane of crops, ","html":"<article id='dhp358'><blockquote class='gatha'><p><span class='verse-line'>{}</span>"},"dhp358:2":{"pli":"mohadosā ayaṃ pajā; ","eng":"but delusion is these folk’s bane. ","html":"<span class='verse-line'>{}</span>"},"dhp358:3":{"pli":"Tasmā hi vītamohesu, ","eng":"That’s why a gift to one rid of delusion ","html":"<span class='verse-line'>{}</span>"},"dhp358:4":{"pli":"dinnaṃ hoti mahapphalaṃ. ","eng":"is so very fruitful. ","html":"<span class='verse-line'>{}</span></p></blockquote></article>"},"dhp359:1":{"pli":"Tiṇadosāni khettāni, ","eng":"Weeds are the bane of crops, ","html":"<article id='dhp359'><blockquote class='gatha'><p><span class='verse-line'>{}</span>"},"dhp359:2":{"pli":"icchādosā ayaṃ pajā; ","eng":"but desire is these folk’s bane. ","html":"<span class='verse-line'>{}</span>"},"dhp359:3":{"pli":"Tasmā hi vigaticchesu, ","eng":"That’s why a gift to one rid of desire ","html":"<span class='verse-line'>{}</span>"},"dhp359:4":{"pli":"dinnaṃ hoti mahapphalaṃ. ","eng":"is so very fruitful. ","html":"<span class='verse-line'>{}</span></p></blockquote>"},"dhp359:5":{"pli":"Taṇhāvaggo catuvīsatimo. ","html":"<p class='endvagga'>{}</p></article></section>"}},"dhp360-382":{"dhp360:0.1":{"pli":"Khuddakanikāya ","eng":"Minor Collection ","html":"<section class='range'  id='dhp360-382'><header><ul><li class='division'>{}</li>"},"dhp360:0.2":{"pli":"Dhammapada ","eng":"Sayings of the Dhamma 360–382 ","html":"<li class='subdivision'>{}</li></ul>"},"dhp360:0.3":{"pli":"Bhikkhuvagga ","eng":"25. Mendicants ","html":"<h1 class='range-title'>{}</h1></header>"},"dhp360:0.4":{"pli":"Pañcabhikkhuvatthu ","html":"<article id='dhp360'><h2 class='sutta-title'>{}</h2>"},"dhp360:1":{"pli":"Cakkhunā saṃvaro sādhu, ","eng":"Restraint of the eye is good; ","html":"<blockquote class='gatha'><p><span class='verse-line'>{}</span>"},"dhp360:2":{"pli":"sādhu sotena saṃvaro; ","eng":"good is restraint of the ear; ","html":"<span class='verse-line'>{}</span>"},"dhp360:3":{"pli":"Ghānena saṃvaro sādhu, ","eng":"restraint of the nose is good; ","html":"<span class='verse-line'>{}</span>"},"dhp360:4":{"pli":"sādhu jivhāya saṃvaro. ","eng":"good is restraint of the tongue. ","html":"<span class='verse-line'>{}</span></p></blockquote></article>"},"dhp361:1":{"pli":"Kāyena saṃvaro sādhu, ","eng":"Restraint of the body is good; ","html":"<article id='dhp361'><blockquote class='gatha'><p><span class='verse-line'>{}</span>"},"dhp361:2":{"pli":"sādhu vācāya saṃvaro; ","eng":"good is restraint of speech; ","html":"<span class='verse-line'>{}</span>"},"dhp361:3":{"pli":"Manasā saṃvaro sādhu, ","eng":"restraint of mind is good; ","html":"<span class='verse-line'>{}</span>"},"dhp361:4":{"pli":"sādhu sabbattha saṃvaro; ","eng":"everywhere, restraint is good. ","html":"<span class='verse-line'>{}</span>"},"dhp361:5":{"pli":"Sabbattha saṃvuto bhikkhu, ","eng":"The mendicant restrained everywhere ","html":"<span class='verse-line'>{}</span>"},"dhp361:6":{"pli":"sabbadukkhā pamuccati. ","eng":"is released from all suffering. ","html":"<span class='verse-line'>{}</span></p></blockquote></article>"},"dhp362:0":{"pli":"Haṃsaghātakabhikkhuvatthu ","html":"<article id='dhp362'><h2 class='sutta-title'>{}</h2>"},"dhp362:1":{"pli":"Hatthasaṃyato pādasaṃyato, ","eng":"One restrained in hand and foot, ","html":"<blockquote class='gatha'><p><span class='verse-line'>{}</span>"},"dhp362:2":{"pli":"Vācāsaṃyato saṃyatuttamo; ","eng":"and in speech, the supreme restraint; ","html":"<span class='verse-line'>{}</span>"},"dhp362:3":{"pli":"Ajjhattarato samāhito, ","eng":"happy inside, serene, ","html":"<span class='verse-line'>{}</span>"},"dhp362:4":{"pli":"Eko santusito tamāhu bhikkhuṃ. ","eng":"solitary, content, I call a mendicant. ","html":"<span class='verse-line'>{}</span></p></blockquote></article>"},"dhp363:0":{"pli":"Kokālikavatthu ","html":"<article id='dhp363'><h2 class='sutta-title'>{}</h2>"},"dhp363:1":{"pli":"Yo mukhasaṃyato bhikkhu, ","eng":"When a mendicant of restrained mouth, ","html":"<blockquote class='gatha'><p><span class='verse-line'>{}</span>"},"dhp363:2":{"pli":"mantabhāṇī anuddhato; ","eng":"thoughtful in counsel, not restless, ","html":"<span class='verse-line'>{}</span>"},"dhp363:3":{"pli":"Atthaṃ dhammañca dīpeti, ","eng":"explains the text and its meaning, ","html":"<span class='verse-line'>{}</span>"},"dhp363:4":{"pli":"madhuraṃ tassa bhāsitaṃ. ","eng":"their words are sweet. ","html":"<span class='verse-line'>{}</span></p></blockquote></article>"},"dhp364:0":{"pli":"Dhammārāmattheravatthu ","html":"<article id='dhp364'><h2 class='sutta-title'>{}</h2>"},"dhp364:1":{"pli":"Dhammārāmo dhammarato, ","eng":"Delighting in the teaching, enjoying the teaching, ","html":"<blockquote class='gatha'><p><span class='verse-line'>{}</span>"},"dhp364:2":{"pli":"dhammaṃ anuvicintayaṃ; ","eng":"contemplating the teaching, ","html":"<span class='verse-line'>{}</span>"},"dhp364:3":{"pli":"Dhammaṃ anussaraṃ bhikkhu, ","eng":"a mendicant who recollects the teaching ","html":"<span class='verse-line'>{}</span>"},"dhp364:4":{"pli":"saddhammā na parihāyati. ","eng":"doesn’t fall away from the true teaching. ","html":"<span class='verse-line'>{}</span></p></blockquote></article>"},"dhp365:0":{"pli":"Vipakkhasevakabhikkhuvatthu ","html":"<article id='dhp365'><h2 class='sutta-title'>{}</h2>"},"dhp365:1":{"pli":"Salābhaṃ nātimaññeyya, ","eng":"A well-off mendicant ought not look down ","html":"<blockquote class='gatha'><p><span class='verse-line'>{}</span>"},"dhp365:2":{"pli":"nāññesaṃ pihayaṃ care; ","eng":"on others, nor should they be envious. ","html":"<span class='verse-line'>{}</span>"},"dhp365:3":{"pli":"Aññesaṃ pihayaṃ bhikkhu, ","eng":"A mendicant who envies others ","html":"<span class='verse-line'>{}</span>"},"dhp365:4":{"pli":"samādhiṃ nādhigacchati. ","eng":"does not achieve immersion. ","html":"<span class='verse-line'>{}</span></p></blockquote></article>"},"dhp366:1":{"pli":"Appalābhopi ce bhikkhu, ","eng":"If a mendicant is poor in offerings, ","html":"<article id='dhp366'><blockquote class='gatha'><p><span class='verse-line'>{}</span>"},"dhp366:2":{"pli":"salābhaṃ nātimaññati; ","eng":"the well-to-do ought not look down on them. ","html":"<span class='verse-line'>{}</span>"},"dhp366:3":{"pli":"Taṃ ve devā pasaṃsanti, ","eng":"For the gods indeed praise them, ","html":"<span class='verse-line'>{}</span>"},"dhp366:4":{"pli":"suddhājīviṃ atanditaṃ. ","eng":"who are tireless and pure of livelihood. ","html":"<span class='verse-line'>{}</span></p></blockquote></article>"},"dhp367:0":{"pli":"Pañcaggadāyakabrāhmaṇavatthu ","html":"<article id='dhp367'><h2 class='sutta-title'>{}</h2>"},"dhp367:1":{"pli":"Sabbaso nāmarūpasmiṃ, ","eng":"One who has no sense of ownership ","html":"<blockquote class='gatha'><p><span class='verse-line'>{}</span>"},"dhp367:2":{"pli":"yassa natthi mamāyitaṃ; ","eng":"in the whole realm of name and form, ","html":"<span class='verse-line'>{}</span>"},"dhp367:3":{"pli":"Asatā ca na socati, ","eng":"who does not grieve for that which is not, ","html":"<span class='verse-line'>{}</span>"},"dhp367:4":{"pli":"sa ve “bhikkhū”ti vuccati. ","eng":"is said to be a mendicant. ","html":"<span class='verse-line'>{}</span></p></blockquote></article>"},"dhp368:0":{"pli":"Sambahulabhikkhuvatthu ","html":"<article id='dhp368'><h2 class='sutta-title'>{}</h2>"},"dhp368:1":{"pli":"Mettāvihārī yo bhikkhu, ","eng":"A mendicant who meditates on love, ","html":"<blockquote class='gatha'><p><span class='verse-line'>{}</span>"},"dhp368:2":{"pli":"pasanno buddhasāsane; ","eng":"devoted to the Buddha’s teaching, ","html":"<span class='verse-line'>{}</span>"},"dhp368:3":{"pli":"Adhigacche padaṃ santaṃ, ","eng":"would realize the peaceful state, ","html":"<span class='verse-line'>{}</span>"},"dhp368:4":{"pli":"saṅkhārūpasamaṃ sukhaṃ. ","eng":"the blissful stilling of conditions. ","html":"<span class='verse-line'>{}</span></p></blockquote></article>"},"dhp369:1":{"pli":"Siñca bhikkhu imaṃ nāvaṃ, ","eng":"Bail out this boat, mendicant! ","html":"<article id='dhp369'><blockquote class='gatha'><p><span class='verse-line'>{}</span>"},"dhp369:2":{"pli":"sittā te lahumessati; ","eng":"When bailed out it will float lightly. ","html":"<span class='verse-line'>{}</span>"},"dhp369:3":{"pli":"Chetvā rāgañca dosañca, ","eng":"Having cut off desire and hate, ","html":"<span class='verse-line'>{}</span>"},"dhp369:4":{"pli":"tato nibbānamehisi. ","eng":"you shall reach extinguishment. ","html":"<span class='verse-line'>{}</span></p></blockquote></article>"},"dhp370:1":{"pli":"Pañca chinde pañca jahe, ","eng":"Five to cut, five to drop, ","html":"<article id='dhp370'><blockquote class='gatha'><p><span class='verse-line'>{}</span>"},"dhp370:2":{"pli":"pañca cuttari bhāvaye; ","eng":"and five more to develop. ","html":"<span class='verse-line'>{}</span>"},"dhp370:3":{"pli":"Pañca saṅgātigo bhikkhu, ","eng":"When a mendicant slips five chains ","html":"<span class='verse-line'>{}</span>"},"dhp370:4":{"pli":"“oghatiṇṇo”ti vuccati. ","eng":"they’re said to have crossed the flood. ","html":"<span class='verse-line'>{}</span></p></blockquote></article>"},"dhp371:1":{"pli":"Jhāya bhikkhu mā pamādo, ","eng":"Practice absorption, don’t be negligent! ","html":"<article id='dhp371'><blockquote class='gatha'><p><span class='verse-line'>{}</span>"},"dhp371:2":{"pli":"Mā te kāmaguṇe ramessu cittaṃ; ","eng":"Don’t let the mind delight in the senses! ","html":"<span class='verse-line'>{}</span>"},"dhp371:3":{"pli":"Mā lohaguḷaṃ gilī pamatto, ","eng":"Don’t heedlessly swallow a hot iron ball! ","html":"<span class='verse-line'>{}</span>"},"dhp371:4":{"pli":"Mā kandi “dukkhamidan”ti dayhamāno. ","eng":"And when it burns, don’t cry, “Oh, the pain!” ","html":"<span class='verse-line'>{}</span></p></blockquote></article>"},"dhp372:1":{"pli":"Natthi jhānaṃ apaññassa, ","eng":"No absorption for one without wisdom, ","html":"<article id='dhp372'><blockquote class='gatha'><p><span class='verse-line'>{}</span>"},"dhp372:2":{"pli":"paññā natthi ajhāyato; ","eng":"no wisdom for one without absorption. ","html":"<span class='verse-line'>{}</span>"},"dhp372:3":{"pli":"Yamhi jhānañca paññā ca, ","eng":"But one with absorption and wisdom—","html":"<span class='verse-line'>{}</span>"},"dhp372:4":{"pli":"sa ve nibbānasantike. ","eng":"they have truly drawn near to extinguishment. ","html":"<span class='verse-line'>{}</span></p></blockquote></article>"},"dhp373:1":{"pli":"Suññāgāraṃ paviṭṭhassa, ","eng":"A mendicant who enters an empty hut ","html":"<article id='dhp373'><blockquote class='gatha'><p><span class='verse-line'>{}</span>"},"dhp373:2":{"pli":"santacittassa bhikkhuno; ","eng":"with mind at peace ","html":"<span class='verse-line'>{}</span>"},"dhp373:3":{"pli":"Amānusī rati hoti, ","eng":"finds a superhuman delight ","html":"<span class='verse-line'>{}</span>"},"dhp373:4":{"pli":"sammā dhammaṃ vipassato. ","eng":"as they rightly discern the Dhamma. ","html":"<span class='verse-line'>{}</span></p></blockquote></article>"},"dhp374:1":{"pli":"Yato yato sammasati, ","eng":"Whenever they are mindful ","html":"<article id='dhp374'><blockquote class='gatha'><p><span class='verse-line'>{}</span>"},"dhp374:2":{"pli":"khandhānaṃ udayabbayaṃ; ","eng":"of the rise and fall of the aggregates, ","html":"<span class='verse-line'>{}</span>"},"dhp374:3":{"pli":"Labhatī pītipāmojjaṃ, ","eng":"they feel rapture and joy: ","html":"<span class='verse-line'>{}</span>"},"dhp374:4":{"pli":"amataṃ taṃ vijānataṃ. ","eng":"that is freedom from death for one who knows. ","html":"<span class='verse-line'>{}</span></p></blockquote></article>"},"dhp375:1":{"pli":"Tatrāyamādi bhavati, ","eng":"This is the very start of the path ","html":"<article id='dhp375'><blockquote class='gatha'><p><span class='verse-line'>{}</span>"},"dhp375:2":{"pli":"idha paññassa bhikkhuno; ","eng":"for a wise mendicant: ","html":"<span class='verse-line'>{}</span>"},"dhp375:3":{"pli":"Indriyagutti santuṭṭhi, ","eng":"guarding the senses, contentment, ","html":"<span class='verse-line'>{}</span>"},"dhp375:4":{"pli":"pātimokkhe ca saṃvaro. ","eng":"and restraint in the monastic code. ","html":"<span class='verse-line'>{}</span></p></blockquote></article>"},"dhp376:1":{"pli":"Mitte bhajassu kalyāṇe, ","eng":"Mix with spiritual friends, ","html":"<article id='dhp376'><blockquote class='gatha'><p><span class='verse-line'>{}</span>"},"dhp376:2":{"pli":"suddhājīve atandite; ","eng":"who are tireless and pure of livelihood. ","html":"<span class='verse-line'>{}</span>"},"dhp376:3":{"pli":"Paṭisanthāravutyassa, ","eng":"Share what you have with others, ","html":"<span class='verse-line'>{}</span>"},"dhp376:4":{"pli":"ācārakusalo siyā; ","eng":"being skillful in your conduct. ","html":"<span class='verse-line'>{}</span>"},"dhp376:5":{"pli":"Tato pāmojjabahulo, ","eng":"And when you’re full of joy, ","html":"<span class='verse-line'>{}</span>"},"dhp376:6":{"pli":"dukkhassantaṃ karissati. ","eng":"you’ll make an end to suffering. ","html":"<span class='verse-line'>{}</span></p></blockquote></article>"},"dhp377:0":{"pli":"Pañcasatabhikkhuvatthu ","html":"<article id='dhp377'><h2 class='sutta-title'>{}</h2>"},"dhp377:1":{"pli":"Vassikā viya pupphāni, ","eng":"As a jasmine sheds ","html":"<blockquote class='gatha'><p><span class='verse-line'>{}</span>"},"dhp377:2":{"pli":"maddavāni pamuñcati; ","eng":"its withered flowers, ","html":"<span class='verse-line'>{}</span>"},"dhp377:3":{"pli":"Evaṃ rāgañca dosañca, ","eng":"O mendicants, ","html":"<span class='verse-line'>{}</span>"},"dhp377:4":{"pli":"vippamuñcetha bhikkhavo. ","eng":"shed greed and hate. ","html":"<span class='verse-line'>{}</span></p></blockquote></article>"},"dhp378:0":{"pli":"Santakāyattheravatthu ","html":"<article id='dhp378'><h2 class='sutta-title'>{}</h2>"},"dhp378:1":{"pli":"Santakāyo santavāco, ","eng":"Calm in body, calm in speech, ","html":"<blockquote class='gatha'><p><span class='verse-line'>{}</span>"},"dhp378:2":{"pli":"santavā susamāhito; ","eng":"peaceful and serene; ","html":"<span class='verse-line'>{}</span>"},"dhp378:3":{"pli":"Vantalokāmiso bhikkhu, ","eng":"a mendicant who’s spat out the world’s bait ","html":"<span class='verse-line'>{}</span>"},"dhp378:4":{"pli":"“upasanto”ti vuccati. ","eng":"is said to be one at peace. ","html":"<span class='verse-line'>{}</span></p></blockquote></article>"},"dhp379:0":{"pli":"Naṅgalakulattheravatthu ","html":"<article id='dhp379'><h2 class='sutta-title'>{}</h2>"},"dhp379:1":{"pli":"Attanā codayattānaṃ, ","eng":"Urge yourself on, ","html":"<blockquote class='gatha'><p><span class='verse-line'>{}</span>"},"dhp379:2":{"pli":"paṭimaṃsetha attanā; ","eng":"reflect on yourself. ","html":"<span class='verse-line'>{}</span>"},"dhp379:3":{"pli":"So attagutto satimā, ","eng":"A mendicant self-controlled and mindful ","html":"<span class='verse-line'>{}</span>"},"dhp379:4":{"pli":"sukhaṃ bhikkhu vihāhisi. ","eng":"will always dwell in happiness. ","html":"<span class='verse-line'>{}</span></p></blockquote></article>"},"dhp380:1":{"pli":"Attā hi attano nātho, ","eng":"Self is indeed the lord of self, ","html":"<article id='dhp380'><blockquote class='gatha'><p><span class='verse-line'>{}</span>"},"dhp380:2":{"pli":"ko hi nātho paro siyā; ","eng":"for who else would be one’s lord? ","html":"<span class='verse-line'>{}</span>"},"dhp380:3":{"pli":"Attā hi attano gati, ","eng":"Self is indeed the home of self, ","html":"<span class='verse-line'>{}</span>","comm":"<i lang='pi' translate='no'>Gati</i> is glossed by the commentary as <i lang='pi' translate='no'>saraṇa</i> (“refuge”), which agrees with the Sanskrit Udānavarga’s <i lang='pi' translate='no'>śaraṇa</i>. "},"dhp380:4":{"pli":"tasmā saṃyamamattānaṃ; ","eng":"so restrain yourself, ","html":"<span class='verse-line'>{}</span>"},"dhp380:5":{"pli":"Assaṃ bhadraṃva vāṇijo. ","eng":"as a merchant his thoroughbred steed. ","html":"<span class='verse-line'>{}</span></p></blockquote></article>"},"dhp381:0":{"pli":"Vakkalittheravatthu ","html":"<article id='dhp381'><h2 class='sutta-title'>{}</h2>"},"dhp381:1":{"pli":"Pāmojjabahulo bhikkhu, ","eng":"A monk full of joy ","html":"<blockquote class='gatha'><p><span class='verse-line'>{}</span>"},"dhp381:2":{"pli":"pasanno buddhasāsane; ","eng":"trusting in the Buddha’s teaching, ","html":"<span class='verse-line'>{}</span>"},"dhp381:3":{"pli":"Adhigacche padaṃ santaṃ, ","eng":"would realize the peaceful state, ","html":"<span class='verse-line'>{}</span>"},"dhp381:4":{"pli":"saṅkhārūpasamaṃ sukhaṃ. ","eng":"the blissful stilling of conditions. ","html":"<span class='verse-line'>{}</span></p></blockquote></article>"},"dhp382:0":{"pli":"Sumanasāmaṇeravatthu ","html":"<article id='dhp382'><h2 class='sutta-title'>{}</h2>"},"dhp382:1":{"pli":"Yo have daharo bhikkhu, ","eng":"A young mendicant ","html":"<blockquote class='gatha'><p><span class='verse-line'>{}</span>"},"dhp382:2":{"pli":"yuñjati buddhasāsane; ","eng":"devoted to the Buddha’s teaching, ","html":"<span class='verse-line'>{}</span>"},"dhp382:3":{"pli":"Somaṃ lokaṃ pabhāseti, ","eng":"lights up the world, ","html":"<span class='verse-line'>{}</span>"},"dhp382:4":{"pli":"abbhā muttova candimā. ","eng":"like the moon freed from clouds. ","html":"<span class='verse-line'>{}</span></p></blockquote>"},"dhp382:5":{"pli":"Bhikkhuvaggo pañcavīsatimo. ","html":"<p class='endvagga'>{}</p></article></section>"}}}