{"dhp221-234":{"dhp221:0.1":{"pli":"Khuddakanikāya ","eng":"Minor Collection ","html":"<section class='range'  id='dhp221-234'><header><ul><li class='division'>{}</li>"},"dhp221:0.2":{"pli":"Dhammapada ","eng":"Sayings of the Dhamma 221–234 ","html":"<li class='subdivision'>{}</li></ul>"},"dhp221:0.3":{"pli":"Kodhavagga ","eng":"17. Anger ","html":"<h1 class='range-title'>{}</h1></header>"},"dhp221:0.4":{"pli":"Rohinīkhattiyakaññāvatthu ","html":"<article id='dhp221'><h2 class='sutta-title'>{}</h2>"},"dhp221:1":{"pli":"Kodhaṃ jahe vippajaheyya mānaṃ, ","eng":"Give up anger, get rid of conceit, ","html":"<blockquote class='gatha'><p><span class='verse-line'>{}</span>"},"dhp221:2":{"pli":"Saṃyojanaṃ sabbamatikkameyya; ","eng":"and escape every fetter. ","html":"<span class='verse-line'>{}</span>"},"dhp221:3":{"pli":"Taṃ nāmarūpasmimasajjamānaṃ, ","eng":"Sufferings don’t befall one who has nothing, ","html":"<span class='verse-line'>{}</span>"},"dhp221:4":{"pli":"Akiñcanaṃ nānupatanti dukkhā. ","eng":"not clinging to name and form. ","html":"<span class='verse-line'>{}</span></p></blockquote></article>"},"dhp222:0":{"pli":"Aññatarabhikkhuvatthu ","html":"<article id='dhp222'><h2 class='sutta-title'>{}</h2>"},"dhp222:1":{"pli":"Yo ve uppatitaṃ kodhaṃ, ","eng":"When anger surges like a lurching chariot, ","html":"<blockquote class='gatha'><p><span class='verse-line'>{}</span>"},"dhp222:2":{"pli":"rathaṃ bhantaṃva vāraye; ","eng":"keep it in check. ","html":"<span class='verse-line'>{}</span>"},"dhp222:3":{"pli":"Tamahaṃ sārathiṃ brūmi, ","eng":"That’s what I call a charioteer; ","html":"<span class='verse-line'>{}</span>"},"dhp222:4":{"pli":"rasmiggāho itaro jano. ","eng":"others just hold the reins. ","html":"<span class='verse-line'>{}</span></p></blockquote></article>"},"dhp223:0":{"pli":"Uttarāupāsikavatthu ","html":"<article id='dhp223'><h2 class='sutta-title'>{}</h2>"},"dhp223:1":{"pli":"Akkodhena jine kodhaṃ, ","eng":"Defeat anger with kindness, ","html":"<blockquote class='gatha'><p><span class='verse-line'>{}</span>"},"dhp223:2":{"pli":"asādhuṃ sādhunā jine; ","eng":"villainy with virtue, ","html":"<span class='verse-line'>{}</span>"},"dhp223:3":{"pli":"Jine kadariyaṃ dānena, ","eng":"stinginess with giving, ","html":"<span class='verse-line'>{}</span>"},"dhp223:4":{"pli":"saccenālikavādinaṃ. ","eng":"and lies with truth. ","html":"<span class='verse-line'>{}</span></p></blockquote></article>"},"dhp224:0":{"pli":"Mahāmoggallānapañhavatthu ","html":"<article id='dhp224'><h2 class='sutta-title'>{}</h2>"},"dhp224:1":{"pli":"Saccaṃ bhaṇe na kujjheyya, ","eng":"Speak the truth, do not be angry, ","html":"<blockquote class='gatha'><p><span class='verse-line'>{}</span>"},"dhp224:2":{"pli":"dajjā appampi yācito; ","eng":"and give when asked, if only a little. ","html":"<span class='verse-line'>{}</span>"},"dhp224:3":{"pli":"Etehi tīhi ṭhānehi, ","eng":"By these three means, ","html":"<span class='verse-line'>{}</span>"},"dhp224:4":{"pli":"gacche devāna santike. ","eng":"you may enter the presence of the gods. ","html":"<span class='verse-line'>{}</span></p></blockquote></article>"},"dhp225:0":{"pli":"Buddhapitubrāhmaṇavatthu ","html":"<article id='dhp225'><h2 class='sutta-title'>{}</h2>"},"dhp225:1":{"pli":"Ahiṃsakā ye munayo, ","eng":"Those harmless sages, ","html":"<blockquote class='gatha'><p><span class='verse-line'>{}</span>"},"dhp225:2":{"pli":"niccaṃ kāyena saṃvutā; ","eng":"always restrained in body, ","html":"<span class='verse-line'>{}</span>"},"dhp225:3":{"pli":"Te yanti accutaṃ ṭhānaṃ, ","eng":"go to the state that does not pass, ","html":"<span class='verse-line'>{}</span>"},"dhp225:4":{"pli":"yattha gantvā na socare. ","eng":"where there is no sorrow. ","html":"<span class='verse-line'>{}</span></p></blockquote></article>"},"dhp226:0":{"pli":"Puṇṇadāsīvatthu ","html":"<article id='dhp226'><h2 class='sutta-title'>{}</h2>"},"dhp226:1":{"pli":"Sadā jāgaramānānaṃ, ","eng":"Always wakeful, ","html":"<blockquote class='gatha'><p><span class='verse-line'>{}</span>"},"dhp226:2":{"pli":"ahorattānusikkhinaṃ; ","eng":"practicing night and day, ","html":"<span class='verse-line'>{}</span>"},"dhp226:3":{"pli":"Nibbānaṃ adhimuttānaṃ, ","eng":"focused only on extinguishment, ","html":"<span class='verse-line'>{}</span>"},"dhp226:4":{"pli":"atthaṃ gacchanti āsavā. ","eng":"their defilements come to an end. ","html":"<span class='verse-line'>{}</span></p></blockquote></article>"},"dhp227:0":{"pli":"Atulaupāsakavatthu ","html":"<article id='dhp227'><h2 class='sutta-title'>{}</h2>"},"dhp227:1":{"pli":"Porāṇametaṃ atula, ","eng":"It’s always been this way, Atula, ","html":"<blockquote class='gatha'><p><span class='verse-line'>{}</span>"},"dhp227:2":{"pli":"netaṃ ajjatanāmiva; ","eng":"it’s not just today. ","html":"<span class='verse-line'>{}</span>"},"dhp227:3":{"pli":"Nindanti tuṇhimāsīnaṃ, ","eng":"They blame you when you’re silent, ","html":"<span class='verse-line'>{}</span>"},"dhp227:4":{"pli":"nindanti bahubhāṇinaṃ; ","eng":"they blame you when you speak a lot, ","html":"<span class='verse-line'>{}</span>"},"dhp227:5":{"pli":"Mitabhāṇimpi nindanti, ","eng":"and even when you speak just right: ","html":"<span class='verse-line'>{}</span>"},"dhp227:6":{"pli":"natthi loke anindito. ","eng":"no-one in the world escapes blame. ","html":"<span class='verse-line'>{}</span></p></blockquote></article>"},"dhp228:1":{"pli":"Na cāhu na ca bhavissati, ","eng":"There never was, nor will be, ","html":"<article id='dhp228'><blockquote class='gatha'><p><span class='verse-line'>{}</span>"},"dhp228:2":{"pli":"na cetarahi vijjati; ","eng":"nor is there today, ","html":"<span class='verse-line'>{}</span>"},"dhp228:3":{"pli":"Ekantaṃ nindito poso, ","eng":"someone who is wholly praised ","html":"<span class='verse-line'>{}</span>"},"dhp228:4":{"pli":"ekantaṃ vā pasaṃsito. ","eng":"or wholly blamed. ","html":"<span class='verse-line'>{}</span></p></blockquote></article>"},"dhp229:1":{"pli":"Yañce viññū pasaṃsanti, ","eng":"If, after watching them day in day out, ","html":"<article id='dhp229'><blockquote class='gatha'><p><span class='verse-line'>{}</span>"},"dhp229:2":{"pli":"anuvicca suve suve; ","eng":"discerning people praise ","html":"<span class='verse-line'>{}</span>"},"dhp229:3":{"pli":"Acchiddavuttiṃ medhāviṃ, ","eng":"that sage of impeccable conduct, ","html":"<span class='verse-line'>{}</span>"},"dhp229:4":{"pli":"paññāsīlasamāhitaṃ. ","eng":"endowed with ethics and wisdom; ","html":"<span class='verse-line'>{}</span></p></blockquote></article>"},"dhp230:1":{"pli":"Nikkhaṃ jambonadasseva, ","eng":"like a pendant of Black Plum River gold, ","html":"<article id='dhp230'><blockquote class='gatha'><p><span class='verse-line'>{}</span>"},"dhp230:2":{"pli":"ko taṃ ninditumarahati; ","eng":"who is worthy to criticize them? ","html":"<span class='verse-line'>{}</span>"},"dhp230:3":{"pli":"Devāpi naṃ pasaṃsanti, ","eng":"Even the gods praise them, ","html":"<span class='verse-line'>{}</span>"},"dhp230:4":{"pli":"brahmunāpi pasaṃsito. ","eng":"and by the Divinity, too, they’re praised. ","html":"<span class='verse-line'>{}</span></p></blockquote></article>"},"dhp231:0":{"pli":"Chabbaggiyavatthu ","html":"<article id='dhp231'><h2 class='sutta-title'>{}</h2>"},"dhp231:1":{"pli":"Kāyappakopaṃ rakkheyya, ","eng":"Guard against ill-tempered deeds, ","html":"<blockquote class='gatha'><p><span class='verse-line'>{}</span>"},"dhp231:2":{"pli":"kāyena saṃvuto siyā; ","eng":"be restrained in body. ","html":"<span class='verse-line'>{}</span>"},"dhp231:3":{"pli":"Kāyaduccaritaṃ hitvā, ","eng":"Giving up bad bodily conduct, ","html":"<span class='verse-line'>{}</span>"},"dhp231:4":{"pli":"kāyena sucaritaṃ care. ","eng":"conduct yourself well in body. ","html":"<span class='verse-line'>{}</span></p></blockquote></article>"},"dhp232:1":{"pli":"Vacīpakopaṃ rakkheyya, ","eng":"Guard against ill-tempered words, ","html":"<article id='dhp232'><blockquote class='gatha'><p><span class='verse-line'>{}</span>"},"dhp232:2":{"pli":"vācāya saṃvuto siyā; ","eng":"be restrained in speech. ","html":"<span class='verse-line'>{}</span>"},"dhp232:3":{"pli":"Vacīduccaritaṃ hitvā, ","eng":"Giving up bad verbal conduct, ","html":"<span class='verse-line'>{}</span>"},"dhp232:4":{"pli":"vācāya sucaritaṃ care. ","eng":"conduct yourself well in speech. ","html":"<span class='verse-line'>{}</span></p></blockquote></article>"},"dhp233:1":{"pli":"Manopakopaṃ rakkheyya, ","eng":"Guard against ill-tempered thoughts, ","html":"<article id='dhp233'><blockquote class='gatha'><p><span class='verse-line'>{}</span>"},"dhp233:2":{"pli":"manasā saṃvuto siyā; ","eng":"be restrained in mind. ","html":"<span class='verse-line'>{}</span>"},"dhp233:3":{"pli":"Manoduccaritaṃ hitvā, ","eng":"Giving up bad mental conduct, ","html":"<span class='verse-line'>{}</span>"},"dhp233:4":{"pli":"manasā sucaritaṃ care. ","eng":"conduct yourself well in mind. ","html":"<span class='verse-line'>{}</span></p></blockquote></article>"},"dhp234:1":{"pli":"Kāyena saṃvutā dhīrā, ","eng":"An attentive one is restrained in body ","html":"<article id='dhp234'><blockquote class='gatha'><p><span class='verse-line'>{}</span>"},"dhp234:2":{"pli":"atho vācāya saṃvutā; ","eng":"restrained also in speech, ","html":"<span class='verse-line'>{}</span>"},"dhp234:3":{"pli":"Manasā saṃvutā dhīrā, ","eng":"in thought, too, they are restrained: ","html":"<span class='verse-line'>{}</span>"},"dhp234:4":{"pli":"te ve suparisaṃvutā. ","eng":"they are restrained in every way. ","html":"<span class='verse-line'>{}</span></p></blockquote>"},"dhp234:5":{"pli":"Kodhavaggo sattarasamo. ","html":"<p class='endvagga'>{}</p></article></section>"}},"dhp235-255":{"dhp235:0.1":{"pli":"Khuddakanikāya ","eng":"Minor Collection ","html":"<section class='range'  id='dhp235-255'><header><ul><li class='division'>{}</li>"},"dhp235:0.2":{"pli":"Dhammapada ","eng":"Sayings of the Dhamma 235–255 ","html":"<li class='subdivision'>{}</li></ul>"},"dhp235:0.3":{"pli":"Malavagga ","eng":"18. Stains ","html":"<h1 class='range-title'>{}</h1></header>"},"dhp235:0.4":{"pli":"Goghātakaputtavatthu ","html":"<article id='dhp235'><h2 class='sutta-title'>{}</h2>"},"dhp235:1":{"pli":"Paṇḍupalāsova dānisi, ","eng":"Today you’re like a withered leaf, ","html":"<blockquote class='gatha'><p><span class='verse-line'>{}</span>"},"dhp235:2":{"pli":"Yamapurisāpi ca te upaṭṭhitā; ","eng":"Yama’s men await you. ","html":"<span class='verse-line'>{}</span>"},"dhp235:3":{"pli":"Uyyogamukhe ca tiṭṭhasi, ","eng":"You stand at the departure gates, ","html":"<span class='verse-line'>{}</span>"},"dhp235:4":{"pli":"Pātheyyampi ca te na vijjati. ","eng":"yet you have no supplies for the road. ","html":"<span class='verse-line'>{}</span></p></blockquote></article>"},"dhp236:1":{"pli":"So karohi dīpamattano, ","eng":"Make an island of yourself! ","html":"<article id='dhp236'><blockquote class='gatha'><p><span class='verse-line'>{}</span>"},"dhp236:2":{"pli":"Khippaṃ vāyama paṇḍito bhava; ","eng":"Swiftly strive, learn to be wise! ","html":"<span class='verse-line'>{}</span>"},"dhp236:3":{"pli":"Niddhantamalo anaṅgaṇo, ","eng":"Purged of stains, flawless, ","html":"<span class='verse-line'>{}</span>"},"dhp236:4":{"pli":"Dibbaṃ ariyabhūmiṃ upehisi. ","eng":"you’ll go to the heavenly realm of the noble ones. ","html":"<span class='verse-line'>{}</span></p></blockquote></article>"},"dhp237:1":{"pli":"Upanītavayo ca dānisi, ","eng":"You’ve journeyed the stages of life, ","html":"<article id='dhp237'><blockquote class='gatha'><p><span class='verse-line'>{}</span>"},"dhp237:2":{"pli":"Sampayātosi yamassa santikaṃ; ","eng":"and now you set out to meet Yama. ","html":"<span class='verse-line'>{}</span>"},"dhp237:3":{"pli":"Vāso te natthi antarā, ","eng":"Along the way there’s nowhere to stay, ","html":"<span class='verse-line'>{}</span>"},"dhp237:4":{"pli":"Pātheyyampi ca te na vijjati. ","eng":"yet you have no supplies for the road. ","html":"<span class='verse-line'>{}</span></p></blockquote></article>"},"dhp238:1":{"pli":"So karohi dīpamattano, ","eng":"Make an island of yourself! ","html":"<article id='dhp238'><blockquote class='gatha'><p><span class='verse-line'>{}</span>"},"dhp238:2":{"pli":"Khippaṃ vāyama paṇḍito bhava; ","eng":"Swiftly strive, learn to be wise! ","html":"<span class='verse-line'>{}</span>"},"dhp238:3":{"pli":"Niddhantamalo anaṅgaṇo, ","eng":"Purged of stains, flawless, ","html":"<span class='verse-line'>{}</span>"},"dhp238:4":{"pli":"Na punaṃ jātijaraṃ upehisi. ","eng":"you’ll not come again to rebirth and old age. ","html":"<span class='verse-line'>{}</span></p></blockquote></article>"},"dhp239:0":{"pli":"Aññatarabrāhmaṇavatthu ","html":"<article id='dhp239'><h2 class='sutta-title'>{}</h2>"},"dhp239:1":{"pli":"Anupubbena medhāvī, ","eng":"A smart person would purge ","html":"<blockquote class='gatha'><p><span class='verse-line'>{}</span>"},"dhp239:2":{"pli":"thokaṃ thokaṃ khaṇe khaṇe; ","eng":"their own stains gradually, ","html":"<span class='verse-line'>{}</span>"},"dhp239:3":{"pli":"Kammāro rajatasseva, ","eng":"bit by bit, moment by moment, ","html":"<span class='verse-line'>{}</span>"},"dhp239:4":{"pli":"niddhame malamattano. ","eng":"like a smith smelting silver. ","html":"<span class='verse-line'>{}</span></p></blockquote></article>"},"dhp240:0":{"pli":"Tissattheravatthu ","html":"<article id='dhp240'><h2 class='sutta-title'>{}</h2>"},"dhp240:1":{"pli":"Ayasāva malaṃ samuṭṭhitaṃ, ","eng":"It is the rust born on the iron ","html":"<blockquote class='gatha'><p><span class='verse-line'>{}</span>"},"dhp240:2":{"pli":"Tatuṭṭhāya tameva khādati; ","eng":"that eats away the place it arose. ","html":"<span class='verse-line'>{}</span>"},"dhp240:3":{"pli":"Evaṃ atidhonacārinaṃ, ","eng":"And so it is their own deeds ","html":"<span class='verse-line'>{}</span>"},"dhp240:4":{"pli":"Sāni kammāni nayanti duggatiṃ. ","eng":"that lead the overly-ascetic to a bad place. ","html":"<span class='verse-line'>{}</span></p></blockquote></article>"},"dhp241:0":{"pli":"Lāḷudāyīvatthu ","html":"<article id='dhp241'><h2 class='sutta-title'>{}</h2>"},"dhp241:1":{"pli":"Asajjhāyamalā mantā, ","eng":"Not rehearsing is the stain of hymns. ","html":"<blockquote class='gatha'><p><span class='verse-line'>{}</span>"},"dhp241:2":{"pli":"anuṭṭhānamalā gharā; ","eng":"The stain of houses is neglect. ","html":"<span class='verse-line'>{}</span>"},"dhp241:3":{"pli":"Malaṃ vaṇṇassa kosajjaṃ, ","eng":"Laziness is the stain of beauty. ","html":"<span class='verse-line'>{}</span>"},"dhp241:4":{"pli":"pamādo rakkhato malaṃ. ","eng":"A guard’s stain is negligence. ","html":"<span class='verse-line'>{}</span></p></blockquote></article>"},"dhp242:0":{"pli":"Aññatarakulaputtavatthu ","html":"<article id='dhp242'><h2 class='sutta-title'>{}</h2>"},"dhp242:1":{"pli":"Malitthiyā duccaritaṃ, ","eng":"Misconduct is a woman’s stain. ","html":"<blockquote class='gatha'><p><span class='verse-line'>{}</span>"},"dhp242:2":{"pli":"maccheraṃ dadato malaṃ; ","eng":"A giver’s stain is stinginess. ","html":"<span class='verse-line'>{}</span>"},"dhp242:3":{"pli":"Malā ve pāpakā dhammā, ","eng":"Bad qualities are a stain ","html":"<span class='verse-line'>{}</span>"},"dhp242:4":{"pli":"asmiṃ loke paramhi ca. ","eng":"in this world and the next. ","html":"<span class='verse-line'>{}</span></p></blockquote></article>"},"dhp243:1":{"pli":"Tato malā malataraṃ, ","eng":"But a worse stain than these ","html":"<article id='dhp243'><blockquote class='gatha'><p><span class='verse-line'>{}</span>"},"dhp243:2":{"pli":"avijjā paramaṃ malaṃ; ","eng":"is ignorance, the worst stain of all. ","html":"<span class='verse-line'>{}</span>"},"dhp243:3":{"pli":"Etaṃ malaṃ pahantvāna, ","eng":"Having given up that stain, ","html":"<span class='verse-line'>{}</span>"},"dhp243:4":{"pli":"nimmalā hotha bhikkhavo. ","eng":"be without stains, mendicants! ","html":"<span class='verse-line'>{}</span></p></blockquote></article>"},"dhp244:0":{"pli":"Cūḷasāribhikkhuvatthu ","html":"<article id='dhp244'><h2 class='sutta-title'>{}</h2>"},"dhp244:1":{"pli":"Sujīvaṃ ahirikena, ","eng":"Life is easy for the shameless. ","html":"<blockquote class='gatha'><p><span class='verse-line'>{}</span>"},"dhp244:2":{"pli":"kākasūrena dhaṃsinā; ","eng":"With all the rude courage of a crow, ","html":"<span class='verse-line'>{}</span>"},"dhp244:3":{"pli":"Pakkhandinā pagabbhena, ","eng":"they live pushy, ","html":"<span class='verse-line'>{}</span>"},"dhp244:4":{"pli":"saṅkiliṭṭhena jīvitaṃ. ","eng":"rude, and corrupt. ","html":"<span class='verse-line'>{}</span></p></blockquote></article>"},"dhp245:1":{"pli":"Hirīmatā ca dujjīvaṃ, ","eng":"Life is hard for the conscientious, ","html":"<article id='dhp245'><blockquote class='gatha'><p><span class='verse-line'>{}</span>"},"dhp245:2":{"pli":"niccaṃ sucigavesinā; ","eng":"always seeking purity, ","html":"<span class='verse-line'>{}</span>"},"dhp245:3":{"pli":"Alīnenāppagabbhena, ","eng":"neither clinging nor rude, ","html":"<span class='verse-line'>{}</span>"},"dhp245:4":{"pli":"suddhājīvena passatā. ","eng":"pure of livelihood and discerning. ","html":"<span class='verse-line'>{}</span></p></blockquote></article>"},"dhp246:0":{"pli":"Pañcaupāsakavatthu ","html":"<article id='dhp246'><h2 class='sutta-title'>{}</h2>"},"dhp246:1":{"pli":"Yo pāṇamatipāteti, ","eng":"Take anyone in this world ","html":"<blockquote class='gatha'><p><span class='verse-line'>{}</span>"},"dhp246:2":{"pli":"musāvādañca bhāsati; ","eng":"who kills living creatures, ","html":"<span class='verse-line'>{}</span>"},"dhp246:3":{"pli":"Loke adinnamādiyati, ","eng":"speaks falsely, steals, ","html":"<span class='verse-line'>{}</span>"},"dhp246:4":{"pli":"paradārañca gacchati. ","eng":"commits adultery, ","html":"<span class='verse-line'>{}</span></p></blockquote></article>"},"dhp247:1":{"pli":"Surāmerayapānañca, ","eng":"and indulges in drinking ","html":"<article id='dhp247'><blockquote class='gatha'><p><span class='verse-line'>{}</span>"},"dhp247:2":{"pli":"yo naro anuyuñjati; ","eng":"beer and wine. ","html":"<span class='verse-line'>{}</span>"},"dhp247:3":{"pli":"Idheva meso lokasmiṃ, ","eng":"Right here they dig up ","html":"<span class='verse-line'>{}</span>"},"dhp247:4":{"pli":"mūlaṃ khaṇati attano. ","eng":"the root of their own self. ","html":"<span class='verse-line'>{}</span></p></blockquote></article>"},"dhp248:1":{"pli":"Evaṃ bho purisa jānāhi, ","eng":"Know this, good fellow: ","html":"<article id='dhp248'><blockquote class='gatha'><p><span class='verse-line'>{}</span>"},"dhp248:2":{"pli":"pāpadhammā asaññatā; ","eng":"they are unrestrained and wicked. ","html":"<span class='verse-line'>{}</span>"},"dhp248:3":{"pli":"Mā taṃ lobho adhammo ca, ","eng":"Don’t let that greed and unrighteousness ","html":"<span class='verse-line'>{}</span>"},"dhp248:4":{"pli":"ciraṃ dukkhāya randhayuṃ. ","eng":"inflict pain on you for long. ","html":"<span class='verse-line'>{}</span></p></blockquote></article>"},"dhp249:0":{"pli":"Tissadaharavatthu ","html":"<article id='dhp249'><h2 class='sutta-title'>{}</h2>"},"dhp249:1":{"pli":"Dadāti ve yathāsaddhaṃ, ","eng":"The people give according to their faith, ","html":"<blockquote class='gatha'><p><span class='verse-line'>{}</span>"},"dhp249:2":{"pli":"yathāpasādanaṃ jano; ","eng":"according to their confidence. ","html":"<span class='verse-line'>{}</span>"},"dhp249:3":{"pli":"Tattha yo ca maṅku bhavati, ","eng":"If you get upset over that, ","html":"<span class='verse-line'>{}</span>"},"dhp249:4":{"pli":"paresaṃ pānabhojane; ","eng":"over other’s food and drink, ","html":"<span class='verse-line'>{}</span>"},"dhp249:5":{"pli":"Na so divā vā rattiṃ vā, ","eng":"you’ll not, by day or by night, ","html":"<span class='verse-line'>{}</span>"},"dhp249:6":{"pli":"samādhimadhigacchati. ","eng":"become immersed in samādhi. ","html":"<span class='verse-line'>{}</span></p></blockquote></article>"},"dhp250:1":{"pli":"Yassa cetaṃ samucchinnaṃ, ","eng":"Those who have cut that out, ","html":"<article id='dhp250'><blockquote class='gatha'><p><span class='verse-line'>{}</span>"},"dhp250:2":{"pli":"mūlaghaccaṃ samūhataṃ; ","eng":"dug it up at the root, eradicated it, ","html":"<span class='verse-line'>{}</span>"},"dhp250:3":{"pli":"Sa ve divā vā rattiṃ vā, ","eng":"they will, by day or by night, ","html":"<span class='verse-line'>{}</span>"},"dhp250:4":{"pli":"samādhimadhigacchati. ","eng":"become immersed in samādhi. ","html":"<span class='verse-line'>{}</span></p></blockquote></article>"},"dhp251:0":{"pli":"Pañcaupāsakavatthu ","html":"<article id='dhp251'><h2 class='sutta-title'>{}</h2>"},"dhp251:1":{"pli":"Natthi rāgasamo aggi, ","eng":"There is no fire like greed, ","html":"<blockquote class='gatha'><p><span class='verse-line'>{}</span>"},"dhp251:2":{"pli":"natthi dosasamo gaho; ","eng":"no crime like hate, ","html":"<span class='verse-line'>{}</span>"},"dhp251:3":{"pli":"Natthi mohasamaṃ jālaṃ, ","eng":"no net like delusion, ","html":"<span class='verse-line'>{}</span>"},"dhp251:4":{"pli":"natthi taṇhāsamā nadī. ","eng":"no river like craving. ","html":"<span class='verse-line'>{}</span></p></blockquote></article>"},"dhp252:0":{"pli":"Meṇḍakaseṭṭhivatthu ","html":"<article id='dhp252'><h2 class='sutta-title'>{}</h2>"},"dhp252:1":{"pli":"Sudassaṃ vajjamaññesaṃ, ","eng":"It’s easy to see the faults of others, ","html":"<blockquote class='gatha'><p><span class='verse-line'>{}</span>"},"dhp252:2":{"pli":"attano pana duddasaṃ; ","eng":"hard to see one’s own. ","html":"<span class='verse-line'>{}</span>"},"dhp252:3":{"pli":"Paresaṃ hi so vajjāni, ","eng":"For the faults of others ","html":"<span class='verse-line'>{}</span>"},"dhp252:4":{"pli":"opunāti yathā bhusaṃ; ","eng":"are tossed high like hay, ","html":"<span class='verse-line'>{}</span>"},"dhp252:5":{"pli":"Attano pana chādeti, ","eng":"while one’s own are hidden, ","html":"<span class='verse-line'>{}</span>"},"dhp252:6":{"pli":"kaliṃva kitavā saṭho. ","eng":"as a cheat hides a bad hand. ","html":"<span class='verse-line'>{}</span></p></blockquote></article>"},"dhp253:0":{"pli":"Ujjhānasaññittheravatthu ","html":"<article id='dhp253'><h2 class='sutta-title'>{}</h2>"},"dhp253:1":{"pli":"Paravajjānupassissa, ","eng":"When you look for the flaws of others, ","html":"<blockquote class='gatha'><p><span class='verse-line'>{}</span>"},"dhp253:2":{"pli":"niccaṃ ujjhānasaññino; ","eng":"always finding fault, ","html":"<span class='verse-line'>{}</span>"},"dhp253:3":{"pli":"Āsavā tassa vaḍḍhanti, ","eng":"your defilements only grow, ","html":"<span class='verse-line'>{}</span>"},"dhp253:4":{"pli":"ārā so āsavakkhayā. ","eng":"you’re far from ending defilements. ","html":"<span class='verse-line'>{}</span></p></blockquote></article>"},"dhp254:0":{"pli":"Subhaddaparibbājakavatthu ","html":"<article id='dhp254'><h2 class='sutta-title'>{}</h2>"},"dhp254:1":{"pli":"Ākāseva padaṃ natthi, ","eng":"In the atmosphere there is no track, ","html":"<blockquote class='gatha'><p><span class='verse-line'>{}</span>"},"dhp254:2":{"pli":"samaṇo natthi bāhire; ","eng":"there’s no true ascetic outside here. ","html":"<span class='verse-line'>{}</span>"},"dhp254:3":{"pli":"Papañcābhiratā pajā, ","eng":"People enjoy proliferation, ","html":"<span class='verse-line'>{}</span>"},"dhp254:4":{"pli":"nippapañcā tathāgatā. ","eng":"the Realized Ones are free of proliferation. ","html":"<span class='verse-line'>{}</span></p></blockquote></article>"},"dhp255:1":{"pli":"Ākāseva padaṃ natthi, ","eng":"In the atmosphere there is no track, ","html":"<article id='dhp255'><blockquote class='gatha'><p><span class='verse-line'>{}</span>"},"dhp255:2":{"pli":"samaṇo natthi bāhire; ","eng":"there’s no true ascetic outside here. ","html":"<span class='verse-line'>{}</span>"},"dhp255:3":{"pli":"Saṅkhārā sassatā natthi, ","eng":"No conditions last forever, ","html":"<span class='verse-line'>{}</span>"},"dhp255:4":{"pli":"natthi buddhānamiñjitaṃ. ","eng":"the Awakened Ones are not shaken. ","html":"<span class='verse-line'>{}</span></p></blockquote>"},"dhp255:5":{"pli":"Malavaggo aṭṭhārasamo. ","html":"<p class='endvagga'>{}</p></article></section>"}},"dhp256-272":{"dhp256:0.1":{"pli":"Khuddakanikāya ","eng":"Minor Collection ","html":"<section class='range'  id='dhp256-272'><header><ul><li class='division'>{}</li>"},"dhp256:0.2":{"pli":"Dhammapada ","eng":"Sayings of the Dhamma 256–272 ","html":"<li class='subdivision'>{}</li></ul>"},"dhp256:0.3":{"pli":"Dhammaṭṭhavagga ","eng":"19. The Just ","html":"<h1 class='range-title'>{}</h1></header>"},"dhp256:0.4":{"pli":"Vinicchayamahāmattavatthu ","html":"<article id='dhp256'><h2 class='sutta-title'>{}</h2>"},"dhp256:1":{"pli":"Na tena hoti dhammaṭṭho, ","eng":"You don’t become just ","html":"<blockquote class='gatha'><p><span class='verse-line'>{}</span>"},"dhp256:2":{"pli":"yenatthaṃ sāhasā naye; ","eng":"by passing hasty judgment. ","html":"<span class='verse-line'>{}</span>"},"dhp256:3":{"pli":"Yo ca atthaṃ anatthañca, ","eng":"An astute person evaluates both ","html":"<span class='verse-line'>{}</span>"},"dhp256:4":{"pli":"ubho niccheyya paṇḍito. ","eng":"what is pertinent and what is irrelevant. ","html":"<span class='verse-line'>{}</span></p></blockquote></article>"},"dhp257:1":{"pli":"Asāhasena dhammena, ","eng":"A wise one judges others without haste, ","html":"<article id='dhp257'><blockquote class='gatha'><p><span class='verse-line'>{}</span>"},"dhp257:2":{"pli":"samena nayatī pare; ","eng":"justly and impartially; ","html":"<span class='verse-line'>{}</span>"},"dhp257:3":{"pli":"Dhammassa gutto medhāvī, ","eng":"that guardian of the law ","html":"<span class='verse-line'>{}</span>"},"dhp257:4":{"pli":"“dhammaṭṭho”ti pavuccati. ","eng":"is said to be just. ","html":"<span class='verse-line'>{}</span></p></blockquote></article>"},"dhp258:0":{"pli":"Chabbaggiyavatthu ","html":"<article id='dhp258'><h2 class='sutta-title'>{}</h2>"},"dhp258:1":{"pli":"Na tena paṇḍito hoti, ","eng":"You’re not an astute scholar ","html":"<blockquote class='gatha'><p><span class='verse-line'>{}</span>"},"dhp258:2":{"pli":"yāvatā bahu bhāsati; ","eng":"just because you speak a lot. ","html":"<span class='verse-line'>{}</span>"},"dhp258:3":{"pli":"Khemī averī abhayo, ","eng":"One who is secure, free of enmity and fear, ","html":"<span class='verse-line'>{}</span>"},"dhp258:4":{"pli":"“paṇḍito”ti pavuccati. ","eng":"is said to be astute. ","html":"<span class='verse-line'>{}</span></p></blockquote></article>"},"dhp259:0":{"pli":"Ekudānakhīṇāsavavatthu ","html":"<article id='dhp259'><h2 class='sutta-title'>{}</h2>"},"dhp259:1":{"pli":"Na tāvatā dhammadharo, ","eng":"You’re not one who has memorized the teaching ","html":"<blockquote class='gatha'><p><span class='verse-line'>{}</span>"},"dhp259:2":{"pli":"yāvatā bahu bhāsati; ","eng":"just because you recite a lot. ","html":"<span class='verse-line'>{}</span>"},"dhp259:3":{"pli":"Yo ca appampi sutvāna, ","eng":"Someone who directly sees the teaching ","html":"<span class='verse-line'>{}</span>"},"dhp259:4":{"pli":"dhammaṃ kāyena passati; ","eng":"after hearing only a little ","html":"<span class='verse-line'>{}</span>"},"dhp259:5":{"pli":"Sa ve dhammadharo hoti, ","eng":"is truly one who has memorized the teaching, ","html":"<span class='verse-line'>{}</span>"},"dhp259:6":{"pli":"yo dhammaṃ nappamajjati. ","eng":"for they can never forget it. ","html":"<span class='verse-line'>{}</span></p></blockquote></article>"},"dhp260:0":{"pli":"Lakuṇḍakabhaddiyattheravatthu ","html":"<article id='dhp260'><h2 class='sutta-title'>{}</h2>"},"dhp260:1":{"pli":"Na tena thero so hoti, ","eng":"You don’t become a senior ","html":"<blockquote class='gatha'><p><span class='verse-line'>{}</span>"},"dhp260:2":{"pli":"yenassa palitaṃ siro; ","eng":"by getting some grey hairs; ","html":"<span class='verse-line'>{}</span>"},"dhp260:3":{"pli":"Paripakko vayo tassa, ","eng":"for one ripe only in age, ","html":"<span class='verse-line'>{}</span>"},"dhp260:4":{"pli":"“moghajiṇṇo”ti vuccati. ","eng":"is said to have aged in vain. ","html":"<span class='verse-line'>{}</span></p></blockquote></article>"},"dhp261:1":{"pli":"Yamhi saccañca dhammo ca, ","eng":"One who is truthful and principled, ","html":"<article id='dhp261'><blockquote class='gatha'><p><span class='verse-line'>{}</span>"},"dhp261:2":{"pli":"ahiṃsā saṃyamo damo; ","eng":"harmless, restrained, and self-controlled, ","html":"<span class='verse-line'>{}</span>"},"dhp261:3":{"pli":"Sa ve vantamalo dhīro, ","eng":"attentive, purged of stains, ","html":"<span class='verse-line'>{}</span>"},"dhp261:4":{"pli":"“thero” iti pavuccati. ","eng":"is said to be a senior. ","html":"<span class='verse-line'>{}</span></p></blockquote></article>"},"dhp262:0":{"pli":"Sambahulabhikkhuvatthu ","html":"<article id='dhp262'><h2 class='sutta-title'>{}</h2>"},"dhp262:1":{"pli":"Na vākkaraṇamattena, ","eng":"Not by mere enunciation, ","html":"<blockquote class='gatha'><p><span class='verse-line'>{}</span>"},"dhp262:2":{"pli":"vaṇṇapokkharatāya vā; ","eng":"or a beautiful complexion ","html":"<span class='verse-line'>{}</span>"},"dhp262:3":{"pli":"Sādhurūpo naro hoti, ","eng":"does a person become holy, ","html":"<span class='verse-line'>{}</span>"},"dhp262:4":{"pli":"issukī maccharī saṭho. ","eng":"if they’re jealous, stingy, and devious. ","html":"<span class='verse-line'>{}</span></p></blockquote></article>"},"dhp263:1":{"pli":"Yassa cetaṃ samucchinnaṃ, ","eng":"But if they’ve cut that out, ","html":"<article id='dhp263'><blockquote class='gatha'><p><span class='verse-line'>{}</span>"},"dhp263:2":{"pli":"mūlaghaccaṃ samūhataṃ; ","eng":"dug it up at the root, eradicated it, ","html":"<span class='verse-line'>{}</span>"},"dhp263:3":{"pli":"Sa vantadoso medhāvī, ","eng":"that wise one, purged of vice, ","html":"<span class='verse-line'>{}</span>"},"dhp263:4":{"pli":"“sādhurūpo”ti vuccati. ","eng":"is said to be holy. ","html":"<span class='verse-line'>{}</span></p></blockquote></article>"},"dhp264:0":{"pli":"Hatthakavatthu ","html":"<article id='dhp264'><h2 class='sutta-title'>{}</h2>"},"dhp264:1":{"pli":"Na muṇḍakena samaṇo, ","eng":"A liar and breaker of vows is no ascetic ","html":"<blockquote class='gatha'><p><span class='verse-line'>{}</span>"},"dhp264:2":{"pli":"abbato alikaṃ bhaṇaṃ; ","eng":"just because they shave their head. ","html":"<span class='verse-line'>{}</span>"},"dhp264:3":{"pli":"Icchālobhasamāpanno, ","eng":"How on earth can one be an ascetic ","html":"<span class='verse-line'>{}</span>"},"dhp264:4":{"pli":"samaṇo kiṃ bhavissati. ","eng":"who’s full of desire and greed? ","html":"<span class='verse-line'>{}</span></p></blockquote></article>"},"dhp265:1":{"pli":"Yo ca sameti pāpāni, ","eng":"One who stops all wicked deeds, ","html":"<article id='dhp265'><blockquote class='gatha'><p><span class='verse-line'>{}</span>"},"dhp265:2":{"pli":"aṇuṃthūlāni sabbaso; ","eng":"great and small, ","html":"<span class='verse-line'>{}</span>"},"dhp265:3":{"pli":"Samitattā hi pāpānaṃ, ","eng":"because of stopping wicked deeds ","html":"<span class='verse-line'>{}</span>"},"dhp265:4":{"pli":"“samaṇo”ti pavuccati. ","eng":"is said to be an ascetic. ","html":"<span class='verse-line'>{}</span></p></blockquote></article>"},"dhp266:0":{"pli":"Aññatarabrāhmaṇavatthu ","html":"<article id='dhp266'><h2 class='sutta-title'>{}</h2>"},"dhp266:1":{"pli":"Na tena bhikkhu so hoti, ","eng":"You don’t become a mendicant ","html":"<blockquote class='gatha'><p><span class='verse-line'>{}</span>"},"dhp266:2":{"pli":"yāvatā bhikkhate pare; ","eng":"just by begging from others. ","html":"<span class='verse-line'>{}</span>"},"dhp266:3":{"pli":"Vissaṃ dhammaṃ samādāya, ","eng":"One who has undertaken domestic duties ","html":"<span class='verse-line'>{}</span>"},"dhp266:4":{"pli":"bhikkhu hoti na tāvatā. ","eng":"has not yet become a mendicant. ","html":"<span class='verse-line'>{}</span></p></blockquote></article>"},"dhp267:1":{"pli":"Yodha puññañca pāpañca, ","eng":"But one living a spiritual life, ","html":"<article id='dhp267'><blockquote class='gatha'><p><span class='verse-line'>{}</span>"},"dhp267:2":{"pli":"bāhetvā brahmacariyavā; ","eng":"who has banished both merit and evil, ","html":"<span class='verse-line'>{}</span>"},"dhp267:3":{"pli":"Saṅkhāya loke carati, ","eng":"who wanders having appraised the world, ","html":"<span class='verse-line'>{}</span>"},"dhp267:4":{"pli":"sa ve “bhikkhū”ti vuccati. ","eng":"is said to be a mendicant. ","html":"<span class='verse-line'>{}</span></p></blockquote></article>"},"dhp268:0":{"pli":"Titthiyavatthu ","html":"<article id='dhp268'><h2 class='sutta-title'>{}</h2>"},"dhp268:1":{"pli":"Na monena munī hoti, ","eng":"You don’t become a sage by being sagelike, ","html":"<blockquote class='gatha'><p><span class='verse-line'>{}</span>","comm":"<i lang='pi' translate='no'>Mona</i> (“sagacity”, Sanskrit <i lang='pi' translate='no'>mauna</i>) is the abstract noun from <i lang='pi' translate='no'>muni</i> (‘sage”). Over time it acquired the sense “silence”, as a thoughtful man is silent, and it is explained as such here by the commentary as well as the Chinese translation (T 210:27.13 at T iv 586c19). However I have not found any early instances to support this. In Pali, silence is <i lang='pi' translate='no'>tuṇhī</i>; a “vow of silence”—forbidden to monastics—is <i lang='pi' translate='no'>mūgabbata</i> (<a href='index.html?q=pli-tv-kd4#1.12.6'>Kd 4:1.12.6</a>). Nothing in the context here suggests a vow of silence. In the Rig Veda (7.56.8, 10.136) the <i lang='pi' translate='no'>muni</i> appears as an ecstatic, raving as if drunk, apparently from drugs (<i lang='pi' translate='no'>soma</i>, <i lang='pi' translate='no'>viṣa</i>), suggesting a sense of “mind-altered” or “mind-expanded”. Chāndogya Upaniṣad 8.5.2 refers to <i lang='pi' translate='no'>mauna</i> as the life of a student, characterized by <i lang='pi' translate='no'>manute</i> (“thinking”, “reflection”), so we can well translate “thoughtfulness”. Bṛhadāraṇyaka Upaniṣad 3.5.1 enjoins the student to become like a child, then reject both scholarship and childishness, thus becoming a “sage” (<i lang='pi' translate='no'>muni</i>). Then, rejecting sagacity and lack of sagacity they become a brahmin. This could easily have the Vedic sense of “mind-expanded (through drugs or meditation)”. A similar sense probably applies here. The verse enjoins “weighed” or rational thought as opposed to confused, perhaps “ecstatic” or “mind-altered” thought. "},"dhp268:2":{"pli":"mūḷharūpo aviddasu; ","eng":"while still confused and ignorant. ","html":"<span class='verse-line'>{}</span>"},"dhp268:3":{"pli":"Yo ca tulaṃva paggayha, ","eng":"The astute one who holds the scales, ","html":"<span class='verse-line'>{}</span>"},"dhp268:4":{"pli":"varamādāya paṇḍito. ","eng":"taking only the best, ","html":"<span class='verse-line'>{}</span></p></blockquote></article>"},"dhp269:1":{"pli":"Pāpāni parivajjeti, ","eng":"and shunning the bad—","html":"<article id='dhp269'><blockquote class='gatha'><p><span class='verse-line'>{}</span>"},"dhp269:2":{"pli":"sa munī tena so muni; ","eng":"that is a sage, <j>and that is how one becomes a sage. ","html":"<span class='verse-line'>{}</span>"},"dhp269:3":{"pli":"Yo munāti ubho loke, ","eng":"One who sagely weighs both in the world, ","html":"<span class='verse-line'>{}</span>","comm":"These two lines recapitulate the previous lines. <i lang='pi' translate='no'>Munāti</i> (“sagely weighs”, literally “thinks, examines”) is punned with <i lang='pi' translate='no'>mināti</i> (“measure, weigh”) following the imagery of the scales. “Both” calls back to both good and evil. "},"dhp269:4":{"pli":"“muni” tena pavuccati. ","eng":"is thereby said to be a sage. ","html":"<span class='verse-line'>{}</span></p></blockquote></article>"},"dhp270:0":{"pli":"Bālisikavatthu ","html":"<article id='dhp270'><h2 class='sutta-title'>{}</h2>"},"dhp270:1":{"pli":"Na tena ariyo hoti, ","eng":"You don’t become a noble one ","html":"<blockquote class='gatha'><p><span class='verse-line'>{}</span>"},"dhp270:2":{"pli":"yena pāṇāni hiṃsati; ","eng":"by harming living beings. ","html":"<span class='verse-line'>{}</span>"},"dhp270:3":{"pli":"Ahiṃsā sabbapāṇānaṃ, ","eng":"One harmless towards all living beings ","html":"<span class='verse-line'>{}</span>"},"dhp270:4":{"pli":"“ariyo”ti pavuccati. ","eng":"is said to be a noble one. ","html":"<span class='verse-line'>{}</span></p></blockquote></article>"},"dhp271:0":{"pli":"Sambahulasīlādisampannabhikkhuvatthu ","html":"<article id='dhp271'><h2 class='sutta-title'>{}</h2>"},"dhp271:1":{"pli":"Na sīlabbatamattena, ","eng":"Not by precepts and observances, ","html":"<blockquote class='gatha'><p><span class='verse-line'>{}</span>"},"dhp271:2":{"pli":"bāhusaccena vā pana; ","eng":"nor by much learning, ","html":"<span class='verse-line'>{}</span>"},"dhp271:3":{"pli":"Atha vā samādhilābhena, ","eng":"nor by meditative immersion, ","html":"<span class='verse-line'>{}</span>"},"dhp271:4":{"pli":"vivittasayanena vā. ","eng":"nor by living in seclusion, ","html":"<span class='verse-line'>{}</span></p></blockquote></article>"},"dhp272:1":{"pli":"Phusāmi nekkhammasukhaṃ, ","eng":"do I experience the bliss of renunciation ","html":"<article id='dhp272'><blockquote class='gatha'><p><span class='verse-line'>{}</span>"},"dhp272:2":{"pli":"aputhujjanasevitaṃ; ","eng":"not frequented by ordinary people. ","html":"<span class='verse-line'>{}</span>"},"dhp272:3":{"pli":"Bhikkhu vissāsamāpādi, ","eng":"A mendicant cannot rest confident ","html":"<span class='verse-line'>{}</span>"},"dhp272:4":{"pli":"appatto āsavakkhayaṃ. ","eng":"without attaining the end of defilements. ","html":"<span class='verse-line'>{}</span></p></blockquote>"},"dhp272:5":{"pli":"Dhammaṭṭhavaggo ekūnavīsatimo. ","html":"<p class='endvagga'>{}</p></article></section>"}}}