{"ds2.1.3":{"ds2.1.3:0.1":{"pli":"Dhammasaṅgaṇī ","html":"<article id='ds2.1.3'><header><ul><li class='division'>{}</li>"},"ds2.1.3:0.2":{"pli":"2 Niddesa ","html":"<li>{}</li>"},"ds2.1.3:0.3":{"pli":"2.1 Cittuppādakaṇḍa ","html":"<li>{}</li></ul>"},"ds2.1.3:0.4":{"pli":"2.1.3. Arūpāvacarakusala ","html":"<h1 class='sutta-title'>{}</h1></header>"},"ds2.1.3:1.0":{"pli":"2.1.3.1. Cattāri arūpajhānāni soḷasakkhattukāni ","html":"<h2>{}</h2>"},"ds2.1.3:1.1":{"pli":"Katame dhammā kusalā? ","html":"<p>{}"},"ds2.1.3:1.2":{"pli":"Yasmiṃ samaye arūpūpapattiyā maggaṃ bhāveti sabbaso rūpasaññānaṃ samatikkamā paṭighasaññānaṃ atthaṅgamā nānattasaññānaṃ amanasikārā ākāsānañcāyatanasaññāsahagataṃ sukhassa ca pahānā …pe… catutthaṃ jhānaṃ upasampajja viharati upekkhāsahagataṃ, tasmiṃ samaye phasso hoti …pe… avikkhepo hoti …pe… ","html":"{}"},"ds2.1.3:1.3":{"pli":"ime dhammā kusalā. ","html":"{}</p>"},"ds2.1.3:2.1":{"pli":"Katame dhammā kusalā? ","html":"<p>{}"},"ds2.1.3:2.2":{"pli":"Yasmiṃ samaye arūpūpapattiyā maggaṃ bhāveti sabbaso ākāsānañcāyatanaṃ samatikkamma viññāṇañcāyatanasaññāsahagataṃ sukhassa ca pahānā …pe… catutthaṃ jhānaṃ upasampajja viharati upekkhāsahagataṃ, tasmiṃ samaye phasso hoti …pe… avikkhepo hoti …pe… ","html":"{}"},"ds2.1.3:2.3":{"pli":"ime dhammā kusalā. ","html":"{}</p>"},"ds2.1.3:3.1":{"pli":"Katame dhammā kusalā? ","html":"<p>{}"},"ds2.1.3:3.2":{"pli":"Yasmiṃ samaye arūpūpapattiyā maggaṃ bhāveti sabbaso viññāṇañcāyatanaṃ samatikkamma ākiñcaññāyatanasaññāsahagataṃ sukhassa ca pahānā …pe… catutthaṃ jhānaṃ upasampajja viharati upekkhāsahagataṃ, tasmiṃ samaye phasso hoti …pe… avikkhepo hoti …pe… ","html":"{}"},"ds2.1.3:3.3":{"pli":"ime dhammā kusalā. ","html":"{}</p>"},"ds2.1.3:4.1":{"pli":"Katame dhammā kusalā? ","html":"<p>{}"},"ds2.1.3:4.2":{"pli":"Yasmiṃ samaye arūpūpapattiyā maggaṃ bhāveti sabbaso ākiñcaññāyatanaṃ samatikkamma nevasaññānāsaññāyatanasaññāsahagataṃ sukhassa ca pahānā …pe… catutthaṃ jhānaṃ upasampajja viharati upekkhāsahagataṃ, tasmiṃ samaye phasso hoti …pe… avikkhepo hoti …pe… ","html":"{}"},"ds2.1.3:4.3":{"pli":"ime dhammā kusalā. ","html":"{}</p>"},"ds2.1.3:4.4":{"pli":"Cattāri arūpajhānāni soḷasakkhattukāni. ","html":"<p class='endsutta'>{}<br>"},"ds2.1.3:4.5":{"pli":"Arūpāvacarakusalaṃ. ","html":"{}</p></article>"}},"ds2.1.4":{"ds2.1.4:0.1":{"pli":"Dhammasaṅgaṇī ","html":"<article id='ds2.1.4'><header><ul><li class='division'>{}</li>"},"ds2.1.4:0.2":{"pli":"2 Niddesa ","html":"<li>{}</li>"},"ds2.1.4:0.3":{"pli":"2.1 Cittuppādakaṇḍa ","html":"<li>{}</li></ul>"},"ds2.1.4:0.4":{"pli":"2.1.4. Tebhūmakakusala ","html":"<h1 class='sutta-title'>{}</h1></header>"},"ds2.1.4:1.0":{"pli":"2.1.4.1. Kāmāvacarakusala ","html":"<h2>{}</h2>"},"ds2.1.4:1.1":{"pli":"Katame dhammā kusalā? ","html":"<p>{}"},"ds2.1.4:1.2":{"pli":"Yasmiṃ samaye kāmāvacaraṃ kusalaṃ cittaṃ uppannaṃ hoti somanassasahagataṃ ñāṇasampayuttaṃ hīnaṃ …pe… ","html":"{}"},"ds2.1.4:1.3":{"pli":"majjhimaṃ …pe… ","html":"{}"},"ds2.1.4:1.4":{"pli":"paṇītaṃ …pe… ","html":"{}"},"ds2.1.4:1.5":{"pli":"chandādhipateyyaṃ …pe… ","html":"{}"},"ds2.1.4:1.6":{"pli":"vīriyādhipateyyaṃ …pe… ","html":"{}"},"ds2.1.4:1.7":{"pli":"cittādhipateyyaṃ …pe… ","html":"{}"},"ds2.1.4:1.8":{"pli":"vīmaṃsādhipateyyaṃ …pe… ","html":"{}"},"ds2.1.4:1.9":{"pli":"chandādhipateyyaṃ hīnaṃ …pe… ","html":"{}"},"ds2.1.4:1.10":{"pli":"majjhimaṃ …pe… ","html":"{}"},"ds2.1.4:1.11":{"pli":"paṇītaṃ …pe… ","html":"{}"},"ds2.1.4:1.12":{"pli":"vīriyādhipateyyaṃ hīnaṃ …pe… ","html":"{}"},"ds2.1.4:1.13":{"pli":"majjhimaṃ …pe… ","html":"{}"},"ds2.1.4:1.14":{"pli":"paṇītaṃ …pe… ","html":"{}"},"ds2.1.4:1.15":{"pli":"cittādhipateyyaṃ hīnaṃ …pe… ","html":"{}"},"ds2.1.4:1.16":{"pli":"majjhimaṃ …pe… ","html":"{}"},"ds2.1.4:1.17":{"pli":"paṇītaṃ …pe… ","html":"{}"},"ds2.1.4:1.18":{"pli":"vīmaṃsādhipateyyaṃ hīnaṃ …pe… ","html":"{}"},"ds2.1.4:1.19":{"pli":"majjhimaṃ …pe… ","html":"{}"},"ds2.1.4:1.20":{"pli":"paṇītaṃ, tasmiṃ samaye phasso hoti …pe… avikkhepo hoti …pe… ","html":"{}"},"ds2.1.4:1.21":{"pli":"ime dhammā kusalā. ","html":"{}</p>"},"ds2.1.4:2.1":{"pli":"Katame dhammā kusalā? ","html":"<p>{}"},"ds2.1.4:2.2":{"pli":"Yasmiṃ samaye kāmāvacaraṃ kusalaṃ cittaṃ uppannaṃ hoti somanassasahagataṃ ñāṇasampayuttaṃ sasaṅkhārena …pe… ","html":"{}"},"ds2.1.4:2.3":{"pli":"somanassasahagataṃ ñāṇavippayuttaṃ …pe… ","html":"{}"},"ds2.1.4:2.4":{"pli":"somanassasahagataṃ ñāṇavippayuttaṃ sasaṅkhārena …pe… ","html":"{}"},"ds2.1.4:2.5":{"pli":"upekkhāsahagataṃ ñāṇasampayuttaṃ …pe… ","html":"{}"},"ds2.1.4:2.6":{"pli":"upekkhāsahagataṃ ñāṇasampayuttaṃ sasaṅkhārena …pe… ","html":"{}"},"ds2.1.4:2.7":{"pli":"upekkhāsahagataṃ ñāṇavippayuttaṃ …pe… ","html":"{}"},"ds2.1.4:2.8":{"pli":"upekkhāsahagataṃ ñāṇavippayuttaṃ sasaṅkhārena hīnaṃ …pe… ","html":"{}"},"ds2.1.4:2.9":{"pli":"majjhimaṃ …pe… ","html":"{}"},"ds2.1.4:2.10":{"pli":"paṇītaṃ …pe… ","html":"{}"},"ds2.1.4:2.11":{"pli":"chandādhipateyyaṃ …pe… ","html":"{}"},"ds2.1.4:2.12":{"pli":"vīriyādhipateyyaṃ …pe… ","html":"{}"},"ds2.1.4:2.13":{"pli":"cittādhipateyyaṃ …pe… ","html":"{}"},"ds2.1.4:2.14":{"pli":"chandādhipateyyaṃ hīnaṃ …pe… ","html":"{}"},"ds2.1.4:2.15":{"pli":"majjhimaṃ …pe… ","html":"{}"},"ds2.1.4:2.16":{"pli":"paṇītaṃ …pe… ","html":"{}"},"ds2.1.4:2.17":{"pli":"vīriyādhipateyyaṃ hīnaṃ …pe… ","html":"{}"},"ds2.1.4:2.18":{"pli":"majjhimaṃ …pe… ","html":"{}"},"ds2.1.4:2.19":{"pli":"paṇītaṃ …pe… ","html":"{}"},"ds2.1.4:2.20":{"pli":"cittādhipateyyaṃ hīnaṃ …pe… ","html":"{}"},"ds2.1.4:2.21":{"pli":"majjhimaṃ …pe… ","html":"{}"},"ds2.1.4:2.22":{"pli":"paṇītaṃ, tasmiṃ samaye phasso hoti …pe… avikkhepo hoti …pe… ","html":"{}"},"ds2.1.4:2.23":{"pli":"ime dhammā kusalā. ","html":"{}</p>"},"ds2.1.4:2.24":{"pli":"Kāmāvacarakusalaṃ. ","html":"<p class='endsutta'>{}</p>"},"ds2.1.4:3.0":{"pli":"2.1.4.2. Rūpāvacarakusala ","html":"<h2>{}</h2>"},"ds2.1.4:3.1":{"pli":"Katame dhammā kusalā? ","html":"<p>{}"},"ds2.1.4:3.2":{"pli":"Yasmiṃ samaye rūpūpapattiyā maggaṃ bhāveti vivicceva kāmehi …pe… paṭhamaṃ jhānaṃ upasampajja viharati pathavīkasiṇaṃ hīnaṃ …pe… ","html":"{}"},"ds2.1.4:3.3":{"pli":"majjhimaṃ …pe… ","html":"{}"},"ds2.1.4:3.4":{"pli":"paṇītaṃ …pe… ","html":"{}"},"ds2.1.4:3.5":{"pli":"chandādhipateyyaṃ …pe… ","html":"{}"},"ds2.1.4:3.6":{"pli":"vīriyādhipateyyaṃ …pe… ","html":"{}"},"ds2.1.4:3.7":{"pli":"cittādhipateyyaṃ …pe… ","html":"{}"},"ds2.1.4:3.8":{"pli":"vīmaṃsādhipateyyaṃ …pe… ","html":"{}"},"ds2.1.4:3.9":{"pli":"chandādhipateyyaṃ hīnaṃ …pe… ","html":"{}"},"ds2.1.4:3.10":{"pli":"majjhimaṃ …pe… ","html":"{}"},"ds2.1.4:3.11":{"pli":"paṇītaṃ …pe… ","html":"{}"},"ds2.1.4:3.12":{"pli":"vīriyādhipateyyaṃ hīnaṃ …pe… ","html":"{}"},"ds2.1.4:3.13":{"pli":"majjhimaṃ …pe… ","html":"{}"},"ds2.1.4:3.14":{"pli":"paṇītaṃ …pe… ","html":"{}"},"ds2.1.4:3.15":{"pli":"cittādhipateyyaṃ hīnaṃ …pe… ","html":"{}"},"ds2.1.4:3.16":{"pli":"majjhimaṃ …pe… ","html":"{}"},"ds2.1.4:3.17":{"pli":"paṇītaṃ …pe… ","html":"{}"},"ds2.1.4:3.18":{"pli":"vīmaṃsādhipateyyaṃ hīnaṃ …pe… ","html":"{}"},"ds2.1.4:3.19":{"pli":"majjhimaṃ …pe… ","html":"{}"},"ds2.1.4:3.20":{"pli":"paṇītaṃ, tasmiṃ samaye phasso hoti …pe… avikkhepo hoti …pe… ","html":"{}"},"ds2.1.4:3.21":{"pli":"ime dhammā kusalā. ","html":"{}</p>"},"ds2.1.4:4.1":{"pli":"Katame dhammā kusalā? ","html":"<p>{}"},"ds2.1.4:4.2":{"pli":"Yasmiṃ samaye rūpūpapattiyā maggaṃ bhāveti vitakkavicārānaṃ vūpasamā …pe… dutiyaṃ jhānaṃ …pe… ","html":"{}"},"ds2.1.4:4.3":{"pli":"tatiyaṃ jhānaṃ …pe… ","html":"{}"},"ds2.1.4:4.4":{"pli":"catutthaṃ jhānaṃ …pe… ","html":"{}"},"ds2.1.4:4.5":{"pli":"paṭhamaṃ jhānaṃ …pe… ","html":"{}"},"ds2.1.4:4.6":{"pli":"pañcamaṃ jhānaṃ upasampajja viharati pathavīkasiṇaṃ hīnaṃ …pe… ","html":"{}"},"ds2.1.4:4.7":{"pli":"majjhimaṃ …pe… ","html":"{}"},"ds2.1.4:4.8":{"pli":"paṇītaṃ …pe… ","html":"{}"},"ds2.1.4:4.9":{"pli":"chandādhipateyyaṃ …pe… ","html":"{}"},"ds2.1.4:4.10":{"pli":"vīriyādhipateyyaṃ …pe… ","html":"{}"},"ds2.1.4:4.11":{"pli":"cittādhipateyyaṃ …pe… ","html":"{}"},"ds2.1.4:4.12":{"pli":"vīmaṃsādhipateyyaṃ …pe… ","html":"{}"},"ds2.1.4:4.13":{"pli":"chandādhipateyyaṃ hīnaṃ …pe… ","html":"{}"},"ds2.1.4:4.14":{"pli":"majjhimaṃ …pe… ","html":"{}"},"ds2.1.4:4.15":{"pli":"paṇītaṃ …pe… ","html":"{}"},"ds2.1.4:4.16":{"pli":"vīriyādhipateyyaṃ hīnaṃ …pe… ","html":"{}"},"ds2.1.4:4.17":{"pli":"majjhimaṃ …pe… ","html":"{}"},"ds2.1.4:4.18":{"pli":"paṇītaṃ …pe… ","html":"{}"},"ds2.1.4:4.19":{"pli":"cittādhipateyyaṃ hīnaṃ …pe… ","html":"{}"},"ds2.1.4:4.20":{"pli":"majjhimaṃ …pe… ","html":"{}"},"ds2.1.4:4.21":{"pli":"paṇītaṃ …pe… ","html":"{}"},"ds2.1.4:4.22":{"pli":"vīmaṃsādhipateyyaṃ hīnaṃ …pe… ","html":"{}"},"ds2.1.4:4.23":{"pli":"majjhimaṃ …pe… ","html":"{}"},"ds2.1.4:4.24":{"pli":"paṇītaṃ, tasmiṃ samaye phasso hoti …pe… avikkhepo hoti …pe… ","html":"{}"},"ds2.1.4:4.25":{"pli":"ime dhammā kusalā. ","html":"{}</p>"},"ds2.1.4:4.26":{"pli":"Rūpāvacarakusalaṃ. ","html":"<p class='endsutta'>{}</p>"},"ds2.1.4:5.0":{"pli":"2.1.4.3. Arūpāvacarakusala ","html":"<h2>{}</h2>"},"ds2.1.4:5.1":{"pli":"Katame dhammā kusalā? ","html":"<p>{}"},"ds2.1.4:5.2":{"pli":"Yasmiṃ samaye arūpūpapattiyā maggaṃ bhāveti sabbaso rūpasaññānaṃ samatikkamā paṭighasaññānaṃ atthaṅgamā nānattasaññānaṃ amanasikārā ākāsānañcāyatanasaññāsahagataṃ sukhassa ca pahānā …pe… catutthaṃ jhānaṃ upasampajja viharati hīnaṃ …pe… ","html":"{}"},"ds2.1.4:5.3":{"pli":"majjhimaṃ …pe… ","html":"{}"},"ds2.1.4:5.4":{"pli":"paṇītaṃ …pe… ","html":"{}"},"ds2.1.4:5.5":{"pli":"chandādhipateyyaṃ …pe… ","html":"{}"},"ds2.1.4:5.6":{"pli":"vīriyādhipateyyaṃ …pe… ","html":"{}"},"ds2.1.4:5.7":{"pli":"cittādhipateyyaṃ …pe… ","html":"{}"},"ds2.1.4:5.8":{"pli":"vīmaṃsādhipateyyaṃ …pe… ","html":"{}"},"ds2.1.4:5.9":{"pli":"chandādhipateyyaṃ hīnaṃ …pe… ","html":"{}"},"ds2.1.4:5.10":{"pli":"majjhimaṃ …pe… ","html":"{}"},"ds2.1.4:5.11":{"pli":"paṇītaṃ …pe… ","html":"{}"},"ds2.1.4:5.12":{"pli":"vīriyādhipateyyaṃ hīnaṃ …pe… ","html":"{}"},"ds2.1.4:5.13":{"pli":"majjhimaṃ …pe… ","html":"{}"},"ds2.1.4:5.14":{"pli":"paṇītaṃ …pe… ","html":"{}"},"ds2.1.4:5.15":{"pli":"cittādhipateyyaṃ hīnaṃ …pe… ","html":"{}"},"ds2.1.4:5.16":{"pli":"majjhimaṃ …pe… ","html":"{}"},"ds2.1.4:5.17":{"pli":"paṇītaṃ …pe… ","html":"{}"},"ds2.1.4:5.18":{"pli":"vīmaṃsādhipateyyaṃ hīnaṃ …pe… ","html":"{}"},"ds2.1.4:5.19":{"pli":"majjhimaṃ …pe… ","html":"{}"},"ds2.1.4:5.20":{"pli":"paṇītaṃ, tasmiṃ samaye phasso hoti …pe… avikkhepo hoti …pe… ","html":"{}"},"ds2.1.4:5.21":{"pli":"ime dhammā kusalā. ","html":"{}</p>"},"ds2.1.4:6.1":{"pli":"Katame dhammā kusalā? ","html":"<p>{}"},"ds2.1.4:6.2":{"pli":"Yasmiṃ samaye arūpūpapattiyā maggaṃ bhāveti sabbaso ākāsānañcāyatanaṃ samatikkamma viññāṇañcāyatanasaññāsahagataṃ sukhassa ca pahānā …pe… catutthaṃ jhānaṃ upasampajja viharati hīnaṃ …pe… ","html":"{}"},"ds2.1.4:6.3":{"pli":"majjhimaṃ …pe… ","html":"{}"},"ds2.1.4:6.4":{"pli":"paṇītaṃ …pe… ","html":"{}"},"ds2.1.4:6.5":{"pli":"chandādhipateyyaṃ …pe… ","html":"{}"},"ds2.1.4:6.6":{"pli":"vīriyādhipateyyaṃ …pe… ","html":"{}"},"ds2.1.4:6.7":{"pli":"cittādhipateyyaṃ …pe… ","html":"{}"},"ds2.1.4:6.8":{"pli":"vīmaṃsādhipateyyaṃ …pe… ","html":"{}"},"ds2.1.4:6.9":{"pli":"chandādhipateyyaṃ hīnaṃ …pe… ","html":"{}"},"ds2.1.4:6.10":{"pli":"majjhimaṃ …pe… ","html":"{}"},"ds2.1.4:6.11":{"pli":"paṇītaṃ …pe… ","html":"{}"},"ds2.1.4:6.12":{"pli":"vīriyādhipateyyaṃ hīnaṃ …pe… ","html":"{}"},"ds2.1.4:6.13":{"pli":"majjhimaṃ …pe… ","html":"{}"},"ds2.1.4:6.14":{"pli":"paṇītaṃ …pe… ","html":"{}"},"ds2.1.4:6.15":{"pli":"cittādhipateyyaṃ hīnaṃ …pe… ","html":"{}"},"ds2.1.4:6.16":{"pli":"majjhimaṃ …pe… ","html":"{}"},"ds2.1.4:6.17":{"pli":"paṇītaṃ …pe… ","html":"{}"},"ds2.1.4:6.18":{"pli":"vīmaṃsādhipateyyaṃ hīnaṃ …pe… ","html":"{}"},"ds2.1.4:6.19":{"pli":"majjhimaṃ …pe… ","html":"{}"},"ds2.1.4:6.20":{"pli":"paṇītaṃ, tasmiṃ samaye phasso hoti …pe… avikkhepo hoti …pe… ","html":"{}"},"ds2.1.4:6.21":{"pli":"ime dhammā kusalā. ","html":"{}</p>"},"ds2.1.4:7.1":{"pli":"Katame dhammā kusalā? ","html":"<p>{}"},"ds2.1.4:7.2":{"pli":"Yasmiṃ samaye arūpūpapattiyā maggaṃ bhāveti sabbaso viññāṇañcāyatanaṃ samatikkamma ākiñcaññāyatanasaññāsahagataṃ sukhassa ca pahānā …pe… catutthaṃ jhānaṃ upasampajja viharati hīnaṃ …pe… ","html":"{}"},"ds2.1.4:7.3":{"pli":"majjhimaṃ …pe… ","html":"{}"},"ds2.1.4:7.4":{"pli":"paṇītaṃ …pe… ","html":"{}"},"ds2.1.4:7.5":{"pli":"chandādhipateyyaṃ …pe… ","html":"{}"},"ds2.1.4:7.6":{"pli":"vīriyādhipateyyaṃ …pe… ","html":"{}"},"ds2.1.4:7.7":{"pli":"cittādhipateyyaṃ …pe… ","html":"{}"},"ds2.1.4:7.8":{"pli":"vīmaṃsādhipateyyaṃ …pe… ","html":"{}"},"ds2.1.4:7.9":{"pli":"chandādhipateyyaṃ hīnaṃ …pe… ","html":"{}"},"ds2.1.4:7.10":{"pli":"majjhimaṃ …pe… ","html":"{}"},"ds2.1.4:7.11":{"pli":"paṇītaṃ …pe… ","html":"{}"},"ds2.1.4:7.12":{"pli":"vīriyādhipateyyaṃ hīnaṃ …pe… ","html":"{}"},"ds2.1.4:7.13":{"pli":"majjhimaṃ …pe… ","html":"{}"},"ds2.1.4:7.14":{"pli":"paṇītaṃ …pe… ","html":"{}"},"ds2.1.4:7.15":{"pli":"cittādhipateyyaṃ hīnaṃ …pe… ","html":"{}"},"ds2.1.4:7.16":{"pli":"majjhimaṃ …pe… ","html":"{}"},"ds2.1.4:7.17":{"pli":"paṇītaṃ …pe… ","html":"{}"},"ds2.1.4:7.18":{"pli":"vīmaṃsādhipateyyaṃ hīnaṃ …pe… ","html":"{}"},"ds2.1.4:7.19":{"pli":"majjhimaṃ …pe… ","html":"{}"},"ds2.1.4:7.20":{"pli":"paṇītaṃ, tasmiṃ samaye phasso hoti …pe… avikkhepo hoti …pe… ","html":"{}"},"ds2.1.4:7.21":{"pli":"ime dhammā kusalā. ","html":"{}</p>"},"ds2.1.4:8.1":{"pli":"Katame dhammā kusalā? ","html":"<p>{}"},"ds2.1.4:8.2":{"pli":"Yasmiṃ samaye arūpūpapattiyā maggaṃ bhāveti sabbaso ākiñcaññāyatanaṃ samatikkamma nevasaññānāsaññāyatanasaññāsahagataṃ sukhassa ca pahānā …pe… catutthaṃ jhānaṃ upasampajja viharati hīnaṃ …pe… ","html":"{}"},"ds2.1.4:8.3":{"pli":"majjhimaṃ …pe… ","html":"{}"},"ds2.1.4:8.4":{"pli":"paṇītaṃ …pe… ","html":"{}"},"ds2.1.4:8.5":{"pli":"chandādhipateyyaṃ …pe… ","html":"{}"},"ds2.1.4:8.6":{"pli":"vīriyādhipateyyaṃ …pe… ","html":"{}"},"ds2.1.4:8.7":{"pli":"cittādhipateyyaṃ …pe… ","html":"{}"},"ds2.1.4:8.8":{"pli":"vīmaṃsādhipateyyaṃ …pe… ","html":"{}"},"ds2.1.4:8.9":{"pli":"chandādhipateyyaṃ hīnaṃ …pe… ","html":"{}"},"ds2.1.4:8.10":{"pli":"majjhimaṃ …pe… ","html":"{}"},"ds2.1.4:8.11":{"pli":"paṇītaṃ …pe… ","html":"{}"},"ds2.1.4:8.12":{"pli":"vīriyādhipateyyaṃ hīnaṃ …pe… ","html":"{}"},"ds2.1.4:8.13":{"pli":"majjhimaṃ …pe… ","html":"{}"},"ds2.1.4:8.14":{"pli":"paṇītaṃ …pe… ","html":"{}"},"ds2.1.4:8.15":{"pli":"cittādhipateyyaṃ hīnaṃ …pe… ","html":"{}"},"ds2.1.4:8.16":{"pli":"majjhimaṃ …pe… ","html":"{}"},"ds2.1.4:8.17":{"pli":"paṇītaṃ …pe… ","html":"{}"},"ds2.1.4:8.18":{"pli":"vīmaṃsādhipateyyaṃ hīnaṃ …pe… ","html":"{}"},"ds2.1.4:8.19":{"pli":"majjhimaṃ …pe… ","html":"{}"},"ds2.1.4:8.20":{"pli":"paṇītaṃ, tasmiṃ samaye phasso hoti …pe… avikkhepo hoti …pe… ","html":"{}"},"ds2.1.4:8.21":{"pli":"ime dhammā kusalā. ","html":"{}</p>"},"ds2.1.4:8.22":{"pli":"Arūpāvacarakusalaṃ. ","html":"<p class='endsutta'>{}</p></article>"}}}