{"ds2.1.8":{"ds2.1.8:0.1":{"pli":"Dhammasaṅgaṇī ","html":"<article id='ds2.1.8'><header><ul><li class='division'>{}</li>"},"ds2.1.8:0.2":{"pli":"2 Niddesa ","html":"<li>{}</li>"},"ds2.1.8:0.3":{"pli":"2.1 Cittuppādakaṇḍa ","html":"<li>{}</li></ul>"},"ds2.1.8:0.4":{"pli":"2.1.8. Lokuttaravipāka-paṭhamamaggavipāka ","html":"<h1 class='sutta-title'>{}</h1></header>"},"ds2.1.8:1.0":{"pli":"2.1.8.1. Suddhikapaṭipadā ","html":"<h2>{}</h2>"},"ds2.1.8:1.1":{"pli":"Katame dhammā abyākatā? ","html":"<p>{}"},"ds2.1.8:1.2":{"pli":"Yasmiṃ samaye lokuttaraṃ jhānaṃ bhāveti niyyānikaṃ apacayagāmiṃ diṭṭhigatānaṃ pahānāya paṭhamāya bhūmiyā pattiyā vivicceva kāmehi …pe… paṭhamaṃ jhānaṃ upasampajja viharati dukkhapaṭipadaṃ dandhābhiññaṃ, tasmiṃ samaye phasso hoti …pe… avikkhepo hoti …pe… ","html":"{}"},"ds2.1.8:1.3":{"pli":"ime dhammā kusalā. ","html":"{}"},"ds2.1.8:1.4":{"pli":"Tasseva lokuttarassa kusalassa jhānassa katattā bhāvitattā vipākaṃ vivicceva kāmehi …pe… paṭhamaṃ jhānaṃ upasampajja viharati dukkhapaṭipadaṃ dandhābhiññaṃ suññataṃ, tasmiṃ samaye phasso hoti …pe… aññindriyaṃ hoti …pe… avikkhepo hoti …pe… ","html":"{}"},"ds2.1.8:1.5":{"pli":"ime dhammā abyākatā. ","html":"{}</p>"},"ds2.1.8:2.1":{"pli":"Katame dhammā abyākatā? ","html":"<p>{}"},"ds2.1.8:2.2":{"pli":"Yasmiṃ samaye lokuttaraṃ jhānaṃ bhāveti niyyānikaṃ apacayagāmiṃ diṭṭhigatānaṃ pahānāya paṭhamāya bhūmiyā pattiyā vivicceva kāmehi …pe… paṭhamaṃ jhānaṃ upasampajja viharati dukkhapaṭipadaṃ dandhābhiññaṃ, tasmiṃ samaye phasso hoti …pe… avikkhepo hoti …pe… ","html":"{}"},"ds2.1.8:2.3":{"pli":"ime dhammā kusalā. ","html":"{}"},"ds2.1.8:2.4":{"pli":"Tasseva lokuttarassa kusalassa jhānassa katattā bhāvitattā vipākaṃ vivicceva kāmehi …pe… paṭhamaṃ jhānaṃ upasampajja viharati dukkhapaṭipadaṃ dandhābhiññaṃ animittaṃ, tasmiṃ samaye phasso hoti …pe… aññindriyaṃ hoti …pe… avikkhepo hoti …pe… ","html":"{}"},"ds2.1.8:2.5":{"pli":"ime dhammā abyākatā. ","html":"{}</p>"},"ds2.1.8:3.1":{"pli":"Katame dhammā abyākatā? ","html":"<p>{}"},"ds2.1.8:3.2":{"pli":"Yasmiṃ samaye lokuttaraṃ jhānaṃ bhāveti niyyānikaṃ apacayagāmiṃ diṭṭhigatānaṃ pahānāya paṭhamāya bhūmiyā pattiyā vivicceva kāmehi …pe… paṭhamaṃ jhānaṃ upasampajja viharati dukkhapaṭipadaṃ dandhābhiññaṃ, tasmiṃ samaye phasso hoti …pe… avikkhepo hoti …pe… ","html":"{}"},"ds2.1.8:3.3":{"pli":"ime dhammā kusalā. ","html":"{}"},"ds2.1.8:3.4":{"pli":"Tasseva lokuttarassa kusalassa jhānassa katattā bhāvitattā vipākaṃ vivicceva kāmehi …pe… paṭhamaṃ jhānaṃ upasampajja viharati dukkhapaṭipadaṃ dandhābhiññaṃ appaṇihitaṃ, tasmiṃ samaye phasso hoti …pe… aññindriyaṃ hoti …pe… avikkhepo hoti …pe… ","html":"{}"},"ds2.1.8:3.5":{"pli":"ime dhammā abyākatā. ","html":"{}</p>"},"ds2.1.8:4.1":{"pli":"Katame dhammā abyākatā? ","html":"<p>{}"},"ds2.1.8:4.2":{"pli":"Yasmiṃ samaye lokuttaraṃ jhānaṃ bhāveti niyyānikaṃ apacayagāmiṃ diṭṭhigatānaṃ pahānāya paṭhamāya bhūmiyā pattiyā vitakkavicārānaṃ vūpasamā …pe… dutiyaṃ jhānaṃ …pe… ","html":"{}"},"ds2.1.8:4.3":{"pli":"tatiyaṃ jhānaṃ …pe… ","html":"{}"},"ds2.1.8:4.4":{"pli":"catutthaṃ jhānaṃ …pe… ","html":"{}"},"ds2.1.8:4.5":{"pli":"paṭhamaṃ jhānaṃ …pe… ","html":"{}"},"ds2.1.8:4.6":{"pli":"pañcamaṃ jhānaṃ upasampajja viharati dukkhapaṭipadaṃ dandhābhiññanti kusalaṃ …pe… ","html":"{}"},"ds2.1.8:4.7":{"pli":"dukkhapaṭipadaṃ dandhābhiññaṃ suññatanti vipāko …pe… ","html":"{}"},"ds2.1.8:4.8":{"pli":"dukkhapaṭipadaṃ dandhābhiññanti kusalaṃ …pe… ","html":"{}"},"ds2.1.8:4.9":{"pli":"dukkhapaṭipadaṃ dandhābhiññaṃ animittanti vipāko …pe… ","html":"{}"},"ds2.1.8:4.10":{"pli":"dukkhapaṭipadaṃ dandhābhiññanti kusalaṃ …pe… ","html":"{}"},"ds2.1.8:4.11":{"pli":"dukkhapaṭipadaṃ dandhābhiññaṃ appaṇihitanti vipāko, tasmiṃ samaye phasso hoti …pe… avikkhepo hoti …pe… ","html":"{}"},"ds2.1.8:4.12":{"pli":"ime dhammā abyākatā. ","html":"{}</p>"},"ds2.1.8:5.1":{"pli":"Katame dhammā abyākatā? ","html":"<p>{}"},"ds2.1.8:5.2":{"pli":"Yasmiṃ samaye lokuttaraṃ jhānaṃ bhāveti niyyānikaṃ apacayagāmiṃ diṭṭhigatānaṃ pahānāya paṭhamāya bhūmiyā pattiyā vivicceva kāmehi …pe… paṭhamaṃ jhānaṃ upasampajja viharati dukkhapaṭipadaṃ khippābhiññaṃ …pe… ","html":"{}"},"ds2.1.8:5.3":{"pli":"sukhapaṭipadaṃ dandhābhiññaṃ …pe… ","html":"{}"},"ds2.1.8:5.4":{"pli":"sukhapaṭipadaṃ khippābhiññaṃ …pe… ","html":"{}"},"ds2.1.8:5.5":{"pli":"dutiyaṃ jhānaṃ …pe… ","html":"{}"},"ds2.1.8:5.6":{"pli":"tatiyaṃ jhānaṃ …pe… ","html":"{}"},"ds2.1.8:5.7":{"pli":"catutthaṃ jhānaṃ …pe… ","html":"{}"},"ds2.1.8:5.8":{"pli":"paṭhamaṃ jhānaṃ …pe… ","html":"{}"},"ds2.1.8:5.9":{"pli":"pañcamaṃ jhānaṃ upasampajja viharati sukhapaṭipadaṃ khippābhiññanti kusalaṃ …pe… ","html":"{}"},"ds2.1.8:5.10":{"pli":"sukhapaṭipadaṃ khippābhiññaṃ suññatanti vipāko …pe… ","html":"{}"},"ds2.1.8:5.11":{"pli":"sukhapaṭipadaṃ khippābhiññanti kusalaṃ …pe… ","html":"{}"},"ds2.1.8:5.12":{"pli":"sukhapaṭipadaṃ khippābhiññaṃ animittanti vipāko …pe… ","html":"{}"},"ds2.1.8:5.13":{"pli":"sukhapaṭipadaṃ khippābhiññanti kusalaṃ …pe… ","html":"{}"},"ds2.1.8:5.14":{"pli":"sukhapaṭipadaṃ khippābhiññaṃ appaṇihitanti vipāko, tasmiṃ samaye phasso hoti …pe… avikkhepo hoti …pe… ","html":"{}"},"ds2.1.8:5.15":{"pli":"ime dhammā abyākatā. ","html":"{}</p>"},"ds2.1.8:5.16":{"pli":"Suddhikapaṭipadā. ","html":"<p class='endsutta'>{}</p>"},"ds2.1.8:6.0":{"pli":"2.1.8.2. Suddhikasuññata ","html":"<h2>{}</h2>"},"ds2.1.8:6.1":{"pli":"Katame dhammā abyākatā? ","html":"<p>{}"},"ds2.1.8:6.2":{"pli":"Yasmiṃ samaye lokuttaraṃ jhānaṃ bhāveti niyyānikaṃ apacayagāmiṃ diṭṭhigatānaṃ pahānāya paṭhamāya bhūmiyā pattiyā vivicceva kāmehi …pe… paṭhamaṃ jhānaṃ upasampajja viharati suññataṃ, tasmiṃ samaye phasso hoti …pe… avikkhepo hoti …pe… ","html":"{}"},"ds2.1.8:6.3":{"pli":"ime dhammā kusalā. ","html":"{}"},"ds2.1.8:6.4":{"pli":"Tasseva lokuttarassa kusalassa jhānassa katattā bhāvitattā vipākaṃ vivicceva kāmehi …pe… paṭhamaṃ jhānaṃ upasampajja viharati suññataṃ, tasmiṃ samaye phasso hoti …pe… avikkhepo hoti …pe… ","html":"{}"},"ds2.1.8:6.5":{"pli":"ime dhammā abyākatā. ","html":"{}</p>"},"ds2.1.8:7.1":{"pli":"Katame dhammā abyākatā? ","html":"<p>{}"},"ds2.1.8:7.2":{"pli":"Yasmiṃ samaye lokuttaraṃ jhānaṃ bhāveti niyyānikaṃ apacayagāmiṃ diṭṭhigatānaṃ pahānāya paṭhamāya bhūmiyā pattiyā vivicceva kāmehi …pe… paṭhamaṃ jhānaṃ upasampajja viharati suññataṃ, tasmiṃ samaye phasso hoti …pe… avikkhepo hoti …pe… ","html":"{}"},"ds2.1.8:7.3":{"pli":"ime dhammā kusalā. ","html":"{}"},"ds2.1.8:7.4":{"pli":"Tasseva lokuttarassa kusalassa jhānassa katattā bhāvitattā vipākaṃ vivicceva kāmehi …pe… paṭhamaṃ jhānaṃ upasampajja viharati animittaṃ, tasmiṃ samaye phasso hoti …pe… avikkhepo hoti …pe… ","html":"{}"},"ds2.1.8:7.5":{"pli":"ime dhammā abyākatā. ","html":"{}</p>"},"ds2.1.8:8.1":{"pli":"Katame dhammā abyākatā? ","html":"<p>{}"},"ds2.1.8:8.2":{"pli":"Yasmiṃ samaye lokuttaraṃ jhānaṃ bhāveti niyyānikaṃ apacayagāmiṃ diṭṭhigatānaṃ pahānāya paṭhamāya bhūmiyā pattiyā vivicceva kāmehi …pe… paṭhamaṃ jhānaṃ upasampajja viharati suññataṃ, tasmiṃ samaye phasso hoti …pe… avikkhepo hoti …pe… ","html":"{}"},"ds2.1.8:8.3":{"pli":"ime dhammā kusalā. ","html":"{}"},"ds2.1.8:8.4":{"pli":"Tasseva lokuttarassa kusalassa jhānassa katattā bhāvitattā vipākaṃ vivicceva kāmehi …pe… paṭhamaṃ jhānaṃ upasampajja viharati appaṇihitaṃ, tasmiṃ samaye phasso hoti …pe… avikkhepo hoti …pe… ","html":"{}"},"ds2.1.8:8.5":{"pli":"ime dhammā abyākatā. ","html":"{}</p>"},"ds2.1.8:9.1":{"pli":"Katame dhammā abyākatā? ","html":"<p>{}"},"ds2.1.8:9.2":{"pli":"Yasmiṃ samaye lokuttaraṃ jhānaṃ bhāveti niyyānikaṃ apacayagāmiṃ diṭṭhigatānaṃ pahānāya paṭhamāya bhūmiyā pattiyā vitakkavicārānaṃ vūpasamā …pe… dutiyaṃ jhānaṃ …pe… ","html":"{}"},"ds2.1.8:9.3":{"pli":"tatiyaṃ jhānaṃ …pe… ","html":"{}"},"ds2.1.8:9.4":{"pli":"catutthaṃ jhānaṃ …pe… ","html":"{}"},"ds2.1.8:9.5":{"pli":"paṭhamaṃ jhānaṃ …pe… ","html":"{}"},"ds2.1.8:9.6":{"pli":"pañcamaṃ jhānaṃ upasampajja viharati suññatanti kusalaṃ …pe… ","html":"{}"},"ds2.1.8:9.7":{"pli":"suññatanti vipāko …pe… ","html":"{}"},"ds2.1.8:9.8":{"pli":"suññatanti kusalaṃ …pe… ","html":"{}"},"ds2.1.8:9.9":{"pli":"animittanti vipāko …pe… ","html":"{}"},"ds2.1.8:9.10":{"pli":"suññatanti kusalaṃ …pe… ","html":"{}"},"ds2.1.8:9.11":{"pli":"appaṇihitanti vipāko, tasmiṃ samaye phasso hoti …pe… avikkhepo hoti …pe… ","html":"{}"},"ds2.1.8:9.12":{"pli":"ime dhammā abyākatā. ","html":"{}</p>"},"ds2.1.8:9.13":{"pli":"Suddhikasuññataṃ. ","html":"<p class='endsutta'>{}</p>"},"ds2.1.8:10.0":{"pli":"2.1.8.3. Suññatapaṭipadā ","html":"<h2>{}</h2>"},"ds2.1.8:10.1":{"pli":"Katame dhammā abyākatā? ","html":"<p>{}"},"ds2.1.8:10.2":{"pli":"Yasmiṃ samaye lokuttaraṃ jhānaṃ bhāveti niyyānikaṃ apacayagāmiṃ diṭṭhigatānaṃ pahānāya paṭhamāya bhūmiyā pattiyā vivicceva kāmehi …pe… paṭhamaṃ jhānaṃ upasampajja viharati dukkhapaṭipadaṃ dandhābhiññaṃ suññataṃ, tasmiṃ samaye phasso hoti …pe… avikkhepo hoti …pe… ","html":"{}"},"ds2.1.8:10.3":{"pli":"ime dhammā kusalā. ","html":"{}"},"ds2.1.8:10.4":{"pli":"Tasseva lokuttarassa kusalassa jhānassa katattā bhāvitattā vipākaṃ vivicceva kāmehi …pe… paṭhamaṃ jhānaṃ upasampajja viharati dukkhapaṭipadaṃ dandhābhiññaṃ suññataṃ, tasmiṃ samaye phasso hoti …pe… avikkhepo hoti …pe… ","html":"{}"},"ds2.1.8:10.5":{"pli":"ime dhammā abyākatā. ","html":"{}</p>"},"ds2.1.8:11.1":{"pli":"Katame dhammā abyākatā? ","html":"<p>{}"},"ds2.1.8:11.2":{"pli":"Yasmiṃ samaye lokuttaraṃ jhānaṃ bhāveti niyyānikaṃ apacayagāmiṃ diṭṭhigatānaṃ pahānāya paṭhamāya bhūmiyā pattiyā vivicceva kāmehi …pe… paṭhamaṃ jhānaṃ upasampajja viharati dukkhapaṭipadaṃ dandhābhiññaṃ suññataṃ, tasmiṃ samaye phasso hoti …pe… avikkhepo hoti …pe… ","html":"{}"},"ds2.1.8:11.3":{"pli":"ime dhammā kusalā. ","html":"{}"},"ds2.1.8:11.4":{"pli":"Tasseva lokuttarassa kusalassa jhānassa katattā bhāvitattā vipākaṃ vivicceva kāmehi …pe… paṭhamaṃ jhānaṃ upasampajja viharati dukkhapaṭipadaṃ dandhābhiññaṃ animittaṃ, tasmiṃ samaye phasso hoti …pe… avikkhepo hoti …pe… ","html":"{}"},"ds2.1.8:11.5":{"pli":"ime dhammā abyākatā. ","html":"{}</p>"},"ds2.1.8:12.1":{"pli":"Katame dhammā abyākatā? ","html":"<p>{}"},"ds2.1.8:12.2":{"pli":"Yasmiṃ samaye lokuttaraṃ jhānaṃ bhāveti niyyānikaṃ apacayagāmiṃ diṭṭhigatānaṃ pahānāya paṭhamāya bhūmiyā pattiyā vivicceva kāmehi …pe… paṭhamaṃ jhānaṃ upasampajja viharati dukkhapaṭipadaṃ dandhābhiññaṃ suññataṃ, tasmiṃ samaye phasso hoti …pe… avikkhepo hoti …pe… ","html":"{}"},"ds2.1.8:12.3":{"pli":"ime dhammā kusalā. ","html":"{}"},"ds2.1.8:12.4":{"pli":"Tasseva lokuttarassa kusalassa jhānassa katattā bhāvitattā vipākaṃ vivicceva kāmehi …pe… paṭhamaṃ jhānaṃ upasampajja viharati dukkhapaṭipadaṃ dandhābhiññaṃ appaṇihitaṃ, tasmiṃ samaye phasso hoti …pe… avikkhepo hoti …pe… ","html":"{}"},"ds2.1.8:12.5":{"pli":"ime dhammā abyākatā. ","html":"{}</p>"},"ds2.1.8:13.1":{"pli":"Katame dhammā abyākatā? ","html":"<p>{}"},"ds2.1.8:13.2":{"pli":"Yasmiṃ samaye lokuttaraṃ jhānaṃ bhāveti niyyānikaṃ apacayagāmiṃ diṭṭhigatānaṃ pahānāya paṭhamāya bhūmiyā pattiyā vitakkavicārānaṃ vūpasamā …pe… dutiyaṃ jhānaṃ …pe… ","html":"{}"},"ds2.1.8:13.3":{"pli":"tatiyaṃ jhānaṃ …pe… ","html":"{}"},"ds2.1.8:13.4":{"pli":"catutthaṃ jhānaṃ …pe… ","html":"{}"},"ds2.1.8:13.5":{"pli":"paṭhamaṃ jhānaṃ …pe… ","html":"{}"},"ds2.1.8:13.6":{"pli":"pañcamaṃ jhānaṃ upasampajja viharati dukkhapaṭipadaṃ dandhābhiññaṃ suññatanti kusalaṃ …pe… ","html":"{}"},"ds2.1.8:13.7":{"pli":"dukkhapaṭipadaṃ dandhābhiññaṃ suññatanti vipāko …pe… ","html":"{}"},"ds2.1.8:13.8":{"pli":"dukkhapaṭipadaṃ dandhābhiññaṃ suññatanti kusalaṃ …pe… ","html":"{}"},"ds2.1.8:13.9":{"pli":"dukkhapaṭipadaṃ dandhābhiññaṃ animittanti vipāko …pe… ","html":"{}"},"ds2.1.8:13.10":{"pli":"dukkhapaṭipadaṃ dandhābhiññaṃ suññatanti kusalaṃ …pe… ","html":"{}"},"ds2.1.8:13.11":{"pli":"dukkhapaṭipadaṃ dandhābhiññaṃ appaṇihitanti vipāko, tasmiṃ samaye phasso hoti …pe… avikkhepo hoti …pe… ","html":"{}"},"ds2.1.8:13.12":{"pli":"ime dhammā abyākatā. ","html":"{}</p>"},"ds2.1.8:14.1":{"pli":"Katame dhammā abyākatā? ","html":"<p>{}"},"ds2.1.8:14.2":{"pli":"Yasmiṃ samaye lokuttaraṃ jhānaṃ bhāveti niyyānikaṃ apacayagāmiṃ diṭṭhigatānaṃ pahānāya paṭhamāya bhūmiyā pattiyā vivicceva kāmehi …pe… paṭhamaṃ jhānaṃ upasampajja viharati dukkhapaṭipadaṃ khippābhiññaṃ suññataṃ …pe… ","html":"{}"},"ds2.1.8:14.3":{"pli":"sukhapaṭipadaṃ dandhābhiññaṃ suññataṃ …pe… ","html":"{}"},"ds2.1.8:14.4":{"pli":"sukhapaṭipadaṃ khippābhiññaṃ suññataṃ …pe… ","html":"{}"},"ds2.1.8:14.5":{"pli":"dutiyaṃ jhānaṃ …pe… ","html":"{}"},"ds2.1.8:14.6":{"pli":"tatiyaṃ jhānaṃ …pe… ","html":"{}"},"ds2.1.8:14.7":{"pli":"catutthaṃ jhānaṃ …pe… ","html":"{}"},"ds2.1.8:14.8":{"pli":"paṭhamaṃ jhānaṃ …pe… ","html":"{}"},"ds2.1.8:14.9":{"pli":"pañcamaṃ jhānaṃ upasampajja viharati sukhapaṭipadaṃ khippābhiññaṃ suññatanti kusalaṃ …pe… ","html":"{}"},"ds2.1.8:14.10":{"pli":"sukhapaṭipadaṃ khippābhiññaṃ suññatanti vipāko …pe… ","html":"{}"},"ds2.1.8:14.11":{"pli":"sukhapaṭipadaṃ khippābhiññaṃ suññatanti kusalaṃ …pe… ","html":"{}"},"ds2.1.8:14.12":{"pli":"sukhapaṭipadaṃ khippābhiññaṃ animittanti vipāko …pe… ","html":"{}"},"ds2.1.8:14.13":{"pli":"sukhapaṭipadaṃ khippābhiññaṃ suññatanti kusalaṃ …pe… ","html":"{}"},"ds2.1.8:14.14":{"pli":"sukhapaṭipadaṃ khippābhiññaṃ appaṇihitanti vipāko, tasmiṃ samaye phasso hoti …pe… avikkhepo hoti …pe… ","html":"{}"},"ds2.1.8:14.15":{"pli":"ime dhammā abyākatā. ","html":"{}</p>"},"ds2.1.8:14.16":{"pli":"Suññatapaṭipadā. ","html":"<p class='endsutta'>{}</p>"},"ds2.1.8:15.0":{"pli":"2.1.8.4. Suddhikaappaṇihita ","html":"<h2>{}</h2>"},"ds2.1.8:15.1":{"pli":"Katame dhammā abyākatā? ","html":"<p>{}"},"ds2.1.8:15.2":{"pli":"Yasmiṃ samaye lokuttaraṃ jhānaṃ bhāveti niyyānikaṃ apacayagāmiṃ diṭṭhigatānaṃ pahānāya paṭhamāya bhūmiyā pattiyā vivicceva kāmehi …pe… paṭhamaṃ jhānaṃ upasampajja viharati appaṇihitaṃ, tasmiṃ samaye phasso hoti …pe… avikkhepo hoti …pe… ","html":"{}"},"ds2.1.8:15.3":{"pli":"ime dhammā kusalā. ","html":"{}"},"ds2.1.8:15.4":{"pli":"Tasseva lokuttarassa kusalassa jhānassa katattā bhāvitattā vipākaṃ vivicceva kāmehi …pe… paṭhamaṃ jhānaṃ upasampajja viharati appaṇihitaṃ, tasmiṃ samaye phasso hoti …pe… avikkhepo hoti …pe… ","html":"{}"},"ds2.1.8:15.5":{"pli":"ime dhammā abyākatā. ","html":"{}</p>"},"ds2.1.8:16.1":{"pli":"Katame dhammā abyākatā? ","html":"<p>{}"},"ds2.1.8:16.2":{"pli":"Yasmiṃ samaye lokuttaraṃ jhānaṃ bhāveti niyyānikaṃ apacayagāmiṃ diṭṭhigatānaṃ pahānāya paṭhamāya bhūmiyā pattiyā vivicceva kāmehi …pe… paṭhamaṃ jhānaṃ upasampajja viharati appaṇihitaṃ, tasmiṃ samaye phasso hoti …pe… avikkhepo hoti …pe… ","html":"{}"},"ds2.1.8:16.3":{"pli":"ime dhammā kusalā. ","html":"{}"},"ds2.1.8:16.4":{"pli":"Tasseva lokuttarassa kusalassa jhānassa katattā bhāvitattā vipākaṃ vivicceva kāmehi …pe… paṭhamaṃ jhānaṃ upasampajja viharati animittaṃ, tasmiṃ samaye phasso hoti …pe… avikkhepo hoti …pe… ","html":"{}"},"ds2.1.8:16.5":{"pli":"ime dhammā abyākatā. ","html":"{}</p>"},"ds2.1.8:17.1":{"pli":"Katame dhammā abyākatā? ","html":"<p>{}"},"ds2.1.8:17.2":{"pli":"Yasmiṃ samaye lokuttaraṃ jhānaṃ bhāveti niyyānikaṃ apacayagāmiṃ diṭṭhigatānaṃ pahānāya paṭhamāya bhūmiyā pattiyā vivicceva kāmehi …pe… paṭhamaṃ jhānaṃ upasampajja viharati appaṇihitaṃ, tasmiṃ samaye phasso hoti …pe… avikkhepo hoti …pe… ","html":"{}"},"ds2.1.8:17.3":{"pli":"ime dhammā kusalā. ","html":"{}"},"ds2.1.8:17.4":{"pli":"Tasseva lokuttarassa kusalassa jhānassa katattā bhāvitattā vipākaṃ vivicceva kāmehi …pe… paṭhamaṃ jhānaṃ upasampajja viharati suññataṃ, tasmiṃ samaye phasso hoti …pe… avikkhepo hoti …pe… ","html":"{}"},"ds2.1.8:17.5":{"pli":"ime dhammā abyākatā. ","html":"{}</p>"},"ds2.1.8:18.1":{"pli":"Katame dhammā abyākatā? ","html":"<p>{}"},"ds2.1.8:18.2":{"pli":"Yasmiṃ samaye lokuttaraṃ jhānaṃ bhāveti niyyānikaṃ apacayagāmiṃ diṭṭhigatānaṃ pahānāya paṭhamāya bhūmiyā pattiyā vitakkavicārānaṃ vūpasamā …pe… dutiyaṃ jhānaṃ …pe… ","html":"{}"},"ds2.1.8:18.3":{"pli":"tatiyaṃ jhānaṃ …pe… ","html":"{}"},"ds2.1.8:18.4":{"pli":"catutthaṃ jhānaṃ …pe… ","html":"{}"},"ds2.1.8:18.5":{"pli":"paṭhamaṃ jhānaṃ …pe… ","html":"{}"},"ds2.1.8:18.6":{"pli":"pañcamaṃ jhānaṃ upasampajja viharati appaṇihitanti kusalaṃ …pe… ","html":"{}"},"ds2.1.8:18.7":{"pli":"appaṇihitanti vipāko …pe… ","html":"{}"},"ds2.1.8:18.8":{"pli":"appaṇihitanti kusalaṃ …pe… ","html":"{}"},"ds2.1.8:18.9":{"pli":"animittanti vipāko …pe… ","html":"{}"},"ds2.1.8:18.10":{"pli":"appaṇihitanti kusalaṃ …pe… ","html":"{}"},"ds2.1.8:18.11":{"pli":"suññatanti vipāko, tasmiṃ samaye phasso hoti …pe… avikkhepo hoti …pe… ","html":"{}"},"ds2.1.8:18.12":{"pli":"ime dhammā abyākatā. ","html":"{}</p>"},"ds2.1.8:18.13":{"pli":"Suddhikaappaṇihitaṃ. ","html":"<p class='endsutta'>{}</p>"},"ds2.1.8:19.0":{"pli":"2.1.8.5. Appaṇihitapaṭipadā ","html":"<h2>{}</h2>"},"ds2.1.8:19.1":{"pli":"Katame dhammā abyākatā? ","html":"<p>{}"},"ds2.1.8:19.2":{"pli":"Yasmiṃ samaye lokuttaraṃ jhānaṃ bhāveti niyyānikaṃ apacayagāmiṃ diṭṭhigatānaṃ pahānāya paṭhamāya bhūmiyā pattiyā vivicceva kāmehi …pe… paṭhamaṃ jhānaṃ upasampajja viharati dukkhapaṭipadaṃ dandhābhiññaṃ appaṇihitaṃ, tasmiṃ samaye phasso hoti …pe… avikkhepo hoti …pe… ","html":"{}"},"ds2.1.8:19.3":{"pli":"ime dhammā kusalā. ","html":"{}"},"ds2.1.8:19.4":{"pli":"Tasseva lokuttarassa kusalassa jhānassa katattā bhāvitattā vipākaṃ vivicceva kāmehi …pe… paṭhamaṃ jhānaṃ upasampajja viharati dukkhapaṭipadaṃ dandhābhiññaṃ appaṇihitaṃ, tasmiṃ samaye phasso hoti …pe… avikkhepo hoti …pe… ","html":"{}"},"ds2.1.8:19.5":{"pli":"ime dhammā abyākatā. ","html":"{}</p>"},"ds2.1.8:20.1":{"pli":"Katame dhammā abyākatā? ","html":"<p>{}"},"ds2.1.8:20.2":{"pli":"Yasmiṃ samaye lokuttaraṃ jhānaṃ bhāveti niyyānikaṃ apacayagāmiṃ diṭṭhigatānaṃ pahānāya paṭhamāya bhūmiyā pattiyā vivicceva kāmehi …pe… paṭhamaṃ jhānaṃ upasampajja viharati dukkhapaṭipadaṃ dandhābhiññaṃ appaṇihitaṃ, tasmiṃ samaye phasso hoti …pe… avikkhepo hoti …pe… ","html":"{}"},"ds2.1.8:20.3":{"pli":"ime dhammā kusalā. ","html":"{}"},"ds2.1.8:20.4":{"pli":"Tasseva lokuttarassa kusalassa jhānassa katattā bhāvitattā vipākaṃ vivicceva kāmehi …pe… paṭhamaṃ jhānaṃ upasampajja viharati dukkhapaṭipadaṃ dandhābhiññaṃ animittaṃ, tasmiṃ samaye phasso hoti …pe… avikkhepo hoti …pe… ","html":"{}"},"ds2.1.8:20.5":{"pli":"ime dhammā abyākatā. ","html":"{}</p>"},"ds2.1.8:21.1":{"pli":"Katame dhammā abyākatā? ","html":"<p>{}"},"ds2.1.8:21.2":{"pli":"Yasmiṃ samaye lokuttaraṃ jhānaṃ bhāveti niyyānikaṃ apacayagāmiṃ diṭṭhigatānaṃ pahānāya paṭhamāya bhūmiyā pattiyā vivicceva kāmehi …pe… paṭhamaṃ jhānaṃ upasampajja viharati dukkhapaṭipadaṃ dandhābhiññaṃ appaṇihitaṃ, tasmiṃ samaye phasso hoti …pe… avikkhepo hoti …pe… ","html":"{}"},"ds2.1.8:21.3":{"pli":"ime dhammā kusalā. ","html":"{}"},"ds2.1.8:21.4":{"pli":"Tasseva lokuttarassa kusalassa jhānassa katattā bhāvitattā vipākaṃ vivicceva kāmehi …pe… paṭhamaṃ jhānaṃ upasampajja viharati dukkhapaṭipadaṃ dandhābhiññaṃ suññataṃ, tasmiṃ samaye phasso hoti …pe… avikkhepo hoti …pe… ","html":"{}"},"ds2.1.8:21.5":{"pli":"ime dhammā abyākatā. ","html":"{}</p>"},"ds2.1.8:22.1":{"pli":"Katame dhammā abyākatā? ","html":"<p>{}"},"ds2.1.8:22.2":{"pli":"Yasmiṃ samaye lokuttaraṃ jhānaṃ bhāveti niyyānikaṃ apacayagāmiṃ diṭṭhigatānaṃ pahānāya paṭhamāya bhūmiyā pattiyā vitakkavicārānaṃ vūpasamā …pe… dutiyaṃ jhānaṃ …pe… ","html":"{}"},"ds2.1.8:22.3":{"pli":"tatiyaṃ jhānaṃ …pe… ","html":"{}"},"ds2.1.8:22.4":{"pli":"catutthaṃ jhānaṃ …pe… ","html":"{}"},"ds2.1.8:22.5":{"pli":"paṭhamaṃ jhānaṃ …pe… ","html":"{}"},"ds2.1.8:22.6":{"pli":"pañcamaṃ jhānaṃ upasampajja viharati dukkhapaṭipadaṃ dandhābhiññaṃ appaṇihitanti kusalaṃ …pe… ","html":"{}"},"ds2.1.8:22.7":{"pli":"dukkhapaṭipadaṃ dandhābhiññaṃ appaṇihitanti vipāko …pe… ","html":"{}"},"ds2.1.8:22.8":{"pli":"dukkhapaṭipadaṃ dandhābhiññaṃ appaṇihitanti kusalaṃ …pe… ","html":"{}"},"ds2.1.8:22.9":{"pli":"dukkhapaṭipadaṃ dandhābhiññaṃ animittanti vipāko …pe… ","html":"{}"},"ds2.1.8:22.10":{"pli":"dukkhapaṭipadaṃ dandhābhiññaṃ appaṇihitanti kusalaṃ …pe… ","html":"{}"},"ds2.1.8:22.11":{"pli":"dukkhapaṭipadaṃ dandhābhiññaṃ suññatanti vipāko, tasmiṃ samaye phasso hoti …pe… avikkhepo hoti …pe… ","html":"{}"},"ds2.1.8:22.12":{"pli":"ime dhammā abyākatā. ","html":"{}</p>"},"ds2.1.8:23.1":{"pli":"Katame dhammā abyākatā? ","html":"<p>{}"},"ds2.1.8:23.2":{"pli":"Yasmiṃ samaye lokuttaraṃ jhānaṃ bhāveti niyyānikaṃ apacayagāmiṃ diṭṭhigatānaṃ pahānāya paṭhamāya bhūmiyā pattiyā vivicceva kāmehi …pe… paṭhamaṃ jhānaṃ upasampajja viharati dukkhapaṭipadaṃ khippābhiññaṃ appaṇihitaṃ …pe… ","html":"{}"},"ds2.1.8:23.3":{"pli":"sukhapaṭipadaṃ dandhābhiññaṃ appaṇihitaṃ …pe… ","html":"{}"},"ds2.1.8:23.4":{"pli":"sukhapaṭipadaṃ khippābhiññaṃ appaṇihitaṃ …pe… ","html":"{}"},"ds2.1.8:23.5":{"pli":"dutiyaṃ jhānaṃ …pe… ","html":"{}"},"ds2.1.8:23.6":{"pli":"tatiyaṃ jhānaṃ …pe… ","html":"{}"},"ds2.1.8:23.7":{"pli":"catutthaṃ jhānaṃ …pe… ","html":"{}"},"ds2.1.8:23.8":{"pli":"paṭhamaṃ jhānaṃ …pe… ","html":"{}"},"ds2.1.8:23.9":{"pli":"pañcamaṃ jhānaṃ upasampajja viharati sukhapaṭipadaṃ khippābhiññaṃ appaṇihitanti kusalaṃ …pe… ","html":"{}"},"ds2.1.8:23.10":{"pli":"sukhapaṭipadaṃ khippābhiññaṃ appaṇihitanti vipāko …pe… ","html":"{}"},"ds2.1.8:23.11":{"pli":"sukhapaṭipadaṃ khippābhiññaṃ appaṇihitanti kusalaṃ …pe… ","html":"{}"},"ds2.1.8:23.12":{"pli":"sukhapaṭipadaṃ khippābhiññaṃ animittanti vipāko …pe… ","html":"{}"},"ds2.1.8:23.13":{"pli":"sukhapaṭipadaṃ khippābhiññaṃ appaṇihitanti kusalaṃ …pe… ","html":"{}"},"ds2.1.8:23.14":{"pli":"sukhapaṭipadaṃ khippābhiññaṃ suññatanti vipāko, tasmiṃ samaye phasso hoti …pe… avikkhepo hoti …pe… ","html":"{}"},"ds2.1.8:23.15":{"pli":"ime dhammā abyākatā. ","html":"{}</p>"},"ds2.1.8:23.16":{"pli":"Appaṇihitapaṭipadā. ","html":"<p class='endsutta'>{}</p>"},"ds2.1.8:24.0":{"pli":"2.1.8.6. Vīsati mahānaya ","html":"<h2>{}</h2>"},"ds2.1.8:24.1":{"pli":"Katame dhammā abyākatā? ","html":"<p>{}"},"ds2.1.8:24.2":{"pli":"Yasmiṃ samaye lokuttaraṃ maggaṃ bhāveti …pe… ","html":"{}"},"ds2.1.8:24.3":{"pli":"lokuttaraṃ satipaṭṭhānaṃ bhāveti …pe… ","html":"{}"},"ds2.1.8:24.4":{"pli":"lokuttaraṃ sammappadhānaṃ bhāveti …pe… ","html":"{}"},"ds2.1.8:24.5":{"pli":"lokuttaraṃ iddhipādaṃ bhāveti …pe… ","html":"{}"},"ds2.1.8:24.6":{"pli":"lokuttaraṃ indriyaṃ bhāveti …pe… ","html":"{}"},"ds2.1.8:24.7":{"pli":"lokuttaraṃ balaṃ bhāveti …pe… ","html":"{}"},"ds2.1.8:24.8":{"pli":"lokuttaraṃ bojjhaṅgaṃ bhāveti …pe… ","html":"{}"},"ds2.1.8:24.9":{"pli":"lokuttaraṃ saccaṃ bhāveti …pe… ","html":"{}"},"ds2.1.8:24.10":{"pli":"lokuttaraṃ samathaṃ bhāveti …pe… ","html":"{}"},"ds2.1.8:24.11":{"pli":"lokuttaraṃ dhammaṃ bhāveti …pe… ","html":"{}"},"ds2.1.8:24.12":{"pli":"lokuttaraṃ khandhaṃ bhāveti …pe… ","html":"{}"},"ds2.1.8:24.13":{"pli":"lokuttaraṃ āyatanaṃ bhāveti …pe… ","html":"{}"},"ds2.1.8:24.14":{"pli":"lokuttaraṃ dhātuṃ bhāveti …pe… ","html":"{}"},"ds2.1.8:24.15":{"pli":"lokuttaraṃ āhāraṃ bhāveti …pe… ","html":"{}"},"ds2.1.8:24.16":{"pli":"lokuttaraṃ phassaṃ bhāveti …pe… ","html":"{}"},"ds2.1.8:24.17":{"pli":"lokuttaraṃ vedanaṃ bhāveti …pe… ","html":"{}"},"ds2.1.8:24.18":{"pli":"lokuttaraṃ saññaṃ bhāveti …pe… ","html":"{}"},"ds2.1.8:24.19":{"pli":"lokuttaraṃ cetanaṃ bhāveti …pe… ","html":"{}"},"ds2.1.8:24.20":{"pli":"lokuttaraṃ cittaṃ bhāveti niyyānikaṃ apacayagāmiṃ diṭṭhigatānaṃ pahānāya paṭhamāya bhūmiyā pattiyā vivicceva kāmehi …pe… paṭhamaṃ jhānaṃ upasampajja viharati dukkhapaṭipadaṃ dandhābhiññaṃ, tasmiṃ samaye phasso hoti …pe… avikkhepo hoti …pe… ","html":"{}"},"ds2.1.8:24.21":{"pli":"ime dhammā kusalā tasseva lokuttarassa kusalassa jhānassa katattā bhāvitattā vipākaṃ vivicceva kāmehi …pe… paṭhamaṃ jhānaṃ upasampajja viharati dukkhapaṭipadaṃ dandhābhiññaṃ suññataṃ …pe… ","html":"{}"},"ds2.1.8:24.22":{"pli":"animittaṃ …pe… ","html":"{}"},"ds2.1.8:24.23":{"pli":"appaṇihitaṃ, tasmiṃ samaye phasso hoti …pe… avikkhepo hoti …pe… ","html":"{}"},"ds2.1.8:24.24":{"pli":"ime dhammā abyākatā. ","html":"{}</p>"},"ds2.1.8:24.25":{"pli":"Vīsati mahānayā. ","html":"<p class='endsutta'>{}</p>"},"ds2.1.8:25.0":{"pli":"2.1.8.7. Chandādhipateyyasuddhikapaṭipadā ","html":"<h2>{}</h2>"},"ds2.1.8:25.1":{"pli":"Katame dhammā abyākatā? ","html":"<p>{}"},"ds2.1.8:25.2":{"pli":"Yasmiṃ samaye lokuttaraṃ jhānaṃ bhāveti niyyānikaṃ apacayagāmiṃ diṭṭhigatānaṃ pahānāya paṭhamāya bhūmiyā pattiyā vivicceva kāmehi …pe… paṭhamaṃ jhānaṃ upasampajja viharati dukkhapaṭipadaṃ dandhābhiññaṃ chandādhipateyyaṃ, tasmiṃ samaye phasso hoti …pe… avikkhepo hoti …pe… ","html":"{}"},"ds2.1.8:25.3":{"pli":"ime dhammā kusalā. ","html":"{}"},"ds2.1.8:25.4":{"pli":"Tasseva lokuttarassa kusalassa jhānassa katattā bhāvitattā vipākaṃ vivicceva kāmehi …pe… paṭhamaṃ jhānaṃ upasampajja viharati dukkhapaṭipadaṃ dandhābhiññaṃ suññataṃ chandādhipateyyaṃ, tasmiṃ samaye phasso hoti …pe… avikkhepo hoti …pe… ","html":"{}"},"ds2.1.8:25.5":{"pli":"ime dhammā abyākatā. ","html":"{}</p>"},"ds2.1.8:26.1":{"pli":"Katame dhammā abyākatā? ","html":"<p>{}"},"ds2.1.8:26.2":{"pli":"Yasmiṃ samaye lokuttaraṃ jhānaṃ bhāveti niyyānikaṃ apacayagāmiṃ diṭṭhigatānaṃ pahānāya paṭhamāya bhūmiyā pattiyā vivicceva kāmehi …pe… paṭhamaṃ jhānaṃ upasampajja viharati dukkhapaṭipadaṃ dandhābhiññaṃ chandādhipateyyaṃ, tasmiṃ samaye phasso hoti …pe… avikkhepo hoti …pe… ","html":"{}"},"ds2.1.8:26.3":{"pli":"ime dhammā kusalā. ","html":"{}"},"ds2.1.8:26.4":{"pli":"Tasseva lokuttarassa kusalassa jhānassa katattā bhāvitattā vipākaṃ vivicceva kāmehi …pe… paṭhamaṃ jhānaṃ upasampajja viharati dukkhapaṭipadaṃ dandhābhiññaṃ animittaṃ chandādhipateyyaṃ, tasmiṃ samaye phasso hoti …pe… avikkhepo hoti …pe… ","html":"{}"},"ds2.1.8:26.5":{"pli":"ime dhammā abyākatā. ","html":"{}</p>"},"ds2.1.8:27.1":{"pli":"Katame dhammā abyākatā? ","html":"<p>{}"},"ds2.1.8:27.2":{"pli":"Yasmiṃ samaye lokuttaraṃ jhānaṃ bhāveti niyyānikaṃ apacayagāmiṃ diṭṭhigatānaṃ pahānāya paṭhamāya bhūmiyā pattiyā vivicceva kāmehi …pe… paṭhamaṃ jhānaṃ upasampajja viharati dukkhapaṭipadaṃ dandhābhiññaṃ chandādhipateyyaṃ, tasmiṃ samaye phasso hoti …pe… avikkhepo hoti …pe… ","html":"{}"},"ds2.1.8:27.3":{"pli":"ime dhammā kusalā. ","html":"{}"},"ds2.1.8:27.4":{"pli":"Tasseva lokuttarassa kusalassa jhānassa katattā bhāvitattā vipākaṃ vivicceva kāmehi …pe… paṭhamaṃ jhānaṃ upasampajja viharati dukkhapaṭipadaṃ dandhābhiññaṃ appaṇihitaṃ chandādhipateyyaṃ, tasmiṃ samaye phasso hoti …pe… avikkhepo hoti …pe… ","html":"{}"},"ds2.1.8:27.5":{"pli":"ime dhammā abyākatā. ","html":"{}</p>"},"ds2.1.8:28.1":{"pli":"Katame dhammā abyākatā? ","html":"<p>{}"},"ds2.1.8:28.2":{"pli":"Yasmiṃ samaye lokuttaraṃ jhānaṃ bhāveti niyyānikaṃ apacayagāmiṃ diṭṭhigatānaṃ pahānāya paṭhamāya bhūmiyā pattiyā vitakkavicārānaṃ vūpasamā …pe… dutiyaṃ jhānaṃ …pe… ","html":"{}"},"ds2.1.8:28.3":{"pli":"tatiyaṃ jhānaṃ …pe… ","html":"{}"},"ds2.1.8:28.4":{"pli":"catutthaṃ jhānaṃ …pe… ","html":"{}"},"ds2.1.8:28.5":{"pli":"paṭhamaṃ jhānaṃ …pe… ","html":"{}"},"ds2.1.8:28.6":{"pli":"pañcamaṃ jhānaṃ upasampajja viharati dukkhapaṭipadaṃ dandhābhiññaṃ chandādhipateyyanti kusalaṃ …pe… ","html":"{}"},"ds2.1.8:28.7":{"pli":"dukkhapaṭipadaṃ dandhābhiññaṃ suññataṃ chandādhipateyyanti vipāko …pe… ","html":"{}"},"ds2.1.8:28.8":{"pli":"dukkhapaṭipadaṃ dandhābhiññaṃ chandādhipateyyanti kusalaṃ …pe… ","html":"{}"},"ds2.1.8:28.9":{"pli":"dukkhapaṭipadaṃ dandhābhiññaṃ animittaṃ chandādhipateyyanti vipāko …pe… ","html":"{}"},"ds2.1.8:28.10":{"pli":"dukkhapaṭipadaṃ dandhābhiññaṃ chandādhipateyyanti kusalaṃ …pe… ","html":"{}"},"ds2.1.8:28.11":{"pli":"dukkhapaṭipadaṃ dandhābhiññaṃ appaṇihitaṃ chandādhipateyyanti vipāko, tasmiṃ samaye phasso hoti …pe… avikkhepo hoti …pe… ","html":"{}"},"ds2.1.8:28.12":{"pli":"ime dhammā abyākatā. ","html":"{}</p>"},"ds2.1.8:29.1":{"pli":"Katame dhammā abyākatā? ","html":"<p>{}"},"ds2.1.8:29.2":{"pli":"Yasmiṃ samaye lokuttaraṃ jhānaṃ bhāveti niyyānikaṃ apacayagāmiṃ diṭṭhigatānaṃ pahānāya paṭhamāya bhūmiyā pattiyā vivicceva kāmehi …pe… paṭhamaṃ jhānaṃ upasampajja viharati dukkhapaṭipadaṃ khippābhiññaṃ chandādhipateyyaṃ …pe… ","html":"{}"},"ds2.1.8:29.3":{"pli":"sukhapaṭipadaṃ dandhābhiññaṃ chandādhipateyyaṃ …pe… ","html":"{}"},"ds2.1.8:29.4":{"pli":"sukhapaṭipadaṃ khippābhiññaṃ chandādhipateyyaṃ …pe… ","html":"{}"},"ds2.1.8:29.5":{"pli":"dutiyaṃ jhānaṃ …pe… ","html":"{}"},"ds2.1.8:29.6":{"pli":"tatiyaṃ jhānaṃ …pe… ","html":"{}"},"ds2.1.8:29.7":{"pli":"catutthaṃ jhānaṃ …pe… ","html":"{}"},"ds2.1.8:29.8":{"pli":"paṭhamaṃ jhānaṃ …pe… ","html":"{}"},"ds2.1.8:29.9":{"pli":"pañcamaṃ jhānaṃ upasampajja viharati sukhapaṭipadaṃ khippābhiññaṃ chandādhipateyyanti kusalaṃ …pe… ","html":"{}"},"ds2.1.8:29.10":{"pli":"sukhapaṭipadaṃ khippābhiññaṃ suññataṃ chandādhipateyyanti vipāko …pe… ","html":"{}"},"ds2.1.8:29.11":{"pli":"sukhapaṭipadaṃ khippābhiññaṃ chandādhipateyyanti kusalaṃ …pe… ","html":"{}"},"ds2.1.8:29.12":{"pli":"sukhapaṭipadaṃ khippābhiññaṃ animittaṃ chandādhipateyyanti vipāko …pe… ","html":"{}"},"ds2.1.8:29.13":{"pli":"sukhapaṭipadaṃ khippābhiññaṃ chandādhipateyyanti kusalaṃ …pe… ","html":"{}"},"ds2.1.8:29.14":{"pli":"sukhapaṭipadaṃ khippābhiññaṃ appaṇihitaṃ chandādhipateyyanti vipāko, tasmiṃ samaye phasso hoti …pe… avikkhepo hoti …pe… ","html":"{}"},"ds2.1.8:29.15":{"pli":"ime dhammā abyākatā. ","html":"{}</p>"},"ds2.1.8:29.16":{"pli":"Chandādhipateyyasuddhikapaṭipadā. ","html":"<p class='endsutta'>{}</p>"},"ds2.1.8:30.0":{"pli":"2.1.8.8. Chandādhipateyyasuddhikasuññata ","html":"<h2>{}</h2>"},"ds2.1.8:30.1":{"pli":"Katame dhammā abyākatā? ","html":"<p>{}"},"ds2.1.8:30.2":{"pli":"Yasmiṃ samaye lokuttaraṃ jhānaṃ bhāveti niyyānikaṃ apacayagāmiṃ diṭṭhigatānaṃ pahānāya paṭhamāya bhūmiyā pattiyā vivicceva kāmehi …pe… paṭhamaṃ jhānaṃ upasampajja viharati suññataṃ chandādhipateyyaṃ, tasmiṃ samaye phasso hoti …pe… avikkhepo hoti …pe… ","html":"{}"},"ds2.1.8:30.3":{"pli":"ime dhammā kusalā. ","html":"{}"},"ds2.1.8:30.4":{"pli":"Tasseva lokuttarassa kusalassa jhānassa katattā bhāvitattā vipākaṃ vivicceva kāmehi …pe… paṭhamaṃ jhānaṃ upasampajja viharati suññataṃ chandādhipateyyaṃ, tasmiṃ samaye phasso hoti …pe… avikkhepo hoti …pe… ","html":"{}"},"ds2.1.8:30.5":{"pli":"ime dhammā abyākatā. ","html":"{}</p>"},"ds2.1.8:31.1":{"pli":"Katame dhammā abyākatā? ","html":"<p>{}"},"ds2.1.8:31.2":{"pli":"Yasmiṃ samaye lokuttaraṃ jhānaṃ bhāveti niyyānikaṃ apacayagāmiṃ diṭṭhigatānaṃ pahānāya paṭhamāya bhūmiyā pattiyā vivicceva kāmehi …pe… paṭhamaṃ jhānaṃ upasampajja viharati suññataṃ chandādhipateyyaṃ, tasmiṃ samaye phasso hoti …pe… avikkhepo hoti …pe… ","html":"{}"},"ds2.1.8:31.3":{"pli":"ime dhammā kusalā. ","html":"{}"},"ds2.1.8:31.4":{"pli":"Tasseva lokuttarassa kusalassa jhānassa katattā bhāvitattā vipākaṃ vivicceva kāmehi …pe… paṭhamaṃ jhānaṃ upasampajja viharati animittaṃ chandādhipateyyaṃ, tasmiṃ samaye phasso hoti …pe… avikkhepo hoti …pe… ","html":"{}"},"ds2.1.8:31.5":{"pli":"ime dhammā abyākatā. ","html":"{}</p>"},"ds2.1.8:32.1":{"pli":"Katame dhammā abyākatā? ","html":"<p>{}"},"ds2.1.8:32.2":{"pli":"Yasmiṃ samaye lokuttaraṃ jhānaṃ bhāveti niyyānikaṃ apacayagāmiṃ diṭṭhigatānaṃ pahānāya paṭhamāya bhūmiyā pattiyā vivicceva kāmehi …pe… paṭhamaṃ jhānaṃ upasampajja viharati suññataṃ chandādhipateyyaṃ, tasmiṃ samaye phasso hoti …pe… avikkhepo hoti …pe… ","html":"{}"},"ds2.1.8:32.3":{"pli":"ime dhammā kusalā. ","html":"{}"},"ds2.1.8:32.4":{"pli":"Tasseva lokuttarassa kusalassa jhānassa katattā bhāvitattā vipākaṃ vivicceva kāmehi …pe… paṭhamaṃ jhānaṃ upasampajja viharati appaṇihitaṃ chandādhipateyyaṃ, tasmiṃ samaye phasso hoti …pe… avikkhepo hoti …pe… ","html":"{}"},"ds2.1.8:32.5":{"pli":"ime dhammā abyākatā. ","html":"{}</p>"},"ds2.1.8:33.1":{"pli":"Katame dhammā abyākatā? ","html":"<p>{}"},"ds2.1.8:33.2":{"pli":"Yasmiṃ samaye lokuttaraṃ jhānaṃ bhāveti niyyānikaṃ apacayagāmiṃ diṭṭhigatānaṃ pahānāya paṭhamāya bhūmiyā pattiyā vitakkavicārānaṃ vūpasamā …pe… dutiyaṃ jhānaṃ …pe… ","html":"{}"},"ds2.1.8:33.3":{"pli":"tatiyaṃ jhānaṃ …pe… ","html":"{}"},"ds2.1.8:33.4":{"pli":"catutthaṃ jhānaṃ …pe… ","html":"{}"},"ds2.1.8:33.5":{"pli":"paṭhamaṃ jhānaṃ …pe… ","html":"{}"},"ds2.1.8:33.6":{"pli":"pañcamaṃ jhānaṃ upasampajja viharati suññataṃ chandādhipateyyanti kusalaṃ …pe… ","html":"{}"},"ds2.1.8:33.7":{"pli":"suññataṃ chandādhipateyyanti vipāko …pe… ","html":"{}"},"ds2.1.8:33.8":{"pli":"suññataṃ chandādhipateyyanti kusalaṃ …pe… ","html":"{}"},"ds2.1.8:33.9":{"pli":"animittaṃ chandādhipateyyanti vipāko …pe… ","html":"{}"},"ds2.1.8:33.10":{"pli":"suññataṃ chandādhipateyyanti kusalaṃ …pe… ","html":"{}"},"ds2.1.8:33.11":{"pli":"appaṇihitaṃ chandādhipateyyanti vipāko, tasmiṃ samaye phasso hoti …pe… avikkhepo hoti …pe… ","html":"{}"},"ds2.1.8:33.12":{"pli":"ime dhammā abyākatā. ","html":"{}</p>"},"ds2.1.8:33.13":{"pli":"Chandādhipateyyasuddhikasuññatā. ","html":"<p class='endsutta'>{}</p>"},"ds2.1.8:34.1":{"pli":"Katame dhammā abyākatā? ","html":"<p>{}"},"ds2.1.8:34.2":{"pli":"Yasmiṃ samaye lokuttaraṃ jhānaṃ bhāveti niyyānikaṃ apacayagāmiṃ diṭṭhigatānaṃ pahānāya paṭhamāya bhūmiyā pattiyā vivicceva kāmehi …pe… paṭhamaṃ jhānaṃ upasampajja viharati dukkhapaṭipadaṃ dandhābhiññaṃ suññataṃ chandādhipateyyaṃ, tasmiṃ samaye phasso hoti …pe… avikkhepo hoti …pe… ","html":"{}"},"ds2.1.8:34.3":{"pli":"ime dhammā kusalā. ","html":"{}"},"ds2.1.8:34.4":{"pli":"Tasseva lokuttarassa kusalassa jhānassa katattā bhāvitattā vipākaṃ vivicceva kāmehi …pe… paṭhamaṃ jhānaṃ upasampajja viharati dukkhapaṭipadaṃ dandhābhiññaṃ suññataṃ chandādhipateyyaṃ, tasmiṃ samaye phasso hoti …pe… avikkhepo hoti …pe… ","html":"{}"},"ds2.1.8:34.5":{"pli":"ime dhammā abyākatā. ","html":"{}</p>"},"ds2.1.8:35.1":{"pli":"Katame dhammā abyākatā? ","html":"<p>{}"},"ds2.1.8:35.2":{"pli":"Yasmiṃ samaye lokuttaraṃ jhānaṃ bhāveti niyyānikaṃ apacayagāmiṃ diṭṭhigatānaṃ pahānāya paṭhamāya bhūmiyā pattiyā vivicceva kāmehi …pe… paṭhamaṃ jhānaṃ upasampajja viharati dukkhapaṭipadaṃ dandhābhiññaṃ suññataṃ chandādhipateyyaṃ, tasmiṃ samaye phasso hoti …pe… avikkhepo hoti …pe… ","html":"{}"},"ds2.1.8:35.3":{"pli":"ime dhammā kusalā. ","html":"{}"},"ds2.1.8:35.4":{"pli":"Tasseva lokuttarassa kusalassa jhānassa katattā bhāvitattā vipākaṃ vivicceva kāmehi …pe… paṭhamaṃ jhānaṃ upasampajja viharati dukkhapaṭipadaṃ dandhābhiññaṃ animittaṃ chandādhipateyyaṃ, tasmiṃ samaye phasso hoti …pe… avikkhepo hoti …pe… ","html":"{}"},"ds2.1.8:35.5":{"pli":"ime dhammā abyākatā. ","html":"{}</p>"},"ds2.1.8:36.1":{"pli":"Katame dhammā abyākatā? ","html":"<p>{}"},"ds2.1.8:36.2":{"pli":"Yasmiṃ samaye lokuttaraṃ jhānaṃ bhāveti niyyānikaṃ apacayagāmiṃ diṭṭhigatānaṃ pahānāya paṭhamāya bhūmiyā pattiyā vivicceva kāmehi …pe… paṭhamaṃ jhānaṃ upasampajja viharati dukkhapaṭipadaṃ dandhābhiññaṃ suññataṃ chandādhipateyyaṃ, tasmiṃ samaye phasso hoti …pe… avikkhepo hoti …pe… ","html":"{}"},"ds2.1.8:36.3":{"pli":"ime dhammā kusalā. ","html":"{}"},"ds2.1.8:36.4":{"pli":"Tasseva lokuttarassa kusalassa jhānassa katattā bhāvitattā vipākaṃ vivicceva kāmehi …pe… paṭhamaṃ jhānaṃ upasampajja viharati dukkhapaṭipadaṃ dandhābhiññaṃ appaṇihitaṃ chandādhipateyyaṃ, tasmiṃ samaye phasso hoti …pe… avikkhepo hoti …pe… ","html":"{}"},"ds2.1.8:36.5":{"pli":"ime dhammā abyākatā. ","html":"{}</p>"},"ds2.1.8:37.1":{"pli":"Katame dhammā abyākatā? ","html":"<p>{}"},"ds2.1.8:37.2":{"pli":"Yasmiṃ samaye lokuttaraṃ jhānaṃ bhāveti niyyānikaṃ apacayagāmiṃ diṭṭhigatānaṃ pahānāya paṭhamāya bhūmiyā pattiyā vitakkavicārānaṃ vūpasamā …pe… dutiyaṃ jhānaṃ …pe… ","html":"{}"},"ds2.1.8:37.3":{"pli":"tatiyaṃ jhānaṃ …pe… ","html":"{}"},"ds2.1.8:37.4":{"pli":"catutthaṃ jhānaṃ …pe… ","html":"{}"},"ds2.1.8:37.5":{"pli":"paṭhamaṃ jhānaṃ …pe… ","html":"{}"},"ds2.1.8:37.6":{"pli":"pañcamaṃ jhānaṃ upasampajja viharati dukkhapaṭipadaṃ dandhābhiññaṃ suññataṃ chandādhipateyyanti kusalaṃ …pe… ","html":"{}"},"ds2.1.8:37.7":{"pli":"dukkhapaṭipadaṃ dandhābhiññaṃ suññataṃ chandādhipateyyanti vipāko …pe… ","html":"{}"},"ds2.1.8:37.8":{"pli":"dukkhapaṭipadaṃ dandhābhiññaṃ suññataṃ chandādhipateyyanti kusalaṃ …pe… ","html":"{}"},"ds2.1.8:37.9":{"pli":"dukkhapaṭipadaṃ dandhābhiññaṃ animittaṃ chandādhipateyyanti vipāko …pe… ","html":"{}"},"ds2.1.8:37.10":{"pli":"dukkhapaṭipadaṃ dandhābhiññaṃ suññataṃ chandādhipateyyanti kusalaṃ …pe… ","html":"{}"},"ds2.1.8:37.11":{"pli":"dukkhapaṭipadaṃ dandhābhiññaṃ appaṇihitaṃ chandādhipateyyanti vipāko, tasmiṃ samaye phasso hoti …pe… avikkhepo hoti …pe… ","html":"{}"},"ds2.1.8:37.12":{"pli":"ime dhammā abyākatā. ","html":"{}</p>"},"ds2.1.8:38.1":{"pli":"Katame dhammā abyākatā? ","html":"<p>{}"},"ds2.1.8:38.2":{"pli":"Yasmiṃ samaye lokuttaraṃ jhānaṃ bhāveti niyyānikaṃ apacayagāmiṃ diṭṭhigatānaṃ pahānāya paṭhamāya bhūmiyā pattiyā vivicceva kāmehi …pe… paṭhamaṃ jhānaṃ upasampajja viharati dukkhapaṭipadaṃ khippābhiññaṃ suññataṃ chandādhipateyyaṃ …pe… ","html":"{}"},"ds2.1.8:38.3":{"pli":"sukhapaṭipadaṃ dandhābhiññaṃ suññataṃ chandādhipateyyaṃ …pe… ","html":"{}"},"ds2.1.8:38.4":{"pli":"sukhapaṭipadaṃ khippābhiññaṃ suññataṃ chandādhipateyyaṃ …pe… ","html":"{}"},"ds2.1.8:38.5":{"pli":"dutiyaṃ jhānaṃ …pe… ","html":"{}"},"ds2.1.8:38.6":{"pli":"tatiyaṃ jhānaṃ …pe… ","html":"{}"},"ds2.1.8:38.7":{"pli":"catutthaṃ jhānaṃ …pe… ","html":"{}"},"ds2.1.8:38.8":{"pli":"paṭhamaṃ jhānaṃ …pe… ","html":"{}"},"ds2.1.8:38.9":{"pli":"pañcamaṃ jhānaṃ upasampajja viharati sukhapaṭipadaṃ khippābhiññaṃ suññataṃ chandādhipateyyanti kusalaṃ …pe… ","html":"{}"},"ds2.1.8:38.10":{"pli":"sukhapaṭipadaṃ khippābhiññaṃ suññataṃ chandādhipateyyanti vipāko …pe… ","html":"{}"},"ds2.1.8:38.11":{"pli":"sukhapaṭipadaṃ khippābhiññaṃ suññataṃ chandādhipateyyanti kusalaṃ …pe… ","html":"{}"},"ds2.1.8:38.12":{"pli":"sukhapaṭipadaṃ khippābhiññaṃ animittaṃ chandādhipateyyanti vipāko …pe… ","html":"{}"},"ds2.1.8:38.13":{"pli":"sukhapaṭipadaṃ khippābhiññaṃ suññataṃ chandādhipateyyanti kusalaṃ …pe… ","html":"{}"},"ds2.1.8:38.14":{"pli":"sukhapaṭipadaṃ khippābhiññaṃ appaṇihitaṃ chandādhipateyyanti vipāko, tasmiṃ samaye phasso hoti …pe… avikkhepo hoti …pe… ","html":"{}"},"ds2.1.8:38.15":{"pli":"ime dhammā abyākatā. ","html":"{}</p>"},"ds2.1.8:39.1":{"pli":"Katame dhammā abyākatā? ","html":"<p>{}"},"ds2.1.8:39.2":{"pli":"Yasmiṃ samaye lokuttaraṃ jhānaṃ bhāveti niyyānikaṃ apacayagāmiṃ diṭṭhigatānaṃ pahānāya paṭhamāya bhūmiyā pattiyā vivicceva kāmehi …pe… paṭhamaṃ jhānaṃ upasampajja viharati appaṇihitaṃ chandādhipateyyaṃ, tasmiṃ samaye phasso hoti …pe… avikkhepo hoti …pe… ","html":"{}"},"ds2.1.8:39.3":{"pli":"ime dhammā kusalā. ","html":"{}"},"ds2.1.8:39.4":{"pli":"Tasseva lokuttarassa kusalassa jhānassa katattā bhāvitattā vipākaṃ vivicceva kāmehi …pe… paṭhamaṃ jhānaṃ upasampajja viharati appaṇihitaṃ chandādhipateyyaṃ, tasmiṃ samaye phasso hoti …pe… avikkhepo hoti …pe… ","html":"{}"},"ds2.1.8:39.5":{"pli":"ime dhammā abyākatā. ","html":"{}</p>"},"ds2.1.8:40.1":{"pli":"Katame dhammā abyākatā? ","html":"<p>{}"},"ds2.1.8:40.2":{"pli":"Yasmiṃ samaye lokuttaraṃ jhānaṃ bhāveti niyyānikaṃ apacayagāmiṃ diṭṭhigatānaṃ pahānāya paṭhamāya bhūmiyā pattiyā vivicceva kāmehi …pe… paṭhamaṃ jhānaṃ upasampajja viharati appaṇihitaṃ chandādhipateyyaṃ, tasmiṃ samaye phasso hoti …pe… avikkhepo hoti …pe… ","html":"{}"},"ds2.1.8:40.3":{"pli":"ime dhammā kusalā. ","html":"{}"},"ds2.1.8:40.4":{"pli":"Tasseva lokuttarassa kusalassa jhānassa katattā bhāvitattā vipākaṃ vivicceva kāmehi …pe… paṭhamaṃ jhānaṃ upasampajja viharati, animittaṃ chandādhipateyyaṃ, tasmiṃ samaye phasso hoti …pe… avikkhepo hoti …pe… ","html":"{}"},"ds2.1.8:40.5":{"pli":"ime dhammā abyākatā. ","html":"{}</p>"},"ds2.1.8:41.1":{"pli":"Katame dhammā abyākatā? ","html":"<p>{}"},"ds2.1.8:41.2":{"pli":"Yasmiṃ samaye lokuttaraṃ jhānaṃ bhāveti niyyānikaṃ apacayagāmiṃ diṭṭhigatānaṃ pahānāya paṭhamāya bhūmiyā pattiyā vivicceva kāmehi …pe… paṭhamaṃ jhānaṃ upasampajja viharati appaṇihitaṃ chandādhipateyyaṃ, tasmiṃ samaye phasso hoti …pe… avikkhepo hoti …pe… ","html":"{}"},"ds2.1.8:41.3":{"pli":"ime dhammā kusalā. ","html":"{}"},"ds2.1.8:41.4":{"pli":"Tasseva lokuttarassa kusalassa jhānassa katattā bhāvitattā vipākaṃ vivicceva kāmehi …pe… paṭhamaṃ jhānaṃ upasampajja viharati suññataṃ chandādhipateyyaṃ, tasmiṃ samaye phasso hoti …pe… avikkhepo hoti …pe… ","html":"{}"},"ds2.1.8:41.5":{"pli":"ime dhammā abyākatā. ","html":"{}</p>"},"ds2.1.8:42.1":{"pli":"Katame dhammā abyākatā? ","html":"<p>{}"},"ds2.1.8:42.2":{"pli":"Yasmiṃ samaye lokuttaraṃ jhānaṃ bhāveti niyyānikaṃ apacayagāmiṃ diṭṭhigatānaṃ pahānāya paṭhamāya bhūmiyā pattiyā vitakkavicārānaṃ vūpasamā …pe… dutiyaṃ jhānaṃ …pe… ","html":"{}"},"ds2.1.8:42.3":{"pli":"tatiyaṃ jhānaṃ …pe… ","html":"{}"},"ds2.1.8:42.4":{"pli":"catutthaṃ jhānaṃ …pe… ","html":"{}"},"ds2.1.8:42.5":{"pli":"paṭhamaṃ jhānaṃ …pe… ","html":"{}"},"ds2.1.8:42.6":{"pli":"pañcamaṃ jhānaṃ upasampajja viharati appaṇihitaṃ chandādhipateyyanti kusalaṃ …pe… ","html":"{}"},"ds2.1.8:42.7":{"pli":"appaṇihitaṃ chandādhipateyyanti vipāko …pe… ","html":"{}"},"ds2.1.8:42.8":{"pli":"appaṇihitaṃ chandādhipateyyanti kusalaṃ …pe… ","html":"{}"},"ds2.1.8:42.9":{"pli":"animittaṃ chandādhipateyyanti vipāko …pe… ","html":"{}"},"ds2.1.8:42.10":{"pli":"appaṇihitaṃ chandādhipateyyanti kusalaṃ …pe… ","html":"{}"},"ds2.1.8:42.11":{"pli":"suññataṃ chandādhipateyyanti vipāko, tasmiṃ samaye phasso hoti …pe… avikkhepo hoti …pe… ","html":"{}"},"ds2.1.8:42.12":{"pli":"ime dhammā abyākatā. ","html":"{}</p>"},"ds2.1.8:43.1":{"pli":"Katame dhammā abyākatā? ","html":"<p>{}"},"ds2.1.8:43.2":{"pli":"Yasmiṃ samaye lokuttaraṃ jhānaṃ bhāveti niyyānikaṃ apacayagāmiṃ diṭṭhigatānaṃ pahānāya paṭhamāya bhūmiyā pattiyā vivicceva kāmehi …pe… paṭhamaṃ jhānaṃ upasampajja viharati dukkhapaṭipadaṃ dandhābhiññaṃ appaṇihitaṃ chandādhipateyyaṃ, tasmiṃ samaye phasso hoti …pe… avikkhepo hoti …pe… ","html":"{}"},"ds2.1.8:43.3":{"pli":"ime dhammā kusalā. ","html":"{}"},"ds2.1.8:43.4":{"pli":"Tasseva lokuttarassa kusalassa jhānassa katattā bhāvitattā vipākaṃ vivicceva kāmehi …pe… paṭhamaṃ jhānaṃ upasampajja viharati dukkhapaṭipadaṃ dandhābhiññaṃ appaṇihitaṃ chandādhipateyyaṃ, tasmiṃ samaye phasso hoti …pe… avikkhepo hoti …pe… ","html":"{}"},"ds2.1.8:43.5":{"pli":"ime dhammā abyākatā. ","html":"{}</p>"},"ds2.1.8:44.1":{"pli":"Katame dhammā abyākatā? ","html":"<p>{}"},"ds2.1.8:44.2":{"pli":"Yasmiṃ samaye lokuttaraṃ jhānaṃ bhāveti niyyānikaṃ apacayagāmiṃ diṭṭhigatānaṃ pahānāya paṭhamāya bhūmiyā pattiyā vivicceva kāmehi …pe… paṭhamaṃ jhānaṃ upasampajja viharati dukkhapaṭipadaṃ dandhābhiññaṃ appaṇihitaṃ chandādhipateyyaṃ, tasmiṃ samaye phasso hoti …pe… avikkhepo hoti …pe… ","html":"{}"},"ds2.1.8:44.3":{"pli":"ime dhammā kusalā. ","html":"{}"},"ds2.1.8:44.4":{"pli":"Tasseva lokuttarassa kusalassa jhānassa katattā bhāvitattā vipākaṃ vivicceva kāmehi …pe… paṭhamaṃ jhānaṃ upasampajja viharati dukkhapaṭipadaṃ dandhābhiññaṃ animittaṃ chandādhipateyyaṃ, tasmiṃ samaye phasso hoti …pe… avikkhepo hoti …pe… ","html":"{}"},"ds2.1.8:44.5":{"pli":"ime dhammā abyākatā. ","html":"{}</p>"},"ds2.1.8:45.1":{"pli":"Katame dhammā abyākatā? ","html":"<p>{}"},"ds2.1.8:45.2":{"pli":"Yasmiṃ samaye lokuttaraṃ jhānaṃ bhāveti niyyānikaṃ apacayagāmiṃ diṭṭhigatānaṃ pahānāya paṭhamāya bhūmiyā pattiyā vivicceva kāmehi …pe… paṭhamaṃ jhānaṃ upasampajja viharati dukkhapaṭipadaṃ dandhābhiññaṃ appaṇihitaṃ chandādhipateyyaṃ, tasmiṃ samaye phasso hoti …pe… avikkhepo hoti …pe… ","html":"{}"},"ds2.1.8:45.3":{"pli":"ime dhammā kusalā. ","html":"{}"},"ds2.1.8:45.4":{"pli":"Tasseva lokuttarassa kusalassa jhānassa katattā bhāvitattā vipākaṃ vivicceva kāmehi …pe… paṭhamaṃ jhānaṃ upasampajja viharati dukkhapaṭipadaṃ dandhābhiññaṃ suññataṃ chandādhipateyyaṃ, tasmiṃ samaye phasso hoti …pe… avikkhepo hoti …pe… ","html":"{}"},"ds2.1.8:45.5":{"pli":"ime dhammā abyākatā. ","html":"{}</p>"},"ds2.1.8:46.1":{"pli":"Katame dhammā abyākatā? ","html":"<p>{}"},"ds2.1.8:46.2":{"pli":"Yasmiṃ samaye lokuttaraṃ jhānaṃ bhāveti niyyānikaṃ apacayagāmiṃ diṭṭhigatānaṃ pahānāya paṭhamāya bhūmiyā pattiyā vitakkavicārānaṃ vūpasamā …pe… dutiyaṃ jhānaṃ …pe… ","html":"{}"},"ds2.1.8:46.3":{"pli":"tatiyaṃ jhānaṃ …pe… ","html":"{}"},"ds2.1.8:46.4":{"pli":"catutthaṃ jhānaṃ …pe… ","html":"{}"},"ds2.1.8:46.5":{"pli":"paṭhamaṃ jhānaṃ …pe… ","html":"{}"},"ds2.1.8:46.6":{"pli":"pañcamaṃ jhānaṃ upasampajja viharati dukkhapaṭipadaṃ dandhābhiññaṃ appaṇihitaṃ chandādhipateyyanti kusalaṃ …pe… ","html":"{}"},"ds2.1.8:46.7":{"pli":"dukkhapaṭipadaṃ dandhābhiññaṃ appaṇihitaṃ chandādhipateyyanti vipāko …pe… ","html":"{}"},"ds2.1.8:46.8":{"pli":"dukkhapaṭipadaṃ dandhābhiññaṃ appaṇihitaṃ chandādhipateyyanti kusalaṃ …pe… ","html":"{}"},"ds2.1.8:46.9":{"pli":"dukkhapaṭipadaṃ dandhābhiññaṃ animittaṃ chandādhipateyyanti vipāko …pe… ","html":"{}"},"ds2.1.8:46.10":{"pli":"dukkhapaṭipadaṃ dandhābhiññaṃ appaṇihitaṃ chandādhipateyyanti kusalaṃ …pe… ","html":"{}"},"ds2.1.8:46.11":{"pli":"dukkhapaṭipadaṃ dandhābhiññaṃ suññataṃ chandādhipateyyanti vipāko, tasmiṃ samaye phasso hoti …pe… avikkhepo hoti …pe… ","html":"{}"},"ds2.1.8:46.12":{"pli":"ime dhammā abyākatā. ","html":"{}</p>"},"ds2.1.8:47.1":{"pli":"Katame dhammā abyākatā? ","html":"<p>{}"},"ds2.1.8:47.2":{"pli":"Yasmiṃ samaye lokuttaraṃ jhānaṃ bhāveti niyyānikaṃ apacayagāmiṃ diṭṭhigatānaṃ pahānāya paṭhamāya bhūmiyā pattiyā vivicceva kāmehi …pe… paṭhamaṃ jhānaṃ upasampajja viharati dukkhapaṭipadaṃ khippābhiññaṃ appaṇihitaṃ chandādhipateyyaṃ …pe… ","html":"{}"},"ds2.1.8:47.3":{"pli":"sukhapaṭipadaṃ dandhābhiññaṃ appaṇihitaṃ chandādhipateyyaṃ …pe… ","html":"{}"},"ds2.1.8:47.4":{"pli":"sukhapaṭipadaṃ khippābhiññaṃ appaṇihitaṃ chandādhipateyyaṃ …pe… ","html":"{}"},"ds2.1.8:47.5":{"pli":"dutiyaṃ jhānaṃ …pe… ","html":"{}"},"ds2.1.8:47.6":{"pli":"tatiyaṃ jhānaṃ …pe… ","html":"{}"},"ds2.1.8:47.7":{"pli":"catutthaṃ jhānaṃ …pe… ","html":"{}"},"ds2.1.8:47.8":{"pli":"paṭhamaṃ jhānaṃ …pe… ","html":"{}"},"ds2.1.8:47.9":{"pli":"pañcamaṃ jhānaṃ upasampajja viharati sukhapaṭipadaṃ khippābhiññaṃ appaṇihitaṃ chandādhipateyyanti kusalaṃ …pe… ","html":"{}"},"ds2.1.8:47.10":{"pli":"sukhapaṭipadaṃ khippābhiññaṃ appaṇihitaṃ chandādhipateyyanti vipāko …pe… ","html":"{}"},"ds2.1.8:47.11":{"pli":"sukhapaṭipadaṃ khippābhiññaṃ appaṇihitaṃ chandādhipateyyanti kusalaṃ …pe… ","html":"{}"},"ds2.1.8:47.12":{"pli":"sukhapaṭipadaṃ khippābhiññaṃ animittaṃ chandādhipateyyanti vipāko …pe… ","html":"{}"},"ds2.1.8:47.13":{"pli":"sukhapaṭipadaṃ khippābhiññaṃ appaṇihitaṃ chandādhipateyyanti kusalaṃ …pe… ","html":"{}"},"ds2.1.8:47.14":{"pli":"sukhapaṭipadaṃ khippābhiññaṃ suññataṃ chandādhipateyyanti vipāko, tasmiṃ samaye phasso hoti …pe… avikkhepo hoti …pe… ","html":"{}"},"ds2.1.8:47.15":{"pli":"ime dhammā abyākatā. ","html":"{}</p>"},"ds2.1.8:48.1":{"pli":"Katame dhammā abyākatā? ","html":"<p>{}"},"ds2.1.8:48.2":{"pli":"Yasmiṃ samaye lokuttaraṃ maggaṃ bhāveti …pe… ","html":"{}"},"ds2.1.8:48.3":{"pli":"lokuttaraṃ satipaṭṭhānaṃ bhāveti …pe… ","html":"{}"},"ds2.1.8:48.4":{"pli":"lokuttaraṃ sammappadhānaṃ bhāveti …pe… ","html":"{}"},"ds2.1.8:48.5":{"pli":"lokuttaraṃ iddhipādaṃ bhāveti …pe… ","html":"{}"},"ds2.1.8:48.6":{"pli":"lokuttaraṃ indriyaṃ bhāveti …pe… ","html":"{}"},"ds2.1.8:48.7":{"pli":"lokuttaraṃ balaṃ bhāveti …pe… ","html":"{}"},"ds2.1.8:48.8":{"pli":"lokuttaraṃ bojjhaṅgaṃ bhāveti …pe… ","html":"{}"},"ds2.1.8:48.9":{"pli":"lokuttaraṃ saccaṃ bhāveti …pe… ","html":"{}"},"ds2.1.8:48.10":{"pli":"lokuttaraṃ samathaṃ bhāveti …pe… ","html":"{}"},"ds2.1.8:48.11":{"pli":"lokuttaraṃ dhammaṃ bhāveti …pe… ","html":"{}"},"ds2.1.8:48.12":{"pli":"lokuttaraṃ khandhaṃ bhāveti …pe… ","html":"{}"},"ds2.1.8:48.13":{"pli":"lokuttaraṃ āyatanaṃ bhāveti …pe… ","html":"{}"},"ds2.1.8:48.14":{"pli":"lokuttaraṃ dhātuṃ bhāveti …pe… ","html":"{}"},"ds2.1.8:48.15":{"pli":"lokuttaraṃ āhāraṃ bhāveti …pe… ","html":"{}"},"ds2.1.8:48.16":{"pli":"lokuttaraṃ phassaṃ bhāveti …pe… ","html":"{}"},"ds2.1.8:48.17":{"pli":"lokuttaraṃ vedanaṃ bhāveti …pe… ","html":"{}"},"ds2.1.8:48.18":{"pli":"lokuttaraṃ saññaṃ bhāveti …pe… ","html":"{}"},"ds2.1.8:48.19":{"pli":"lokuttaraṃ cetanaṃ bhāveti …pe… ","html":"{}"},"ds2.1.8:48.20":{"pli":"lokuttaraṃ cittaṃ bhāveti niyyānikaṃ apacayagāmiṃ diṭṭhigatānaṃ pahānāya paṭhamāya bhūmiyā pattiyā vivicceva kāmehi …pe… paṭhamaṃ jhānaṃ upasampajja viharati dukkhapaṭipadaṃ dandhābhiññaṃ chandādhipateyyaṃ, tasmiṃ samaye phasso hoti …pe… avikkhepo hoti …pe… ","html":"{}"},"ds2.1.8:48.21":{"pli":"ime dhammā kusalā. ","html":"{}"},"ds2.1.8:48.22":{"pli":"Tasseva lokuttarassa kusalassa jhānassa katattā bhāvitattā vipākaṃ vivicceva kāmehi …pe… paṭhamaṃ jhānaṃ upasampajja viharati dukkhapaṭipadaṃ dandhābhiññaṃ suññataṃ …pe… ","html":"{}"},"ds2.1.8:48.23":{"pli":"animittaṃ …pe… ","html":"{}"},"ds2.1.8:48.24":{"pli":"appaṇihitaṃ chandādhipateyyaṃ …pe… ","html":"{}"},"ds2.1.8:48.25":{"pli":"vīriyādhipateyyaṃ …pe… ","html":"{}"},"ds2.1.8:48.26":{"pli":"cittādhipateyyaṃ …pe… ","html":"{}"},"ds2.1.8:48.27":{"pli":"vīmaṃsādhipateyyaṃ, tasmiṃ samaye phasso hoti …pe… avikkhepo hoti …pe… ","html":"{}"},"ds2.1.8:48.28":{"pli":"ime dhammā abyākatā. ","html":"{}</p>"},"ds2.1.8:48.29":{"pli":"Paṭhamamaggavipāko. ","html":"<p class='endsutta'>{}</p>"},"ds2.1.8:49.0":{"pli":"2.1.8.9. Dutiyādimaggavipāka ","html":"<h2>{}</h2>"},"ds2.1.8:49.1":{"pli":"Katame dhammā abyākatā? ","html":"<p>{}"},"ds2.1.8:49.2":{"pli":"Yasmiṃ samaye lokuttaraṃ jhānaṃ bhāveti niyyānikaṃ apacayagāmiṃ kāmarāgabyāpādānaṃ tanubhāvāya dutiyāya bhūmiyā pattiyā …pe… ","html":"{}"},"ds2.1.8:49.3":{"pli":"kāmarāgabyāpādānaṃ anavasesappahānāya tatiyāya bhūmiyā pattiyā …pe… ","html":"{}"},"ds2.1.8:49.4":{"pli":"rūparāgaarūparāgamānauddhaccaavijjāya anavasesappahānāya catutthāya bhūmiyā pattiyā vivicceva kāmehi …pe… paṭhamaṃ jhānaṃ upasampajja viharati dukkhapaṭipadaṃ dandhābhiññaṃ, tasmiṃ samaye phasso hoti …pe… aññindriyaṃ hoti …pe… avikkhepo hoti …pe… ","html":"{}"},"ds2.1.8:49.5":{"pli":"ime dhammā kusalā. ","html":"{}"},"ds2.1.8:49.6":{"pli":"Tasseva lokuttarassa kusalassa jhānassa katattā bhāvitattā vipākaṃ vivicceva kāmehi …pe… paṭhamaṃ jhānaṃ upasampajja viharati dukkhapaṭipadaṃ dandhābhiññaṃ suññataṃ, tasmiṃ samaye phasso hoti …pe… ","html":"{}"},"ds2.1.8:49.7":{"pli":"aññātāvindriyaṃ hoti …pe… avikkhepo hoti …pe… ","html":"{}"},"ds2.1.8:49.8":{"pli":"ye vā pana tasmiṃ samaye aññepi atthi paṭiccasamuppannā arūpino dhammā—","html":"{}"},"ds2.1.8:49.9":{"pli":"ime dhammā abyākatā. ","html":"{}</p>"},"ds2.1.8:50.1":{"pli":"Katamo tasmiṃ samaye phasso hoti? ","html":"<p>{}"},"ds2.1.8:50.2":{"pli":"Yo tasmiṃ samaye phasso phusanā samphusanā samphusitattaṃ—","html":"{}"},"ds2.1.8:50.3":{"pli":"ayaṃ tasmiṃ samaye phasso hoti …pe…. ","html":"{}</p>"},"ds2.1.8:51.1":{"pli":"Katamaṃ tasmiṃ samaye aññātāvindriyaṃ hoti? ","html":"<p>{}"},"ds2.1.8:51.2":{"pli":"Yā tesaṃ aññātāvīnaṃ dhammānaṃ aññā paññā pajānanā vicayo pavicayo dhammavicayo sallakkhaṇā upalakkhaṇā paccupalakkhaṇā paṇḍiccaṃ kosallaṃ nepuññaṃ vebhabyā cintā upaparikkhā bhūrī medhā pariṇāyikā vipassanā sampajaññaṃ patodo paññā paññindriyaṃ paññābalaṃ paññāsatthaṃ paññāpāsādo paññāāloko paññāobhāso paññāpajjoto paññāratanaṃ amoho dhammavicayo sammādiṭṭhi dhammavicayasambojjhaṅgo maggaṅgaṃ maggapariyāpannaṃ—","html":"{}"},"ds2.1.8:51.3":{"pli":"idaṃ tasmiṃ samaye aññātāvindriyaṃ hoti …pe… ","html":"{}"},"ds2.1.8:51.4":{"pli":"ye vā pana tasmiṃ samaye aññepi atthi paṭiccasamuppannā arūpino dhammā—","html":"{}"},"ds2.1.8:51.5":{"pli":"ime dhammā abyākatā. ","html":"{}</p>"},"ds2.1.8:51.6":{"pli":"Dutiyādimaggavipāko. ","html":"<p class='endsutta'>{}<br>"},"ds2.1.8:51.7":{"pli":"Lokuttaravipāko. ","html":"{}</p></article>"}}}