{"ds2.4.2":{"ds2.4.2:0.1":{"pli":"Dhammasaṅgaṇī ","html":"<article id='ds2.4.2'><header><ul><li class='division'>{}</li>"},"ds2.4.2:0.2":{"pli":"2 Niddesa ","html":"<li>{}</li>"},"ds2.4.2:0.3":{"pli":"2.4 Aṭṭhakathākaṇḍa ","html":"<li>{}</li></ul>"},"ds2.4.2:0.4":{"pli":"2.4.2. Dukaatthuddhāra ","html":"<h1 class='sutta-title'>{}</h1></header>"},"ds2.4.2:1.0.1":{"pli":"2.4.2.1. Hetugocchaka ","html":"<h2>{}</h2>"},"ds2.4.2:1.0.2":{"pli":"2.4.2.1.1. Hetuduka ","html":"<h3>{}</h3>"},"ds2.4.2:1.1":{"pli":"Katame dhammā hetū? ","html":"<p>{}"},"ds2.4.2:1.2":{"pli":"Tayo kusalahetū, tayo akusalahetū, tayo abyākatahetū. ","html":"{}"},"ds2.4.2:1.3":{"pli":"Alobho kusalahetu, adoso kusalahetu, catūsu bhūmīsu kusalesu uppajjanti. ","html":"{}"},"ds2.4.2:1.4":{"pli":"Amoho kusalahetu, kāmāvacarakusalato cattāro ñāṇavippayutte cittuppāde ṭhapetvā, catūsu bhūmīsu kusalesu uppajjati. ","html":"{}</p>"},"ds2.4.2:2.1":{"pli":"Lobho aṭṭhasu lobhasahagatesu cittuppādesu uppajjati. ","html":"<p>{}"},"ds2.4.2:2.2":{"pli":"Doso dvīsu domanassasahagatesu cittuppādesu uppajjati. ","html":"{}"},"ds2.4.2:2.3":{"pli":"Moho sabbākusalesu uppajjati. ","html":"{}</p>"},"ds2.4.2:3.1":{"pli":"Alobho vipākahetu adoso vipākahetu, kāmāvacarassa vipākato ahetuke cittuppāde ṭhapetvā, catūsu bhūmīsu vipākesu uppajjanti. ","html":"<p>{}"},"ds2.4.2:3.2":{"pli":"Amoho vipākahetu, kāmāvacarassa vipākato ahetuke cittuppāde ṭhapetvā, cattāro ñāṇavippayutte cittuppāde ṭhapetvā, catūsu bhūmīsu vipākesu uppajjati. ","html":"{}</p>"},"ds2.4.2:4.1":{"pli":"Alobho kiriyahetu adoso kiriyahetu, kāmāvacarakiriyato ahetuke cittuppāde ṭhapetvā, tīsu bhūmīsu kiriyesu uppajjanti. ","html":"<p>{}"},"ds2.4.2:4.2":{"pli":"Amoho kiriyahetu, kāmāvacarakiriyato ahetuke cittuppāde ṭhapetvā, cattāro ñāṇavippayutte cittuppāde ṭhapetvā, tīsu bhūmīsu kiriyesu uppajjati—","html":"{}"},"ds2.4.2:4.3":{"pli":"ime dhammā hetū. ","html":"{}</p>"},"ds2.4.2:5.1":{"pli":"Katame dhammā na hetū? ","html":"<p>{}"},"ds2.4.2:5.2":{"pli":"Ṭhapetvā hetū, catūsu bhūmīsu kusalaṃ, akusalaṃ, catūsu bhūmīsu vipāko, tīsu bhūmīsu kiriyābyākataṃ, rūpañca, nibbānañca—","html":"{}"},"ds2.4.2:5.3":{"pli":"ime dhammā na hetū. ","html":"{}</p>"},"ds2.4.2:6.0":{"pli":"2.4.2.1.2. Sahetukaduka ","html":"<h3>{}</h3>"},"ds2.4.2:6.1":{"pli":"Katame dhammā sahetukā? ","html":"<p>{}"},"ds2.4.2:6.2":{"pli":"Vicikicchāsahagataṃ uddhaccasahagataṃ mohaṃ ṭhapetvā avasesaṃ akusalaṃ, catūsu bhūmīsu kusalaṃ, kāmāvacarassa vipākato ahetuke cittuppāde ṭhapetvā catūsu bhūmīsu vipāko, kāmāvacarakiriyato ahetuke cittuppāde ṭhapetvā tīsu bhūmīsu kiriyābyākataṃ—","html":"{}"},"ds2.4.2:6.3":{"pli":"ime dhammā sahetukā. ","html":"{}</p>"},"ds2.4.2:7.1":{"pli":"Katame dhammā ahetukā? ","html":"<p>{}"},"ds2.4.2:7.2":{"pli":"Vicikicchāsahagato moho, uddhaccasahagato moho, dvepañcaviññāṇāni, tisso ca manodhātuyo, pañca ca ahetukamanoviññāṇadhātuyo, rūpañca, nibbānañca—","html":"{}"},"ds2.4.2:7.3":{"pli":"ime dhammā ahetukā. ","html":"{}</p>"},"ds2.4.2:8.0":{"pli":"2.4.2.1.3. Hetusampayuttaduka ","html":"<h3>{}</h3>"},"ds2.4.2:8.1":{"pli":"Katame dhammā hetusampayuttā? ","html":"<p>{}"},"ds2.4.2:8.2":{"pli":"Vicikicchāsahagataṃ uddhaccasahagataṃ mohaṃ ṭhapetvā avasesaṃ akusalaṃ, catūsu bhūmīsu kusalaṃ, kāmāvacarassa vipākato ahetuke cittuppāde ṭhapetvā catūsu bhūmīsu vipāko, kāmāvacarakiriyato ahetuke cittuppāde ṭhapetvā tīsu bhūmīsu kiriyābyākataṃ—","html":"{}"},"ds2.4.2:8.3":{"pli":"ime dhammā hetusampayuttā. ","html":"{}</p>"},"ds2.4.2:9.1":{"pli":"Katame dhammā hetuvippayuttā? ","html":"<p>{}"},"ds2.4.2:9.2":{"pli":"Vicikicchāsahagato moho, uddhaccasahagato moho, dvepañcaviññāṇāni tisso ca manodhātuyo pañca ca ahetukamanoviññāṇadhātuyo, rūpañca, nibbānañca—","html":"{}"},"ds2.4.2:9.3":{"pli":"ime dhammā hetuvippayuttā. ","html":"{}</p>"},"ds2.4.2:10.0":{"pli":"2.4.2.1.4. Hetusahetukaduka ","html":"<h3>{}</h3>"},"ds2.4.2:10.1":{"pli":"Katame dhammā hetū ceva sahetukā ca? ","html":"<p>{}"},"ds2.4.2:10.2":{"pli":"Yattha dve tayo hetū ekato uppajjanti—","html":"{}"},"ds2.4.2:10.3":{"pli":"ime dhammā hetū ceva sahetukā ca. ","html":"{}</p>"},"ds2.4.2:11.1":{"pli":"Katame dhammā sahetukā ceva na ca hetū? ","html":"<p>{}"},"ds2.4.2:11.2":{"pli":"Catūsu bhūmīsu kusalaṃ, akusalaṃ, kāmāvacarassa vipākato ahetuke cittuppāde ṭhapetvā catūsu bhūmīsu vipāko, kāmāvacarakiriyato ahetuke cittuppāde ṭhapetvā tīsu bhūmīsu kiriyābyākataṃ, etthuppanne hetū ṭhapetvā—","html":"{}"},"ds2.4.2:11.3":{"pli":"ime dhammā sahetukā ceva na ca hetū. ","html":"{}"},"ds2.4.2:11.4":{"pli":"Ahetukā dhammā na vattabbā—","html":"{}"},"ds2.4.2:11.5":{"pli":"hetū ceva sahetukā cātipi, sahetukā ceva na ca hetūtipi. ","html":"{}</p>"},"ds2.4.2:12.0":{"pli":"2.4.2.1.5. Hetuhetusampayuttaduka ","html":"<h3>{}</h3>"},"ds2.4.2:12.1":{"pli":"Katame dhammā hetū ceva hetusampayuttā ca? ","html":"<p>{}"},"ds2.4.2:12.2":{"pli":"Yattha dve tayo hetū ekato uppajjanti—","html":"{}"},"ds2.4.2:12.3":{"pli":"ime dhammā hetū ceva hetusampayuttā ca. ","html":"{}</p>"},"ds2.4.2:13.1":{"pli":"Katame dhammā hetusampayuttā ceva na ca hetū? ","html":"<p>{}"},"ds2.4.2:13.2":{"pli":"Catūsu bhūmīsu kusalaṃ, akusalaṃ, kāmāvacarassa vipākato ahetuke cittuppāde ṭhapetvā catūsu bhūmīsu vipāko, kāmāvacarakiriyato ahetuke cittuppāde ṭhapetvā tīsu bhūmīsu kiriyābyākataṃ, etthuppanne hetū ṭhapetvā—","html":"{}"},"ds2.4.2:13.3":{"pli":"ime dhammā hetusampayuttā ceva na ca hetū. ","html":"{}"},"ds2.4.2:13.4":{"pli":"Hetuvippayuttā dhammā na vattabbā—","html":"{}"},"ds2.4.2:13.5":{"pli":"hetū ceva hetusampayuttā cātipi, hetusampayuttā ceva na ca hetūtipi. ","html":"{}</p>"},"ds2.4.2:14.0":{"pli":"2.4.2.1.6. Nahetusahetukaduka ","html":"<h3>{}</h3>"},"ds2.4.2:14.1":{"pli":"Katame dhammā na hetū sahetukā? ","html":"<p>{}"},"ds2.4.2:14.2":{"pli":"Catūsu bhūmīsu kusalaṃ, akusalaṃ, kāmāvacarassa vipākato ahetuke cittuppāde ṭhapetvā catūsu bhūmīsu vipāko, kāmāvacarakiriyato ahetuke cittuppāde ṭhapetvā tīsu bhūmīsu kiriyābyākataṃ, etthuppanne hetū ṭhapetvā—","html":"{}"},"ds2.4.2:14.3":{"pli":"ime dhammā na hetū sahetukā. ","html":"{}</p>"},"ds2.4.2:15.1":{"pli":"Katame dhammā na hetū ahetukā? ","html":"<p>{}"},"ds2.4.2:15.2":{"pli":"Dvepañcaviññāṇāni, tisso ca manodhātuyo, pañca ca ahetukamanoviññāṇadhātuyo, rūpañca, nibbānañca—","html":"{}"},"ds2.4.2:15.3":{"pli":"ime dhammā na hetū ahetukā. ","html":"{}"},"ds2.4.2:15.4":{"pli":"Hetū dhammā na vattabbā—","html":"{}"},"ds2.4.2:15.5":{"pli":"na hetū sahetukātipi, na hetū ahetukātipi. ","html":"{}</p>"},"ds2.4.2:16.0.1":{"pli":"2.4.2.2. Cūḷantaraduka ","html":"<h2>{}</h2>"},"ds2.4.2:16.0.2":{"pli":"2.4.2.2.1. Sappaccayaduka ","html":"<h3>{}</h3>"},"ds2.4.2:16.1":{"pli":"Katame dhammā sappaccayā? ","html":"<p>{}"},"ds2.4.2:16.2":{"pli":"Catūsu bhūmīsu kusalaṃ, akusalaṃ, catūsu bhūmīsu vipāko, tīsu bhūmīsu kiriyābyākataṃ, sabbañca rūpaṃ—","html":"{}"},"ds2.4.2:16.3":{"pli":"ime dhammā sappaccayā. ","html":"{}</p>"},"ds2.4.2:17.1":{"pli":"Katame dhammā appaccayā? ","html":"<p>{}"},"ds2.4.2:17.2":{"pli":"Nibbānaṃ—","html":"{}"},"ds2.4.2:17.3":{"pli":"ime dhammā appaccayā. ","html":"{}</p>"},"ds2.4.2:18.0":{"pli":"2.4.2.2.2. Saṅkhataduka ","html":"<h3>{}</h3>"},"ds2.4.2:18.1":{"pli":"Katame dhammā saṅkhatā? ","html":"<p>{}"},"ds2.4.2:18.2":{"pli":"Catūsu bhūmīsu kusalaṃ, akusalaṃ, catūsu bhūmīsu vipāko, tīsu bhūmīsu kiriyābyākataṃ, sabbañca rūpaṃ—","html":"{}"},"ds2.4.2:18.3":{"pli":"ime dhammā saṅkhatā. ","html":"{}</p>"},"ds2.4.2:19.1":{"pli":"Katame dhammā asaṅkhatā? ","html":"<p>{}"},"ds2.4.2:19.2":{"pli":"Nibbānaṃ—","html":"{}"},"ds2.4.2:19.3":{"pli":"ime dhammā asaṅkhatā. ","html":"{}</p>"},"ds2.4.2:20.0":{"pli":"2.4.2.2.3. Sanidassanaduka ","html":"<h3>{}</h3>"},"ds2.4.2:20.1":{"pli":"Katame dhammā sanidassanā? ","html":"<p>{}"},"ds2.4.2:20.2":{"pli":"Rūpāyatanaṃ—","html":"{}"},"ds2.4.2:20.3":{"pli":"ime dhammā sanidassanā. ","html":"{}</p>"},"ds2.4.2:21.1":{"pli":"Katame dhammā anidassanā? ","html":"<p>{}"},"ds2.4.2:21.2":{"pli":"Cakkhāyatanaṃ …pe… phoṭṭhabbāyatanaṃ, catūsu bhūmīsu kusalaṃ, akusalaṃ, catūsu bhūmīsu vipāko, tīsu bhūmīsu kiriyābyākataṃ, yañca rūpaṃ anidassanaṃ appaṭighaṃ dhammāyatanapariyāpannaṃ, nibbānañca—","html":"{}"},"ds2.4.2:21.3":{"pli":"ime dhammā anidassanā. ","html":"{}</p>"},"ds2.4.2:22.0":{"pli":"2.4.2.2.4. Sappaṭighaduka ","html":"<h3>{}</h3>"},"ds2.4.2:22.1":{"pli":"Katame dhammā sappaṭighā? ","html":"<p>{}"},"ds2.4.2:22.2":{"pli":"Cakkhāyatanaṃ …pe… phoṭṭhabbāyatanaṃ—","html":"{}"},"ds2.4.2:22.3":{"pli":"ime dhammā sappaṭighā. ","html":"{}</p>"},"ds2.4.2:23.1":{"pli":"Katame dhammā appaṭighā? ","html":"<p>{}"},"ds2.4.2:23.2":{"pli":"Catūsu bhūmīsu kusalaṃ, akusalaṃ, catūsu bhūmīsu vipāko, tīsu bhūmīsu kiriyābyākataṃ, yañca rūpaṃ anidassanaṃ appaṭighaṃ dhammāyatanapariyāpannaṃ, nibbānañca—","html":"{}"},"ds2.4.2:23.3":{"pli":"ime dhammā appaṭighā. ","html":"{}</p>"},"ds2.4.2:24.0":{"pli":"2.4.2.2.5. Rūpīduka ","html":"<h3>{}</h3>"},"ds2.4.2:24.1":{"pli":"Katame dhammā rūpino? ","html":"<p>{}"},"ds2.4.2:24.2":{"pli":"Cattāro ca mahābhūtā, catunnañca mahābhūtānaṃ upādāya rūpaṃ—","html":"{}"},"ds2.4.2:24.3":{"pli":"ime dhammā rūpino. ","html":"{}</p>"},"ds2.4.2:25.1":{"pli":"Katame dhammā arūpino? ","html":"<p>{}"},"ds2.4.2:25.2":{"pli":"Catūsu bhūmīsu kusalaṃ, akusalaṃ, catūsu bhūmīsu vipāko, tīsu bhūmīsu kiriyābyākataṃ, nibbānañca—","html":"{}"},"ds2.4.2:25.3":{"pli":"ime dhammā arūpino. ","html":"{}</p>"},"ds2.4.2:26.0":{"pli":"2.4.2.2.6. Lokiyaduka ","html":"<h3>{}</h3>"},"ds2.4.2:26.1":{"pli":"Katame dhammā lokiyā? ","html":"<p>{}"},"ds2.4.2:26.2":{"pli":"Tīsu bhūmīsu kusalaṃ, akusalaṃ, tīsu bhūmīsu vipāko, tīsu bhūmīsu kiriyābyākataṃ, sabbañca rūpaṃ—","html":"{}"},"ds2.4.2:26.3":{"pli":"ime dhammā lokiyā. ","html":"{}</p>"},"ds2.4.2:27.1":{"pli":"Katame dhammā lokuttarā? ","html":"<p>{}"},"ds2.4.2:27.2":{"pli":"Cattāro maggā apariyāpannā, cattāri ca sāmaññaphalāni, nibbānañca—","html":"{}"},"ds2.4.2:27.3":{"pli":"ime dhammā lokuttarā. ","html":"{}</p>"},"ds2.4.2:28.0":{"pli":"2.4.2.2.7. Kenaciviññeyyaduka ","html":"<h3>{}</h3>"},"ds2.4.2:28.1":{"pli":"Sabbe dhammā kenaci viññeyyā, kenaci na viññeyyā. ","html":"<p>{}</p>"},"ds2.4.2:29.0.1":{"pli":"2.4.2.3. Āsavagocchaka ","html":"<h2>{}</h2>"},"ds2.4.2:29.0.2":{"pli":"2.4.2.3.1. Āsavaduka ","html":"<h3>{}</h3>"},"ds2.4.2:29.1":{"pli":"Katame dhammā āsavā? ","html":"<p>{}"},"ds2.4.2:29.2":{"pli":"Cattāro āsavā—","html":"{}"},"ds2.4.2:29.3":{"pli":"kāmāsavo, bhavāsavo, diṭṭhāsavo, avijjāsavo. ","html":"{}"},"ds2.4.2:29.4":{"pli":"Kāmāsavo aṭṭhasu lobhasahagatesu cittuppādesu uppajjati bhavāsavo catūsu diṭṭhigatavippayuttalobhasahagatesu cittuppādesu uppajjati diṭṭhāsavo catūsu diṭṭhigatasampayuttesu cittuppādesu uppajjati. ","html":"{}"},"ds2.4.2:29.5":{"pli":"Avijjāsavo sabbākusalesu uppajjati—","html":"{}"},"ds2.4.2:29.6":{"pli":"ime dhammā āsavā. ","html":"{}</p>"},"ds2.4.2:30.1":{"pli":"Katame dhammā no āsavā? ","html":"<p>{}"},"ds2.4.2:30.2":{"pli":"Ṭhapetvā āsave avasesaṃ akusalaṃ, catūsu bhūmīsu kusalaṃ, catūsu bhūmīsu vipāko, tīsu bhūmīsu kiriyābyākataṃ, rūpañca, nibbānañca—","html":"{}"},"ds2.4.2:30.3":{"pli":"ime dhammā no āsavā. ","html":"{}</p>"},"ds2.4.2:31.0":{"pli":"2.4.2.3.2. Sāsavaduka ","html":"<h3>{}</h3>"},"ds2.4.2:31.1":{"pli":"Katame dhammā sāsavā? ","html":"<p>{}"},"ds2.4.2:31.2":{"pli":"Tīsu bhūmīsu kusalaṃ, akusalaṃ, tīsu bhūmīsu vipāko, tīsu bhūmīsu kiriyābyākataṃ, sabbañca rūpaṃ—","html":"{}"},"ds2.4.2:31.3":{"pli":"ime dhammā sāsavā. ","html":"{}</p>"},"ds2.4.2:32.1":{"pli":"Katame dhammā anāsavā? ","html":"<p>{}"},"ds2.4.2:32.2":{"pli":"Cattāro maggā apariyāpannā, cattāri ca sāmaññaphalāni, nibbānañca—","html":"{}"},"ds2.4.2:32.3":{"pli":"ime dhammā anāsavā. ","html":"{}</p>"},"ds2.4.2:33.0":{"pli":"2.4.2.3.3. Āsavasampayuttaduka ","html":"<h3>{}</h3>"},"ds2.4.2:33.1":{"pli":"Katame dhammā āsavasampayuttā? ","html":"<p>{}"},"ds2.4.2:33.2":{"pli":"Dve domanassasahagatacittuppādā etthuppannaṃ mohaṃ ṭhapetvā, vicikicchāsahagataṃ uddhaccasahagataṃ mohaṃ ṭhapetvā, avasesaṃ akusalaṃ—","html":"{}"},"ds2.4.2:33.3":{"pli":"ime dhammā āsavasampayuttā. ","html":"{}</p>"},"ds2.4.2:34.1":{"pli":"Katame dhammā āsavavippayuttā? ","html":"<p>{}"},"ds2.4.2:34.2":{"pli":"Dvīsu domanassasahagatesu cittuppādesu uppanno moho, vicikicchāsahagato moho, uddhaccasahagato moho, catūsu bhūmīsu kusalaṃ, catūsu bhūmīsu vipāko, tīsu bhūmīsu kiriyābyākataṃ, rūpañca, nibbānañca—","html":"{}"},"ds2.4.2:34.3":{"pli":"ime dhammā āsavavippayuttā. ","html":"{}</p>"},"ds2.4.2:35.0":{"pli":"2.4.2.3.4. Āsavasāsavaduka ","html":"<h3>{}</h3>"},"ds2.4.2:35.1":{"pli":"Katame dhammā āsavā ceva sāsavā ca? ","html":"<p>{}"},"ds2.4.2:35.2":{"pli":"Teva āsavā āsavā ceva sāsavā ca. ","html":"{}</p>"},"ds2.4.2:36.1":{"pli":"Katame dhammā sāsavā ceva no ca āsavā? ","html":"<p>{}"},"ds2.4.2:36.2":{"pli":"Ṭhapetvā āsave, avasesaṃ akusalaṃ, tīsu bhūmīsu kusalaṃ, tīsu bhūmīsu vipāko, tīsu bhūmīsu kiriyābyākataṃ, sabbañca rūpaṃ—","html":"{}"},"ds2.4.2:36.3":{"pli":"ime dhammā sāsavā ceva no ca āsavā. ","html":"{}"},"ds2.4.2:36.4":{"pli":"Anāsavā dhammā na vattabbā—","html":"{}"},"ds2.4.2:36.5":{"pli":"āsavā ceva sāsavā cātipi, sāsavā ceva no ca āsavātipi. ","html":"{}</p>"},"ds2.4.2:37.0":{"pli":"2.4.2.3.5. Āsavaāsavasampayuttaduka ","html":"<h3>{}</h3>"},"ds2.4.2:37.1":{"pli":"Katame dhammā āsavā ceva āsavasampayuttā ca? ","html":"<p>{}"},"ds2.4.2:37.2":{"pli":"Yattha dve tayo āsavā ekato uppajjanti—","html":"{}"},"ds2.4.2:37.3":{"pli":"ime dhammā āsavā ceva āsavasampayuttā ca. ","html":"{}</p>"},"ds2.4.2:38.1":{"pli":"Katame dhammā āsavasampayuttā ceva no ca āsavā? ","html":"<p>{}"},"ds2.4.2:38.2":{"pli":"Ṭhapetvā āsave, avasesaṃ akusalaṃ—","html":"{}"},"ds2.4.2:38.3":{"pli":"ime dhammā āsavasampayuttā ceva no ca āsavā. ","html":"{}"},"ds2.4.2:38.4":{"pli":"Āsavavippayuttā dhammā na vattabbā—","html":"{}"},"ds2.4.2:38.5":{"pli":"āsavā ceva āsavasampayuttā cātipi, āsavasampayuttā ceva no ca āsavātipi. ","html":"{}</p>"},"ds2.4.2:39.0":{"pli":"2.4.2.3.6. Āsavavippayuttasāsavaduka ","html":"<h3>{}</h3>"},"ds2.4.2:39.1":{"pli":"Katame dhammā āsavavippayuttā sāsavā? ","html":"<p>{}"},"ds2.4.2:39.2":{"pli":"Dvīsu domanassasahagatesu cittuppādesu uppanno moho, vicikicchāsahagato moho, uddhaccasahagato moho, tīsu bhūmīsu kusalaṃ, tīsu bhūmīsu vipāko, tīsu bhūmīsu kiriyābyākataṃ, sabbañca rūpaṃ—","html":"{}"},"ds2.4.2:39.3":{"pli":"ime dhammā āsavavippayuttā sāsavā. ","html":"{}</p>"},"ds2.4.2:40.1":{"pli":"Katame dhammā āsavavippayuttā anāsavā? ","html":"<p>{}"},"ds2.4.2:40.2":{"pli":"Cattāro maggā apariyāpannā, cattāri ca sāmaññaphalāni, nibbānañca—","html":"{}"},"ds2.4.2:40.3":{"pli":"ime dhammā āsavavippayuttā anāsavā. ","html":"{}"},"ds2.4.2:40.4":{"pli":"Āsavasampayuttā dhammā na vattabbā—","html":"{}"},"ds2.4.2:40.5":{"pli":"āsavavippayuttā sāsavātipi, āsavavippayuttā anāsavātipi. ","html":"{}</p>"},"ds2.4.2:41.0.1":{"pli":"2.4.2.4. Saññojanagocchaka ","html":"<h2>{}</h2>"},"ds2.4.2:41.0.2":{"pli":"2.4.2.4.1. Saññojanaduka ","html":"<h3>{}</h3>"},"ds2.4.2:41.1":{"pli":"Katame dhammā saññojanā? ","html":"<p>{}"},"ds2.4.2:41.2":{"pli":"Dasa saññojanāni—","html":"{}"},"ds2.4.2:41.3":{"pli":"kāmarāgasaññojanaṃ, paṭighasaññojanaṃ, mānasaññojanaṃ, diṭṭhisaññojanaṃ, vicikicchāsaññojanaṃ, sīlabbataparāmāsasaññojanaṃ, bhavarāgasaññojanaṃ, issāsaññojanaṃ, macchariyasaññojanaṃ, avijjāsaññojanaṃ. ","html":"{}"},"ds2.4.2:41.4":{"pli":"Kāmarāgasaññojanaṃ aṭṭhasu lobhasahagatesu cittuppādesu uppajjati. ","html":"{}"},"ds2.4.2:41.5":{"pli":"Paṭighasaññojanaṃ dvīsu domanassasahagatesu cittuppādesu uppajjati. ","html":"{}"},"ds2.4.2:41.6":{"pli":"Mānasaññojanaṃ catūsu diṭṭhigatavippayuttalobhasahagatesu cittuppādesu uppajjati. ","html":"{}"},"ds2.4.2:41.7":{"pli":"Diṭṭhisaññojanaṃ catūsu diṭṭhigatasampayuttesu cittuppādesu uppajjati. ","html":"{}"},"ds2.4.2:41.8":{"pli":"Vicikicchāsaññojanaṃ vicikicchāsahagatesu cittuppādesu uppajjati. ","html":"{}"},"ds2.4.2:41.9":{"pli":"Sīlabbataparāmāsasaññojanaṃ catūsu diṭṭhigatasampayuttesu cittuppādesu uppajjati. ","html":"{}"},"ds2.4.2:41.10":{"pli":"Bhavarāgasaññojanaṃ catūsu diṭṭhigatavippayuttalobhasahagatesu cittuppādesu uppajjati. ","html":"{}"},"ds2.4.2:41.11":{"pli":"Issāsaññojanañca macchariyasaññojanañca dvīsu domanassasahagatesu cittuppādesu uppajjanti. ","html":"{}"},"ds2.4.2:41.12":{"pli":"Avijjāsaññojanaṃ sabbākusalesu uppajjati—","html":"{}"},"ds2.4.2:41.13":{"pli":"ime dhammā saññojanā. ","html":"{}</p>"},"ds2.4.2:42.1":{"pli":"Katame dhammā no saññojanā. ","html":"<p>{}"},"ds2.4.2:42.2":{"pli":"Ṭhapetvā saññojane avasesaṃ akusalaṃ, catūsu bhūmīsu kusalaṃ, catūsu bhūmīsu vipāko, tīsu bhūmīsu kiriyābyākataṃ, rūpañca, nibbānañca—","html":"{}"},"ds2.4.2:42.3":{"pli":"ime dhammā no saññojanā. ","html":"{}</p>"},"ds2.4.2:43.0":{"pli":"2.4.2.4.2. Saññojaniyaduka ","html":"<h3>{}</h3>"},"ds2.4.2:43.1":{"pli":"Katame dhammā saññojaniyā? ","html":"<p>{}"},"ds2.4.2:43.2":{"pli":"Tīsu bhūmīsu kusalaṃ, akusalaṃ, tīsu bhūmīsu vipāko, tīsu bhūmīsu kiriyābyākataṃ, sabbañca rūpaṃ—","html":"{}"},"ds2.4.2:43.3":{"pli":"ime dhammā saññojaniyā. ","html":"{}</p>"},"ds2.4.2:44.1":{"pli":"Katame dhammā asaññojaniyā? ","html":"<p>{}"},"ds2.4.2:44.2":{"pli":"Cattāro maggā apariyāpannā, cattāri ca sāmaññaphalāni, nibbānañca—","html":"{}"},"ds2.4.2:44.3":{"pli":"ime dhammā asaññojaniyā. ","html":"{}</p>"},"ds2.4.2:45.0":{"pli":"2.4.2.4.3. Saññojanasampayuttaduka ","html":"<h3>{}</h3>"},"ds2.4.2:45.1":{"pli":"Katame dhammā saññojanasampayuttā? ","html":"<p>{}"},"ds2.4.2:45.2":{"pli":"Uddhaccasahagataṃ mohaṃ ṭhapetvā avasesaṃ akusalaṃ—","html":"{}"},"ds2.4.2:45.3":{"pli":"ime dhammā saññojanasampayuttā. ","html":"{}</p>"},"ds2.4.2:46.1":{"pli":"Katame dhammā saññojanavippayuttā? ","html":"<p>{}"},"ds2.4.2:46.2":{"pli":"Uddhaccasahagato moho, catūsu bhūmīsu kusalaṃ, catūsu bhūmīsu vipāko, tīsu bhūmīsu kiriyābyākataṃ, rūpañca, nibbānañca—","html":"{}"},"ds2.4.2:46.3":{"pli":"ime dhammā saññojanavippayuttā. ","html":"{}</p>"},"ds2.4.2:47.0":{"pli":"2.4.2.4.4. Saññojanasaññojaniyaduka ","html":"<h3>{}</h3>"},"ds2.4.2:47.1":{"pli":"Katame dhammā saññojanā ceva saññojaniyā ca? ","html":"<p>{}"},"ds2.4.2:47.2":{"pli":"Tāneva saññojanāni saññojanā ceva saññojaniyā ca. ","html":"{}</p>"},"ds2.4.2:48.1":{"pli":"Katame dhammā saññojaniyā ceva no ca saññojanā? ","html":"<p>{}"},"ds2.4.2:48.2":{"pli":"Ṭhapetvā saññojane avasesaṃ akusalaṃ, tīsu bhūmīsu kusalaṃ, tīsu bhūmīsu vipāko, tīsu bhūmīsu kiriyābyākataṃ, sabbañca rūpaṃ—","html":"{}"},"ds2.4.2:48.3":{"pli":"ime dhammā saññojaniyā ceva no ca saññojanā. ","html":"{}"},"ds2.4.2:48.4":{"pli":"Asaññojaniyā dhammā na vattabbā—","html":"{}"},"ds2.4.2:48.5":{"pli":"saññojanā ceva saññojaniyā cātipi, saññojaniyā ceva no ca saññojanātipi. ","html":"{}</p>"},"ds2.4.2:49.0":{"pli":"2.4.2.4.5. Saññojanasaññojanasampayuttaduka ","html":"<h3>{}</h3>"},"ds2.4.2:49.1":{"pli":"Katame dhammā saññojanā ceva saññojanasampayuttā ca? ","html":"<p>{}"},"ds2.4.2:49.2":{"pli":"Yattha dve tīṇi saññojanāni ekato uppajjanti—","html":"{}"},"ds2.4.2:49.3":{"pli":"ime dhammā saññojanā ceva saññojanasampayuttā ca. ","html":"{}</p>"},"ds2.4.2:50.1":{"pli":"Katame dhammā saññojanasampayuttā ceva no ca saññojanā? ","html":"<p>{}"},"ds2.4.2:50.2":{"pli":"Ṭhapetvā saññojane, avasesaṃ akusalaṃ—","html":"{}"},"ds2.4.2:50.3":{"pli":"ime dhammā saññojanasampayuttā ceva no ca saññojanā. ","html":"{}"},"ds2.4.2:50.4":{"pli":"Saññojanavippayuttā dhammā na vattabbā—","html":"{}"},"ds2.4.2:50.5":{"pli":"saññojanā ceva saññojanasampayuttā cātipi, saññojanasampayuttā ceva no ca saññojanātipi. ","html":"{}</p>"},"ds2.4.2:51.0":{"pli":"2.4.2.4.6. Saññojanavippayuttasaññojaniyaduka ","html":"<h3>{}</h3>"},"ds2.4.2:51.1":{"pli":"Katame dhammā saññojanavippayuttā saññojaniyā? ","html":"<p>{}"},"ds2.4.2:51.2":{"pli":"Uddhaccasahagato moho, tīsu bhūmīsu kusalaṃ, tīsu bhūmīsu vipāko, tīsu bhūmīsu kiriyābyākataṃ, sabbañca rūpaṃ—","html":"{}"},"ds2.4.2:51.3":{"pli":"ime dhammā saññojanavippayuttā saññojaniyā. ","html":"{}</p>"},"ds2.4.2:52.1":{"pli":"Katame dhammā saññojanavippayuttā asaññojaniyā? ","html":"<p>{}"},"ds2.4.2:52.2":{"pli":"Cattāro maggā apariyāpannā, cattāri ca sāmaññaphalāni, nibbānañca—","html":"{}"},"ds2.4.2:52.3":{"pli":"ime dhammā saññojanavippayuttā asaññojaniyā. ","html":"{}"},"ds2.4.2:52.4":{"pli":"Saññojanasampayuttā dhammā na vattabbā—","html":"{}"},"ds2.4.2:52.5":{"pli":"saññojanavippayuttā saññojaniyātipi, saññojanavippayuttā asaññojaniyātipi. ","html":"{}</p>"},"ds2.4.2:53.0.1":{"pli":"2.4.2.5. Ganthagocchaka ","html":"<h2>{}</h2>"},"ds2.4.2:53.0.2":{"pli":"2.4.2.5.1. Ganthaduka ","html":"<h3>{}</h3>"},"ds2.4.2:53.1":{"pli":"Katame dhammā ganthā? ","html":"<p>{}"},"ds2.4.2:53.2":{"pli":"Cattāro ganthā—","html":"{}"},"ds2.4.2:53.3":{"pli":"abhijjhākāyagantho, byāpādo kāyagantho, sīlabbataparāmāso kāyagantho, idaṃsaccābhiniveso kāyagantho. ","html":"{}"},"ds2.4.2:53.4":{"pli":"Abhijjhākāyagantho aṭṭhasu lobhasahagatesu cittuppādesu uppajjati. ","html":"{}"},"ds2.4.2:53.5":{"pli":"Byāpādo kāyagantho dvīsu domanassasahagatesu cittuppādesu uppajjati. ","html":"{}"},"ds2.4.2:53.6":{"pli":"Sīlabbataparāmāso kāyagantho ca idaṃsaccābhiniveso kāyagantho ca catūsu diṭṭhigatasampayuttesu cittuppādesu uppajjanti—","html":"{}"},"ds2.4.2:53.7":{"pli":"ime dhammā ganthā. ","html":"{}</p>"},"ds2.4.2:54.1":{"pli":"Katame dhammā no ganthā? ","html":"<p>{}"},"ds2.4.2:54.2":{"pli":"Ṭhapetvā ganthe, avasesaṃ akusalaṃ, catūsu bhūmīsu kusalaṃ, catūsu bhūmīsu vipāko, tīsu bhūmīsu kiriyābyākataṃ, rūpañca, nibbānañca—","html":"{}"},"ds2.4.2:54.3":{"pli":"ime dhammā no ganthā. ","html":"{}</p>"},"ds2.4.2:55.0":{"pli":"2.4.2.5.2. Ganthaniyaduka ","html":"<h3>{}</h3>"},"ds2.4.2:55.1":{"pli":"Katame dhammā ganthaniyā? ","html":"<p>{}"},"ds2.4.2:55.2":{"pli":"Tīsu bhūmīsu kusalaṃ, akusalaṃ, tīsu bhūmīsu vipāko, tīsu bhūmīsu kiriyābyākataṃ, sabbañca rūpaṃ—","html":"{}"},"ds2.4.2:55.3":{"pli":"ime dhammā ganthaniyā. ","html":"{}</p>"},"ds2.4.2:56.1":{"pli":"Katame dhammā aganthaniyā? ","html":"<p>{}"},"ds2.4.2:56.2":{"pli":"Cattāro maggā apariyāpannā, cattāri ca sāmaññaphalāni, nibbānañca—","html":"{}"},"ds2.4.2:56.3":{"pli":"ime dhammā aganthaniyā. ","html":"{}</p>"},"ds2.4.2:57.0":{"pli":"2.4.2.5.3. Ganthasampayuttaduka ","html":"<h3>{}</h3>"},"ds2.4.2:57.1":{"pli":"Katame dhammā ganthasampayuttā? ","html":"<p>{}"},"ds2.4.2:57.2":{"pli":"Cattāro diṭṭhigatasampayuttacittuppādā, cattāro diṭṭhigatavippayuttalobhasahagatacittuppādā, etthuppannaṃ lobhaṃ ṭhapetvā, dve domanassasahagatacittuppādā, etthuppannaṃ paṭighaṃ ṭhapetvā—","html":"{}"},"ds2.4.2:57.3":{"pli":"ime dhammā ganthasampayuttā. ","html":"{}</p>"},"ds2.4.2:58.1":{"pli":"Katame dhammā ganthavippayuttā? ","html":"<p>{}"},"ds2.4.2:58.2":{"pli":"Catūsu diṭṭhigatavippayuttalobhasahagatesu cittuppādesu uppanno lobho, dvīsu domanassasahagatesu cittuppādesu uppannaṃ paṭighaṃ, vicikicchāsahagato cittuppādo, uddhaccasahagato cittuppādo, catūsu bhūmīsu kusalaṃ, catūsu bhūmīsu vipāko, tīsu bhūmīsu kiriyābyākataṃ, rūpañca, nibbānañca—","html":"{}"},"ds2.4.2:58.3":{"pli":"ime dhammā ganthavippayuttā. ","html":"{}</p>"},"ds2.4.2:59.0":{"pli":"2.4.2.5.4. Ganthaganthaniyaduka ","html":"<h3>{}</h3>"},"ds2.4.2:59.1":{"pli":"Katame dhammā ganthā ceva ganthaniyā ca? ","html":"<p>{}"},"ds2.4.2:59.2":{"pli":"Teva ganthā ganthā ceva ganthaniyā ca. ","html":"{}</p>"},"ds2.4.2:60.1":{"pli":"Katame dhammā ganthaniyā ceva no ca ganthā? ","html":"<p>{}"},"ds2.4.2:60.2":{"pli":"Ṭhapetvā ganthe avasesaṃ akusalaṃ, tīsu bhūmīsu kusalaṃ, tīsu bhūmīsu vipāko, tīsu bhūmīsu kiriyābyākataṃ, sabbañca rūpaṃ—","html":"{}"},"ds2.4.2:60.3":{"pli":"ime dhammā ganthaniyā ceva no ca ganthā. ","html":"{}"},"ds2.4.2:60.4":{"pli":"Aganthaniyā dhammā na vattabbā—","html":"{}"},"ds2.4.2:60.5":{"pli":"ganthā ceva ganthaniyā cātipi, ganthaniyā ceva no ca ganthātipi. ","html":"{}</p>"},"ds2.4.2:61.0":{"pli":"2.4.2.5.5. Ganthaganthasampayuttaduka ","html":"<h3>{}</h3>"},"ds2.4.2:61.1":{"pli":"Katame dhammā ganthā ceva ganthasampayuttā ca? ","html":"<p>{}"},"ds2.4.2:61.2":{"pli":"Yattha diṭṭhi ca lobho ca ekato uppajjanti—","html":"{}"},"ds2.4.2:61.3":{"pli":"ime dhammā ganthā ceva ganthasampayuttā ca. ","html":"{}</p>"},"ds2.4.2:62.1":{"pli":"Katame dhammā ganthasampayuttā ceva no ca ganthā? ","html":"<p>{}"},"ds2.4.2:62.2":{"pli":"Aṭṭha lobhasahagatacittuppādā dve domanassasahagatacittuppādā, etthuppanne ganthe ṭhapetvā—","html":"{}"},"ds2.4.2:62.3":{"pli":"ime dhammā ganthasampayuttā ceva no ca ganthā. ","html":"{}"},"ds2.4.2:62.4":{"pli":"Ganthavippayuttā dhammā na vattabbā—","html":"{}"},"ds2.4.2:62.5":{"pli":"ganthā ceva ganthasampayuttā cātipi, ganthasampayuttā ceva no ca ganthātipi. ","html":"{}</p>"},"ds2.4.2:63.0":{"pli":"2.4.2.5.6. Ganthavippayuttaganthaniyaduka ","html":"<h3>{}</h3>"},"ds2.4.2:63.1":{"pli":"Katame dhammā ganthavippayuttā ganthaniyā? ","html":"<p>{}"},"ds2.4.2:63.2":{"pli":"Catūsu diṭṭhigatavippayuttalobhasahagatesu cittuppādesu uppanno lobho, dvīsu domanassasahagatesu cittuppādesu uppannaṃ paṭighaṃ, vicikicchāsahagato cittuppādo, uddhaccasahagato cittuppādo, tīsu bhūmīsu kusalaṃ, tīsu bhūmīsu vipāko, tīsu bhūmīsu kiriyābyākataṃ, sabbañca rūpaṃ—","html":"{}"},"ds2.4.2:63.3":{"pli":"ime dhammā ganthavippayuttā ganthaniyā. ","html":"{}</p>"},"ds2.4.2:64.1":{"pli":"Katame dhammā ganthavippayuttā aganthaniyā? ","html":"<p>{}"},"ds2.4.2:64.2":{"pli":"Cattāro maggā apariyāpannā, cattāri ca sāmaññaphalāni, nibbānañca—","html":"{}"},"ds2.4.2:64.3":{"pli":"ime dhammā ganthavippayuttā aganthaniyā. ","html":"{}"},"ds2.4.2:64.4":{"pli":"Ganthasampayuttā dhammā na vattabbā—","html":"{}"},"ds2.4.2:64.5":{"pli":"ganthavippayuttā ganthaniyātipi, ganthavippayuttā aganthaniyātipi. ","html":"{}</p>"},"ds2.4.2:65.0":{"pli":"2.4.2.6. Oghagocchaka ","html":"<h2>{}</h2>"},"ds2.4.2:65.1":{"pli":"Katame dhammā oghā …pe…. ","html":"<p>{}</p>"},"ds2.4.2:66.0":{"pli":"2.4.2.7. Yogagocchaka ","html":"<h2>{}</h2>"},"ds2.4.2:66.1":{"pli":"Katame dhammā yogā …pe…. ","html":"<p>{}</p>"},"ds2.4.2:67.0.1":{"pli":"2.4.2.8. Nīvaraṇagocchaka ","html":"<h2>{}</h2>"},"ds2.4.2:67.0.2":{"pli":"2.4.2.8.1. Nīvaraṇaduka ","html":"<h3>{}</h3>"},"ds2.4.2:67.1":{"pli":"Katame dhammā nīvaraṇā? ","html":"<p>{}"},"ds2.4.2:67.2":{"pli":"Cha nīvaraṇā—","html":"{}"},"ds2.4.2:67.3":{"pli":"kāmacchandanīvaraṇaṃ, byāpādanīvaraṇaṃ, thinamiddhanīvaraṇaṃ, uddhaccakukkuccanīvaraṇaṃ, vicikicchānīvaraṇaṃ, avijjānīvaraṇaṃ. ","html":"{}"},"ds2.4.2:67.4":{"pli":"Kāmacchandanīvaraṇaṃ aṭṭhasu lobhasahagatesu cittuppādesu uppajjati, byāpādanīvaraṇaṃ dvīsu domanassasahagatesu cittuppādesu uppajjati, thinamiddhanīvaraṇaṃ sasaṅkhārikesu akusalesu uppajjati, uddhaccanīvaraṇaṃ uddhaccasahagatesu cittuppādesu uppajjati, kukkuccanīvaraṇaṃ dvīsu domanassasahagatesu cittuppādesu uppajjati, vicikicchānīvaraṇaṃ vicikicchāsahagatesu cittuppādesu uppajjati, avijjānīvaraṇaṃ sabbākusalesu uppajjati—","html":"{}"},"ds2.4.2:67.5":{"pli":"ime dhammā nīvaraṇā. ","html":"{}</p>"},"ds2.4.2:68.1":{"pli":"Katame dhammā no nīvaraṇā? ","html":"<p>{}"},"ds2.4.2:68.2":{"pli":"Ṭhapetvā nīvaraṇe avasesaṃ akusalaṃ, catūsu bhūmīsu kusalaṃ, catūsu bhūmīsu vipāko, tīsu bhūmīsu kiriyābyākataṃ, rūpañca, nibbānañca—","html":"{}"},"ds2.4.2:68.3":{"pli":"ime dhammā no nīvaraṇā. ","html":"{}</p>"},"ds2.4.2:69.0":{"pli":"2.4.2.8.2. Nīvaraṇiyaduka ","html":"<h3>{}</h3>"},"ds2.4.2:69.1":{"pli":"Katame dhammā nīvaraṇiyā? ","html":"<p>{}"},"ds2.4.2:69.2":{"pli":"Tīsu bhūmīsu kusalaṃ, akusalaṃ, tīsu bhūmīsu vipāko, tīsu bhūmīsu kiriyābyākataṃ, sabbañca rūpaṃ—","html":"{}"},"ds2.4.2:69.3":{"pli":"ime dhammā nīvaraṇiyā. ","html":"{}</p>"},"ds2.4.2:70.1":{"pli":"Katame dhammā anīvaraṇiyā? ","html":"<p>{}"},"ds2.4.2:70.2":{"pli":"Cattāro maggā apariyāpannā, cattāri ca sāmaññaphalāni, nibbānañca—","html":"{}"},"ds2.4.2:70.3":{"pli":"ime dhammā anīvaraṇiyā. ","html":"{}</p>"},"ds2.4.2:71.0":{"pli":"2.4.2.8.3. Nīvaraṇasampayuttaduka ","html":"<h3>{}</h3>"},"ds2.4.2:71.1":{"pli":"Katame dhammā nīvaraṇasampayuttā? ","html":"<p>{}"},"ds2.4.2:71.2":{"pli":"Dvādasa akusalacittuppādā—","html":"{}"},"ds2.4.2:71.3":{"pli":"ime dhammā nīvaraṇasampayuttā. ","html":"{}</p>"},"ds2.4.2:72.1":{"pli":"Katame dhammā nīvaraṇavippayuttā? ","html":"<p>{}"},"ds2.4.2:72.2":{"pli":"Catūsu bhūmīsu kusalaṃ, catūsu bhūmīsu vipāko, tīsu bhūmīsu kiriyābyākataṃ, rūpañca, nibbānañca—","html":"{}"},"ds2.4.2:72.3":{"pli":"ime dhammā nīvaraṇavippayuttā. ","html":"{}</p>"},"ds2.4.2:73.0":{"pli":"2.4.2.8.4. Nīvaraṇanīvaraṇiyaduka ","html":"<h3>{}</h3>"},"ds2.4.2:73.1":{"pli":"Katame dhammā nīvaraṇā ceva nīvaraṇiyā ca? ","html":"<p>{}"},"ds2.4.2:73.2":{"pli":"Tāneva nīvaraṇāni nīvaraṇā ceva nīvaraṇiyā ca. ","html":"{}</p>"},"ds2.4.2:74.1":{"pli":"Katame dhammā nīvaraṇiyā ceva no ca nīvaraṇā? ","html":"<p>{}"},"ds2.4.2:74.2":{"pli":"Ṭhapetvā nīvaraṇe, avasesaṃ akusalaṃ, tīsu bhūmīsu kusalaṃ, tīsu bhūmīsu vipāko, tīsu bhūmīsu kiriyābyākataṃ, sabbañca rūpaṃ—","html":"{}"},"ds2.4.2:74.3":{"pli":"ime dhammā nīvaraṇiyā ceva no ca nīvaraṇā. ","html":"{}"},"ds2.4.2:74.4":{"pli":"Anīvaraṇiyā dhammā na vattabbā—","html":"{}"},"ds2.4.2:74.5":{"pli":"nīvaraṇā ceva nīvaraṇiyā cātipi, nīvaraṇiyā ceva no ca nīvaraṇātipi. ","html":"{}</p>"},"ds2.4.2:75.0":{"pli":"2.4.2.8.5. Nīvaraṇanīvaraṇasampayuttaduka ","html":"<h3>{}</h3>"},"ds2.4.2:75.1":{"pli":"Katame dhammā nīvaraṇā ceva nīvaraṇasampayuttā ca? ","html":"<p>{}"},"ds2.4.2:75.2":{"pli":"Yattha dve tīṇi nīvaraṇāni ekato uppajjanti—","html":"{}"},"ds2.4.2:75.3":{"pli":"ime dhammā nīvaraṇā ceva nīvaraṇasampayuttā ca. ","html":"{}</p>"},"ds2.4.2:76.1":{"pli":"Katame dhammā nīvaraṇasampayuttā ceva no ca nīvaraṇā? ","html":"<p>{}"},"ds2.4.2:76.2":{"pli":"Ṭhapetvā nīvaraṇe, avasesaṃ akusalaṃ—","html":"{}"},"ds2.4.2:76.3":{"pli":"ime dhammā nīvaraṇasampayuttā ceva no ca nīvaraṇā. ","html":"{}"},"ds2.4.2:76.4":{"pli":"Nīvaraṇavippayuttā dhammā na vattabbā—","html":"{}"},"ds2.4.2:76.5":{"pli":"nīvaraṇā ceva nīvaraṇasampayuttā cātipi, nīvaraṇasampayuttā ceva no ca nīvaraṇātipi. ","html":"{}</p>"},"ds2.4.2:77.0":{"pli":"2.4.2.8.6. Nīvaraṇavippayuttanīvaraṇiyaduka ","html":"<h3>{}</h3>"},"ds2.4.2:77.1":{"pli":"Katame dhammā nīvaraṇavippayuttā nīvaraṇiyā? ","html":"<p>{}"},"ds2.4.2:77.2":{"pli":"Tīsu bhūmīsu kusalaṃ, tīsu bhūmīsu vipāko, tīsu bhūmīsu kiriyābyākataṃ, sabbañca rūpaṃ—","html":"{}"},"ds2.4.2:77.3":{"pli":"ime dhammā nīvaraṇavippayuttā nīvaraṇiyā. ","html":"{}</p>"},"ds2.4.2:78.1":{"pli":"Katame dhammā nīvaraṇavippayuttā anīvaraṇiyā? ","html":"<p>{}"},"ds2.4.2:78.2":{"pli":"Cattāro maggā apariyāpannā, cattāri ca sāmaññaphalāni, nibbānañca—","html":"{}"},"ds2.4.2:78.3":{"pli":"ime dhammā nīvaraṇavippayuttā anīvaraṇiyā. ","html":"{}"},"ds2.4.2:78.4":{"pli":"Nīvaraṇasampayuttā dhammā na vattabbā—","html":"{}"},"ds2.4.2:78.5":{"pli":"nīvaraṇavippayuttā nīvaraṇiyātipi, nīvaraṇavippayuttā anīvaraṇiyātipi. ","html":"{}</p>"},"ds2.4.2:79.0.1":{"pli":"2.4.2.9. Parāmāsagocchaka ","html":"<h2>{}</h2>"},"ds2.4.2:79.0.2":{"pli":"2.4.2.9.1. Parāmāsaduka ","html":"<h3>{}</h3>"},"ds2.4.2:79.1":{"pli":"Katame dhammā parāmāsā? ","html":"<p>{}"},"ds2.4.2:79.2":{"pli":"Diṭṭhiparāmāso catūsu diṭṭhigatasampayuttesu cittuppādesu uppajjati—","html":"{}"},"ds2.4.2:79.3":{"pli":"ime dhammā parāmāsā. ","html":"{}</p>"},"ds2.4.2:80.1":{"pli":"Katame dhammā no parāmāsā? ","html":"<p>{}"},"ds2.4.2:80.2":{"pli":"Ṭhapetvā parāmāsaṃ avasesaṃ akusalaṃ, catūsu bhūmīsu kusalaṃ, catūsu bhūmīsu vipāko, tīsu bhūmīsu kiriyābyākataṃ, rūpañca, nibbānañca—","html":"{}"},"ds2.4.2:80.3":{"pli":"ime dhammā no parāmāsā. ","html":"{}</p>"},"ds2.4.2:81.0":{"pli":"2.4.2.9.2. Parāmaṭṭhaduka ","html":"<h3>{}</h3>"},"ds2.4.2:81.1":{"pli":"Katame dhammā parāmaṭṭhā? ","html":"<p>{}"},"ds2.4.2:81.2":{"pli":"Tīsu bhūmīsu kusalaṃ, akusalaṃ, tīsu bhūmīsu vipāko, tīsu bhūmīsu kiriyābyākataṃ, sabbañca rūpaṃ—","html":"{}"},"ds2.4.2:81.3":{"pli":"ime dhammā parāmaṭṭhā. ","html":"{}</p>"},"ds2.4.2:82.1":{"pli":"Katame dhammā aparāmaṭṭhā? ","html":"<p>{}"},"ds2.4.2:82.2":{"pli":"Cattāro maggā apariyāpannā, cattāri ca sāmaññaphalāni nibbānañca—","html":"{}"},"ds2.4.2:82.3":{"pli":"ime dhammā aparāmaṭṭhā. ","html":"{}</p>"},"ds2.4.2:83.0":{"pli":"2.4.2.9.3. Parāmāsasampayuttaduka ","html":"<h3>{}</h3>"},"ds2.4.2:83.1":{"pli":"Katame dhammā parāmāsasampayuttā? ","html":"<p>{}"},"ds2.4.2:83.2":{"pli":"Cattāro diṭṭhigatasampayuttacittuppādā, etthuppannaṃ parāmāsaṃ ṭhapetvā—","html":"{}"},"ds2.4.2:83.3":{"pli":"ime dhammā parāmāsasampayuttā. ","html":"{}</p>"},"ds2.4.2:84.1":{"pli":"Katame dhammā parāmāsavippayuttā? ","html":"<p>{}"},"ds2.4.2:84.2":{"pli":"Cattāro diṭṭhigatavippayuttalobhasahagatacittuppādā, dve domanassasahagatacittuppādā, vicikicchāsahagato cittuppādo, uddhaccasahagato cittuppādo, catūsu bhūmīsu kusalaṃ, catūsu bhūmīsu vipāko, tīsu bhūmīsu kiriyābyākataṃ, rūpañca, nibbānañca—","html":"{}"},"ds2.4.2:84.3":{"pli":"ime dhammā parāmāsavippayuttā. ","html":"{}"},"ds2.4.2:84.4":{"pli":"Parāmāso na vattabbo—","html":"{}"},"ds2.4.2:84.5":{"pli":"parāmāsasampayuttotipi, parāmāsavippayuttotipi. ","html":"{}</p>"},"ds2.4.2:85.0":{"pli":"2.4.2.9.4. Parāmāsaparāmaṭṭhaduka ","html":"<h3>{}</h3>"},"ds2.4.2:85.1":{"pli":"Katame dhammā parāmāsā ceva parāmaṭṭhā ca? ","html":"<p>{}"},"ds2.4.2:85.2":{"pli":"So eva parāmāso parāmāso ceva parāmaṭṭho ca. ","html":"{}</p>"},"ds2.4.2:86.1":{"pli":"Katame dhammā parāmaṭṭhā ceva no ca parāmāsā? ","html":"<p>{}"},"ds2.4.2:86.2":{"pli":"Ṭhapetvā parāmāsaṃ avasesaṃ akusalaṃ, tīsu bhūmīsu kusalaṃ, tīsu bhūmīsu vipāko, tīsu bhūmīsu kiriyābyākataṃ, sabbañca rūpaṃ—","html":"{}"},"ds2.4.2:86.3":{"pli":"ime dhammā parāmaṭṭhā ceva no ca parāmāsā. ","html":"{}"},"ds2.4.2:86.4":{"pli":"Aparāmaṭṭhā dhammā na vattabbā—","html":"{}"},"ds2.4.2:86.5":{"pli":"parāmāsā ceva parāmaṭṭhā cātipi, parāmaṭṭhā ceva no ca parāmāsātipi. ","html":"{}</p>"},"ds2.4.2:87.0":{"pli":"2.4.2.9.5. Parāmāsavippayuttaparāmaṭṭhaduka ","html":"<h3>{}</h3>"},"ds2.4.2:87.1":{"pli":"Katame dhammā parāmāsavippayuttā parāmaṭṭhā? ","html":"<p>{}"},"ds2.4.2:87.2":{"pli":"Cattāro diṭṭhigatavippayuttalobhasahagatacittuppādā, dve domanassasahagatacittuppādā, vicikicchāsahagato cittuppādo, uddhaccasahagato cittuppādo, tīsu bhūmīsu kusalaṃ, tīsu bhūmīsu vipāko, tīsu bhūmīsu kiriyābyākataṃ, sabbañca rūpaṃ—","html":"{}"},"ds2.4.2:87.3":{"pli":"ime dhammā parāmāsavippayuttā parāmaṭṭhā. ","html":"{}</p>"},"ds2.4.2:88.1":{"pli":"Katame dhammā parāmāsavippayuttā aparāmaṭṭhā? ","html":"<p>{}"},"ds2.4.2:88.2":{"pli":"Cattāro maggā apariyāpannā, cattāri ca sāmaññaphalāni, nibbānañca—","html":"{}"},"ds2.4.2:88.3":{"pli":"ime dhammā parāmāsavippayuttā aparāmaṭṭhā. ","html":"{}"},"ds2.4.2:88.4":{"pli":"Parāmāsā ca parāmāsasampayuttā ca dhammā na vattabbā—","html":"{}"},"ds2.4.2:88.5":{"pli":"parāmāsavippayuttā parāmaṭṭhātipi, parāmāsavippayuttā aparāmaṭṭhātipi. ","html":"{}</p>"},"ds2.4.2:89.0.1":{"pli":"2.4.2.10. Mahantaraduka ","html":"<h2>{}</h2>"},"ds2.4.2:89.0.2":{"pli":"2.4.2.10.1. Sārammaṇaduka ","html":"<h3>{}</h3>"},"ds2.4.2:89.1":{"pli":"Katame dhammā sārammaṇā? ","html":"<p>{}"},"ds2.4.2:89.2":{"pli":"Catūsu bhūmīsu kusalaṃ, akusalaṃ, catūsu bhūmīsu vipāko, tīsu bhūmīsu kiriyābyākataṃ—","html":"{}"},"ds2.4.2:89.3":{"pli":"ime dhammā sārammaṇā. ","html":"{}</p>"},"ds2.4.2:90.1":{"pli":"Katame dhammā anārammaṇā? ","html":"<p>{}"},"ds2.4.2:90.2":{"pli":"Rūpañca, nibbānañca—","html":"{}"},"ds2.4.2:90.3":{"pli":"ime dhammā anārammaṇā. ","html":"{}</p>"},"ds2.4.2:91.0":{"pli":"2.4.2.10.2. Cittaduka ","html":"<h3>{}</h3>"},"ds2.4.2:91.1":{"pli":"Katame dhammā cittā? ","html":"<p>{}"},"ds2.4.2:91.2":{"pli":"Cakkhuviññāṇaṃ, sotaviññāṇaṃ, ghānaviññāṇaṃ, jivhāviññāṇaṃ, kāyaviññāṇaṃ, manodhātu, manoviññāṇadhātu—","html":"{}"},"ds2.4.2:91.3":{"pli":"ime dhammā cittā. ","html":"{}</p>"},"ds2.4.2:92.1":{"pli":"Katame dhammā no cittā? ","html":"<p>{}"},"ds2.4.2:92.2":{"pli":"Vedanākkhandho, saññākkhandho, saṅkhārakkhandho, rūpañca, nibbānañca—","html":"{}"},"ds2.4.2:92.3":{"pli":"ime dhammā no cittā. ","html":"{}</p>"},"ds2.4.2:93.0":{"pli":"2.4.2.10.3. Cetasikaduka ","html":"<h3>{}</h3>"},"ds2.4.2:93.1":{"pli":"Katame dhammā cetasikā? ","html":"<p>{}"},"ds2.4.2:93.2":{"pli":"Vedanākkhandho, saññākkhandho, saṅkhārakkhandho—","html":"{}"},"ds2.4.2:93.3":{"pli":"ime dhammā cetasikā. ","html":"{}</p>"},"ds2.4.2:94.1":{"pli":"Katame dhammā acetasikā? ","html":"<p>{}"},"ds2.4.2:94.2":{"pli":"Cittañca, rūpañca, nibbānañca—","html":"{}"},"ds2.4.2:94.3":{"pli":"ime dhammā acetasikā. ","html":"{}</p>"},"ds2.4.2:95.0":{"pli":"2.4.2.10.4. Cittasampayuttaduka ","html":"<h3>{}</h3>"},"ds2.4.2:95.1":{"pli":"Katame dhammā cittasampayuttā? ","html":"<p>{}"},"ds2.4.2:95.2":{"pli":"Vedanākkhandho, saññākkhandho, saṅkhārakkhandho—","html":"{}"},"ds2.4.2:95.3":{"pli":"ime dhammā cittasampayuttā. ","html":"{}</p>"},"ds2.4.2:96.1":{"pli":"Katame dhammā cittavippayuttā? ","html":"<p>{}"},"ds2.4.2:96.2":{"pli":"Rūpañca, nibbānañca—","html":"{}"},"ds2.4.2:96.3":{"pli":"ime dhammā cittavippayuttā. ","html":"{}"},"ds2.4.2:96.4":{"pli":"Cittaṃ na vattabbaṃ—","html":"{}"},"ds2.4.2:96.5":{"pli":"cittena sampayuttantipi, cittena vippayuttantipi. ","html":"{}</p>"},"ds2.4.2:97.0":{"pli":"2.4.2.10.5. Cittasaṃsaṭṭhaduka ","html":"<h3>{}</h3>"},"ds2.4.2:97.1":{"pli":"Katame dhammā cittasaṃsaṭṭhā? ","html":"<p>{}"},"ds2.4.2:97.2":{"pli":"Vedanākkhandho, saññākkhandho, saṅkhārakkhandho—","html":"{}"},"ds2.4.2:97.3":{"pli":"ime dhammā cittasaṃsaṭṭhā. ","html":"{}</p>"},"ds2.4.2:98.1":{"pli":"Katame dhammā cittavisaṃsaṭṭhā? ","html":"<p>{}"},"ds2.4.2:98.2":{"pli":"Rūpañca, nibbānañca—","html":"{}"},"ds2.4.2:98.3":{"pli":"ime dhammā cittavisaṃsaṭṭhā. ","html":"{}"},"ds2.4.2:98.4":{"pli":"Cittaṃ na vattabbaṃ—","html":"{}"},"ds2.4.2:98.5":{"pli":"cittena saṃsaṭṭhantipi, cittena visaṃsaṭṭhantipi. ","html":"{}</p>"},"ds2.4.2:99.0":{"pli":"2.4.2.10.6. Cittasamuṭṭhānaduka ","html":"<h3>{}</h3>"},"ds2.4.2:99.1":{"pli":"Katame dhammā cittasamuṭṭhānā? ","html":"<p>{}"},"ds2.4.2:99.2":{"pli":"Vedanākkhandho, saññākkhandho, saṅkhārakkhandho, kāyaviññatti, vacīviññatti, yaṃ vā panaññampi atthi rūpaṃ cittajaṃ cittahetukaṃ cittasamuṭṭhānaṃ—","html":"{}"},"ds2.4.2:99.3":{"pli":"rūpāyatanaṃ saddāyatanaṃ gandhāyatanaṃ rasāyatanaṃ phoṭṭhabbāyatanaṃ ākāsadhātu āpodhātu rūpassa lahutā rūpassa mudutā rūpassa kammaññatā rūpassa upacayo rūpassa santati kabaḷīkāro āhāro—","html":"{}"},"ds2.4.2:99.4":{"pli":"ime dhammā cittasamuṭṭhānā. ","html":"{}</p>"},"ds2.4.2:100.1":{"pli":"Katame dhammā no cittasamuṭṭhānā? ","html":"<p>{}"},"ds2.4.2:100.2":{"pli":"Cittañca, avasesañca rūpaṃ, nibbānañca—","html":"{}"},"ds2.4.2:100.3":{"pli":"ime dhammā no cittasamuṭṭhānā. ","html":"{}</p>"},"ds2.4.2:101.0":{"pli":"2.4.2.10.7. Cittasahabhūduka ","html":"<h3>{}</h3>"},"ds2.4.2:101.1":{"pli":"Katame dhammā cittasahabhuno? ","html":"<p>{}"},"ds2.4.2:101.2":{"pli":"Vedanākkhandho, saññākkhandho, saṅkhārakkhandho, kāyaviññatti, vacīviññatti—","html":"{}"},"ds2.4.2:101.3":{"pli":"ime dhammā cittasahabhuno. ","html":"{}</p>"},"ds2.4.2:102.1":{"pli":"Katame dhammā no cittasahabhuno? ","html":"<p>{}"},"ds2.4.2:102.2":{"pli":"Cittañca, avasesañca rūpaṃ, nibbānañca—","html":"{}"},"ds2.4.2:102.3":{"pli":"ime dhammā no cittasahabhuno. ","html":"{}</p>"},"ds2.4.2:103.0":{"pli":"2.4.2.10.8. Cittānuparivattiduka ","html":"<h3>{}</h3>"},"ds2.4.2:103.1":{"pli":"Katame dhammā cittānuparivattino? ","html":"<p>{}"},"ds2.4.2:103.2":{"pli":"Vedanākkhandho, saññākkhandho, saṅkhārakkhandho, kāyaviññatti, vacīviññatti—","html":"{}"},"ds2.4.2:103.3":{"pli":"ime dhammā cittānuparivattino. ","html":"{}</p>"},"ds2.4.2:104.1":{"pli":"Katame dhammā no cittānuparivattino? ","html":"<p>{}"},"ds2.4.2:104.2":{"pli":"Cittañca, avasesañca rūpaṃ, nibbānañca—","html":"{}"},"ds2.4.2:104.3":{"pli":"ime dhammā no cittānuparivattino. ","html":"{}</p>"},"ds2.4.2:105.0":{"pli":"2.4.2.10.9. Cittasaṃsaṭṭhasamuṭṭhānaduka ","html":"<h3>{}</h3>"},"ds2.4.2:105.1":{"pli":"Katame dhammā cittasaṃsaṭṭhasamuṭṭhānā? ","html":"<p>{}"},"ds2.4.2:105.2":{"pli":"Vedanākkhandho, saññākkhandho, saṅkhārakkhandho—","html":"{}"},"ds2.4.2:105.3":{"pli":"ime dhammā cittasaṃsaṭṭhasamuṭṭhānā. ","html":"{}</p>"},"ds2.4.2:106.1":{"pli":"Katame dhammā no cittasaṃsaṭṭhasamuṭṭhānā? ","html":"<p>{}"},"ds2.4.2:106.2":{"pli":"Cittañca, rūpañca, nibbānañca—","html":"{}"},"ds2.4.2:106.3":{"pli":"ime dhammā no cittasaṃsaṭṭhasamuṭṭhānā. ","html":"{}</p>"},"ds2.4.2:107.0":{"pli":"2.4.2.10.10. Cittasaṃsaṭṭhasamuṭṭhānasahabhūduka ","html":"<h3>{}</h3>"},"ds2.4.2:107.1":{"pli":"Katame dhammā cittasaṃsaṭṭhasamuṭṭhānasahabhuno? ","html":"<p>{}"},"ds2.4.2:107.2":{"pli":"Vedanākkhandho, saññākkhandho, saṅkhārakkhandho—","html":"{}"},"ds2.4.2:107.3":{"pli":"ime dhammā cittasaṃsaṭṭhasamuṭṭhānasahabhuno. ","html":"{}</p>"},"ds2.4.2:108.1":{"pli":"Katame dhammā no cittasaṃsaṭṭhasamuṭṭhānasahabhuno? ","html":"<p>{}"},"ds2.4.2:108.2":{"pli":"Cittañca, rūpañca, nibbānañca—","html":"{}"},"ds2.4.2:108.3":{"pli":"ime dhammā no cittasaṃsaṭṭhasamuṭṭhānasahabhuno. ","html":"{}</p>"},"ds2.4.2:109.0":{"pli":"2.4.2.10.11. Cittasaṃsaṭṭhasamuṭṭhānānuparivattiduka ","html":"<h3>{}</h3>"},"ds2.4.2:109.1":{"pli":"Katame dhammā cittasaṃsaṭṭhasamuṭṭhānānuparivattino? ","html":"<p>{}"},"ds2.4.2:109.2":{"pli":"Vedanākkhandho, saññākkhandho, saṅkhārakkhandho—","html":"{}"},"ds2.4.2:109.3":{"pli":"ime dhammā cittasaṃsaṭṭhasamuṭṭhānānuparivattino. ","html":"{}</p>"},"ds2.4.2:110.1":{"pli":"Katame dhammā no cittasaṃsaṭṭhasamuṭṭhānānuparivattino? ","html":"<p>{}"},"ds2.4.2:110.2":{"pli":"Cittañca, rūpañca, nibbānañca—","html":"{}"},"ds2.4.2:110.3":{"pli":"ime dhammā no cittasaṃsaṭṭhasamuṭṭhānānuparivattino. ","html":"{}</p>"},"ds2.4.2:111.0":{"pli":"2.4.2.10.12. Ajjhattikaduka ","html":"<h3>{}</h3>"},"ds2.4.2:111.1":{"pli":"Katame dhammā ajjhattikā? ","html":"<p>{}"},"ds2.4.2:111.2":{"pli":"Cakkhāyatanaṃ …pe… manāyatanaṃ—","html":"{}"},"ds2.4.2:111.3":{"pli":"ime dhammā ajjhattikā. ","html":"{}</p>"},"ds2.4.2:112.1":{"pli":"Katame dhammā bāhirā? ","html":"<p>{}"},"ds2.4.2:112.2":{"pli":"Rūpāyatanaṃ …pe… dhammāyatanaṃ—","html":"{}"},"ds2.4.2:112.3":{"pli":"ime dhammā bāhirā. ","html":"{}</p>"},"ds2.4.2:113.0":{"pli":"2.4.2.10.13. Upādāduka ","html":"<h3>{}</h3>"},"ds2.4.2:113.1":{"pli":"Katame dhammā upādā? ","html":"<p>{}"},"ds2.4.2:113.2":{"pli":"Cakkhāyatanaṃ …pe… kabaḷīkāro āhāro—","html":"{}"},"ds2.4.2:113.3":{"pli":"ime dhammā upādā. ","html":"{}</p>"},"ds2.4.2:114.1":{"pli":"Katame dhammā no upādā? ","html":"<p>{}"},"ds2.4.2:114.2":{"pli":"Catūsu bhūmīsu kusalaṃ, akusalaṃ, catūsu bhūmīsu vipāko, tīsu bhūmīsu kiriyābyākataṃ, cattāro ca mahābhūtā, nibbānañca—","html":"{}"},"ds2.4.2:114.3":{"pli":"ime dhammā no upādā. ","html":"{}</p>"},"ds2.4.2:115.0":{"pli":"2.4.2.10.14. Upādinnaduka ","html":"<h3>{}</h3>"},"ds2.4.2:115.1":{"pli":"Katame dhammā upādinnā? ","html":"<p>{}"},"ds2.4.2:115.2":{"pli":"Tīsu bhūmīsu vipāko, yañca rūpaṃ kammassa katattā—","html":"{}"},"ds2.4.2:115.3":{"pli":"ime dhammā upādinnā. ","html":"{}</p>"},"ds2.4.2:116.1":{"pli":"Katame dhammā anupādinnā? ","html":"<p>{}"},"ds2.4.2:116.2":{"pli":"Tīsu bhūmīsu kusalaṃ, akusalaṃ, tīsu bhūmīsu kiriyābyākataṃ, yañca rūpaṃ na kammassa katattā, cattāro maggā apariyāpannā, cattāri ca sāmaññaphalāni, nibbānañca—","html":"{}"},"ds2.4.2:116.3":{"pli":"ime dhammā anupādinnā. ","html":"{}</p>"},"ds2.4.2:117.0.1":{"pli":"2.4.2.11. Upādānagocchaka ","html":"<h2>{}</h2>"},"ds2.4.2:117.0.2":{"pli":"2.4.2.11.1. Upādānaduka ","html":"<h3>{}</h3>"},"ds2.4.2:117.1":{"pli":"Katame dhammā upādānā? ","html":"<p>{}"},"ds2.4.2:117.2":{"pli":"Cattāri upādānāni—","html":"{}"},"ds2.4.2:117.3":{"pli":"kāmupādānaṃ, diṭṭhupādānaṃ, sīlabbatupādānaṃ, attavādupādānaṃ. ","html":"{}"},"ds2.4.2:117.4":{"pli":"Kāmupādānaṃ aṭṭhasu lobhasahagatesu cittuppādesu uppajjati. ","html":"{}"},"ds2.4.2:117.5":{"pli":"Diṭṭhupādānañca sīlabbatupādānañca attavādupādānañca catūsu diṭṭhigatasampayuttesu cittuppādesu uppajjanti—","html":"{}"},"ds2.4.2:117.6":{"pli":"ime dhammā upādānā. ","html":"{}</p>"},"ds2.4.2:118.1":{"pli":"Katame dhammā no upādānā? ","html":"<p>{}"},"ds2.4.2:118.2":{"pli":"Ṭhapetvā upādāne avasesaṃ akusalaṃ, catūsu bhūmīsu kusalaṃ, catūsu bhūmīsu vipāko, tīsu bhūmīsu kiriyābyākataṃ, rūpañca, nibbānañca—","html":"{}"},"ds2.4.2:118.3":{"pli":"ime dhammā no upādānā. ","html":"{}</p>"},"ds2.4.2:119.0":{"pli":"2.4.2.11.2. Upādāniyaduka ","html":"<h3>{}</h3>"},"ds2.4.2:119.1":{"pli":"Katame dhammā upādāniyā? ","html":"<p>{}"},"ds2.4.2:119.2":{"pli":"Tīsu bhūmīsu kusalaṃ, akusalaṃ, tīsu bhūmīsu vipāko, tīsu bhūmīsu kiriyābyākataṃ, sabbañca rūpaṃ—","html":"{}"},"ds2.4.2:119.3":{"pli":"ime dhammā upādāniyā. ","html":"{}</p>"},"ds2.4.2:120.1":{"pli":"Katame dhammā anupādāniyā? ","html":"<p>{}"},"ds2.4.2:120.2":{"pli":"Cattāro maggā apariyāpannā, cattāri ca sāmaññaphalāni, nibbānañca—","html":"{}"},"ds2.4.2:120.3":{"pli":"ime dhammā anupādāniyā. ","html":"{}</p>"},"ds2.4.2:121.0":{"pli":"2.4.2.11.3. Upādānasampayuttaduka ","html":"<h3>{}</h3>"},"ds2.4.2:121.1":{"pli":"Katame dhammā upādānasampayuttā? ","html":"<p>{}"},"ds2.4.2:121.2":{"pli":"Cattāro diṭṭhigatasampayuttalobhasahagatacittuppādā, cattāro diṭṭhigatavippayuttalobhasahagatacittuppādā, etthuppannaṃ lobhaṃ ṭhapetvā—","html":"{}"},"ds2.4.2:121.3":{"pli":"ime dhammā upādānasampayuttā. ","html":"{}</p>"},"ds2.4.2:122.1":{"pli":"Katame dhammā upādānavippayuttā? ","html":"<p>{}"},"ds2.4.2:122.2":{"pli":"Catūsu diṭṭhigatavippayuttalobhasahagatesu cittuppādesu uppanno lobho, dve domanassasahagatacittuppādā, vicikicchāsahagato cittuppādo, uddhaccasahagato cittuppādo, catūsu bhūmīsu kusalaṃ, catūsu bhūmīsu vipāko, tīsu bhūmīsu kiriyābyākataṃ, rūpañca, nibbānañca—","html":"{}"},"ds2.4.2:122.3":{"pli":"ime dhammā upādānavippayuttā. ","html":"{}</p>"},"ds2.4.2:123.0":{"pli":"2.4.2.11.4. Upādānaupādāniyaduka ","html":"<h3>{}</h3>"},"ds2.4.2:123.1":{"pli":"Katame dhammā upādānā ceva upādāniyā ca? ","html":"<p>{}"},"ds2.4.2:123.2":{"pli":"Tāneva upādānāni upādānā ceva upādāniyā ca. ","html":"{}</p>"},"ds2.4.2:124.1":{"pli":"Katame dhammā upādāniyā ceva no ca upādānā? ","html":"<p>{}"},"ds2.4.2:124.2":{"pli":"Ṭhapetvā upādāne avasesaṃ akusalaṃ, tīsu bhūmīsu kusalaṃ, tīsu bhūmīsu vipāko, tīsu bhūmīsu kiriyābyākataṃ, sabbañca rūpaṃ—","html":"{}"},"ds2.4.2:124.3":{"pli":"ime dhammā upādāniyā ceva no ca upādānā. ","html":"{}"},"ds2.4.2:124.4":{"pli":"Anupādāniyā dhammā na vattabbā—","html":"{}"},"ds2.4.2:124.5":{"pli":"upādānā ceva upādāniyā cātipi, upādāniyā ceva no ca upādānātipi. ","html":"{}</p>"},"ds2.4.2:125.0":{"pli":"2.4.2.11.5. Upādānaupādānasampayuttaduka ","html":"<h3>{}</h3>"},"ds2.4.2:125.1":{"pli":"Katame dhammā upādānā ceva upādānasampayuttā ca? ","html":"<p>{}"},"ds2.4.2:125.2":{"pli":"Yattha diṭṭhi ca lobho ca ekato uppajjanti—","html":"{}"},"ds2.4.2:125.3":{"pli":"ime dhammā upādānā ceva upādānasampayuttā ca. ","html":"{}</p>"},"ds2.4.2:126.1":{"pli":"Katame dhammā upādānasampayuttā ceva no ca upādānā? ","html":"<p>{}"},"ds2.4.2:126.2":{"pli":"Aṭṭha lobhasahagatacittuppādā, etthuppanne upādāne ṭhapetvā—","html":"{}"},"ds2.4.2:126.3":{"pli":"ime dhammā upādānasampayuttā ceva no ca upādānā. ","html":"{}"},"ds2.4.2:126.4":{"pli":"Upādānavippayuttā dhammā na vattabbā—","html":"{}"},"ds2.4.2:126.5":{"pli":"upādānā ceva upādānasampayuttā cātipi, upādānasampayuttā ceva no ca upādānātipi. ","html":"{}</p>"},"ds2.4.2:127.0":{"pli":"2.4.2.11.6. Upādānavippayuttaupādāniyaduka ","html":"<h3>{}</h3>"},"ds2.4.2:127.1":{"pli":"Katame dhammā upādānavippayuttā upādāniyā? ","html":"<p>{}"},"ds2.4.2:127.2":{"pli":"Catūsu diṭṭhigatavippayuttalobhasahagatesu cittuppādesu uppanno lobho, dve domanassasahagatacittuppādā, vicikicchāsahagato cittuppādo, uddhaccasahagato cittuppādo, tīsu bhūmīsu kusalaṃ, tīsu bhūmīsu vipāko, tīsu bhūmīsu kiriyābyākataṃ, sabbañca rūpaṃ—","html":"{}"},"ds2.4.2:127.3":{"pli":"ime dhammā upādānavippayuttā upādāniyā. ","html":"{}</p>"},"ds2.4.2:128.1":{"pli":"Katame dhammā upādānavippayuttā anupādāniyā? ","html":"<p>{}"},"ds2.4.2:128.2":{"pli":"Cattāro maggā apariyāpannā, cattāri ca sāmaññaphalāni, nibbānañca—","html":"{}"},"ds2.4.2:128.3":{"pli":"ime dhammā upādānavippayuttā anupādāniyā. ","html":"{}"},"ds2.4.2:128.4":{"pli":"Upādānasampayuttā dhammā na vattabbā—","html":"{}"},"ds2.4.2:128.5":{"pli":"upādānavippayuttā upādāniyātipi, upādānavippayuttā anupādāniyātipi. ","html":"{}</p>"},"ds2.4.2:129.0.1":{"pli":"2.3.2.12. Kilesagocchaka ","html":"<h2>{}</h2>"},"ds2.4.2:129.0.2":{"pli":"2.4.2.12.1. Kilesaduka ","html":"<h3>{}</h3>"},"ds2.4.2:129.1":{"pli":"Katame dhammā kilesā? ","html":"<p>{}"},"ds2.4.2:129.2":{"pli":"Dasa kilesavatthūni—","html":"{}"},"ds2.4.2:129.3":{"pli":"lobho, doso, moho, māno, diṭṭhi, vicikicchā, thinaṃ, uddhaccaṃ, ahirikaṃ, anottappaṃ. ","html":"{}"},"ds2.4.2:129.4":{"pli":"Lobho aṭṭhasu lobhasahagatesu cittuppādesu uppajjati. ","html":"{}"},"ds2.4.2:129.5":{"pli":"Doso dvīsu domanassasahagatesu cittuppādesu uppajjati. ","html":"{}"},"ds2.4.2:129.6":{"pli":"Moho sabbākusalesu uppajjati. ","html":"{}"},"ds2.4.2:129.7":{"pli":"Māno catūsu diṭṭhigatavippayuttalobhasahagatesu cittuppādesu uppajjati. ","html":"{}"},"ds2.4.2:129.8":{"pli":"Diṭṭhi catūsu diṭṭhigatasampayuttesu cittuppādesu uppajjati. ","html":"{}"},"ds2.4.2:129.9":{"pli":"Vicikicchā vicikicchāsahagatesu cittuppādesu uppajjati. ","html":"{}"},"ds2.4.2:129.10":{"pli":"Thinaṃ sasaṅkhārikesu akusalesu uppajjati. ","html":"{}"},"ds2.4.2:129.11":{"pli":"Uddhaccañca ahirikañca anottappañca sabbākusalesu uppajjanti—","html":"{}"},"ds2.4.2:129.12":{"pli":"ime dhammā kilesā. ","html":"{}</p>"},"ds2.4.2:130.1":{"pli":"Katame dhammā no kilesā? ","html":"<p>{}"},"ds2.4.2:130.2":{"pli":"Ṭhapetvā kilese avasesaṃ akusalaṃ, catūsu bhūmīsu kusalaṃ, catūsu bhūmīsu vipāko, tīsu bhūmīsu kiriyābyākataṃ, rūpañca, nibbānañca—","html":"{}"},"ds2.4.2:130.3":{"pli":"ime dhammā no kilesā. ","html":"{}</p>"},"ds2.4.2:131.0":{"pli":"2.4.2.12.2. Saṅkilesikaduka ","html":"<h3>{}</h3>"},"ds2.4.2:131.1":{"pli":"Katame dhammā saṅkilesikā? ","html":"<p>{}"},"ds2.4.2:131.2":{"pli":"Tīsu bhūmīsu kusalaṃ, akusalaṃ, tīsu bhūmīsu vipāko, tīsu bhūmīsu kiriyābyākataṃ sabbañca rūpaṃ—","html":"{}"},"ds2.4.2:131.3":{"pli":"ime dhammā saṅkilesikā. ","html":"{}</p>"},"ds2.4.2:132.1":{"pli":"Katame dhammā asaṅkilesikā? ","html":"<p>{}"},"ds2.4.2:132.2":{"pli":"Cattāro maggā apariyāpannā, cattāri ca sāmaññaphalāni, nibbānañca—","html":"{}"},"ds2.4.2:132.3":{"pli":"ime dhammā asaṅkilesikā. ","html":"{}</p>"},"ds2.4.2:133.0":{"pli":"2.4.2.12.3. Saṅkiliṭṭhaduka ","html":"<h3>{}</h3>"},"ds2.4.2:133.1":{"pli":"Katame dhammā saṅkiliṭṭhā? ","html":"<p>{}"},"ds2.4.2:133.2":{"pli":"Dvādasa akusalacittuppādā—","html":"{}"},"ds2.4.2:133.3":{"pli":"ime dhammā saṅkiliṭṭhā. ","html":"{}</p>"},"ds2.4.2:134.1":{"pli":"Katame dhammā asaṅkiliṭṭhā? ","html":"<p>{}"},"ds2.4.2:134.2":{"pli":"Catūsu bhūmīsu kusalaṃ, catūsu bhūmīsu vipāko, tīsu bhūmīsu kiriyābyākataṃ, rūpañca, nibbānañca—","html":"{}"},"ds2.4.2:134.3":{"pli":"ime dhammā asaṅkiliṭṭhā. ","html":"{}</p>"},"ds2.4.2:135.0":{"pli":"2.4.2.12.4. Kilesasampayuttaduka ","html":"<h3>{}</h3>"},"ds2.4.2:135.1":{"pli":"Katame dhammā kilesasampayuttā? ","html":"<p>{}"},"ds2.4.2:135.2":{"pli":"Dvādasa akusalacittuppādā—","html":"{}"},"ds2.4.2:135.3":{"pli":"ime dhammā kilesasampayuttā. ","html":"{}</p>"},"ds2.4.2:136.1":{"pli":"Katame dhammā kilesavippayuttā? ","html":"<p>{}"},"ds2.4.2:136.2":{"pli":"Catūsu bhūmīsu kusalaṃ, catūsu bhūmīsu vipāko, tīsu bhūmīsu kiriyābyākataṃ, rūpañca, nibbānañca—","html":"{}"},"ds2.4.2:136.3":{"pli":"ime dhammā kilesavippayuttā. ","html":"{}</p>"},"ds2.4.2:137.0":{"pli":"2.4.2.12.5. Kilesasaṅkilesikaduka ","html":"<h3>{}</h3>"},"ds2.4.2:137.1":{"pli":"Katame dhammā kilesā ceva saṅkilesikā ca? ","html":"<p>{}"},"ds2.4.2:137.2":{"pli":"Teva kilesā kilesā ceva saṅkilesikā ca. ","html":"{}</p>"},"ds2.4.2:138.1":{"pli":"Katame dhammā saṅkilesikā ceva no ca kilesā? ","html":"<p>{}"},"ds2.4.2:138.2":{"pli":"Ṭhapetvā kilese avasesaṃ akusalaṃ, tīsu bhūmīsu kusalaṃ, tīsu bhūmīsu vipāko, tīsu bhūmīsu kiriyābyākataṃ, sabbañca rūpaṃ—","html":"{}"},"ds2.4.2:138.3":{"pli":"ime dhammā saṅkilesikā ceva no ca kilesā. ","html":"{}"},"ds2.4.2:138.4":{"pli":"Asaṅkilesikā dhammā na vattabbā—","html":"{}"},"ds2.4.2:138.5":{"pli":"kilesā ceva saṅkilesikā cātipi, saṅkilesikā ceva no ca kilesātipi. ","html":"{}</p>"},"ds2.4.2:139.0":{"pli":"2.4.2.12.6. Kilesasaṅkiliṭṭhaduka ","html":"<h3>{}</h3>"},"ds2.4.2:139.1":{"pli":"Katame dhammā kilesā ceva saṅkiliṭṭhā ca? ","html":"<p>{}"},"ds2.4.2:139.2":{"pli":"Teva kilesā kilesā ceva saṅkiliṭṭhā ca. ","html":"{}</p>"},"ds2.4.2:140.1":{"pli":"Katame dhammā saṅkiliṭṭhā ceva no ca kilesā? ","html":"<p>{}"},"ds2.4.2:140.2":{"pli":"Ṭhapetvā kilese avasesaṃ akusalaṃ—","html":"{}"},"ds2.4.2:140.3":{"pli":"ime dhammā saṅkiliṭṭhā ceva no ca kilesā. ","html":"{}"},"ds2.4.2:140.4":{"pli":"Asaṅkiliṭṭhā dhammā na vattabbā—","html":"{}"},"ds2.4.2:140.5":{"pli":"kilesā ceva saṅkiliṭṭhā cātipi, saṅkiliṭṭhā ceva no ca kilesātipi. ","html":"{}</p>"},"ds2.4.2:141.0":{"pli":"2.4.2.12.7. Kilesakilesasampayuttaduka ","html":"<h3>{}</h3>"},"ds2.4.2:141.1":{"pli":"Katame dhammā kilesā ceva kilesasampayuttā ca? ","html":"<p>{}"},"ds2.4.2:141.2":{"pli":"Yattha dve tayo kilesā ekato uppajjanti—","html":"{}"},"ds2.4.2:141.3":{"pli":"ime dhammā kilesā ceva kilesasampayuttā ca. ","html":"{}</p>"},"ds2.4.2:142.1":{"pli":"Katame dhammā kilesasampayuttā ceva no ca kilesā? ","html":"<p>{}"},"ds2.4.2:142.2":{"pli":"Ṭhapetvā kilese avasesaṃ akusalaṃ—","html":"{}"},"ds2.4.2:142.3":{"pli":"ime dhammā kilesasampayuttā ceva no ca kilesā. ","html":"{}"},"ds2.4.2:142.4":{"pli":"Kilesavippayuttā dhammā na vattabbā—","html":"{}"},"ds2.4.2:142.5":{"pli":"kilesā ceva kilesasampayuttā cātipi, kilesasampayuttā ceva no ca kilesātipi. ","html":"{}</p>"},"ds2.4.2:143.0":{"pli":"2.4.2.12.8. Kilesavippayuttasaṅkilesikaduka ","html":"<h3>{}</h3>"},"ds2.4.2:143.1":{"pli":"Katame dhammā kilesavippayuttā saṅkilesikā? ","html":"<p>{}"},"ds2.4.2:143.2":{"pli":"Tīsu bhūmīsu kusalaṃ, tīsu bhūmīsu vipāko, tīsu bhūmīsu kiriyābyākataṃ, sabbañca rūpaṃ—","html":"{}"},"ds2.4.2:143.3":{"pli":"ime dhammā kilesavippayuttā saṅkilesikā. ","html":"{}</p>"},"ds2.4.2:144.1":{"pli":"Katame dhammā kilesavippayuttā asaṅkilesikā? ","html":"<p>{}"},"ds2.4.2:144.2":{"pli":"Cattāro maggā apariyāpannā, cattāri ca sāmaññaphalāni, nibbānañca—","html":"{}"},"ds2.4.2:144.3":{"pli":"ime dhammā kilesavippayuttā asaṅkilesikā. ","html":"{}"},"ds2.4.2:144.4":{"pli":"Kilesasampayuttā dhammā na vattabbā—","html":"{}"},"ds2.4.2:144.5":{"pli":"kilesavippayuttā saṅkilesikātipi, kilesavippayuttā asaṅkilesikātipi. ","html":"{}</p>"},"ds2.4.2:145.0.1":{"pli":"2.4.2.13. Piṭṭhiduka ","html":"<h2>{}</h2>"},"ds2.4.2:145.0.2":{"pli":"2.4.2.13.1. Dassanenapahātabbaduka ","html":"<h3>{}</h3>"},"ds2.4.2:145.1":{"pli":"Katame dhammā dassanena pahātabbā? ","html":"<p>{}"},"ds2.4.2:145.2":{"pli":"Cattāro diṭṭhigatasampayuttacittuppādā, vicikicchāsahagato cittuppādo—","html":"{}"},"ds2.4.2:145.3":{"pli":"ime dhammā dassanena pahātabbā. ","html":"{}"},"ds2.4.2:145.4":{"pli":"Cattāro diṭṭhigatavippayuttalobhasahagatacittuppādā, dve domanassasahagatacittuppādā—","html":"{}"},"ds2.4.2:145.5":{"pli":"ime dhammā siyā dassanena pahātabbā, siyā na dassanena pahātabbā. ","html":"{}</p>"},"ds2.4.2:146.1":{"pli":"Katame dhammā na dassanena pahātabbā? ","html":"<p>{}"},"ds2.4.2:146.2":{"pli":"Uddhaccasahagato cittuppādo, catūsu bhūmīsu kusalaṃ, catūsu bhūmīsu vipāko, tīsu bhūmīsu kiriyābyākataṃ, rūpañca, nibbānañca—","html":"{}"},"ds2.4.2:146.3":{"pli":"ime dhammā na dassanena pahātabbā. ","html":"{}</p>"},"ds2.4.2:147.0":{"pli":"2.4.2.13.2. Bhāvanāyapahātabbaduka ","html":"<h3>{}</h3>"},"ds2.4.2:147.1":{"pli":"Katame dhammā bhāvanāya pahātabbā? ","html":"<p>{}"},"ds2.4.2:147.2":{"pli":"Uddhaccasahagato cittuppādo—","html":"{}"},"ds2.4.2:147.3":{"pli":"ime dhammā bhāvanāya pahātabbā. ","html":"{}"},"ds2.4.2:147.4":{"pli":"Cattāro diṭṭhigatavippayuttalobhasahagatacittuppādā, dve domanassasahagatacittuppādā—","html":"{}"},"ds2.4.2:147.5":{"pli":"ime dhammā siyā bhāvanāya pahātabbā, siyā na bhāvanāya pahātabbā. ","html":"{}</p>"},"ds2.4.2:148.1":{"pli":"Katame dhammā na bhāvanāya pahātabbā? ","html":"<p>{}"},"ds2.4.2:148.2":{"pli":"Cattāro diṭṭhigatasampayuttacittuppādā, vicikicchāsahagato cittuppādo, catūsu bhūmīsu kusalaṃ, catūsu bhūmīsu vipāko, tīsu bhūmīsu kiriyābyākataṃ, rūpañca, nibbānañca—","html":"{}"},"ds2.4.2:148.3":{"pli":"ime dhammā na bhāvanāya pahātabbā. ","html":"{}</p>"},"ds2.4.2:149.0":{"pli":"2.4.2.13.3. Dassanenapahātabbahetukaduka ","html":"<h3>{}</h3>"},"ds2.4.2:149.1":{"pli":"Katame dhammā dassanena pahātabbahetukā? ","html":"<p>{}"},"ds2.4.2:149.2":{"pli":"Cattāro diṭṭhigatasampayuttacittuppādā, vicikicchāsahagato cittuppādo, etthuppannaṃ mohaṃ ṭhapetvā—","html":"{}"},"ds2.4.2:149.3":{"pli":"ime dhammā dassanena pahātabbahetukā. ","html":"{}"},"ds2.4.2:149.4":{"pli":"Cattāro diṭṭhigatavippayuttalobhasahagatacittuppādā, dve domanassasahagatacittuppādā—","html":"{}"},"ds2.4.2:149.5":{"pli":"ime dhammā siyā dassanena pahātabbahetukā, siyā na dassanena pahātabbahetukā. ","html":"{}</p>"},"ds2.4.2:150.1":{"pli":"Katame dhammā na dassanena pahātabbahetukā? ","html":"<p>{}"},"ds2.4.2:150.2":{"pli":"Vicikicchāsahagato moho, uddhaccasahagato cittuppādo, catūsu bhūmīsu kusalaṃ, catūsu bhūmīsu vipāko, tīsu bhūmīsu kiriyābyākataṃ, rūpañca, nibbānañca—","html":"{}"},"ds2.4.2:150.3":{"pli":"ime dhammā na dassanena pahātabbahetukā. ","html":"{}</p>"},"ds2.4.2:151.0":{"pli":"2.4.2.13.4. Bhāvanāyapahātabbahetukaduka ","html":"<h3>{}</h3>"},"ds2.4.2:151.1":{"pli":"Katame dhammā bhāvanāya pahātabbahetukā? ","html":"<p>{}"},"ds2.4.2:151.2":{"pli":"Uddhaccasahagato cittuppādo, etthuppannaṃ mohaṃ ṭhapetvā—","html":"{}"},"ds2.4.2:151.3":{"pli":"ime dhammā bhāvanāya pahātabbahetukā. ","html":"{}"},"ds2.4.2:151.4":{"pli":"Cattāro diṭṭhigatavippayuttalobhasahagatacittuppādā, dve domanassasahagatacittuppādā—","html":"{}"},"ds2.4.2:151.5":{"pli":"ime dhammā siyā bhāvanāya pahātabbahetukā, siyā na bhāvanāya pahātabbahetukā. ","html":"{}</p>"},"ds2.4.2:152.1":{"pli":"Katame dhammā na bhāvanāya pahātabbahetukā? ","html":"<p>{}"},"ds2.4.2:152.2":{"pli":"Cattāro diṭṭhigatasampayuttacittuppādā, vicikicchāsahagato cittuppādo, uddhaccasahagato moho, catūsu bhūmīsu kusalaṃ, catūsu bhūmīsu vipāko, tīsu bhūmīsu kiriyābyākataṃ, rūpañca, nibbānañca—","html":"{}"},"ds2.4.2:152.3":{"pli":"ime dhammā na bhāvanāya pahātabbahetukā. ","html":"{}</p>"},"ds2.4.2:153.0":{"pli":"2.4.2.13.5. Savitakkaduka ","html":"<h3>{}</h3>"},"ds2.4.2:153.1":{"pli":"Katame dhammā savitakkā? ","html":"<p>{}"},"ds2.4.2:153.2":{"pli":"Kāmāvacarakusalaṃ, akusalaṃ, kāmāvacarakusalassa vipākato ekādasa cittuppādā, akusalassa vipākato dve, kiriyato ekādasa, rūpāvacaraṃ paṭhamaṃ jhānaṃ kusalato ca vipākato ca kiriyato ca lokuttaraṃ paṭhamaṃ jhānaṃ kusalato ca vipākato ca, etthuppannaṃ vitakkaṃ ṭhapetvā—","html":"{}"},"ds2.4.2:153.3":{"pli":"ime dhammā savitakkā. ","html":"{}</p>"},"ds2.4.2:154.1":{"pli":"Katame dhammā avitakkā? ","html":"<p>{}"},"ds2.4.2:154.2":{"pli":"Dvepañcaviññāṇāni, rūpāvacaratikacatukkajjhānā kusalato ca vipākato ca kiriyato ca, cattāro arūpāvacarā kusalato ca vipākato ca kiriyato ca, lokuttaratikacatukkajjhānā kusalato ca vipākato ca, vitakko ca, rūpañca, nibbānañca—","html":"{}"},"ds2.4.2:154.3":{"pli":"ime dhammā avitakkā. ","html":"{}</p>"},"ds2.4.2:155.0":{"pli":"2.4.2.13.6. Savicāraduka ","html":"<h3>{}</h3>"},"ds2.4.2:155.1":{"pli":"Katame dhammā savicārā? ","html":"<p>{}"},"ds2.4.2:155.2":{"pli":"Kāmāvacarakusalaṃ, akusalaṃ, kāmāvacarakusalassa vipākato ekādasa cittuppādā, akusalassa vipākato dve kiriyato ekādasa, rūpāvacaraekakadukajjhānā kusalato ca vipākato ca kiriyato ca, lokuttaraekakadukajjhānā kusalato ca vipākato ca, etthuppannaṃ vicāraṃ ṭhapetvā—","html":"{}"},"ds2.4.2:155.3":{"pli":"ime dhammā savicārā. ","html":"{}</p>"},"ds2.4.2:156.1":{"pli":"Katame dhammā avicārā? ","html":"<p>{}"},"ds2.4.2:156.2":{"pli":"Dvepañcaviññāṇāni, rūpāvacaratikatikajjhānā kusalato ca vipākato ca kiriyato ca, cattāro āruppā kusalato ca vipākato ca kiriyato ca, lokuttaratikatikajjhānā kusalato ca vipākato ca, vicāro ca, rūpañca, nibbānañca—","html":"{}"},"ds2.4.2:156.3":{"pli":"ime dhammā avicārā. ","html":"{}</p>"},"ds2.4.2:157.0":{"pli":"2.4.2.13.7. Sappītikaduka ","html":"<h3>{}</h3>"},"ds2.4.2:157.1":{"pli":"Katame dhammā sappītikā? ","html":"<p>{}"},"ds2.4.2:157.2":{"pli":"Kāmāvacarakusalato cattāro somanassasahagatacittuppādā, akusalato cattāro, kāmāvacarakusalassa vipākato pañca, kiriyato pañca, rūpāvacaradukatikajjhānā kusalato ca vipākato ca kiriyato ca, lokuttaradukatikajjhānā kusalato ca vipākato ca, etthuppannaṃ pītiṃ ṭhapetvā—","html":"{}"},"ds2.4.2:157.3":{"pli":"ime dhammā sappītikā. ","html":"{}</p>"},"ds2.4.2:158.1":{"pli":"Katame dhammā appītikā? ","html":"<p>{}"},"ds2.4.2:158.2":{"pli":"Kāmāvacarakusalato cattāro upekkhāsahagatacittuppādā, akusalato aṭṭha, kāmāvacarakusalassa vipākato ekādasa, akusalassa vipākato satta, kiriyato cha, rūpāvacaradukadukajjhānā kusalato ca vipākato ca kiriyato ca, cattāro āruppā kusalato ca vipākato ca kiriyato ca, lokuttaradukadukajjhānā kusalato ca vipākato ca pīti ca, rūpañca, nibbānañca—","html":"{}"},"ds2.4.2:158.3":{"pli":"ime dhammā appītikā. ","html":"{}</p>"},"ds2.4.2:159.0":{"pli":"2.4.2.13.8. Pītisahagataduka ","html":"<h3>{}</h3>"},"ds2.4.2:159.1":{"pli":"Katame dhammā pītisahagatā? ","html":"<p>{}"},"ds2.4.2:159.2":{"pli":"Kāmāvacarakusalato cattāro somanassasahagatacittuppādā, akusalato cattāro, kāmāvacarakusalassa vipākato pañca, kiriyato pañca, rūpāvacaradukatikajjhānā kusalato ca vipākato ca kiriyato ca, lokuttaradukatikajjhānā kusalato ca vipākato ca, etthuppannaṃ pītiṃ ṭhapetvā—","html":"{}"},"ds2.4.2:159.3":{"pli":"ime dhammā pītisahagatā. ","html":"{}</p>"},"ds2.4.2:160.1":{"pli":"Katame dhammā na pītisahagatā? ","html":"<p>{}"},"ds2.4.2:160.2":{"pli":"Kāmāvacarakusalato cattāro upekkhāsahagatacittuppādā, akusalato aṭṭha, kāmāvacarakusalassa vipākato ekādasa, akusalassa vipākato satta, kiriyato cha, rūpāvacaradukadukajjhānā kusalato ca vipākato ca kiriyato ca, cattāro āruppā kusalato ca vipākato ca kiriyato ca, lokuttaradukadukajjhānā kusalato ca vipākato ca, pīti ca, rūpañca, nibbānañca—","html":"{}"},"ds2.4.2:160.3":{"pli":"ime dhammā na pītisahagatā. ","html":"{}</p>"},"ds2.4.2:161.0":{"pli":"2.4.2.13.9. Sukhasahagataduka ","html":"<h3>{}</h3>"},"ds2.4.2:161.1":{"pli":"Katame dhammā sukhasahagatā? ","html":"<p>{}"},"ds2.4.2:161.2":{"pli":"Kāmāvacarakusalato cattāro somanassasahagatacittuppādā, akusalato cattāro, kāmāvacarakusalassa vipākato cha, kiriyato pañca, rūpāvacaratikacatukkajjhānā kusalato ca vipākato ca kiriyato ca lokuttaratikacatukkajjhānā kusalato ca vipākato ca, etthuppannaṃ sukhaṃ ṭhapetvā—","html":"{}"},"ds2.4.2:161.3":{"pli":"ime dhammā sukhasahagatā. ","html":"{}</p>"},"ds2.4.2:162.1":{"pli":"Katame dhammā na sukhasahagatā? ","html":"<p>{}"},"ds2.4.2:162.2":{"pli":"Kāmāvacarakusalato cattāro upekkhāsahagatacittuppādā, akusalato aṭṭha, kāmāvacarakusalassa vipākato dasa, akusalassa vipākato satta, kiriyato cha, rūpāvacaraṃ catutthaṃ jhānaṃ kusalato ca vipākato ca kiriyato ca, cattāro āruppā kusalato ca vipākato ca kiriyato ca lokuttaraṃ catutthaṃ jhānaṃ kusalato ca vipākato ca, sukhañca, rūpañca, nibbānañca—","html":"{}"},"ds2.4.2:162.3":{"pli":"ime dhammā na sukhasahagatā. ","html":"{}</p>"},"ds2.4.2:163.0":{"pli":"2.4.2.13.10. Upekkhāsahagataduka ","html":"<h3>{}</h3>"},"ds2.4.2:163.1":{"pli":"Katame dhammā upekkhāsahagatā? ","html":"<p>{}"},"ds2.4.2:163.2":{"pli":"Kāmāvacarakusalato cattāro upekkhāsahagatacittuppādā, akusalato cha, kāmāvacarakusalassa vipākato dasa, akusalassa vipākato cha, kiriyato cha, rūpāvacaraṃ catutthaṃ jhānaṃ kusalato ca vipākato ca kiriyato ca, cattāro āruppā kusalato ca vipākato ca kiriyato ca, lokuttaraṃ catutthaṃ jhānaṃ kusalato ca vipākato ca, etthuppannaṃ upekkhaṃ ṭhapetvā—","html":"{}"},"ds2.4.2:163.3":{"pli":"ime dhammā upekkhāsahagatā. ","html":"{}</p>"},"ds2.4.2:164.1":{"pli":"Katame dhammā na upekkhāsahagatā? ","html":"<p>{}"},"ds2.4.2:164.2":{"pli":"Kāmāvacarakusalato cattāro somanassasahagatacittuppādā, akusalato cha, kāmāvacarakusalassa vipākato cha, akusalassa vipākato eko, kiriyato pañca, rūpāvacaratikacatukkajjhānā kusalato ca vipākato ca kiriyato ca, lokuttaratikacatukkajjhānā kusalato ca vipākato ca, upekkhā ca, rūpañca, nibbānañca—","html":"{}"},"ds2.4.2:164.3":{"pli":"ime dhammā na upekkhāsahagatā. ","html":"{}</p>"},"ds2.4.2:165.0":{"pli":"2.4.2.13.11. Kāmāvacaraduka ","html":"<h3>{}</h3>"},"ds2.4.2:165.1":{"pli":"Katame dhammā kāmāvacarā? ","html":"<p>{}"},"ds2.4.2:165.2":{"pli":"Kāmāvacarakusalaṃ, akusalaṃ, sabbo kāmāvacarassa vipāko, kāmāvacarakiriyābyākataṃ, sabbañca rūpaṃ—","html":"{}"},"ds2.4.2:165.3":{"pli":"ime dhammā kāmāvacarā. ","html":"{}</p>"},"ds2.4.2:166.1":{"pli":"Katame dhammā na kāmāvacarā? ","html":"<p>{}"},"ds2.4.2:166.2":{"pli":"Rūpāvacarā, arūpāvacarā, apariyāpannā—","html":"{}"},"ds2.4.2:166.3":{"pli":"ime dhammā na kāmāvacarā. ","html":"{}</p>"},"ds2.4.2:167.0":{"pli":"2.4.2.13.12. Rūpāvacaraduka ","html":"<h3>{}</h3>"},"ds2.4.2:167.1":{"pli":"Katame dhammā rūpāvacarā? ","html":"<p>{}"},"ds2.4.2:167.2":{"pli":"Rūpāvacaracatukkapañcakajjhānā kusalato ca vipākato ca kiriyato ca—","html":"{}"},"ds2.4.2:167.3":{"pli":"ime dhammā rūpāvacarā. ","html":"{}</p>"},"ds2.4.2:168.1":{"pli":"Katame dhammā na rūpāvacarā? ","html":"<p>{}"},"ds2.4.2:168.2":{"pli":"Kāmāvacarā, arūpāvacarā, apariyāpannā—","html":"{}"},"ds2.4.2:168.3":{"pli":"ime dhammā na rūpāvacarā. ","html":"{}</p>"},"ds2.4.2:169.0":{"pli":"2.4.2.13.13. Arūpāvacaraduka ","html":"<h3>{}</h3>"},"ds2.4.2:169.1":{"pli":"Katame dhammā arūpāvacarā? ","html":"<p>{}"},"ds2.4.2:169.2":{"pli":"Cattāro āruppā kusalato ca vipākato ca kiriyato ca—","html":"{}"},"ds2.4.2:169.3":{"pli":"ime dhammā arūpāvacarā. ","html":"{}</p>"},"ds2.4.2:170.1":{"pli":"Katame dhammā na arūpāvacarā? ","html":"<p>{}"},"ds2.4.2:170.2":{"pli":"Kāmāvacarā, rūpāvacarā, apariyāpannā—","html":"{}"},"ds2.4.2:170.3":{"pli":"ime dhammā na arūpāvacarā. ","html":"{}</p>"},"ds2.4.2:171.0":{"pli":"2.4.2.13.14. Pariyāpannaduka ","html":"<h3>{}</h3>"},"ds2.4.2:171.1":{"pli":"Katame dhammā pariyāpannā? ","html":"<p>{}"},"ds2.4.2:171.2":{"pli":"Tīsu bhūmīsu kusalaṃ, akusalaṃ, tīsu bhūmīsu vipāko, tīsu bhūmīsu kiriyābyākataṃ, sabbañca rūpaṃ—","html":"{}"},"ds2.4.2:171.3":{"pli":"ime dhammā pariyāpannā. ","html":"{}</p>"},"ds2.4.2:172.1":{"pli":"Katame dhammā apariyāpannā? ","html":"<p>{}"},"ds2.4.2:172.2":{"pli":"Cattāro maggā apariyāpannā, cattāri ca sāmaññaphalāni, nibbānañca—","html":"{}"},"ds2.4.2:172.3":{"pli":"ime dhammā apariyāpannā. ","html":"{}</p>"},"ds2.4.2:173.0":{"pli":"2.4.2.13.15. Niyyānikaduka ","html":"<h3>{}</h3>"},"ds2.4.2:173.1":{"pli":"Katame dhammā niyyānikā? ","html":"<p>{}"},"ds2.4.2:173.2":{"pli":"Cattāro maggā apariyāpannā—","html":"{}"},"ds2.4.2:173.3":{"pli":"ime dhammā niyyānikā. ","html":"{}</p>"},"ds2.4.2:174.1":{"pli":"Katame dhammā aniyyānikā? ","html":"<p>{}"},"ds2.4.2:174.2":{"pli":"Tīsu bhūmīsu kusalaṃ, akusalaṃ, catūsu bhūmīsu vipāko, tīsu bhūmīsu kiriyābyākataṃ, rūpañca, nibbānañca—","html":"{}"},"ds2.4.2:174.3":{"pli":"ime dhammā aniyyānikā. ","html":"{}</p>"},"ds2.4.2:175.0":{"pli":"2.4.2.13.16. Niyataduka ","html":"<h3>{}</h3>"},"ds2.4.2:175.1":{"pli":"Katame dhammā niyatā? ","html":"<p>{}"},"ds2.4.2:175.2":{"pli":"Cattāro diṭṭhigatasampayuttacittuppādā, dve domanassasahagatacittuppādā—","html":"{}"},"ds2.4.2:175.3":{"pli":"ime dhammā siyā niyatā siyā aniyatā. ","html":"{}"},"ds2.4.2:175.4":{"pli":"Cattāro maggā apariyāpannā—","html":"{}"},"ds2.4.2:175.5":{"pli":"ime dhammā niyatā. ","html":"{}</p>"},"ds2.4.2:176.1":{"pli":"Katame dhammā aniyatā? ","html":"<p>{}"},"ds2.4.2:176.2":{"pli":"Cattāro diṭṭhigatavippayuttalobhasahagatacittuppādā, vicikicchāsahagato cittuppādo, uddhaccasahagato cittuppādo, tīsu bhūmīsu kusalaṃ, catūsu bhūmīsu vipāko, tīsu bhūmīsu kiriyābyākataṃ, rūpañca, nibbānañca—","html":"{}"},"ds2.4.2:176.3":{"pli":"ime dhammā aniyatā. ","html":"{}</p>"},"ds2.4.2:177.0":{"pli":"2.4.2.13.17. Sauttaraduka ","html":"<h3>{}</h3>"},"ds2.4.2:177.1":{"pli":"Katame dhammā sauttarā? ","html":"<p>{}"},"ds2.4.2:177.2":{"pli":"Tīsu bhūmīsu kusalaṃ, akusalaṃ, tīsu bhūmīsu vipāko, tīsu bhūmīsu kiriyābyākataṃ, sabbañca rūpaṃ—","html":"{}"},"ds2.4.2:177.3":{"pli":"ime dhammā sauttarā. ","html":"{}</p>"},"ds2.4.2:178.1":{"pli":"Katame dhammā anuttarā? ","html":"<p>{}"},"ds2.4.2:178.2":{"pli":"Cattāro maggā apariyāpannā, cattāri ca sāmaññaphalāni, nibbānañca—","html":"{}"},"ds2.4.2:178.3":{"pli":"ime dhammā anuttarā. ","html":"{}</p>"},"ds2.4.2:179.0":{"pli":"2.4.2.13.18. Saraṇaduka ","html":"<h3>{}</h3>"},"ds2.4.2:179.1":{"pli":"Katame dhammā saraṇā? ","html":"<p>{}"},"ds2.4.2:179.2":{"pli":"Dvādasa akusalacittuppādā—","html":"{}"},"ds2.4.2:179.3":{"pli":"ime dhammā saraṇā. ","html":"{}</p>"},"ds2.4.2:180.1":{"pli":"Katame dhammā araṇā? ","html":"<p>{}"},"ds2.4.2:180.2":{"pli":"Catūsu bhūmīsu kusalaṃ, catūsu bhūmīsu vipāko, tīsu bhūmīsu kiriyābyākataṃ, rūpañca, nibbānañca—","html":"{}"},"ds2.4.2:180.3":{"pli":"ime dhammā araṇā. ","html":"{}</p>"},"ds2.4.2:180.4":{"pli":"Atthuddhāro niṭṭhito. ","html":"<p class='endsection'>{}</p>"},"ds2.4.2:180.5":{"pli":"Dhammasaṅgaṇīpakaraṇaṃ niṭṭhitaṃ. ","html":"<p class='endbook'>{}</p></article>"}}}