{"ja1":{"ja1:0.1":{"pli":"Jātaka ","eng":"Stories of Past Lives 1 ","html":"<article id='ja1'><header><ul><li class='division'>{}</li>"},"ja1:0.2":{"pli":"Ekakanipāta ","eng":"The Book of the Ones ","html":"<li>{}</li>"},"ja1:0.3":{"pli":"Apaṇṇakavagga ","eng":"Unfailing ","html":"<li>{}</li></ul>"},"ja1:0.4":{"pli":"1. Apaṇṇakajātaka ","eng":"Unfailing: a past life story ","html":"<h1 class='sutta-title'>{}</h1></header>"},"ja1:1.1":{"pli":"Namo tassa Bhagavato Arahato Sammāsambuddhassa. ","eng":"Homage to him, the blessed one, the perfected one, the fully awakened Buddha! ","html":"<p class='namo'>{}</p>"},"ja1:2.1":{"pli":"“Apaṇṇakaṃ ṭhānameke, ","eng":"When some have an unfailing basis, ","html":"<blockquote class='gatha'><p><span class='verse-line'>{}</span>","comm":"<i lang='pi' translate='no'>Apaṇṇaka</i> (“unfailing”) is a gambling term, where <i lang='pi' translate='no'>paṇṇa</i> appears as a form of the number five. While a hand of four dice was “perfect” (<i lang='pi' translate='no'>kaṭa</i>), the fifth “losing” (<i lang='pi' translate='no'>kali</i>) die was all-powerful, since just one extra die meant you lose everything (Rig Veda 10.34.2, Śatapatha Brāhmaṇa 5.4.4.6). <i lang='pi' translate='no'>Apaṇṇaka</i> is therefore literally a “set without a fifth” and metaphorically “without fail”. See further note on <a href='index.html?q=mn60#12.5'>MN 60:12.5</a>. "},"ja1:2.2":{"pli":"Dutiyaṃ āhu takkikā; ","eng":"while sophists speak of a second way, ","html":"<span class='verse-line'>{}</span>","comm":"In the prose story, the “sophists” (<i lang='pi' translate='no'>takkikā</i>) are compared to a native spirit (<i lang='pi' translate='no'>yakkha</i>) who tried to persuade a caravan to abandon its water in the desert. "},"ja1:2.3":{"pli":"Etadaññāya medhāvī, ","eng":"an intelligent person, knowing this, ","html":"<span class='verse-line'>{}</span>"},"ja1:2.4":{"pli":"Taṃ gaṇhe yadapaṇṇakan”ti. ","eng":"would take up what is unfailing. ","html":"<span class='verse-line'>{}</span></p></blockquote>","comm":"This line draws on the gambling imagery: one would “take up” (<i lang='pi' translate='no'>gaṇhe</i>) that which is “unfailing”, namely a “winning hand” (<i lang='pi' translate='no'>kaṭaggāha</i>). In the ancient Vedic game of chance, a large quantity of <i lang='pi' translate='no'>vibhītaka</i> (“bedda”) nuts were placed in a hollow, from which players would take a handful. If the number of nuts was divisible by four, it was said to be a “perfect” (<i lang='pi' translate='no'>kaṭa</i>) “hand” (<i lang='pi' translate='no'>gāha</i>). "},"ja1:3.1":{"pli":"Apaṇṇakajātakaṃ paṭhamaṃ. ","html":"<p class='endsutta'>{}</p></article>"}},"ja10":{"ja10:0.1":{"pli":"Jātaka ","eng":"Stories of Past Lives 10 ","html":"<article id='ja10'><header><ul><li class='division'>{}</li>"},"ja10:0.2":{"pli":"Ekakanipāta ","eng":"The Book of the Ones ","html":"<li>{}</li>"},"ja10:0.3":{"pli":"Apaṇṇakavagga ","eng":"Unfailing ","html":"<li>{}</li></ul>"},"ja10:0.4":{"pli":"10. Sukhavihārijātaka ","eng":"Living at Ease: a past life story ","html":"<h1 class='sutta-title'>{}</h1></header>"},"ja10:1.1":{"pli":"“Yañca aññe na rakkhanti, ","eng":"He who is not guarded by others, ","html":"<blockquote class='gatha'><p><span class='verse-line'>{}</span>","comm":"The story concerns an ascetic who, lying down in bliss, does not rise to greet the king. "},"ja10:1.2":{"pli":"yo ca aññe na rakkhati; ","eng":"and who does not guard others, ","html":"<span class='verse-line'>{}</span>"},"ja10:1.3":{"pli":"Sa ve rāja sukhaṃ seti, ","eng":"truly sleeps at ease, O king, ","html":"<span class='verse-line'>{}</span>","comm":"This verse is identical to <a href='index.html?q=thag11.1#4.1.'>Thag 11.1:4.1.</a>, except that is addressed to a mendicant. "},"ja10:1.4":{"pli":"kāmesu anapekkhavā”ti. ","eng":"unconcerned for sensual pleasures. ","html":"<span class='verse-line'>{}</span></p></blockquote>"},"ja10:2.1":{"pli":"Sukhavihārijātakaṃ dasamaṃ. ","html":"<p class='endsutta'>{}</p>"},"ja10:2.2":{"pli":"Apaṇṇakavaggo paṭhamo. ","html":"<p class='endvagga'>{}</p>"},"ja10:3.1":{"pli":"Tassuddānaṃ ","html":"<p class='uddana-intro'>{}</p>"},"ja10:4.1":{"pli":"Varāpaṇṇaka vaṇṇupatha serivaro, ","html":"<blockquote class='uddanagatha'><p><span class='verse-line'>{}</span>"},"ja10:4.2":{"pli":"Suvicakkhaṇa taṇḍulanāḷikassā; ","html":"<span class='verse-line'>{}</span>"},"ja10:4.3":{"pli":"Hiri puttavaruttagāmaṇinā, ","html":"<span class='verse-line'>{}</span>"},"ja10:4.4":{"pli":"Yo ca na rakkhati tena dasāti. ","html":"<span class='verse-line'>{}</span></p></blockquote></article>"}},"ja100":{"ja100:0.1":{"pli":"Jātaka ","html":"<article id='ja100'><header><ul><li class='division'>{}</li>"},"ja100:0.2":{"pli":"Ekakanipāta ","html":"<li>{}</li>"},"ja100:0.3":{"pli":"Littavagga ","html":"<li>{}</li></ul>"},"ja100:0.4":{"pli":"10. Asātarūpajātaka ","html":"<h1 class='sutta-title'>{}</h1></header>"},"ja100:1.1":{"pli":"“Asātaṃ sātarūpena, ","html":"<blockquote class='gatha'><p><span class='verse-line'>{}</span>"},"ja100:1.2":{"pli":"piyarūpena appiyaṃ; ","html":"<span class='verse-line'>{}</span>"},"ja100:1.3":{"pli":"Dukkhaṃ sukhassa rūpena, ","html":"<span class='verse-line'>{}</span>"},"ja100:1.4":{"pli":"pamattamativattatī”ti. ","html":"<span class='verse-line'>{}</span></p></blockquote>"},"ja100:2.1":{"pli":"Asātarūpajātakaṃ dasamaṃ. ","html":"<p class='endsutta'>{}</p>"},"ja100:2.2":{"pli":"Littavaggo dasamo. ","html":"<p class='endvagga'>{}</p>"},"ja100:3.1":{"pli":"Tassuddānaṃ ","html":"<p class='uddana-intro'>{}</p>"},"ja100:4.1":{"pli":"Gilamakkhakutūhala mātukassā, ","html":"<blockquote class='uddanagatha'><p><span class='verse-line'>{}</span>"},"ja100:4.2":{"pli":"Muninā ca aniccata pattavaraṃ; ","html":"<span class='verse-line'>{}</span>"},"ja100:4.3":{"pli":"Dhanapālivaro atipaṇḍitako, ","html":"<span class='verse-line'>{}</span>"},"ja100:4.4":{"pli":"Saparosahassaasātadasāti. ","html":"<span class='verse-line'>{}</span></p></blockquote>"},"ja100:5.1":{"pli":"Majjhimo paṇṇāsako. ","html":"<p class='endsutta'>{}</p></article>"}},"ja101":{"ja101:0.1":{"pli":"Jātaka ","html":"<article id='ja101'><header><ul><li class='division'>{}</li>"},"ja101:0.2":{"pli":"Ekakanipāta ","html":"<li>{}</li>"},"ja101:0.3":{"pli":"Parosatavagga ","html":"<li>{}</li></ul>"},"ja101:0.4":{"pli":"1. Parosatajātaka ","html":"<h1 class='sutta-title'>{}</h1></header>"},"ja101:1.1":{"pli":"“Parosatañcepi samāgatānaṃ, ","html":"<blockquote class='gatha'><p><span class='verse-line'>{}</span>"},"ja101:1.2":{"pli":"Jhāyeyyuṃ te vassasataṃ apaññā; ","html":"<span class='verse-line'>{}</span>"},"ja101:1.3":{"pli":"Ekova seyyo puriso sapañño, ","html":"<span class='verse-line'>{}</span>"},"ja101:1.4":{"pli":"Yo bhāsitassa vijānāti atthan”ti. ","html":"<span class='verse-line'>{}</span></p></blockquote>"},"ja101:2.1":{"pli":"Parosatajātakaṃ paṭhamaṃ. ","html":"<p class='endsutta'>{}</p></article>"}},"ja102":{"ja102:0.1":{"pli":"Jātaka ","html":"<article id='ja102'><header><ul><li class='division'>{}</li>"},"ja102:0.2":{"pli":"Ekakanipāta ","html":"<li>{}</li>"},"ja102:0.3":{"pli":"Parosatavagga ","html":"<li>{}</li></ul>"},"ja102:0.4":{"pli":"2. Paṇṇikajātaka ","html":"<h1 class='sutta-title'>{}</h1></header>"},"ja102:1.1":{"pli":"“Yo dukkhaphuṭṭhāya bhaveyya tāṇaṃ, ","html":"<blockquote class='gatha'><p><span class='verse-line'>{}</span>"},"ja102:1.2":{"pli":"So me pitā dubbhi vane karoti; ","html":"<span class='verse-line'>{}</span>"},"ja102:1.3":{"pli":"Sā kassa kandāmi vanassa majjhe, ","html":"<span class='verse-line'>{}</span>"},"ja102:1.4":{"pli":"Yo tāyitā so sahasaṃ karotī”ti. ","html":"<span class='verse-line'>{}</span></p></blockquote>"},"ja102:2.1":{"pli":"Paṇṇikajātakaṃ dutiyaṃ. ","html":"<p class='endsutta'>{}</p></article>"}},"ja103":{"ja103:0.1":{"pli":"Jātaka ","html":"<article id='ja103'><header><ul><li class='division'>{}</li>"},"ja103:0.2":{"pli":"Ekakanipāta ","html":"<li>{}</li>"},"ja103:0.3":{"pli":"Parosatavagga ","html":"<li>{}</li></ul>"},"ja103:0.4":{"pli":"3. Verijātaka ","html":"<h1 class='sutta-title'>{}</h1></header>"},"ja103:1.1":{"pli":"“Yattha verī nivisati, ","html":"<blockquote class='gatha'><p><span class='verse-line'>{}</span>"},"ja103:1.2":{"pli":"na vase tattha paṇḍito; ","html":"<span class='verse-line'>{}</span>"},"ja103:1.3":{"pli":"Ekarattaṃ dirattaṃ vā, ","html":"<span class='verse-line'>{}</span>"},"ja103:1.4":{"pli":"dukkhaṃ vasati verisū”ti. ","html":"<span class='verse-line'>{}</span></p></blockquote>"},"ja103:2.1":{"pli":"Verijātakaṃ tatiyaṃ. ","html":"<p class='endsutta'>{}</p></article>"}},"ja104":{"ja104:0.1":{"pli":"Jātaka ","html":"<article id='ja104'><header><ul><li class='division'>{}</li>"},"ja104:0.2":{"pli":"Ekakanipāta ","html":"<li>{}</li>"},"ja104:0.3":{"pli":"Parosatavagga ","html":"<li>{}</li></ul>"},"ja104:0.4":{"pli":"4. Mittavindakajātaka ","html":"<h1 class='sutta-title'>{}</h1></header>"},"ja104:1.1":{"pli":"“Catubbhi aṭṭhajjhagamā, ","html":"<blockquote class='gatha'><p><span class='verse-line'>{}</span>"},"ja104:1.2":{"pli":"aṭṭhāhipi ca soḷasa; ","html":"<span class='verse-line'>{}</span>"},"ja104:1.3":{"pli":"Soḷasāhi ca bāttiṃsa, ","html":"<span class='verse-line'>{}</span>"},"ja104:1.4":{"pli":"atricchaṃ cakkamāsado; ","html":"<span class='verse-line'>{}</span>"},"ja104:1.5":{"pli":"Icchāhatassa posassa, ","html":"<span class='verse-line'>{}</span>"},"ja104:1.6":{"pli":"cakkaṃ bhamati matthake”ti. ","html":"<span class='verse-line'>{}</span></p></blockquote>"},"ja104:2.1":{"pli":"Mittavindakajātakaṃ catutthaṃ. ","html":"<p class='endsutta'>{}</p></article>"}},"ja105":{"ja105:0.1":{"pli":"Jātaka ","html":"<article id='ja105'><header><ul><li class='division'>{}</li>"},"ja105:0.2":{"pli":"Ekakanipāta ","html":"<li>{}</li>"},"ja105:0.3":{"pli":"Parosatavagga ","html":"<li>{}</li></ul>"},"ja105:0.4":{"pli":"5. Dubbalakaṭṭhajātaka ","html":"<h1 class='sutta-title'>{}</h1></header>"},"ja105:1.1":{"pli":"“Bahumpetaṃ vane kaṭṭhaṃ, ","html":"<blockquote class='gatha'><p><span class='verse-line'>{}</span>"},"ja105:1.2":{"pli":"vāto bhañjati dubbalaṃ; ","html":"<span class='verse-line'>{}</span>"},"ja105:1.3":{"pli":"Tassa ce bhāyasī nāga, ","html":"<span class='verse-line'>{}</span>"},"ja105:1.4":{"pli":"kiso nūna bhavissasī”ti. ","html":"<span class='verse-line'>{}</span></p></blockquote>"},"ja105:2.1":{"pli":"Dubbalakaṭṭhajātakaṃ pañcamaṃ. ","html":"<p class='endsutta'>{}</p></article>"}},"ja106":{"ja106:0.1":{"pli":"Jātaka ","html":"<article id='ja106'><header><ul><li class='division'>{}</li>"},"ja106:0.2":{"pli":"Ekakanipāta ","html":"<li>{}</li>"},"ja106:0.3":{"pli":"Parosatavagga ","html":"<li>{}</li></ul>"},"ja106:0.4":{"pli":"6. Udañcanījātaka ","html":"<h1 class='sutta-title'>{}</h1></header>"},"ja106:1.1":{"pli":"“Sukhaṃ vata maṃ jīvantaṃ, ","html":"<blockquote class='gatha'><p><span class='verse-line'>{}</span>"},"ja106:1.2":{"pli":"Pacamānā udañcanī; ","html":"<span class='verse-line'>{}</span>"},"ja106:1.3":{"pli":"Corī jāyappavādena, ","html":"<span class='verse-line'>{}</span>"},"ja106:1.4":{"pli":"Telaṃ loṇañca yācatī”ti. ","html":"<span class='verse-line'>{}</span></p></blockquote>"},"ja106:2.1":{"pli":"Udañcanījātakaṃ chaṭṭhaṃ. ","html":"<p class='endsutta'>{}</p></article>"}},"ja107":{"ja107:0.1":{"pli":"Jātaka ","html":"<article id='ja107'><header><ul><li class='division'>{}</li>"},"ja107:0.2":{"pli":"Ekakanipāta ","html":"<li>{}</li>"},"ja107:0.3":{"pli":"Parosatavagga ","html":"<li>{}</li></ul>"},"ja107:0.4":{"pli":"7. Sālittakajātaka ","html":"<h1 class='sutta-title'>{}</h1></header>"},"ja107:1.1":{"pli":"“Sādhu kho sippakaṃ nāma, ","html":"<blockquote class='gatha'><p><span class='verse-line'>{}</span>"},"ja107:1.2":{"pli":"api yādisa kīdisaṃ; ","html":"<span class='verse-line'>{}</span>"},"ja107:1.3":{"pli":"Passa khañjappahārena, ","html":"<span class='verse-line'>{}</span>"},"ja107:1.4":{"pli":"laddhā gāmā catuddisā”ti. ","html":"<span class='verse-line'>{}</span></p></blockquote>"},"ja107:2.1":{"pli":"Sālittakajātakaṃ sattamaṃ. ","html":"<p class='endsutta'>{}</p></article>"}},"ja108":{"ja108:0.1":{"pli":"Jātaka ","html":"<article id='ja108'><header><ul><li class='division'>{}</li>"},"ja108:0.2":{"pli":"Ekakanipāta ","html":"<li>{}</li>"},"ja108:0.3":{"pli":"Parosatavagga ","html":"<li>{}</li></ul>"},"ja108:0.4":{"pli":"8. Bāhiyajātaka ","html":"<h1 class='sutta-title'>{}</h1></header>"},"ja108:1.1":{"pli":"“Sikkheyya sikkhitabbāni, ","html":"<blockquote class='gatha'><p><span class='verse-line'>{}</span>"},"ja108:1.2":{"pli":"santi sacchandino janā; ","html":"<span class='verse-line'>{}</span>"},"ja108:1.3":{"pli":"Bāhiyā hi suhannena, ","html":"<span class='verse-line'>{}</span>"},"ja108:1.4":{"pli":"rājānamabhirādhayī”ti. ","html":"<span class='verse-line'>{}</span></p></blockquote>"},"ja108:2.1":{"pli":"Bāhiyajātakaṃ aṭṭhamaṃ. ","html":"<p class='endsutta'>{}</p></article>"}},"ja109":{"ja109:0.1":{"pli":"Jātaka ","html":"<article id='ja109'><header><ul><li class='division'>{}</li>"},"ja109:0.2":{"pli":"Ekakanipāta ","html":"<li>{}</li>"},"ja109:0.3":{"pli":"Parosatavagga ","html":"<li>{}</li></ul>"},"ja109:0.4":{"pli":"9. Kuṇḍapūvajātaka ","html":"<h1 class='sutta-title'>{}</h1></header>"},"ja109:1.1":{"pli":"“Yathanno puriso hoti, ","html":"<blockquote class='gatha'><p><span class='verse-line'>{}</span>"},"ja109:1.2":{"pli":"tathannā tassa devatā; ","html":"<span class='verse-line'>{}</span>"},"ja109:1.3":{"pli":"Āharetaṃ kuṇḍapūvaṃ, ","html":"<span class='verse-line'>{}</span>"},"ja109:1.4":{"pli":"mā me bhāgaṃ vināsayā”ti. ","html":"<span class='verse-line'>{}</span></p></blockquote>"},"ja109:2.1":{"pli":"Kuṇḍapūvajātakaṃ navamaṃ. ","html":"<p class='endsutta'>{}</p></article>"}},"ja11":{"ja11:0.1":{"pli":"Jātaka ","eng":"Stories of Past Lives 11 ","html":"<article id='ja11'><header><ul><li class='division'>{}</li>"},"ja11:0.2":{"pli":"Ekakanipāta ","eng":"The Book of the Ones ","html":"<li>{}</li>"},"ja11:0.3":{"pli":"Sīlavagga ","eng":"Ethics ","html":"<li>{}</li></ul>"},"ja11:0.4":{"pli":"1. Lakkhaṇamigajātaka ","eng":"The Deer Named Lucky Spot: a past life story ","html":"<h1 class='sutta-title'>{}</h1></header>"},"ja11:1.1":{"pli":"“Hoti sīlavataṃ attho, ","eng":"The virtuous ones prosper, ","html":"<blockquote class='gatha'><p><span class='verse-line'>{}</span>","comm":"Lucky Spot, the wise and prudent deer-king, kept his herd safe in their journey, while the foolish and careless Black Mark lost his whole herd. "},"ja11:1.2":{"pli":"paṭisanthāravuttinaṃ; ","eng":"who live extending protection. ","html":"<span class='verse-line'>{}</span>"},"ja11:1.3":{"pli":"Lakkhaṇaṃ passa āyantaṃ, ","eng":"See Lucky Spot coming, ","html":"<span class='verse-line'>{}</span>","comm":"Here, <i lang='pi' translate='no'>lakkhaṇa</i> has the sense “possessing beautiful or auspicious marks”, and hence “lucky”. The description fits the common Chital or “spotted” deer, who are elegant in form, gregarious, and roam in herds. "},"ja11:1.4":{"pli":"ñātisaṅghapurakkhataṃ; ","eng":"surrounded by their family circle; ","html":"<span class='verse-line'>{}</span>"},"ja11:1.5":{"pli":"Atha passasimaṃ kāḷaṃ, ","eng":"then see this Black Mark, ","html":"<span class='verse-line'>{}</span>","comm":"<i lang='pi' translate='no'>Kāḷa</i> (“dark”) has the opposite sense, “unlucky”. "},"ja11:1.6":{"pli":"suvihīnaṃva ñātibhī”ti. ","eng":"bereft of family. ","html":"<span class='verse-line'>{}</span></p></blockquote>"},"ja11:2.1":{"pli":"Lakkhaṇamigajātakaṃ paṭhamaṃ. ","html":"<p class='endsutta'>{}</p></article>"}},"ja110":{"ja110:0.1":{"pli":"Jātaka ","html":"<article id='ja110'><header><ul><li class='division'>{}</li>"},"ja110:0.2":{"pli":"Ekakanipāta ","html":"<li>{}</li>"},"ja110:0.3":{"pli":"Parosatavagga ","html":"<li>{}</li></ul>"},"ja110:0.4":{"pli":"10. Sabbasaṃhārakapañhajātaka ","html":"<h1 class='sutta-title'>{}</h1></header>"},"ja110:1.1":{"pli":"“Sabbasaṃhārako natthi, ","html":"<blockquote class='gatha'><p><span class='verse-line'>{}</span>"},"ja110:1.2":{"pli":"suddhaṃ kaṅgu pavāyati; ","html":"<span class='verse-line'>{}</span>"},"ja110:1.3":{"pli":"Alikaṃ bhāyatiyaṃ dhuttī, ","html":"<span class='verse-line'>{}</span>"},"ja110:1.4":{"pli":"saccamāha mahallikā”ti. ","html":"<span class='verse-line'>{}</span></p></blockquote>"},"ja110:2.1":{"pli":"Sabbasaṃhārakapañhajātakaṃ dasamaṃ. ","html":"<p class='endsutta'>{}</p>"},"ja110:2.2":{"pli":"Parosatavaggo ekādasamo. ","html":"<p class='endvagga'>{}</p>"},"ja110:3.1":{"pli":"Tassuddānaṃ ","html":"<p class='uddana-intro'>{}</p>"},"ja110:4.1":{"pli":"Saparosatatāyitaverī puna, ","html":"<blockquote class='uddanagatha'><p><span class='verse-line'>{}</span>"},"ja110:4.2":{"pli":"Bhamacakkatha nāgasirivhayano; ","html":"<span class='verse-line'>{}</span>"},"ja110:4.3":{"pli":"Sukhakañca vata sippaka bāhiyā, ","html":"<span class='verse-line'>{}</span>"},"ja110:4.4":{"pli":"Kuṇḍapūva mahallikakā ca dasāti. ","html":"<span class='verse-line'>{}</span></p></blockquote></article>"}},"ja111":{"ja111:0.1":{"pli":"Jātaka ","html":"<article id='ja111'><header><ul><li class='division'>{}</li>"},"ja111:0.2":{"pli":"Ekakanipāta ","html":"<li>{}</li>"},"ja111:0.3":{"pli":"Haṃcivagga ","html":"<li>{}</li></ul>"},"ja111:0.4":{"pli":"1. Gadrabhapañhajātaka ","html":"<h1 class='sutta-title'>{}</h1></header>"},"ja111:1.1":{"pli":"“Haṃci tuvaṃ evamaññasi seyyo, ","html":"<blockquote class='gatha'><p><span class='verse-line'>{}</span>"},"ja111:1.2":{"pli":"Puttena pitāti rājaseṭṭha; ","html":"<span class='verse-line'>{}</span>"},"ja111:1.3":{"pli":"Handassatarassa te ayaṃ, ","html":"<span class='verse-line'>{}</span>"},"ja111:1.4":{"pli":"Assatarassa hi gadrabho pitā”ti. ","html":"<span class='verse-line'>{}</span></p></blockquote>"},"ja111:2.1":{"pli":"Gadrabhapañhajātakaṃ paṭhamaṃ. ","html":"<p class='endsutta'>{}</p></article>"}},"ja112":{"ja112:0.1":{"pli":"Jātaka ","html":"<article id='ja112'><header><ul><li class='division'>{}</li>"},"ja112:0.2":{"pli":"Ekakanipāta ","html":"<li>{}</li>"},"ja112:0.3":{"pli":"Haṃcivagga ","html":"<li>{}</li></ul>"},"ja112:0.4":{"pli":"2. Amarādevīpañhajātaka ","html":"<h1 class='sutta-title'>{}</h1></header>"},"ja112:1.1":{"pli":"“Yena sattubilaṅgā ca, ","html":"<blockquote class='gatha'><p><span class='verse-line'>{}</span>"},"ja112:1.2":{"pli":"Diguṇapalāso ca pupphito; ","html":"<span class='verse-line'>{}</span>"},"ja112:1.3":{"pli":"Yena dadāmi tena vadāmi, ","html":"<span class='verse-line'>{}</span>"},"ja112:1.4":{"pli":"Yena na dadāmi na tena vadāmi; ","html":"<span class='verse-line'>{}</span>"},"ja112:1.5":{"pli":"Esa maggo yavamajjhakassa, ","html":"<span class='verse-line'>{}</span>"},"ja112:1.6":{"pli":"Etaṃ channapathaṃ vijānāhī”ti. ","html":"<span class='verse-line'>{}</span></p></blockquote>"},"ja112:2.1":{"pli":"Amarādevīpañhajātakaṃ dutiyaṃ. ","html":"<p class='endsutta'>{}</p></article>"}},"ja113":{"ja113:0.1":{"pli":"Jātaka ","html":"<article id='ja113'><header><ul><li class='division'>{}</li>"},"ja113:0.2":{"pli":"Ekakanipāta ","html":"<li>{}</li>"},"ja113:0.3":{"pli":"Haṃcivagga ","html":"<li>{}</li></ul>"},"ja113:0.4":{"pli":"3. Siṅgālajātaka ","html":"<h1 class='sutta-title'>{}</h1></header>"},"ja113:1.1":{"pli":"“Saddahāsi siṅgālassa, ","html":"<blockquote class='gatha'><p><span class='verse-line'>{}</span>"},"ja113:1.2":{"pli":"surāpītassa brāhmaṇa; ","html":"<span class='verse-line'>{}</span>"},"ja113:1.3":{"pli":"Sippikānaṃ sataṃ natthi, ","html":"<span class='verse-line'>{}</span>"},"ja113:1.4":{"pli":"kuto kaṃsasatā duve”ti. ","html":"<span class='verse-line'>{}</span></p></blockquote>"},"ja113:2.1":{"pli":"Siṅgālajātakaṃ tatiyaṃ. ","html":"<p class='endsutta'>{}</p></article>"}},"ja114":{"ja114:0.1":{"pli":"Jātaka ","html":"<article id='ja114'><header><ul><li class='division'>{}</li>"},"ja114:0.2":{"pli":"Ekakanipāta ","html":"<li>{}</li>"},"ja114:0.3":{"pli":"Haṃcivagga ","html":"<li>{}</li></ul>"},"ja114:0.4":{"pli":"4. Mitacintijātaka ","html":"<h1 class='sutta-title'>{}</h1></header>"},"ja114:1.1":{"pli":"“Bahucintī appacintī, ","html":"<blockquote class='gatha'><p><span class='verse-line'>{}</span>"},"ja114:1.2":{"pli":"ubho jāle abajjhare; ","html":"<span class='verse-line'>{}</span>"},"ja114:1.3":{"pli":"Mitacintī pamocesī, ","html":"<span class='verse-line'>{}</span>"},"ja114:1.4":{"pli":"ubho tattha samāgatā”ti. ","html":"<span class='verse-line'>{}</span></p></blockquote>"},"ja114:2.1":{"pli":"Mitacintijātakaṃ catutthaṃ. ","html":"<p class='endsutta'>{}</p></article>"}},"ja115":{"ja115:0.1":{"pli":"Jātaka ","html":"<article id='ja115'><header><ul><li class='division'>{}</li>"},"ja115:0.2":{"pli":"Ekakanipāta ","html":"<li>{}</li>"},"ja115:0.3":{"pli":"Haṃcivagga ","html":"<li>{}</li></ul>"},"ja115:0.4":{"pli":"5. Anusāsikajātaka ","html":"<h1 class='sutta-title'>{}</h1></header>"},"ja115:1.1":{"pli":"“Yāyañña manusāsati, ","html":"<blockquote class='gatha'><p><span class='verse-line'>{}</span>"},"ja115:1.2":{"pli":"sayaṃ loluppacārinī; ","html":"<span class='verse-line'>{}</span>"},"ja115:1.3":{"pli":"Sāyaṃ vipakkhikā seti, ","html":"<span class='verse-line'>{}</span>"},"ja115:1.4":{"pli":"hatā cakkena sāsikāti. ","html":"<span class='verse-line'>{}</span></p></blockquote>"},"ja115:2.1":{"pli":"Anusāsikajātakaṃ pañcamaṃ. ","html":"<p class='endsutta'>{}</p></article>"}},"ja116":{"ja116:0.1":{"pli":"Jātaka ","html":"<article id='ja116'><header><ul><li class='division'>{}</li>"},"ja116:0.2":{"pli":"Ekakanipāta ","html":"<li>{}</li>"},"ja116:0.3":{"pli":"Haṃcivagga ","html":"<li>{}</li></ul>"},"ja116:0.4":{"pli":"6. Dubbacajātaka ","html":"<h1 class='sutta-title'>{}</h1></header>"},"ja116:1.1":{"pli":"Atikaramakarācariya, ","html":"<blockquote class='gatha'><p><span class='verse-line'>{}</span>"},"ja116:1.2":{"pli":"Mayhampetaṃ na ruccati; ","html":"<span class='verse-line'>{}</span>"},"ja116:1.3":{"pli":"Catutthe laṅghayitvāna, ","html":"<span class='verse-line'>{}</span>"},"ja116:1.4":{"pli":"Pañcamāyasi āvuto”ti. ","html":"<span class='verse-line'>{}</span></p></blockquote>"},"ja116:2.1":{"pli":"Dubbacajātakaṃ chaṭṭhaṃ. ","html":"<p class='endsutta'>{}</p></article>"}},"ja117":{"ja117:0.1":{"pli":"Jātaka ","html":"<article id='ja117'><header><ul><li class='division'>{}</li>"},"ja117:0.2":{"pli":"Ekakanipāta ","html":"<li>{}</li>"},"ja117:0.3":{"pli":"Haṃcivagga ","html":"<li>{}</li></ul>"},"ja117:0.4":{"pli":"7. Tittirajātaka ","html":"<h1 class='sutta-title'>{}</h1></header>"},"ja117:1.1":{"pli":"“Accuggatātilapatā, ","html":"<blockquote class='gatha'><p><span class='verse-line'>{}</span>"},"ja117:1.2":{"pli":"ativelaṃ pabhāsitā; ","html":"<span class='verse-line'>{}</span>"},"ja117:1.3":{"pli":"Vācā hanati dummedhaṃ, ","html":"<span class='verse-line'>{}</span>"},"ja117:1.4":{"pli":"tittiraṃvātivassitan”ti. ","html":"<span class='verse-line'>{}</span></p></blockquote>"},"ja117:2.1":{"pli":"Tittirajātakaṃ sattamaṃ. ","html":"<p class='endsutta'>{}</p></article>"}},"ja118":{"ja118:0.1":{"pli":"Jātaka ","html":"<article id='ja118'><header><ul><li class='division'>{}</li>"},"ja118:0.2":{"pli":"Ekakanipāta ","html":"<li>{}</li>"},"ja118:0.3":{"pli":"Haṃcivagga ","html":"<li>{}</li></ul>"},"ja118:0.4":{"pli":"8. Vaṭṭakajātaka ","html":"<h1 class='sutta-title'>{}</h1></header>"},"ja118:1.1":{"pli":"“Nācintayanto puriso, ","html":"<blockquote class='gatha'><p><span class='verse-line'>{}</span>"},"ja118:1.2":{"pli":"visesamadhigacchati; ","html":"<span class='verse-line'>{}</span>"},"ja118:1.3":{"pli":"Cintitassa phalaṃ passa, ","html":"<span class='verse-line'>{}</span>"},"ja118:1.4":{"pli":"muttosmi vadhabandhanā”ti. ","html":"<span class='verse-line'>{}</span></p></blockquote>"},"ja118:2.1":{"pli":"Vaṭṭakajātakaṃ aṭṭhamaṃ. ","html":"<p class='endsutta'>{}</p></article>"}},"ja119":{"ja119:0.1":{"pli":"Jātaka ","html":"<article id='ja119'><header><ul><li class='division'>{}</li>"},"ja119:0.2":{"pli":"Ekakanipāta ","html":"<li>{}</li>"},"ja119:0.3":{"pli":"Haṃcivagga ","html":"<li>{}</li></ul>"},"ja119:0.4":{"pli":"9. Akālarāvijātaka ","html":"<h1 class='sutta-title'>{}</h1></header>"},"ja119:1.1":{"pli":"“Amātāpitarasaṃvaddho, ","html":"<blockquote class='gatha'><p><span class='verse-line'>{}</span>"},"ja119:1.2":{"pli":"anācerakule vasaṃ; ","html":"<span class='verse-line'>{}</span>"},"ja119:1.3":{"pli":"Nāyaṃ kālaṃ akālaṃ vā, ","html":"<span class='verse-line'>{}</span>"},"ja119:1.4":{"pli":"abhijānāti kukkuṭo”ti. ","html":"<span class='verse-line'>{}</span></p></blockquote>"},"ja119:2.1":{"pli":"Akālarāvijātakaṃ navamaṃ. ","html":"<p class='endsutta'>{}</p></article>"}},"ja12":{"ja12:0.1":{"pli":"Jātaka ","eng":"Stories of Past Lives 12 ","html":"<article id='ja12'><header><ul><li class='division'>{}</li>"},"ja12:0.2":{"pli":"Ekakanipāta ","eng":"The Book of the Ones ","html":"<li>{}</li>"},"ja12:0.3":{"pli":"Sīlavagga ","eng":"Ethics ","html":"<li>{}</li></ul>"},"ja12:0.4":{"pli":"2. Nigrodhamigajātaka ","eng":"The Deer Named Banyan: a past life story ","html":"<h1 class='sutta-title'>{}</h1></header>"},"ja12:1.1":{"pli":"“Nigrodhameva seveyya, ","eng":"Befriend only Banyan, ","html":"<blockquote class='gatha'><p><span class='verse-line'>{}</span>","comm":"The king was a meat-lover who hunted deer each day. The deer made a pact to offer one from each herd by lot. When the lot fell on a pregnant doe in Branch’s herd, that wicked deer-king insisted she give herself up, but Banyan intervened and went himself. Seeing the noble deer-king’s self-sacrifice, the king spared his life, the lives of all deer, and even the lives of the fishes and birds. | This Jātaka was analyzed by T.W. Rhys Davids in his <em>Buddhist India</em>, who pointed out that it is an instance where the verse is unintelligible without the story. The story is illustrated on the stupa at Barhut. "},"ja12:1.2":{"pli":"na sākhamupasaṃvase; ","eng":"stay away from Branch. ","html":"<span class='verse-line'>{}</span>"},"ja12:1.3":{"pli":"Nigrodhasmiṃ mataṃ seyyo, ","eng":"Better is death with Banyan ","html":"<span class='verse-line'>{}</span>"},"ja12:1.4":{"pli":"yañce sākhasmi jīvitan”ti. ","eng":"than life with Branch. ","html":"<span class='verse-line'>{}</span></p></blockquote>"},"ja12:2.1":{"pli":"Nigrodhamigajātakaṃ dutiyaṃ. ","html":"<p class='endsutta'>{}</p></article>"}},"ja120":{"ja120:0.1":{"pli":"Jātaka ","html":"<article id='ja120'><header><ul><li class='division'>{}</li>"},"ja120:0.2":{"pli":"Ekakanipāta ","html":"<li>{}</li>"},"ja120:0.3":{"pli":"Haṃcivagga ","html":"<li>{}</li></ul>"},"ja120:0.4":{"pli":"10. Bandhanamokkhajātaka ","html":"<h1 class='sutta-title'>{}</h1></header>"},"ja120:1.1":{"pli":"“Abaddhā tattha bajjhanti, ","html":"<blockquote class='gatha'><p><span class='verse-line'>{}</span>"},"ja120:1.2":{"pli":"yattha bālā pabhāsare; ","html":"<span class='verse-line'>{}</span>"},"ja120:1.3":{"pli":"Baddhāpi tattha muccanti, ","html":"<span class='verse-line'>{}</span>"},"ja120:1.4":{"pli":"yattha dhīrā pabhāsare”ti. ","html":"<span class='verse-line'>{}</span></p></blockquote>"},"ja120:2.1":{"pli":"Bandhanamokkhajātakaṃ dasamaṃ. ","html":"<p class='endsutta'>{}</p>"},"ja120:2.2":{"pli":"Haṃcivaggo dvādasamo. ","html":"<p class='endvagga'>{}</p>"},"ja120:3.1":{"pli":"Tassuddānaṃ ","html":"<p class='uddana-intro'>{}</p>"},"ja120:4.1":{"pli":"Atha gadrabha sattuva kaṃsasataṃ, ","html":"<blockquote class='uddanagatha'><p><span class='verse-line'>{}</span>"},"ja120:4.2":{"pli":"Bahucinti sāsikāyātikara; ","html":"<span class='verse-line'>{}</span>"},"ja120:4.3":{"pli":"Ativela visesamanācariyova, ","html":"<span class='verse-line'>{}</span>"},"ja120:4.4":{"pli":"Dhīrāpabhāsaratena dasāti. ","html":"<span class='verse-line'>{}</span></p></blockquote></article>"}},"ja121":{"ja121:0.1":{"pli":"Jātaka ","html":"<article id='ja121'><header><ul><li class='division'>{}</li>"},"ja121:0.2":{"pli":"Ekakanipāta ","html":"<li>{}</li>"},"ja121:0.3":{"pli":"Kusanāḷivagga ","html":"<li>{}</li></ul>"},"ja121:0.4":{"pli":"1. Kusanāḷijātaka ","html":"<h1 class='sutta-title'>{}</h1></header>"},"ja121:1.1":{"pli":"“Kare sarikkho atha vāpi seṭṭho, ","html":"<blockquote class='gatha'><p><span class='verse-line'>{}</span>"},"ja121:1.2":{"pli":"Nihīnako vāpi kareyya eko; ","html":"<span class='verse-line'>{}</span>"},"ja121:1.3":{"pli":"Kareyyumete byasane uttamatthaṃ, ","html":"<span class='verse-line'>{}</span>"},"ja121:1.4":{"pli":"Yathā ahaṃ kusanāḷi rucāyan”ti. ","html":"<span class='verse-line'>{}</span></p></blockquote>"},"ja121:2.1":{"pli":"Kusanāḷijātakaṃ paṭhamaṃ. ","html":"<p class='endsutta'>{}</p></article>"}},"ja122":{"ja122:0.1":{"pli":"Jātaka ","html":"<article id='ja122'><header><ul><li class='division'>{}</li>"},"ja122:0.2":{"pli":"Ekakanipāta ","html":"<li>{}</li>"},"ja122:0.3":{"pli":"Kusanāḷivagga ","html":"<li>{}</li></ul>"},"ja122:0.4":{"pli":"2. Dummedhajātaka ","html":"<h1 class='sutta-title'>{}</h1></header>"},"ja122:1.1":{"pli":"“Yasaṃ laddhāna dummedho, ","html":"<blockquote class='gatha'><p><span class='verse-line'>{}</span>"},"ja122:1.2":{"pli":"anatthaṃ carati attano; ","html":"<span class='verse-line'>{}</span>"},"ja122:1.3":{"pli":"Attano ca paresañca, ","html":"<span class='verse-line'>{}</span>"},"ja122:1.4":{"pli":"hiṃsāya paṭipajjatī”ti. ","html":"<span class='verse-line'>{}</span></p></blockquote>"},"ja122:2.1":{"pli":"Dummedhajātakaṃ dutiyaṃ. ","html":"<p class='endsutta'>{}</p></article>"}},"ja123":{"ja123:0.1":{"pli":"Jātaka ","html":"<article id='ja123'><header><ul><li class='division'>{}</li>"},"ja123:0.2":{"pli":"Ekakanipāta ","html":"<li>{}</li>"},"ja123:0.3":{"pli":"Kusanāḷivagga ","html":"<li>{}</li></ul>"},"ja123:0.4":{"pli":"3. Naṅgalīsajātaka ","html":"<h1 class='sutta-title'>{}</h1></header>"},"ja123:1.1":{"pli":"“Asabbatthagāmiṃ vācaṃ, ","html":"<blockquote class='gatha'><p><span class='verse-line'>{}</span>"},"ja123:1.2":{"pli":"Bālo sabbattha bhāsati; ","html":"<span class='verse-line'>{}</span>"},"ja123:1.3":{"pli":"Nāyaṃ dadhiṃ vedi na naṅgalīsaṃ, ","html":"<span class='verse-line'>{}</span>"},"ja123:1.4":{"pli":"Dadhippayaṃ maññati naṅgalīsan”ti. ","html":"<span class='verse-line'>{}</span></p></blockquote>"},"ja123:2.1":{"pli":"Naṅgalīsajātakaṃ tatiyaṃ. ","html":"<p class='endsutta'>{}</p></article>"}},"ja124":{"ja124:0.1":{"pli":"Jātaka ","html":"<article id='ja124'><header><ul><li class='division'>{}</li>"},"ja124:0.2":{"pli":"Ekakanipāta ","html":"<li>{}</li>"},"ja124:0.3":{"pli":"Kusanāḷivagga ","html":"<li>{}</li></ul>"},"ja124:0.4":{"pli":"4. Ambajātaka ","html":"<h1 class='sutta-title'>{}</h1></header>"},"ja124:1.1":{"pli":"“Vāyametheva puriso, ","html":"<blockquote class='gatha'><p><span class='verse-line'>{}</span>"},"ja124:1.2":{"pli":"na nibbindeyya paṇḍito; ","html":"<span class='verse-line'>{}</span>"},"ja124:1.3":{"pli":"Vāyāmassa phalaṃ passa, ","html":"<span class='verse-line'>{}</span>"},"ja124:1.4":{"pli":"bhuttā ambā anītihan”ti. ","html":"<span class='verse-line'>{}</span></p></blockquote>"},"ja124:2.1":{"pli":"Ambajātakaṃ catutthaṃ. ","html":"<p class='endsutta'>{}</p></article>"}},"ja125":{"ja125:0.1":{"pli":"Jātaka ","html":"<article id='ja125'><header><ul><li class='division'>{}</li>"},"ja125:0.2":{"pli":"Ekakanipāta ","html":"<li>{}</li>"},"ja125:0.3":{"pli":"Kusanāḷivagga ","html":"<li>{}</li></ul>"},"ja125:0.4":{"pli":"5. Kaṭāhakajātaka ","html":"<h1 class='sutta-title'>{}</h1></header>"},"ja125:1.1":{"pli":"“Bahumpi so vikattheyya, ","html":"<blockquote class='gatha'><p><span class='verse-line'>{}</span>"},"ja125:1.2":{"pli":"aññaṃ janapadaṃ gato; ","html":"<span class='verse-line'>{}</span>"},"ja125:1.3":{"pli":"Anvāgantvāna dūseyya, ","html":"<span class='verse-line'>{}</span>"},"ja125:1.4":{"pli":"bhuñja bhoge kaṭāhakā”ti. ","html":"<span class='verse-line'>{}</span></p></blockquote>"},"ja125:2.1":{"pli":"Kaṭāhakajātakaṃ pañcamaṃ. ","html":"<p class='endsutta'>{}</p></article>"}},"ja126":{"ja126:0.1":{"pli":"Jātaka ","eng":"Stories of Past Lives 126 ","html":"<article id='ja126'><header><ul><li class='division'>{}</li>"},"ja126:0.2":{"pli":"Ekakanipāta ","eng":"The Book of the Ones ","html":"<li>{}</li>"},"ja126:0.3":{"pli":"Kusanāḷivagga ","eng":"The Reed-stalk Chapter ","html":"<li>{}</li></ul>"},"ja126:0.4":{"pli":"6. Asilakkhaṇajātaka ","eng":"The Mark On the Sword: a Past Life Story ","html":"<h1 class='sutta-title'>{}</h1></header>"},"ja126:1.1":{"pli":"“Tadevekassa kalyāṇaṃ, ","eng":"“That is good for some, ","html":"<blockquote class='gatha'><p><span class='verse-line'>{}</span>","comm":"This innocuous verse is wryly deadpan in the context of the rather outrageous slapstick of the origin story. "},"ja126:1.2":{"pli":"tadevekassa pāpakaṃ; ","eng":"ill for others. ","html":"<span class='verse-line'>{}</span>"},"ja126:1.3":{"pli":"Tasmā sabbaṃ na kalyāṇaṃ, ","eng":"Therefore not all is good, ","html":"<span class='verse-line'>{}</span>"},"ja126:1.4":{"pli":"sabbaṃ vāpi na pāpakan”ti. ","eng":"nor is all ill. ","html":"<span class='verse-line'>{}</span></p></blockquote>"},"ja126:2.1":{"pli":"Asilakkhaṇajātakaṃ chaṭṭhaṃ. ","html":"<p class='endsutta'>{}</p></article>"}},"ja127":{"ja127:0.1":{"pli":"Jātaka ","html":"<article id='ja127'><header><ul><li class='division'>{}</li>"},"ja127:0.2":{"pli":"Ekakanipāta ","html":"<li>{}</li>"},"ja127:0.3":{"pli":"Kusanāḷivagga ","html":"<li>{}</li></ul>"},"ja127:0.4":{"pli":"7. Kalaṇḍukajātaka ","html":"<h1 class='sutta-title'>{}</h1></header>"},"ja127:1.1":{"pli":"“Te desā tāni vatthūni, ","html":"<blockquote class='gatha'><p><span class='verse-line'>{}</span>"},"ja127:1.2":{"pli":"ahañca vanagocaro; ","html":"<span class='verse-line'>{}</span>"},"ja127:1.3":{"pli":"Anuvicca kho taṃ gaṇheyyuṃ, ","html":"<span class='verse-line'>{}</span>"},"ja127:1.4":{"pli":"piva khīraṃ kalaṇḍukā”ti. ","html":"<span class='verse-line'>{}</span></p></blockquote>"},"ja127:2.1":{"pli":"Kalaṇḍukajātakaṃ sattamaṃ. ","html":"<p class='endsutta'>{}</p></article>"}},"ja128":{"ja128:0.1":{"pli":"Jātaka ","html":"<article id='ja128'><header><ul><li class='division'>{}</li>"},"ja128:0.2":{"pli":"Ekakanipāta ","html":"<li>{}</li>"},"ja128:0.3":{"pli":"Kusanāḷivagga ","html":"<li>{}</li></ul>"},"ja128:0.4":{"pli":"8. Biḷāravatajātaka ","html":"<h1 class='sutta-title'>{}</h1></header>"},"ja128:1.1":{"pli":"“Yo ve dhammaṃ dhajaṃ katvā, ","html":"<blockquote class='gatha'><p><span class='verse-line'>{}</span>"},"ja128:1.2":{"pli":"Nigūḷho pāpamācare; ","html":"<span class='verse-line'>{}</span>"},"ja128:1.3":{"pli":"Vissāsayitvā bhūtāni, ","html":"<span class='verse-line'>{}</span>"},"ja128:1.4":{"pli":"Biḷāraṃ nāma taṃ vatan”ti. ","html":"<span class='verse-line'>{}</span></p></blockquote>"},"ja128:2.1":{"pli":"Biḷāravatajātakaṃ aṭṭhamaṃ. ","html":"<p class='endsutta'>{}</p></article>"}},"ja129":{"ja129:0.1":{"pli":"Jātaka ","html":"<article id='ja129'><header><ul><li class='division'>{}</li>"},"ja129:0.2":{"pli":"Ekakanipāta ","html":"<li>{}</li>"},"ja129:0.3":{"pli":"Kusanāḷivagga ","html":"<li>{}</li></ul>"},"ja129:0.4":{"pli":"9. Aggikabhāradvājajātaka ","html":"<h1 class='sutta-title'>{}</h1></header>"},"ja129:1.1":{"pli":"“Nāyaṃ sikhā puññahetu, ","html":"<blockquote class='gatha'><p><span class='verse-line'>{}</span>"},"ja129:1.2":{"pli":"ghāsahetu ayaṃ sikhā; ","html":"<span class='verse-line'>{}</span>"},"ja129:1.3":{"pli":"Nāguṭṭhigaṇanaṃ yāti, ","html":"<span class='verse-line'>{}</span>"},"ja129:1.4":{"pli":"alaṃ te hotu aggikā”ti. ","html":"<span class='verse-line'>{}</span></p></blockquote>"},"ja129:2.1":{"pli":"Aggikabhāradvājajātakaṃ navamaṃ. ","html":"<p class='endsutta'>{}</p></article>"}},"ja13":{"ja13:0.1":{"pli":"Jātaka ","eng":"Stories of Past Lives 13 ","html":"<article id='ja13'><header><ul><li class='division'>{}</li>"},"ja13:0.2":{"pli":"Ekakanipāta ","eng":"The Book of the Ones ","html":"<li>{}</li>"},"ja13:0.3":{"pli":"Sīlavagga ","eng":"Ethics ","html":"<li>{}</li></ul>"},"ja13:0.4":{"pli":"3. Kaṇḍijātaka ","eng":"The Arrow: a past life story ","html":"<h1 class='sutta-title'>{}</h1></header>"},"ja13:1.1":{"pli":"“Dhiratthu kaṇḍinaṃ sallaṃ, ","eng":"Curse the dart, the arrow ","html":"<blockquote class='gatha'><p><span class='verse-line'>{}</span>","comm":"A naive mountain buck falls for a doe wily in the ways of men. When the path grows dangerous, she lets him lead the way, so that he falls to the arrow. "},"ja13:1.2":{"pli":"purisaṃ gāḷhavedhinaṃ; ","eng":"that deeply strikes a man. ","html":"<span class='verse-line'>{}</span>"},"ja13:1.3":{"pli":"Dhiratthu taṃ janapadaṃ, ","eng":"Curse the nation ","html":"<span class='verse-line'>{}</span>"},"ja13:1.4":{"pli":"yatthitthī pariṇāyikā; ","eng":"where women rule. ","html":"<span class='verse-line'>{}</span>","comm":"Reality has disproven this ancient prejudice, as women leaders are at least as successful as men in both perception and results. This is the first of many misogynistic Jātakas. These show how Jātaka stories were adapted from non-Buddhist sources, introducing bigotry into Buddhism. "},"ja13:1.5":{"pli":"Te cāpi dhikkitā sattā, ","eng":"Those creatures are cursed ","html":"<span class='verse-line'>{}</span>","comm":"<i lang='pi' translate='no'>Dhikkhitā</i> (“cursed”) is a word of unique occurrence in Pali, from the same root as the more common imprecation <i lang='pi' translate='no'>dhiratthu</i> (“cursed be!”). Both are glossed with <i lang='pi' translate='no'>√garah</i>. "},"ja13:1.6":{"pli":"ye itthīnaṃ vasaṅgatā”ti. ","eng":"who fall to women’s sway. ","html":"<span class='verse-line'>{}</span></p></blockquote>"},"ja13:2.1":{"pli":"Kaṇḍijātakaṃ tatiyaṃ. ","html":"<p class='endsutta'>{}</p></article>"}},"ja130":{"ja130:0.1":{"pli":"Jātaka ","html":"<article id='ja130'><header><ul><li class='division'>{}</li>"},"ja130:0.2":{"pli":"Ekakanipāta ","html":"<li>{}</li>"},"ja130:0.3":{"pli":"Kusanāḷivagga ","html":"<li>{}</li></ul>"},"ja130:0.4":{"pli":"10. Kosiyajātaka ","html":"<h1 class='sutta-title'>{}</h1></header>"},"ja130:1.1":{"pli":"“Yathā vācā ca bhuñjassu, ","html":"<blockquote class='gatha'><p><span class='verse-line'>{}</span>"},"ja130:1.2":{"pli":"yathā bhuttañca byāhara; ","html":"<span class='verse-line'>{}</span>"},"ja130:1.3":{"pli":"Ubhayaṃ te na sameti, ","html":"<span class='verse-line'>{}</span>"},"ja130:1.4":{"pli":"vācā bhuttañca kosiye”ti. ","html":"<span class='verse-line'>{}</span></p></blockquote>"},"ja130:2.1":{"pli":"Kosiyajātakaṃ dasamaṃ. ","html":"<p class='endsutta'>{}</p>"},"ja130:2.2":{"pli":"Kusanāḷivaggo terasamo. ","html":"<p class='endvagga'>{}</p>"},"ja130:3.1":{"pli":"Tassuddānaṃ ","html":"<p class='uddana-intro'>{}</p>"},"ja130:4.1":{"pli":"Kusanāḷisirivhayano ca yasaṃ, ","html":"<blockquote class='uddanagatha'><p><span class='verse-line'>{}</span>"},"ja130:4.2":{"pli":"Dadhi mamba kaṭāhakapañcamako; ","html":"<span class='verse-line'>{}</span>"},"ja130:4.3":{"pli":"Atha pāpaka khīra biḷāravataṃ, ","html":"<span class='verse-line'>{}</span>"},"ja130:4.4":{"pli":"Sikhi kosiyasavhayanena dasāti. ","html":"<span class='verse-line'>{}</span></p></blockquote></article>"}},"ja131":{"ja131:0.1":{"pli":"Jātaka ","html":"<article id='ja131'><header><ul><li class='division'>{}</li>"},"ja131:0.2":{"pli":"Ekakanipāta ","html":"<li>{}</li>"},"ja131:0.3":{"pli":"Asampadānavagga ","html":"<li>{}</li></ul>"},"ja131:0.4":{"pli":"1. Asampadānajātaka ","html":"<h1 class='sutta-title'>{}</h1></header>"},"ja131:1.1":{"pli":"“Asampadānenitarītarassa, ","html":"<blockquote class='gatha'><p><span class='verse-line'>{}</span>"},"ja131:1.2":{"pli":"Bālassa mittāni kalī bhavanti; ","html":"<span class='verse-line'>{}</span>"},"ja131:1.3":{"pli":"Tasmā harāmi bhusaṃ aḍḍhamānaṃ, ","html":"<span class='verse-line'>{}</span>"},"ja131:1.4":{"pli":"Mā me mitti jīyittha sassatāyan”ti. ","html":"<span class='verse-line'>{}</span></p></blockquote>"},"ja131:2.1":{"pli":"Asampadānajātakaṃ paṭhamaṃ. ","html":"<p class='endsutta'>{}</p></article>"}},"ja132":{"ja132:0.1":{"pli":"Jātaka ","html":"<article id='ja132'><header><ul><li class='division'>{}</li>"},"ja132:0.2":{"pli":"Ekakanipāta ","html":"<li>{}</li>"},"ja132:0.3":{"pli":"Asampadānavagga ","html":"<li>{}</li></ul>"},"ja132:0.4":{"pli":"2. Bhīrukajātaka ","html":"<h1 class='sutta-title'>{}</h1></header>"},"ja132:1.1":{"pli":"“Kusalūpadese dhitiyā daḷhāya ca, ","html":"<blockquote class='gatha'><p><span class='verse-line'>{}</span>"},"ja132:1.2":{"pli":"Anivattitattābhayabhīrutāya ca; ","html":"<span class='verse-line'>{}</span>"},"ja132:1.3":{"pli":"Na rakkhasīnaṃ vasamāgamimhase, ","html":"<span class='verse-line'>{}</span>"},"ja132:1.4":{"pli":"Sa sotthibhāvo mahatā bhayena me”ti. ","html":"<span class='verse-line'>{}</span></p></blockquote>"},"ja132:2.1":{"pli":"Bhīrukajātakaṃ dutiyaṃ. ","html":"<p class='endsutta'>{}</p></article>"}},"ja133":{"ja133:0.1":{"pli":"Jātaka ","html":"<article id='ja133'><header><ul><li class='division'>{}</li>"},"ja133:0.2":{"pli":"Ekakanipāta ","html":"<li>{}</li>"},"ja133:0.3":{"pli":"Asampadānavagga ","html":"<li>{}</li></ul>"},"ja133:0.4":{"pli":"3. Ghatāsanajātaka ","html":"<h1 class='sutta-title'>{}</h1></header>"},"ja133:1.1":{"pli":"“Khemaṃ yahiṃ tattha arī udīrito, ","html":"<blockquote class='gatha'><p><span class='verse-line'>{}</span>"},"ja133:1.2":{"pli":"Dakassa majjhe jalate ghatāsano; ","html":"<span class='verse-line'>{}</span>"},"ja133:1.3":{"pli":"Na ajja vāso mahiyā mahīruhe, ","html":"<span class='verse-line'>{}</span>"},"ja133:1.4":{"pli":"Disā bhajavho saraṇājja no bhayan”ti. ","html":"<span class='verse-line'>{}</span></p></blockquote>"},"ja133:2.1":{"pli":"Ghatāsanajātakaṃ tatiyaṃ. ","html":"<p class='endsutta'>{}</p></article>"}},"ja134":{"ja134:0.1":{"pli":"Jātaka ","html":"<article id='ja134'><header><ul><li class='division'>{}</li>"},"ja134:0.2":{"pli":"Ekakanipāta ","html":"<li>{}</li>"},"ja134:0.3":{"pli":"Asampadānavagga ","html":"<li>{}</li></ul>"},"ja134:0.4":{"pli":"4. Jhānasodhanajātaka ","html":"<h1 class='sutta-title'>{}</h1></header>"},"ja134:1.1":{"pli":"“Ye saññino tepi duggatā, ","html":"<blockquote class='gatha'><p><span class='verse-line'>{}</span>"},"ja134:1.2":{"pli":"Yepi asaññino tepi duggatā; ","html":"<span class='verse-line'>{}</span>"},"ja134:1.3":{"pli":"Etaṃ ubhayaṃ vivajjaya, ","html":"<span class='verse-line'>{}</span>"},"ja134:1.4":{"pli":"Taṃ samāpattisukhaṃ anaṅgaṇan”ti. ","html":"<span class='verse-line'>{}</span></p></blockquote>"},"ja134:2.1":{"pli":"Jhānasodhanajātakaṃ catutthaṃ. ","html":"<p class='endsutta'>{}</p></article>"}},"ja135":{"ja135:0.1":{"pli":"Jātaka ","html":"<article id='ja135'><header><ul><li class='division'>{}</li>"},"ja135:0.2":{"pli":"Ekakanipāta ","html":"<li>{}</li>"},"ja135:0.3":{"pli":"Asampadānavagga ","html":"<li>{}</li></ul>"},"ja135:0.4":{"pli":"5. Candābhajātaka ","html":"<h1 class='sutta-title'>{}</h1></header>"},"ja135:1.1":{"pli":"“Candābhaṃ sūriyābhañca, ","html":"<blockquote class='gatha'><p><span class='verse-line'>{}</span>"},"ja135:1.2":{"pli":"yodha paññāya gādha”ti. ","html":"<span class='verse-line'>{}</span>"},"ja135:1.3":{"pli":"Avitakkena jhānena, ","html":"<span class='verse-line'>{}</span>"},"ja135:1.4":{"pli":"hoti ābhassarūpagoti. ","html":"<span class='verse-line'>{}</span></p></blockquote>"},"ja135:2.1":{"pli":"Candābhajātakaṃ pañcamaṃ. ","html":"<p class='endsutta'>{}</p></article>"}},"ja136":{"ja136:0.1":{"pli":"Jātaka ","html":"<article id='ja136'><header><ul><li class='division'>{}</li>"},"ja136:0.2":{"pli":"Ekakanipāta ","html":"<li>{}</li>"},"ja136:0.3":{"pli":"Asampadānavagga ","html":"<li>{}</li></ul>"},"ja136:0.4":{"pli":"6. Suvaṇṇahaṃsajātaka ","html":"<h1 class='sutta-title'>{}</h1></header>"},"ja136:1.1":{"pli":"“Yaṃ laddhaṃ tena tuṭṭhabbaṃ, ","html":"<blockquote class='gatha'><p><span class='verse-line'>{}</span>"},"ja136:1.2":{"pli":"Atilobho hi pāpako; ","html":"<span class='verse-line'>{}</span>"},"ja136:1.3":{"pli":"Haṃsarājaṃ gahetvāna, ","html":"<span class='verse-line'>{}</span>"},"ja136:1.4":{"pli":"Suvaṇṇā parihāyathā”ti. ","html":"<span class='verse-line'>{}</span></p></blockquote>"},"ja136:2.1":{"pli":"Suvaṇṇahaṃsajātakaṃ chaṭṭhaṃ. ","html":"<p class='endsutta'>{}</p></article>"}},"ja137":{"ja137:0.1":{"pli":"Jātaka ","html":"<article id='ja137'><header><ul><li class='division'>{}</li>"},"ja137:0.2":{"pli":"Ekakanipāta ","html":"<li>{}</li>"},"ja137:0.3":{"pli":"Asampadānavagga ","html":"<li>{}</li></ul>"},"ja137:0.4":{"pli":"7. Babbujātaka ","html":"<h1 class='sutta-title'>{}</h1></header>"},"ja137:1.1":{"pli":"“Yattheko labhate babbu, ","html":"<blockquote class='gatha'><p><span class='verse-line'>{}</span>"},"ja137:1.2":{"pli":"dutiyo tattha jāyati; ","html":"<span class='verse-line'>{}</span>"},"ja137:1.3":{"pli":"Tatiyo ca catuttho ca, ","html":"<span class='verse-line'>{}</span>"},"ja137:1.4":{"pli":"idaṃ te babbukā bilan”ti. ","html":"<span class='verse-line'>{}</span></p></blockquote>"},"ja137:2.1":{"pli":"Babbujātakaṃ sattamaṃ. ","html":"<p class='endsutta'>{}</p></article>"}},"ja138":{"ja138:0.1":{"pli":"Jātaka ","html":"<article id='ja138'><header><ul><li class='division'>{}</li>"},"ja138:0.2":{"pli":"Ekakanipāta ","html":"<li>{}</li>"},"ja138:0.3":{"pli":"Asampadānavagga ","html":"<li>{}</li></ul>"},"ja138:0.4":{"pli":"8. Godhajātaka ","html":"<h1 class='sutta-title'>{}</h1></header>"},"ja138:1.1":{"pli":"“Kiṃ te jaṭāhi dummedha, ","html":"<blockquote class='gatha'><p><span class='verse-line'>{}</span>"},"ja138:1.2":{"pli":"kiṃ te ajinasāṭiyā; ","html":"<span class='verse-line'>{}</span>"},"ja138:1.3":{"pli":"Abbhantaraṃ te gahanaṃ, ","html":"<span class='verse-line'>{}</span>"},"ja138:1.4":{"pli":"bāhiraṃ parimajjasī”ti. ","html":"<span class='verse-line'>{}</span></p></blockquote>"},"ja138:2.1":{"pli":"Godhajātakaṃ aṭṭhamaṃ. ","html":"<p class='endsutta'>{}</p></article>"}},"ja139":{"ja139:0.1":{"pli":"Jātaka ","html":"<article id='ja139'><header><ul><li class='division'>{}</li>"},"ja139:0.2":{"pli":"Ekakanipāta ","html":"<li>{}</li>"},"ja139:0.3":{"pli":"Asampadānavagga ","html":"<li>{}</li></ul>"},"ja139:0.4":{"pli":"9. Ubhatobhaṭṭhajātaka ","html":"<h1 class='sutta-title'>{}</h1></header>"},"ja139:1.1":{"pli":"“Akkhī bhinnā paṭo naṭṭho, ","html":"<blockquote class='gatha'><p><span class='verse-line'>{}</span>"},"ja139:1.2":{"pli":"sakhigehe ca bhaṇḍanaṃ; ","html":"<span class='verse-line'>{}</span>"},"ja139:1.3":{"pli":"Ubhato paduṭṭhā kammantā, ","html":"<span class='verse-line'>{}</span>"},"ja139:1.4":{"pli":"udakamhi thalamhi cā”ti. ","html":"<span class='verse-line'>{}</span></p></blockquote>"},"ja139:2.1":{"pli":"Ubhatobhaṭṭhajātakaṃ navamaṃ. ","html":"<p class='endsutta'>{}</p></article>"}}}