{"ja488":{"ja488:0.1":{"pli":"Jātaka ","html":"<article id='ja488'><header><ul><li class='division'>{}</li>"},"ja488:0.2":{"pli":"Pakiṇṇakanipāta ","html":"<li>{}</li>"},"ja488:0.3":{"pli":"Sālikedāravagga ","html":"<li>{}</li></ul>"},"ja488:0.4":{"pli":"5. Bhisajātaka ","html":"<h1 class='sutta-title'>{}</h1></header>"},"ja488:1.1":{"pli":"“Assaṃ gavaṃ rajataṃ jātarūpaṃ, ","html":"<blockquote class='gatha'><p><span class='verse-line'>{}</span>"},"ja488:1.2":{"pli":"Bhariyañca so idha labhataṃ manāpaṃ; ","html":"<span class='verse-line'>{}</span>"},"ja488:1.3":{"pli":"Puttehi dārehi samaṅgi hotu, ","html":"<span class='verse-line'>{}</span>"},"ja488:1.4":{"pli":"Bhisāni te brāhmaṇa yo ahāsi”. ","html":"<span class='verse-line'>{}</span></p>"},"ja488:2.1":{"pli":"“Mālañca so kāsikacandanañca, ","html":"<p><span class='verse-line'>{}</span>"},"ja488:2.2":{"pli":"Dhāretu puttassa bahū bhavantu; ","html":"<span class='verse-line'>{}</span>"},"ja488:2.3":{"pli":"Kāmesu tibbaṃ kurutaṃ apekkhaṃ, ","html":"<span class='verse-line'>{}</span>"},"ja488:2.4":{"pli":"Bhisāni te brāhmaṇa yo ahāsi”. ","html":"<span class='verse-line'>{}</span></p>"},"ja488:3.1":{"pli":"“Pahūtadhañño kasimā yasassī, ","html":"<p><span class='verse-line'>{}</span>"},"ja488:3.2":{"pli":"Putte gihī dhanimā sabbakāme; ","html":"<span class='verse-line'>{}</span>"},"ja488:3.3":{"pli":"Vayaṃ apassaṃ gharamāvasātu, ","html":"<span class='verse-line'>{}</span>"},"ja488:3.4":{"pli":"Bhisāni te brāhmaṇa yo ahāsi. ","html":"<span class='verse-line'>{}</span></p>"},"ja488:4.1":{"pli":"So khattiyo hotu pasayhakārī, ","html":"<p><span class='verse-line'>{}</span>"},"ja488:4.2":{"pli":"Rājābhirājā balavā yasassī; ","html":"<span class='verse-line'>{}</span>"},"ja488:4.3":{"pli":"Sa cāturantaṃ mahimāvasātu, ","html":"<span class='verse-line'>{}</span>"},"ja488:4.4":{"pli":"Bhisāni te brāhmaṇa yo ahāsi. ","html":"<span class='verse-line'>{}</span></p>"},"ja488:5.1":{"pli":"So brāhmaṇo hotu avītarāgo, ","html":"<p><span class='verse-line'>{}</span>"},"ja488:5.2":{"pli":"Muhuttanakkhattapathesu yutto; ","html":"<span class='verse-line'>{}</span>"},"ja488:5.3":{"pli":"Pūjetu naṃ raṭṭhapatī yasassī, ","html":"<span class='verse-line'>{}</span>"},"ja488:5.4":{"pli":"Bhisāni te brāhmaṇa yo ahāsi. ","html":"<span class='verse-line'>{}</span></p>"},"ja488:6.1":{"pli":"Ajjhāyakaṃ sabbasamantavedaṃ, ","html":"<p><span class='verse-line'>{}</span>"},"ja488:6.2":{"pli":"Tapassīnaṃ maññatu sabbaloko; ","html":"<span class='verse-line'>{}</span>"},"ja488:6.3":{"pli":"Pūjentu naṃ jānapadā samecca, ","html":"<span class='verse-line'>{}</span>"},"ja488:6.4":{"pli":"Bhisāni te brāhmaṇa yo ahāsi. ","html":"<span class='verse-line'>{}</span></p>"},"ja488:7.1":{"pli":"Catussadaṃ gāmavaraṃ samiddhaṃ, ","html":"<p><span class='verse-line'>{}</span>"},"ja488:7.2":{"pli":"Dinnañhi so bhuñjatu vāsavena; ","html":"<span class='verse-line'>{}</span>"},"ja488:7.3":{"pli":"Avītarāgo maraṇaṃ upetu, ","html":"<span class='verse-line'>{}</span>"},"ja488:7.4":{"pli":"Bhisāni te brāhmaṇa yo ahāsi. ","html":"<span class='verse-line'>{}</span></p>"},"ja488:8.1":{"pli":"So gāmaṇī hotu sahāyamajjhe, ","html":"<p><span class='verse-line'>{}</span>"},"ja488:8.2":{"pli":"Naccehi gītehi pamodamāno; ","html":"<span class='verse-line'>{}</span>"},"ja488:8.3":{"pli":"So rājato byasana mālattha kiñci, ","html":"<span class='verse-line'>{}</span>"},"ja488:8.4":{"pli":"Bhisāni te brāhmaṇa yo ahāsi. ","html":"<span class='verse-line'>{}</span></p>"},"ja488:9.1":{"pli":"Yaṃ ekarājā pathaviṃ vijetvā, ","html":"<p><span class='verse-line'>{}</span>"},"ja488:9.2":{"pli":"Itthīsahassāna ṭhapetu aggaṃ; ","html":"<span class='verse-line'>{}</span>"},"ja488:9.3":{"pli":"Sīmantinīnaṃ pavarā bhavātu, ","html":"<span class='verse-line'>{}</span>"},"ja488:9.4":{"pli":"Bhisāni te brāhmaṇa yā ahāsi. ","html":"<span class='verse-line'>{}</span></p>"},"ja488:10.1":{"pli":"Isīnañhi sā sabbasamāgatānaṃ, ","html":"<p><span class='verse-line'>{}</span>"},"ja488:10.2":{"pli":"Bhuñjeyya sāduṃ avikampamānā; ","html":"<span class='verse-line'>{}</span>"},"ja488:10.3":{"pli":"Carātu lābhena vikatthamānā, ","html":"<span class='verse-line'>{}</span>"},"ja488:10.4":{"pli":"Bhisāni te brāhmaṇa yā ahāsi. ","html":"<span class='verse-line'>{}</span></p>"},"ja488:11.1":{"pli":"Āvāsiko hotu mahāvihāre, ","html":"<p><span class='verse-line'>{}</span>"},"ja488:11.2":{"pli":"Navakammiko hotu gajaṅgalāyaṃ; ","html":"<span class='verse-line'>{}</span>"},"ja488:11.3":{"pli":"Ālokasandhiṃ divasaṃ karotu, ","html":"<span class='verse-line'>{}</span>"},"ja488:11.4":{"pli":"Bhisāni te brāhmaṇa yo ahāsi. ","html":"<span class='verse-line'>{}</span></p>"},"ja488:12.1":{"pli":"So bajjhatū pāsasatehi chabbhi, ","html":"<p><span class='verse-line'>{}</span>"},"ja488:12.2":{"pli":"Rammā vanā niyyatu rājadhāniṃ; ","html":"<span class='verse-line'>{}</span>"},"ja488:12.3":{"pli":"Tuttehi so haññatu pācanehi, ","html":"<span class='verse-line'>{}</span>"},"ja488:12.4":{"pli":"Bhisāni te brāhmaṇa yo ahāsi. ","html":"<span class='verse-line'>{}</span></p>"},"ja488:13.1":{"pli":"Alakkamālī tipukaṇṇaviddho, ","html":"<p><span class='verse-line'>{}</span>"},"ja488:13.2":{"pli":"Laṭṭhīhato sappamukhaṃ upetu; ","html":"<span class='verse-line'>{}</span>"},"ja488:13.3":{"pli":"Sakacchabandho visikhaṃ carātu, ","html":"<span class='verse-line'>{}</span>"},"ja488:13.4":{"pli":"Bhisāni te brāhmaṇa yo ahāsi”. ","html":"<span class='verse-line'>{}</span></p>"},"ja488:14.1":{"pli":"“Yo ve anaṭṭhaṃva naṭṭhanti cāha, ","html":"<p><span class='verse-line'>{}</span>"},"ja488:14.2":{"pli":"Kāmeva so labhataṃ bhuñjatañca; ","html":"<span class='verse-line'>{}</span>"},"ja488:14.3":{"pli":"Agāramajjhe maraṇaṃ upetu, ","html":"<span class='verse-line'>{}</span>"},"ja488:14.4":{"pli":"Yo vā bhonto saṅkati kañcideva”. ","html":"<span class='verse-line'>{}</span></p>"},"ja488:15.1":{"pli":"“Yadesamānā vicaranti loke, ","html":"<p><span class='verse-line'>{}</span>"},"ja488:15.2":{"pli":"Iṭṭhañca kantañca bahūnametaṃ; ","html":"<span class='verse-line'>{}</span>"},"ja488:15.3":{"pli":"Piyaṃ manuññaṃ cidha jīvaloke, ","html":"<span class='verse-line'>{}</span>"},"ja488:15.4":{"pli":"Kasmā isayo nappasaṃsanti kāme”. ","html":"<span class='verse-line'>{}</span></p>"},"ja488:16.1":{"pli":"“Kāmesu ve haññare bajjhare ca, ","html":"<p><span class='verse-line'>{}</span>"},"ja488:16.2":{"pli":"Kāmesu dukkhañca bhayañca jātaṃ; ","html":"<span class='verse-line'>{}</span>"},"ja488:16.3":{"pli":"Kāmesu bhūtādhipatī pamattā, ","html":"<span class='verse-line'>{}</span>"},"ja488:16.4":{"pli":"Pāpāni kammāni karonti mohā. ","html":"<span class='verse-line'>{}</span></p>"},"ja488:17.1":{"pli":"Te pāpadhammā pasavetva pāpaṃ, ","html":"<p><span class='verse-line'>{}</span>"},"ja488:17.2":{"pli":"Kāyassa bhedā nirayaṃ vajanti; ","html":"<span class='verse-line'>{}</span>"},"ja488:17.3":{"pli":"Ādīnavaṃ kāmaguṇesu disvā, ","html":"<span class='verse-line'>{}</span>"},"ja488:17.4":{"pli":"Tasmā isayo nappasaṃsanti kāme”. ","html":"<span class='verse-line'>{}</span></p>"},"ja488:18.1":{"pli":"“Vīmaṃsamāno isino bhisāni, ","html":"<p><span class='verse-line'>{}</span>"},"ja488:18.2":{"pli":"Tīre gahetvāna thale nidhesiṃ; ","html":"<span class='verse-line'>{}</span>"},"ja488:18.3":{"pli":"Suddhā apāpā isayo vasanti, ","html":"<span class='verse-line'>{}</span>"},"ja488:18.4":{"pli":"Etāni te brahmacārī bhisāni”. ","html":"<span class='verse-line'>{}</span></p>"},"ja488:19.1":{"pli":"“Na te naṭā no pana kīḷaneyyā, ","html":"<p><span class='verse-line'>{}</span>"},"ja488:19.2":{"pli":"Na bandhavā no pana te sahāyā; ","html":"<span class='verse-line'>{}</span>"},"ja488:19.3":{"pli":"Kismiṃ vupatthambha sahassanetta, ","html":"<span class='verse-line'>{}</span>"},"ja488:19.4":{"pli":"Isīhi tvaṃ kīḷasi devarāja”. ","html":"<span class='verse-line'>{}</span></p>"},"ja488:20.1":{"pli":"“Ācariyo mesi pitā ca mayhaṃ, ","html":"<p><span class='verse-line'>{}</span>"},"ja488:20.2":{"pli":"Esā patiṭṭhā khalitassa brahme; ","html":"<span class='verse-line'>{}</span>"},"ja488:20.3":{"pli":"Ekāparādhaṃ khama bhūripañña, ","html":"<span class='verse-line'>{}</span>"},"ja488:20.4":{"pli":"Na paṇḍitā kodhabalā bhavanti”. ","html":"<span class='verse-line'>{}</span></p>"},"ja488:21.1":{"pli":"“Suvāsitaṃ isinaṃ ekarattaṃ, ","html":"<p><span class='verse-line'>{}</span>"},"ja488:21.2":{"pli":"Yaṃ vāsavaṃ bhūtapatiddasāma; ","html":"<span class='verse-line'>{}</span>"},"ja488:21.3":{"pli":"Sabbeva bhonto sumanā bhavantu, ","html":"<span class='verse-line'>{}</span>"},"ja488:21.4":{"pli":"Yaṃ brāhmaṇo paccupādī bhisāni”. ","html":"<span class='verse-line'>{}</span></p>"},"ja488:22.1":{"pli":"“Ahañca sāriputto ca, ","html":"<p><span class='verse-line'>{}</span>"},"ja488:22.2":{"pli":"moggallāno ca kassapo; ","html":"<span class='verse-line'>{}</span>"},"ja488:22.3":{"pli":"Anuruddho puṇṇo ānando, ","html":"<span class='verse-line'>{}</span>"},"ja488:22.4":{"pli":"tadāsuṃ satta bhātaro. ","html":"<span class='verse-line'>{}</span></p>"},"ja488:23.1":{"pli":"Bhaginī uppalavaṇṇā ca, ","html":"<p><span class='verse-line'>{}</span>"},"ja488:23.2":{"pli":"dāsī khujjuttarā tadā; ","html":"<span class='verse-line'>{}</span>"},"ja488:23.3":{"pli":"Citto gahapati dāso, ","html":"<span class='verse-line'>{}</span>"},"ja488:23.4":{"pli":"yakkho sātāgiro tadā. ","html":"<span class='verse-line'>{}</span></p>"},"ja488:24.1":{"pli":"Pālileyyo tadā nāgo, ","html":"<p><span class='verse-line'>{}</span>"},"ja488:24.2":{"pli":"madhudo seṭṭhavānaro; ","html":"<span class='verse-line'>{}</span>"},"ja488:24.3":{"pli":"Kāḷudāyī tadā sakko, ","html":"<span class='verse-line'>{}</span>"},"ja488:24.4":{"pli":"evaṃ dhāretha jātakanti”. ","html":"<span class='verse-line'>{}</span></p></blockquote>"},"ja488:25.1":{"pli":"Bhisajātakaṃ pañcamaṃ. ","html":"<p class='endsutta'>{}</p></article>"}},"ja489":{"ja489:0.1":{"pli":"Jātaka ","html":"<article id='ja489'><header><ul><li class='division'>{}</li>"},"ja489:0.2":{"pli":"Pakiṇṇakanipāta ","html":"<li>{}</li>"},"ja489:0.3":{"pli":"Sālikedāravagga ","html":"<li>{}</li></ul>"},"ja489:0.4":{"pli":"6. Surucijātaka ","html":"<h1 class='sutta-title'>{}</h1></header>"},"ja489:1.1":{"pli":"“Mahesī surucino bhariyā, ","html":"<blockquote class='gatha'><p><span class='verse-line'>{}</span>"},"ja489:1.2":{"pli":"Ānītā paṭhamaṃ ahaṃ; ","html":"<span class='verse-line'>{}</span>"},"ja489:1.3":{"pli":"Dasa vassasahassāni, ","html":"<span class='verse-line'>{}</span>"},"ja489:1.4":{"pli":"Yaṃ maṃ surucimānayi. ","html":"<span class='verse-line'>{}</span></p>"},"ja489:2.1":{"pli":"Sāhaṃ brāhmaṇa rājānaṃ, ","html":"<p><span class='verse-line'>{}</span>"},"ja489:2.2":{"pli":"vedehaṃ mithilaggahaṃ; ","html":"<span class='verse-line'>{}</span>"},"ja489:2.3":{"pli":"Nābhijānāmi kāyena, ","html":"<span class='verse-line'>{}</span>"},"ja489:2.4":{"pli":"vācāya uda cetasā; ","html":"<span class='verse-line'>{}</span>"},"ja489:2.5":{"pli":"Suruciṃ atimaññittha, ","html":"<span class='verse-line'>{}</span>"},"ja489:2.6":{"pli":"āvi vā yadi vā raho. ","html":"<span class='verse-line'>{}</span></p>"},"ja489:3.1":{"pli":"Etena saccavajjena, ","html":"<p data-counter='11'><span class='verse-line'>{}</span>"},"ja489:3.2":{"pli":"putto uppajjataṃ ise; ","html":"<span class='verse-line'>{}</span>"},"ja489:3.3":{"pli":"Musā me bhaṇamānāya, ","html":"<span class='verse-line'>{}</span>"},"ja489:3.4":{"pli":"muddhā phalatu sattadhā. ","html":"<span class='verse-line'>{}</span></p>"},"ja489:4.1":{"pli":"Bhattu mama sassu mātā, ","html":"<p><span class='verse-line'>{}</span>"},"ja489:4.2":{"pli":"pitā cāpi ca sassuro; ","html":"<span class='verse-line'>{}</span>"},"ja489:4.3":{"pli":"Te maṃ brahme vinetāro, ","html":"<span class='verse-line'>{}</span>"},"ja489:4.4":{"pli":"yāva aṭṭhaṃsu jīvitaṃ. ","html":"<span class='verse-line'>{}</span></p>"},"ja489:5.1":{"pli":"Sāhaṃ ahiṃsāratinī, ","html":"<p><span class='verse-line'>{}</span>"},"ja489:5.2":{"pli":"kāmasā dhammacārinī; ","html":"<span class='verse-line'>{}</span>"},"ja489:5.3":{"pli":"Sakkaccaṃ te upaṭṭhāsiṃ, ","html":"<span class='verse-line'>{}</span>"},"ja489:5.4":{"pli":"rattindivamatanditā. ","html":"<span class='verse-line'>{}</span></p>"},"ja489:6.1":{"pli":"Etena saccavajjena, ","html":"<p data-counter='21'><span class='verse-line'>{}</span>"},"ja489:6.2":{"pli":"putto uppajjataṃ ise; ","html":"<span class='verse-line'>{}</span>"},"ja489:6.3":{"pli":"Musā me bhaṇamānāya, ","html":"<span class='verse-line'>{}</span>"},"ja489:6.4":{"pli":"muddhā phalatu sattadhā. ","html":"<span class='verse-line'>{}</span></p>"},"ja489:7.1":{"pli":"Soḷasitthisahassāni, ","html":"<p><span class='verse-line'>{}</span>"},"ja489:7.2":{"pli":"sahabhariyāni brāhmaṇa; ","html":"<span class='verse-line'>{}</span>"},"ja489:7.3":{"pli":"Tāsu issā vā kodho vā, ","html":"<span class='verse-line'>{}</span>"},"ja489:7.4":{"pli":"nāhu mayhaṃ kudācanaṃ. ","html":"<span class='verse-line'>{}</span></p>"},"ja489:8.1":{"pli":"Hitena tāsaṃ nandāmi, ","html":"<p><span class='verse-line'>{}</span>"},"ja489:8.2":{"pli":"na ca me kāci appiyā; ","html":"<span class='verse-line'>{}</span>"},"ja489:8.3":{"pli":"Attānaṃvānukampāmi, ","html":"<span class='verse-line'>{}</span>"},"ja489:8.4":{"pli":"sadā sabbā sapattiyo. ","html":"<span class='verse-line'>{}</span></p>"},"ja489:9.1":{"pli":"Etena saccavajjena, ","html":"<p data-counter='31'><span class='verse-line'>{}</span>"},"ja489:9.2":{"pli":"putto uppajjataṃ ise; ","html":"<span class='verse-line'>{}</span>"},"ja489:9.3":{"pli":"Musā me bhaṇamānāya, ","html":"<span class='verse-line'>{}</span>"},"ja489:9.4":{"pli":"muddhā phalatu sattadhā. ","html":"<span class='verse-line'>{}</span></p>"},"ja489:10.1":{"pli":"Dāse kammakare pesse, ","html":"<p><span class='verse-line'>{}</span>"},"ja489:10.2":{"pli":"ye caññe anujīvino; ","html":"<span class='verse-line'>{}</span>"},"ja489:10.3":{"pli":"Pesemi sahadhammena, ","html":"<span class='verse-line'>{}</span>"},"ja489:10.4":{"pli":"sadā pamuditindriyā. ","html":"<span class='verse-line'>{}</span></p>"},"ja489:11.1":{"pli":"Etena saccavajjena, ","html":"<p data-counter='41'><span class='verse-line'>{}</span>"},"ja489:11.2":{"pli":"putto uppajjataṃ ise; ","html":"<span class='verse-line'>{}</span>"},"ja489:11.3":{"pli":"Musā me bhaṇamānāya, ","html":"<span class='verse-line'>{}</span>"},"ja489:11.4":{"pli":"muddhā phalatu sattadhā. ","html":"<span class='verse-line'>{}</span></p>"},"ja489:12.1":{"pli":"Samaṇe brāhmaṇe cāpi, ","html":"<p><span class='verse-line'>{}</span>"},"ja489:12.2":{"pli":"aññe cāpi vanibbake; ","html":"<span class='verse-line'>{}</span>"},"ja489:12.3":{"pli":"Tappemi annapānena, ","html":"<span class='verse-line'>{}</span>"},"ja489:12.4":{"pli":"sadā payatapāṇinī. ","html":"<span class='verse-line'>{}</span></p>"},"ja489:13.1":{"pli":"Etena saccavajjena, ","html":"<p data-counter='51'><span class='verse-line'>{}</span>"},"ja489:13.2":{"pli":"putto uppajjataṃ ise; ","html":"<span class='verse-line'>{}</span>"},"ja489:13.3":{"pli":"Musā me bhaṇamānāya, ","html":"<span class='verse-line'>{}</span>"},"ja489:13.4":{"pli":"muddhā phalatu sattadhā. ","html":"<span class='verse-line'>{}</span></p>"},"ja489:14.1":{"pli":"Cātuddasiṃ pañcaddasiṃ, ","html":"<p><span class='verse-line'>{}</span>"},"ja489:14.2":{"pli":"Yā ca pakkhassa aṭṭhamī; ","html":"<span class='verse-line'>{}</span>"},"ja489:14.3":{"pli":"Pāṭihāriyapakkhañca, ","html":"<span class='verse-line'>{}</span>"},"ja489:14.4":{"pli":"Aṭṭhaṅgasusamāgataṃ; ","html":"<span class='verse-line'>{}</span>"},"ja489:14.5":{"pli":"Uposathaṃ upavasāmi, ","html":"<span class='verse-line'>{}</span>"},"ja489:14.6":{"pli":"Sadā sīlesu saṃvutā. ","html":"<span class='verse-line'>{}</span></p>"},"ja489:15.1":{"pli":"Etena saccavajjena, ","html":"<p data-counter='61'><span class='verse-line'>{}</span>"},"ja489:15.2":{"pli":"putto uppajjataṃ ise; ","html":"<span class='verse-line'>{}</span>"},"ja489:15.3":{"pli":"Musā me bhaṇamānāya, ","html":"<span class='verse-line'>{}</span>"},"ja489:15.4":{"pli":"muddhā phalatu sattadhā”. ","html":"<span class='verse-line'>{}</span></p>"},"ja489:16.1":{"pli":"“Sabbeva te dhammaguṇā, ","html":"<p><span class='verse-line'>{}</span>"},"ja489:16.2":{"pli":"rājaputti yasassini; ","html":"<span class='verse-line'>{}</span>"},"ja489:16.3":{"pli":"Saṃvijjanti tayi bhadde, ","html":"<span class='verse-line'>{}</span>"},"ja489:16.4":{"pli":"ye tvaṃ kittesi attani. ","html":"<span class='verse-line'>{}</span></p>"},"ja489:17.1":{"pli":"Khattiyo jātisampanno, ","html":"<p><span class='verse-line'>{}</span>"},"ja489:17.2":{"pli":"abhijāto yasassimā; ","html":"<span class='verse-line'>{}</span>"},"ja489:17.3":{"pli":"Dhammarājā videhānaṃ, ","html":"<span class='verse-line'>{}</span>"},"ja489:17.4":{"pli":"putto uppajjate tava”. ","html":"<span class='verse-line'>{}</span></p>"},"ja489:18.1":{"pli":"“Dummī rajojalladharo, ","html":"<p><span class='verse-line'>{}</span>"},"ja489:18.2":{"pli":"aghe vehāyasaṃ ṭhito; ","html":"<span class='verse-line'>{}</span>"},"ja489:18.3":{"pli":"Manuññaṃ bhāsase vācaṃ, ","html":"<span class='verse-line'>{}</span>"},"ja489:18.4":{"pli":"yaṃ mayhaṃ hadayaṅgamaṃ. ","html":"<span class='verse-line'>{}</span></p>"},"ja489:19.1":{"pli":"Devatānusi saggamhā, ","html":"<p><span class='verse-line'>{}</span>"},"ja489:19.2":{"pli":"isi vāsi mahiddhiko; ","html":"<span class='verse-line'>{}</span>"},"ja489:19.3":{"pli":"Ko vāsi tvaṃ anuppatto, ","html":"<span class='verse-line'>{}</span>"},"ja489:19.4":{"pli":"attānaṃ me pavedaya”. ","html":"<span class='verse-line'>{}</span></p>"},"ja489:20.1":{"pli":"“Yaṃ devasaṅghā vandanti, ","html":"<p><span class='verse-line'>{}</span>"},"ja489:20.2":{"pli":"sudhammāyaṃ samāgatā; ","html":"<span class='verse-line'>{}</span>"},"ja489:20.3":{"pli":"Sohaṃ sakko sahassakkho, ","html":"<span class='verse-line'>{}</span>"},"ja489:20.4":{"pli":"āgatosmi tavantike. ","html":"<span class='verse-line'>{}</span></p>"},"ja489:21.1":{"pli":"Itthiyo jīvalokasmiṃ, ","html":"<p><span class='verse-line'>{}</span>"},"ja489:21.2":{"pli":"yā hoti samacārinī; ","html":"<span class='verse-line'>{}</span>"},"ja489:21.3":{"pli":"Medhāvinī sīlavatī, ","html":"<span class='verse-line'>{}</span>"},"ja489:21.4":{"pli":"sassudevā patibbatā. ","html":"<span class='verse-line'>{}</span></p>"},"ja489:22.1":{"pli":"Tādisāya sumedhāya, ","html":"<p><span class='verse-line'>{}</span>"},"ja489:22.2":{"pli":"sucikammāya nāriyā; ","html":"<span class='verse-line'>{}</span>"},"ja489:22.3":{"pli":"Devā dassanamāyanti, ","html":"<span class='verse-line'>{}</span>"},"ja489:22.4":{"pli":"mānusiyā amānusā. ","html":"<span class='verse-line'>{}</span></p>"},"ja489:23.1":{"pli":"Tvañca bhadde suciṇṇena, ","html":"<p><span class='verse-line'>{}</span>"},"ja489:23.2":{"pli":"pubbe sucaritena ca; ","html":"<span class='verse-line'>{}</span>"},"ja489:23.3":{"pli":"Idha rājakule jātā, ","html":"<span class='verse-line'>{}</span>"},"ja489:23.4":{"pli":"sabbakāmasamiddhinī. ","html":"<span class='verse-line'>{}</span></p>"},"ja489:24.1":{"pli":"Ayañca te rājaputti, ","html":"<p><span class='verse-line'>{}</span>"},"ja489:24.2":{"pli":"ubhayattha kaṭaggaho; ","html":"<span class='verse-line'>{}</span>"},"ja489:24.3":{"pli":"Devalokūpapattī ca, ","html":"<span class='verse-line'>{}</span>"},"ja489:24.4":{"pli":"kittī ca idha jīvite. ","html":"<span class='verse-line'>{}</span></p>"},"ja489:25.1":{"pli":"Ciraṃ sumedhe sukhinī, ","html":"<p><span class='verse-line'>{}</span>"},"ja489:25.2":{"pli":"dhammamattani pālaya; ","html":"<span class='verse-line'>{}</span>"},"ja489:25.3":{"pli":"Esāhaṃ tidivaṃ yāmi, ","html":"<span class='verse-line'>{}</span>"},"ja489:25.4":{"pli":"piyaṃ me tava dassanan”ti. ","html":"<span class='verse-line'>{}</span></p></blockquote>"},"ja489:26.1":{"pli":"Surucijātakaṃ chaṭṭhaṃ. ","html":"<p class='endsutta'>{}</p></article>"}},"ja49":{"ja49:0.1":{"pli":"Jātaka ","eng":"Stories of Past Lives 49 ","html":"<article id='ja49'><header><ul><li class='division'>{}</li>"},"ja49:0.2":{"pli":"Ekakanipāta ","eng":"The Book of the Ones ","html":"<li>{}</li>"},"ja49:0.3":{"pli":"Atthakāmavagga ","eng":"Wanting to Help ","html":"<li>{}</li></ul>"},"ja49:0.4":{"pli":"9. Nakkhattajātaka ","eng":"Constellations: a past life story ","html":"<h1 class='sutta-title'>{}</h1></header>"},"ja49:1.1":{"pli":"Nakkhattaṃ paṭimānentaṃ, ","eng":"Waiting for a constellation, ","html":"<blockquote class='gatha'><p><span class='verse-line'>{}</span>","comm":"A family reneges on its marriage date when told it falls under an unlucky constellation, so the girl marries someone else. "},"ja49:1.2":{"pli":"attho bālaṃ upaccagā; ","eng":"a fool lets the good pass them by. ","html":"<span class='verse-line'>{}</span>"},"ja49:1.3":{"pli":"Attho atthassa nakkhattaṃ, ","eng":"The good is the constellation of the good; ","html":"<span class='verse-line'>{}</span>"},"ja49:1.4":{"pli":"kiṃ karissanti tārakā”ti. ","eng":"for what do the stars matter? ","html":"<span class='verse-line'>{}</span></p></blockquote>","comm":"Compare “what do the hymns matter?” at <a href='index.html?q=dn4#15.5'>DN 4:15.5</a>. "},"ja49:2.1":{"pli":"Nakkhattajātakaṃ navamaṃ. ","html":"<p class='endsutta'>{}</p></article>"}},"ja490":{"ja490:0.1":{"pli":"Jātaka ","html":"<article id='ja490'><header><ul><li class='division'>{}</li>"},"ja490:0.2":{"pli":"Pakiṇṇakanipāta ","html":"<li>{}</li>"},"ja490:0.3":{"pli":"Sālikedāravagga ","html":"<li>{}</li></ul>"},"ja490:0.4":{"pli":"7. Pañcuposathikajātaka ","html":"<h1 class='sutta-title'>{}</h1></header>"},"ja490:1.1":{"pli":"“Appossukko dāni tuvaṃ kapota, ","html":"<blockquote class='gatha'><p><span class='verse-line'>{}</span>"},"ja490:1.2":{"pli":"Vihaṅgama na tava bhojanattho; ","html":"<span class='verse-line'>{}</span>"},"ja490:1.3":{"pli":"Khudaṃ pipāsaṃ adhivāsayanto, ","html":"<span class='verse-line'>{}</span>"},"ja490:1.4":{"pli":"Kasmā bhavaṃposathiko kapota”. ","html":"<span class='verse-line'>{}</span></p>"},"ja490:2.1":{"pli":"“Ahaṃ pure giddhigato kapotiyā, ","html":"<p><span class='verse-line'>{}</span>"},"ja490:2.2":{"pli":"Asmiṃ padesasmimubho ramāma; ","html":"<span class='verse-line'>{}</span>"},"ja490:2.3":{"pli":"Athaggahī sākuṇiko kapotiṃ, ","html":"<span class='verse-line'>{}</span>"},"ja490:2.4":{"pli":"Akāmako tāya vinā ahosiṃ. ","html":"<span class='verse-line'>{}</span></p>"},"ja490:3.1":{"pli":"Nānābhavā vippayogena tassā, ","html":"<p data-counter='11'><span class='verse-line'>{}</span>"},"ja490:3.2":{"pli":"Manomayaṃ vedana vedayāmi; ","html":"<span class='verse-line'>{}</span>"},"ja490:3.3":{"pli":"Tasmā ahaṃposathaṃ pālayāmi, ","html":"<span class='verse-line'>{}</span>"},"ja490:3.4":{"pli":"Rāgo mamaṃ mā punarāgamāsi”. ","html":"<span class='verse-line'>{}</span></p>"},"ja490:4.1":{"pli":"“Anujjugāmī uragā dujivha, ","html":"<p><span class='verse-line'>{}</span>"},"ja490:4.2":{"pli":"Dāṭhāvudho ghoravisosi sappa; ","html":"<span class='verse-line'>{}</span>"},"ja490:4.3":{"pli":"Khudaṃ pipāsaṃ adhivāsayanto, ","html":"<span class='verse-line'>{}</span>"},"ja490:4.4":{"pli":"Kasmā bhavaṃposathiko nu dīgha. ","html":"<span class='verse-line'>{}</span></p>"},"ja490:5.1":{"pli":"Usabho ahū balavā gāmikassa, ","html":"<p><span class='verse-line'>{}</span>"},"ja490:5.2":{"pli":"Calakkakū vaṇṇabalūpapanno; ","html":"<span class='verse-line'>{}</span>"},"ja490:5.3":{"pli":"So maṃ akkami taṃ kupito aḍaṃsiṃ, ","html":"<span class='verse-line'>{}</span>"},"ja490:5.4":{"pli":"Dukkhābhitunno maraṇaṃ upāgā. ","html":"<span class='verse-line'>{}</span></p>"},"ja490:6.1":{"pli":"Tato janā nikkhamitvāna gāmā, ","html":"<p data-counter='21'><span class='verse-line'>{}</span>"},"ja490:6.2":{"pli":"Kanditvā roditvā apakkamiṃsu; ","html":"<span class='verse-line'>{}</span>"},"ja490:6.3":{"pli":"Tasmā ahaṃposathaṃ pālayāmi, ","html":"<span class='verse-line'>{}</span>"},"ja490:6.4":{"pli":"Kodho mamaṃ mā punarāgamāsi. ","html":"<span class='verse-line'>{}</span></p>"},"ja490:7.1":{"pli":"Matāna maṃsāni bahū susāne, ","html":"<p><span class='verse-line'>{}</span>"},"ja490:7.2":{"pli":"Manuññarūpaṃ tava bhojane taṃ; ","html":"<span class='verse-line'>{}</span>"},"ja490:7.3":{"pli":"Khudaṃ pipāsaṃ adhivāsayanto, ","html":"<span class='verse-line'>{}</span>"},"ja490:7.4":{"pli":"Kasmā bhavaṃposathiko siṅgāla. ","html":"<span class='verse-line'>{}</span></p>"},"ja490:8.1":{"pli":"Pavisi kucchiṃ mahato gajassa, ","html":"<p><span class='verse-line'>{}</span>"},"ja490:8.2":{"pli":"Kuṇape rato hatthimaṃsesu giddho; ","html":"<span class='verse-line'>{}</span>"},"ja490:8.3":{"pli":"Uṇho ca vāto tikhiṇā ca rasmiyo, ","html":"<span class='verse-line'>{}</span>"},"ja490:8.4":{"pli":"Te sosayuṃ tassa karīsamaggaṃ. ","html":"<span class='verse-line'>{}</span></p>"},"ja490:9.1":{"pli":"Kiso ca paṇḍū ca ahaṃ bhadante, ","html":"<p><span class='verse-line'>{}</span>"},"ja490:9.2":{"pli":"Na me ahū nikkhamanāya maggo; ","html":"<span class='verse-line'>{}</span>"},"ja490:9.3":{"pli":"Mahā ca megho sahasā pavassi, ","html":"<span class='verse-line'>{}</span>"},"ja490:9.4":{"pli":"So temayī tassa karīsamaggaṃ. ","html":"<span class='verse-line'>{}</span></p>"},"ja490:10.1":{"pli":"Tato ahaṃ nikkhamisaṃ bhadante, ","html":"<p data-counter='31'><span class='verse-line'>{}</span>"},"ja490:10.2":{"pli":"Cando yathā rāhumukhā pamutto; ","html":"<span class='verse-line'>{}</span>"},"ja490:10.3":{"pli":"Tasmā ahaṃposathaṃ pālayāmi, ","html":"<span class='verse-line'>{}</span>"},"ja490:10.4":{"pli":"Lobho mamaṃ mā punarāgamāsi. ","html":"<span class='verse-line'>{}</span></p>"},"ja490:11.1":{"pli":"Vammīkathūpasmiṃ kipillikāni, ","html":"<p><span class='verse-line'>{}</span>"},"ja490:11.2":{"pli":"Nippothayanto tuvaṃ pure carāsi; ","html":"<span class='verse-line'>{}</span>"},"ja490:11.3":{"pli":"Khudaṃ pipāsaṃ adhivāsayanto, ","html":"<span class='verse-line'>{}</span>"},"ja490:11.4":{"pli":"Kasmā bhavaṃposathiko nu accha. ","html":"<span class='verse-line'>{}</span></p>"},"ja490:12.1":{"pli":"Sakaṃ niketaṃ atihīḷayāno, ","html":"<p><span class='verse-line'>{}</span>"},"ja490:12.2":{"pli":"Atricchatā mallagāmaṃ agacchiṃ; ","html":"<span class='verse-line'>{}</span>"},"ja490:12.3":{"pli":"Tato janā nikkhamitvāna gāmā, ","html":"<span class='verse-line'>{}</span>"},"ja490:12.4":{"pli":"Kodaṇḍakena paripothayiṃsu maṃ. ","html":"<span class='verse-line'>{}</span></p>"},"ja490:13.1":{"pli":"So bhinnasīso ruhiramakkhitaṅgo, ","html":"<p data-counter='41'><span class='verse-line'>{}</span>"},"ja490:13.2":{"pli":"Paccāgamāsiṃ sakaṃ niketaṃ; ","html":"<span class='verse-line'>{}</span>"},"ja490:13.3":{"pli":"Tasmā ahaṃposathaṃ pālayāmi, ","html":"<span class='verse-line'>{}</span>"},"ja490:13.4":{"pli":"Atricchatā mā punarāgamāsi”. ","html":"<span class='verse-line'>{}</span></p>"},"ja490:14.1":{"pli":"“Yaṃ no apucchittha tuvaṃ bhadante, ","html":"<p><span class='verse-line'>{}</span>"},"ja490:14.2":{"pli":"Sabbeva byākarimha yathāpajānaṃ; ","html":"<span class='verse-line'>{}</span>"},"ja490:14.3":{"pli":"Mayampi pucchāma tuvaṃ bhadante, ","html":"<span class='verse-line'>{}</span>"},"ja490:14.4":{"pli":"Kasmā bhavaṃposathiko nu brahme”. ","html":"<span class='verse-line'>{}</span></p>"},"ja490:15.1":{"pli":"“Anūpalitto mama assamamhi, ","html":"<p><span class='verse-line'>{}</span>"},"ja490:15.2":{"pli":"Paccekabuddho muhuttaṃ nisīdi; ","html":"<span class='verse-line'>{}</span>"},"ja490:15.3":{"pli":"So maṃ avedī gatimāgatiñca, ","html":"<span class='verse-line'>{}</span>"},"ja490:15.4":{"pli":"Nāmañca gottaṃ caraṇañca sabbaṃ. ","html":"<span class='verse-line'>{}</span></p>"},"ja490:16.1":{"pli":"Evampahaṃ vandi na tassa pāde, ","html":"<p data-counter='51'><span class='verse-line'>{}</span>"},"ja490:16.2":{"pli":"Na cāpi naṃ mānagatena pucchiṃ; ","html":"<span class='verse-line'>{}</span>"},"ja490:16.3":{"pli":"Tasmā ahaṃposathaṃ pālayāmi, ","html":"<span class='verse-line'>{}</span>"},"ja490:16.4":{"pli":"Māno mamaṃ mā punarāgamāsī”ti. ","html":"<span class='verse-line'>{}</span></p></blockquote>"},"ja490:17.1":{"pli":"Pañcuposathikajātakaṃ sattamaṃ. ","html":"<p class='endsutta'>{}</p></article>"}},"ja491":{"ja491:0.1":{"pli":"Jātaka ","html":"<article id='ja491'><header><ul><li class='division'>{}</li>"},"ja491:0.2":{"pli":"Pakiṇṇakanipāta ","html":"<li>{}</li>"},"ja491:0.3":{"pli":"Sālikedāravagga ","html":"<li>{}</li></ul>"},"ja491:0.4":{"pli":"8. Mahāmorajātaka ","html":"<h1 class='sutta-title'>{}</h1></header>"},"ja491:1.1":{"pli":"“Sace hi tyāhaṃ dhanahetu gāhito, ","html":"<blockquote class='gatha'><p><span class='verse-line'>{}</span>"},"ja491:1.2":{"pli":"Mā maṃ vadhī jīvagāhaṃ gahetvā; ","html":"<span class='verse-line'>{}</span>"},"ja491:1.3":{"pli":"Rañño ca maṃ samma upantikaṃ nehi, ","html":"<span class='verse-line'>{}</span>"},"ja491:1.4":{"pli":"Maññe dhanaṃ lacchasinapparūpaṃ”. ","html":"<span class='verse-line'>{}</span></p>"},"ja491:2.1":{"pli":"“Na me ayaṃ tuyha vadhāya ajja, ","html":"<p><span class='verse-line'>{}</span>"},"ja491:2.2":{"pli":"Samāhito cāpadhure khurappo; ","html":"<span class='verse-line'>{}</span>"},"ja491:2.3":{"pli":"Pāsañca tyāhaṃ adhipātayissaṃ, ","html":"<span class='verse-line'>{}</span>"},"ja491:2.4":{"pli":"Yathāsukhaṃ gacchatu morarājā”. ","html":"<span class='verse-line'>{}</span></p>"},"ja491:3.1":{"pli":"“Yaṃ satta vassāni mamānubandhi, ","html":"<p><span class='verse-line'>{}</span>"},"ja491:3.2":{"pli":"Rattindivaṃ khuppipāsaṃ sahanto; ","html":"<span class='verse-line'>{}</span>"},"ja491:3.3":{"pli":"Atha kissa maṃ pāsavasūpanītaṃ, ","html":"<span class='verse-line'>{}</span>"},"ja491:3.4":{"pli":"Pamuttave icchasi bandhanasmā. ","html":"<span class='verse-line'>{}</span></p>"},"ja491:4.1":{"pli":"Pāṇātipātā virato nusajja, ","html":"<p><span class='verse-line'>{}</span>"},"ja491:4.2":{"pli":"Abhayaṃ nu te sabbabhūtesu dinnaṃ; ","html":"<span class='verse-line'>{}</span>"},"ja491:4.3":{"pli":"Yaṃ maṃ tuvaṃ pāsavasūpanītaṃ, ","html":"<span class='verse-line'>{}</span>"},"ja491:4.4":{"pli":"Pamuttave icchasi bandhanasmā”. ","html":"<span class='verse-line'>{}</span></p>"},"ja491:5.1":{"pli":"“Pāṇātipātā viratassa brūhi, ","html":"<p><span class='verse-line'>{}</span>"},"ja491:5.2":{"pli":"Abhayañca yo sabbabhūtesu deti; ","html":"<span class='verse-line'>{}</span>"},"ja491:5.3":{"pli":"Pucchāmi taṃ morarājetamatthaṃ, ","html":"<span class='verse-line'>{}</span>"},"ja491:5.4":{"pli":"Ito cuto kiṃ labhate sukhaṃ so”. ","html":"<span class='verse-line'>{}</span></p>"},"ja491:6.1":{"pli":"“Pāṇātipātā viratassa brūmi, ","html":"<p><span class='verse-line'>{}</span>"},"ja491:6.2":{"pli":"Abhayañca yo sabbabhūtesu deti; ","html":"<span class='verse-line'>{}</span>"},"ja491:6.3":{"pli":"Diṭṭheva dhamme labhate pasaṃsaṃ, ","html":"<span class='verse-line'>{}</span>"},"ja491:6.4":{"pli":"Saggañca so yāti sarīrabhedā”. ","html":"<span class='verse-line'>{}</span></p>"},"ja491:7.1":{"pli":"“Na santi devā iti āhu eke, ","html":"<p><span class='verse-line'>{}</span>"},"ja491:7.2":{"pli":"Idheva jīvo vibhavaṃ upeti; ","html":"<span class='verse-line'>{}</span>"},"ja491:7.3":{"pli":"Tathā phalaṃ sukatadukkaṭānaṃ, ","html":"<span class='verse-line'>{}</span>"},"ja491:7.4":{"pli":"Dattupaññattañca vadanti dānaṃ; ","html":"<span class='verse-line'>{}</span>"},"ja491:7.5":{"pli":"Tesaṃ vaco arahataṃ saddahāno, ","html":"<span class='verse-line'>{}</span>"},"ja491:7.6":{"pli":"Tasmā ahaṃ sakuṇe bādhayāmi”. ","html":"<span class='verse-line'>{}</span></p>"},"ja491:8.1":{"pli":"“Cando ca suriyo ca ubho sudassanā, ","html":"<p><span class='verse-line'>{}</span>"},"ja491:8.2":{"pli":"Gacchanti obhāsayamantalikkhe; ","html":"<span class='verse-line'>{}</span>"},"ja491:8.3":{"pli":"Imassa lokassa parassa vā te, ","html":"<span class='verse-line'>{}</span>"},"ja491:8.4":{"pli":"Kathaṃ nu te āhu manussaloke”. ","html":"<span class='verse-line'>{}</span></p>"},"ja491:9.1":{"pli":"“Cando ca suriyo ca ubho sudassanā, ","html":"<p><span class='verse-line'>{}</span>"},"ja491:9.2":{"pli":"Gacchanti obhāsayamantalikkhe; ","html":"<span class='verse-line'>{}</span>"},"ja491:9.3":{"pli":"Parassa lokassa na te imassa, ","html":"<span class='verse-line'>{}</span>"},"ja491:9.4":{"pli":"Devāti te āhu manussaloke”. ","html":"<span class='verse-line'>{}</span></p>"},"ja491:10.1":{"pli":"“Ettheva te nīhatā hīnavādā, ","html":"<p><span class='verse-line'>{}</span>"},"ja491:10.2":{"pli":"Ahetukā ye na vadanti kammaṃ; ","html":"<span class='verse-line'>{}</span>"},"ja491:10.3":{"pli":"Tathā phalaṃ sukatadukkaṭānaṃ, ","html":"<span class='verse-line'>{}</span>"},"ja491:10.4":{"pli":"Dattupaññattaṃ ye ca vadanti dānaṃ”. ","html":"<span class='verse-line'>{}</span></p>"},"ja491:11.1":{"pli":"“Addhā hi saccaṃ vacanaṃ tavedaṃ, ","html":"<p><span class='verse-line'>{}</span>"},"ja491:11.2":{"pli":"Kathañhi dānaṃ aphalaṃ bhaveyya; ","html":"<span class='verse-line'>{}</span>"},"ja491:11.3":{"pli":"Tathā phalaṃ sukatadukkaṭānaṃ, ","html":"<span class='verse-line'>{}</span>"},"ja491:11.4":{"pli":"Dattupaññattañca kathaṃ bhaveyya. ","html":"<span class='verse-line'>{}</span></p>"},"ja491:12.1":{"pli":"Kathaṅkaro kintikaro kimācaraṃ, ","html":"<p><span class='verse-line'>{}</span>"},"ja491:12.2":{"pli":"Kiṃ sevamāno kena tapoguṇena; ","html":"<span class='verse-line'>{}</span>"},"ja491:12.3":{"pli":"Akkhāhi me morarājetamatthaṃ, ","html":"<span class='verse-line'>{}</span>"},"ja491:12.4":{"pli":"Yathā ahaṃ no nirayaṃ pateyyaṃ”. ","html":"<span class='verse-line'>{}</span></p>"},"ja491:13.1":{"pli":"“Ye keci atthi samaṇā pathabyā, ","html":"<p><span class='verse-line'>{}</span>"},"ja491:13.2":{"pli":"Kāsāyavatthā anagāriyā te; ","html":"<span class='verse-line'>{}</span>"},"ja491:13.3":{"pli":"Pātova piṇḍāya caranti kāle, ","html":"<span class='verse-line'>{}</span>"},"ja491:13.4":{"pli":"Vikālacariyā viratā hi santo. ","html":"<span class='verse-line'>{}</span></p>"},"ja491:14.1":{"pli":"Te tattha kālenupasaṅkamitvā, ","html":"<p><span class='verse-line'>{}</span>"},"ja491:14.2":{"pli":"Pucchāhi yaṃ te manaso piyaṃ siyā; ","html":"<span class='verse-line'>{}</span>"},"ja491:14.3":{"pli":"Te te pavakkhanti yathāpajānaṃ, ","html":"<span class='verse-line'>{}</span>"},"ja491:14.4":{"pli":"Imassa lokassa parassa catthaṃ”. ","html":"<span class='verse-line'>{}</span></p>"},"ja491:15.1":{"pli":"“Tacaṃva jiṇṇaṃ urago purāṇaṃ, ","html":"<p><span class='verse-line'>{}</span>"},"ja491:15.2":{"pli":"Paṇḍūpalāsaṃ harito dumova; ","html":"<span class='verse-line'>{}</span>"},"ja491:15.3":{"pli":"Esappahīno mama luddabhāvo, ","html":"<span class='verse-line'>{}</span>"},"ja491:15.4":{"pli":"Jahāmahaṃ luddakabhāvamajja. ","html":"<span class='verse-line'>{}</span></p>"},"ja491:16.1":{"pli":"Ye cāpi me sakuṇā atthi baddhā, ","html":"<p><span class='verse-line'>{}</span>"},"ja491:16.2":{"pli":"Satāninekāni nivesanasmiṃ; ","html":"<span class='verse-line'>{}</span>"},"ja491:16.3":{"pli":"Tesampahaṃ jīvitamajja dammi, ","html":"<span class='verse-line'>{}</span>"},"ja491:16.4":{"pli":"Mokkhañca te pattā sakaṃ niketaṃ”. ","html":"<span class='verse-line'>{}</span></p>"},"ja491:17.1":{"pli":"“Luddo carī pāsahattho araññe, ","html":"<p><span class='verse-line'>{}</span>"},"ja491:17.2":{"pli":"Bādhetu morādhipatiṃ yasassiṃ; ","html":"<span class='verse-line'>{}</span>"},"ja491:17.3":{"pli":"Bandhitvā morādhipatiṃ yasassiṃ, ","html":"<span class='verse-line'>{}</span>"},"ja491:17.4":{"pli":"Dukkhā sa pamucci yathāhaṃ pamutto”ti. ","html":"<span class='verse-line'>{}</span></p></blockquote>"},"ja491:18.1":{"pli":"Mahāmorajātakaṃ aṭṭhamaṃ. ","html":"<p class='endsutta'>{}</p></article>"}},"ja492":{"ja492:0.1":{"pli":"Jātaka ","html":"<article id='ja492'><header><ul><li class='division'>{}</li>"},"ja492:0.2":{"pli":"Pakiṇṇakanipāta ","html":"<li>{}</li>"},"ja492:0.3":{"pli":"Sālikedāravagga ","html":"<li>{}</li></ul>"},"ja492:0.4":{"pli":"9. Tacchasūkarajātaka ","html":"<h1 class='sutta-title'>{}</h1></header>"},"ja492:1.1":{"pli":"“Yadesamānā vicarimha, ","html":"<blockquote class='gatha'><p><span class='verse-line'>{}</span>"},"ja492:1.2":{"pli":"pabbatāni vanāni ca; ","html":"<span class='verse-line'>{}</span>"},"ja492:1.3":{"pli":"Anvesaṃ vicariṃ ñātī, ","html":"<span class='verse-line'>{}</span>"},"ja492:1.4":{"pli":"teme adhigatā mayā. ","html":"<span class='verse-line'>{}</span></p>"},"ja492:2.1":{"pli":"Bahuñcidaṃ mūlaphalaṃ, ","html":"<p><span class='verse-line'>{}</span>"},"ja492:2.2":{"pli":"bhakkho cāyaṃ anappako; ","html":"<span class='verse-line'>{}</span>"},"ja492:2.3":{"pli":"Rammā cimā girīnajjo, ","html":"<span class='verse-line'>{}</span>"},"ja492:2.4":{"pli":"phāsuvāso bhavissati. ","html":"<span class='verse-line'>{}</span></p>"},"ja492:3.1":{"pli":"Idhevāhaṃ vasissāmi, ","html":"<p><span class='verse-line'>{}</span>"},"ja492:3.2":{"pli":"saha sabbehi ñātibhi; ","html":"<span class='verse-line'>{}</span>"},"ja492:3.3":{"pli":"Appossukko nirāsaṅkī, ","html":"<span class='verse-line'>{}</span>"},"ja492:3.4":{"pli":"asoko akutobhayo”. ","html":"<span class='verse-line'>{}</span></p>"},"ja492:4.1":{"pli":"“Aññampi leṇaṃ pariyesa, ","html":"<p><span class='verse-line'>{}</span>"},"ja492:4.2":{"pli":"sattu no idha vijjati; ","html":"<span class='verse-line'>{}</span>"},"ja492:4.3":{"pli":"So taccha sūkare hanti, ","html":"<span class='verse-line'>{}</span>"},"ja492:4.4":{"pli":"idhāgantvā varaṃ varaṃ”. ","html":"<span class='verse-line'>{}</span></p>"},"ja492:5.1":{"pli":"“Ko numhākaṃ idha sattu, ","html":"<p><span class='verse-line'>{}</span>"},"ja492:5.2":{"pli":"ko ñātī susamāgate; ","html":"<span class='verse-line'>{}</span>"},"ja492:5.3":{"pli":"Duppadhaṃse padhaṃseti, ","html":"<span class='verse-line'>{}</span>"},"ja492:5.4":{"pli":"taṃ me akkhātha pucchitā”. ","html":"<span class='verse-line'>{}</span></p>"},"ja492:6.1":{"pli":"“Uddhaggarājī migarājā, ","html":"<p><span class='verse-line'>{}</span>"},"ja492:6.2":{"pli":"balī dāṭhāvudho migo; ","html":"<span class='verse-line'>{}</span>"},"ja492:6.3":{"pli":"So taccha sūkare hanti, ","html":"<span class='verse-line'>{}</span>"},"ja492:6.4":{"pli":"idhāgantvā varaṃ varaṃ”. ","html":"<span class='verse-line'>{}</span></p>"},"ja492:7.1":{"pli":"“Na no dāṭhā na vijjanti, ","html":"<p><span class='verse-line'>{}</span>"},"ja492:7.2":{"pli":"balaṃ kāye samohitaṃ; ","html":"<span class='verse-line'>{}</span>"},"ja492:7.3":{"pli":"Sabbe samaggā hutvāna, ","html":"<span class='verse-line'>{}</span>"},"ja492:7.4":{"pli":"vasaṃ kāhāma ekakaṃ”. ","html":"<span class='verse-line'>{}</span></p>"},"ja492:8.1":{"pli":"“Hadayaṅgamaṃ kaṇṇasukhaṃ, ","html":"<p><span class='verse-line'>{}</span>"},"ja492:8.2":{"pli":"Vācaṃ bhāsasi tacchaka; ","html":"<span class='verse-line'>{}</span>"},"ja492:8.3":{"pli":"Yopi yuddhe palāyeyya, ","html":"<span class='verse-line'>{}</span>"},"ja492:8.4":{"pli":"Tampi pacchā hanāmase”. ","html":"<span class='verse-line'>{}</span></p>"},"ja492:9.1":{"pli":"“Pāṇātipātā virato nu ajja, ","html":"<p><span class='verse-line'>{}</span>"},"ja492:9.2":{"pli":"Abhayaṃ nu te sabbabhūtesu dinnaṃ; ","html":"<span class='verse-line'>{}</span>"},"ja492:9.3":{"pli":"Dāṭhā nu te migavadhāya na santi, ","html":"<span class='verse-line'>{}</span>"},"ja492:9.4":{"pli":"Yo saṅghapatto kapaṇova jhāyasi”. ","html":"<span class='verse-line'>{}</span></p>"},"ja492:10.1":{"pli":"“Na me dāṭhā na vijjanti, ","html":"<p><span class='verse-line'>{}</span>"},"ja492:10.2":{"pli":"Balaṃ kāye samohitaṃ; ","html":"<span class='verse-line'>{}</span>"},"ja492:10.3":{"pli":"Ñātī ca disvāna sāmaggī ekato, ","html":"<span class='verse-line'>{}</span>"},"ja492:10.4":{"pli":"Tasmā ca jhāyāmi vanamhi ekako. ","html":"<span class='verse-line'>{}</span></p>"},"ja492:11.1":{"pli":"Imassudaṃ yanti disodisaṃ pure, ","html":"<p><span class='verse-line'>{}</span>"},"ja492:11.2":{"pli":"Bhayaṭṭitā leṇagavesino puthu; ","html":"<span class='verse-line'>{}</span>"},"ja492:11.3":{"pli":"Te dāni saṅgamma vasanti ekato, ","html":"<span class='verse-line'>{}</span>"},"ja492:11.4":{"pli":"Yatthaṭṭhitā duppasahajja te mayā. ","html":"<span class='verse-line'>{}</span></p>"},"ja492:12.1":{"pli":"Pariṇāyakasampannā, ","html":"<p><span class='verse-line'>{}</span>"},"ja492:12.2":{"pli":"sahitā ekavādino; ","html":"<span class='verse-line'>{}</span>"},"ja492:12.3":{"pli":"Te maṃ samaggā hiṃseyyuṃ, ","html":"<span class='verse-line'>{}</span>"},"ja492:12.4":{"pli":"tasmā nesaṃ na patthaye”. ","html":"<span class='verse-line'>{}</span></p>"},"ja492:13.1":{"pli":"“Ekova indo asure jināti, ","html":"<p><span class='verse-line'>{}</span>"},"ja492:13.2":{"pli":"Ekova seno hanti dije pasayha; ","html":"<span class='verse-line'>{}</span>"},"ja492:13.3":{"pli":"Ekova byaggho migasaṅghapatto, ","html":"<span class='verse-line'>{}</span>"},"ja492:13.4":{"pli":"Varaṃ varaṃ hanti balañhi tādisaṃ”. ","html":"<span class='verse-line'>{}</span></p>"},"ja492:14.1":{"pli":"“Na heva indo na seno, ","html":"<p><span class='verse-line'>{}</span>"},"ja492:14.2":{"pli":"napi byaggho migādhipo; ","html":"<span class='verse-line'>{}</span>"},"ja492:14.3":{"pli":"Samagge sahite ñātī, ","html":"<span class='verse-line'>{}</span>"},"ja492:14.4":{"pli":"na byagghe kurute vase”. ","html":"<span class='verse-line'>{}</span></p>"},"ja492:15.1":{"pli":"“Kumbhīlakā sakuṇakā, ","html":"<p><span class='verse-line'>{}</span>"},"ja492:15.2":{"pli":"saṅghino gaṇacārino; ","html":"<span class='verse-line'>{}</span>"},"ja492:15.3":{"pli":"Sammodamānā ekajjhaṃ, ","html":"<span class='verse-line'>{}</span>"},"ja492:15.4":{"pli":"uppatanti ḍayanti ca. ","html":"<span class='verse-line'>{}</span></p>"},"ja492:16.1":{"pli":"Tesañca ḍayamānānaṃ, ","html":"<p><span class='verse-line'>{}</span>"},"ja492:16.2":{"pli":"ekettha apasakkati; ","html":"<span class='verse-line'>{}</span>"},"ja492:16.3":{"pli":"Tañca seno nitāḷeti, ","html":"<span class='verse-line'>{}</span>"},"ja492:16.4":{"pli":"veyyagghiyeva sā gati”. ","html":"<span class='verse-line'>{}</span></p>"},"ja492:17.1":{"pli":"“Ussāhito jaṭilena, ","html":"<p><span class='verse-line'>{}</span>"},"ja492:17.2":{"pli":"luddenāmisacakkhunā; ","html":"<span class='verse-line'>{}</span>"},"ja492:17.3":{"pli":"Dāṭhī dāṭhīsu pakkhandi, ","html":"<span class='verse-line'>{}</span>"},"ja492:17.4":{"pli":"maññamāno yathā pure”. ","html":"<span class='verse-line'>{}</span></p>"},"ja492:18.1":{"pli":"“Sādhu sambahulā ñātī, ","html":"<p><span class='verse-line'>{}</span>"},"ja492:18.2":{"pli":"api rukkhā araññajā; ","html":"<span class='verse-line'>{}</span>"},"ja492:18.3":{"pli":"Sūkarehi samaggehi, ","html":"<span class='verse-line'>{}</span>"},"ja492:18.4":{"pli":"byaggho ekāyane hato”. ","html":"<span class='verse-line'>{}</span></p>"},"ja492:19.1":{"pli":"Brāhmaṇañceva byagghañca, ","html":"<p><span class='verse-line'>{}</span>"},"ja492:19.2":{"pli":"ubho hantvāna sūkarā. ","html":"<span class='verse-line'>{}</span>"},"ja492:19.3":{"pli":"Ānandino pamuditā, ","html":"<span class='verse-line'>{}</span>"},"ja492:19.4":{"pli":"mahānādaṃ panādisuṃ. ","html":"<span class='verse-line'>{}</span></p>"},"ja492:20.1":{"pli":"Te su udumbaramūlasmiṃ, ","html":"<p><span class='verse-line'>{}</span>"},"ja492:20.2":{"pli":"sūkarā susamāgatā; ","html":"<span class='verse-line'>{}</span>"},"ja492:20.3":{"pli":"Tacchakaṃ abhisiñciṃsu, ","html":"<span class='verse-line'>{}</span>"},"ja492:20.4":{"pli":"“tvaṃ no rājāsi issaro”ti. ","html":"<span class='verse-line'>{}</span></p></blockquote>"},"ja492:21.1":{"pli":"Tacchasūkarajātakaṃ navamaṃ. ","html":"<p class='endsutta'>{}</p></article>"}}}