{"ja483":{"ja483:0.1":{"pli":"Jātaka ","html":"<article id='ja483'><header><ul><li class='division'>{}</li>"},"ja483:0.2":{"pli":"Terasakanipāta ","html":"<li>{}</li>"},"ja483:0.3":{"pli":"Ambavagga ","html":"<li>{}</li></ul>"},"ja483:0.4":{"pli":"10. Sarabhamigajātaka ","html":"<h1 class='sutta-title'>{}</h1></header>"},"ja483:1.1":{"pli":"“Āsīsetheva puriso, ","html":"<blockquote class='gatha'><p><span class='verse-line'>{}</span>"},"ja483:1.2":{"pli":"na nibbindeyya paṇḍito; ","html":"<span class='verse-line'>{}</span>"},"ja483:1.3":{"pli":"Passāmi vohaṃ attānaṃ, ","html":"<span class='verse-line'>{}</span>"},"ja483:1.4":{"pli":"yathā icchiṃ tathā ahu. ","html":"<span class='verse-line'>{}</span></p>"},"ja483:2.1":{"pli":"Āsīsetheva puriso, ","html":"<p><span class='verse-line'>{}</span>"},"ja483:2.2":{"pli":"na nibbindeyya paṇḍito; ","html":"<span class='verse-line'>{}</span>"},"ja483:2.3":{"pli":"Passāmi vohaṃ attānaṃ, ","html":"<span class='verse-line'>{}</span>"},"ja483:2.4":{"pli":"udakā thalamubbhataṃ. ","html":"<span class='verse-line'>{}</span></p>"},"ja483:3.1":{"pli":"Vāyametheva puriso, ","html":"<p><span class='verse-line'>{}</span>"},"ja483:3.2":{"pli":"na nibbindeyya paṇḍito; ","html":"<span class='verse-line'>{}</span>"},"ja483:3.3":{"pli":"Passāmi vohaṃ attānaṃ, ","html":"<span class='verse-line'>{}</span>"},"ja483:3.4":{"pli":"yathā icchiṃ tathā ahu. ","html":"<span class='verse-line'>{}</span></p>"},"ja483:4.1":{"pli":"Vāyametheva puriso, ","html":"<p><span class='verse-line'>{}</span>"},"ja483:4.2":{"pli":"na nibbindeyya paṇḍito; ","html":"<span class='verse-line'>{}</span>"},"ja483:4.3":{"pli":"Passāmi vohaṃ attānaṃ, ","html":"<span class='verse-line'>{}</span>"},"ja483:4.4":{"pli":"udakā thalamubbhataṃ. ","html":"<span class='verse-line'>{}</span></p>"},"ja483:5.1":{"pli":"Dukkhūpanītopi naro sapañño, ","html":"<p><span class='verse-line'>{}</span>"},"ja483:5.2":{"pli":"Āsaṃ na chindeyya sukhāgamāya; ","html":"<span class='verse-line'>{}</span>"},"ja483:5.3":{"pli":"Bahū hi phassā ahitā hitā ca, ","html":"<span class='verse-line'>{}</span>"},"ja483:5.4":{"pli":"Avitakkitā maccamupabbajanti. ","html":"<span class='verse-line'>{}</span></p>"},"ja483:6.1":{"pli":"Acintitampi bhavati, ","html":"<p><span class='verse-line'>{}</span>"},"ja483:6.2":{"pli":"cintitampi vinassati; ","html":"<span class='verse-line'>{}</span>"},"ja483:6.3":{"pli":"Na hi cintāmayā bhogā, ","html":"<span class='verse-line'>{}</span>"},"ja483:6.4":{"pli":"itthiyā purisassa vā”. ","html":"<span class='verse-line'>{}</span></p>"},"ja483:7.1":{"pli":"“Sarabhaṃ giriduggasmiṃ, ","html":"<p><span class='verse-line'>{}</span>"},"ja483:7.2":{"pli":"yaṃ tvaṃ anusarī pure; ","html":"<span class='verse-line'>{}</span>"},"ja483:7.3":{"pli":"Alīnacittassa tuvaṃ, ","html":"<span class='verse-line'>{}</span>"},"ja483:7.4":{"pli":"vikkantamanujīvasi. ","html":"<span class='verse-line'>{}</span></p>"},"ja483:8.1":{"pli":"Yo taṃ viduggā narakā samuddhari, ","html":"<p><span class='verse-line'>{}</span>"},"ja483:8.2":{"pli":"Silāya yoggaṃ sarabho karitvā; ","html":"<span class='verse-line'>{}</span>"},"ja483:8.3":{"pli":"Dukkhūpanītaṃ maccumukhā pamocayi, ","html":"<span class='verse-line'>{}</span>"},"ja483:8.4":{"pli":"Alīnacittaṃ ta migaṃ vadesi”. ","html":"<span class='verse-line'>{}</span></p>"},"ja483:9.1":{"pli":"“Kiṃ tvaṃ nu tattheva tadā ahosi, ","html":"<p><span class='verse-line'>{}</span>"},"ja483:9.2":{"pli":"Udāhu te koci naṃ etadakkhā; ","html":"<span class='verse-line'>{}</span>"},"ja483:9.3":{"pli":"Vivaṭṭacchaddo nusi sabbadassī, ","html":"<span class='verse-line'>{}</span>"},"ja483:9.4":{"pli":"Ñāṇaṃ nu te brāhmaṇa bhiṃsarūpaṃ”. ","html":"<span class='verse-line'>{}</span></p>"},"ja483:10.1":{"pli":"“Na cevahaṃ tattha tadā ahosiṃ, ","html":"<p><span class='verse-line'>{}</span>"},"ja483:10.2":{"pli":"Na cāpi me koci naṃ etadakkhā; ","html":"<span class='verse-line'>{}</span>"},"ja483:10.3":{"pli":"Gāthāpadānañca subhāsitānaṃ, ","html":"<span class='verse-line'>{}</span>"},"ja483:10.4":{"pli":"Atthaṃ tadānenti janinda dhīrā”. ","html":"<span class='verse-line'>{}</span></p>"},"ja483:11.1":{"pli":"“Ādāya pattiṃ paraviriyaghātiṃ, ","html":"<p><span class='verse-line'>{}</span>"},"ja483:11.2":{"pli":"Cāpe saraṃ kiṃ vicikicchase tuvaṃ; ","html":"<span class='verse-line'>{}</span>"},"ja483:11.3":{"pli":"Nunno saro sarabhaṃ hantu khippaṃ, ","html":"<span class='verse-line'>{}</span>"},"ja483:11.4":{"pli":"Annañhi etaṃ varapañña rañño”. ","html":"<span class='verse-line'>{}</span></p>"},"ja483:12.1":{"pli":"“Addhā pajānāmi ahampi etaṃ, ","html":"<p><span class='verse-line'>{}</span>"},"ja483:12.2":{"pli":"Annaṃ migo brāhmaṇa khattiyassa; ","html":"<span class='verse-line'>{}</span>"},"ja483:12.3":{"pli":"Pubbe katañca apacāyamāno, ","html":"<span class='verse-line'>{}</span>"},"ja483:12.4":{"pli":"Tasmā migaṃ sarabhaṃ no hanāmi”. ","html":"<span class='verse-line'>{}</span></p>"},"ja483:13.1":{"pli":"“Neso migo mahārāja, ","html":"<p><span class='verse-line'>{}</span>"},"ja483:13.2":{"pli":"asureso disampati; ","html":"<span class='verse-line'>{}</span>"},"ja483:13.3":{"pli":"Etaṃ hantvā manussinda, ","html":"<span class='verse-line'>{}</span>"},"ja483:13.4":{"pli":"bhavassu amarādhipo. ","html":"<span class='verse-line'>{}</span></p>"},"ja483:14.1":{"pli":"Sace ca rājā vicikicchase tuvaṃ, ","html":"<p><span class='verse-line'>{}</span>"},"ja483:14.2":{"pli":"Hantuṃ migaṃ sarabhaṃ sahāyakaṃ; ","html":"<span class='verse-line'>{}</span>"},"ja483:14.3":{"pli":"Saputtadāro naravīraseṭṭha, ","html":"<span class='verse-line'>{}</span>"},"ja483:14.4":{"pli":"Gantā tuvaṃ vetaraṇiṃ yamassa”. ","html":"<span class='verse-line'>{}</span></p>"},"ja483:15.1":{"pli":"“Kāmaṃ ahaṃ jānapadā ca sabbe, ","html":"<p><span class='verse-line'>{}</span>"},"ja483:15.2":{"pli":"Puttā ca dārā ca sahāyasaṅghā; ","html":"<span class='verse-line'>{}</span>"},"ja483:15.3":{"pli":"Gacchemu taṃ vetaraṇiṃ yamassa, ","html":"<span class='verse-line'>{}</span>"},"ja483:15.4":{"pli":"Na tveva hañño mama pāṇado yo. ","html":"<span class='verse-line'>{}</span></p>"},"ja483:16.1":{"pli":"Ayaṃ migo kicchagatassa mayhaṃ, ","html":"<p><span class='verse-line'>{}</span>"},"ja483:16.2":{"pli":"Ekassa kattā vivanasmi ghore; ","html":"<span class='verse-line'>{}</span>"},"ja483:16.3":{"pli":"Taṃ tādisaṃ pubbakiccaṃ saranto, ","html":"<span class='verse-line'>{}</span>"},"ja483:16.4":{"pli":"Jānaṃ mahābrahme kathaṃ haneyyaṃ”. ","html":"<span class='verse-line'>{}</span></p>"},"ja483:17.1":{"pli":"“Mittābhirādhī cirameva jīva, ","html":"<p><span class='verse-line'>{}</span>"},"ja483:17.2":{"pli":"Rajjaṃ imaṃ dhammaguṇe pasāsa; ","html":"<span class='verse-line'>{}</span>"},"ja483:17.3":{"pli":"Nārīgaṇehi paricāriyanto, ","html":"<span class='verse-line'>{}</span>"},"ja483:17.4":{"pli":"Modassu raṭṭhe tidiveva vāsavo. ","html":"<span class='verse-line'>{}</span></p>"},"ja483:18.1":{"pli":"Akkodhano niccapasannacitto, ","html":"<p><span class='verse-line'>{}</span>"},"ja483:18.2":{"pli":"Sabbātithī yācayogo bhavitvā; ","html":"<span class='verse-line'>{}</span>"},"ja483:18.3":{"pli":"Datvā ca bhutvā ca yathānubhāvaṃ, ","html":"<span class='verse-line'>{}</span>"},"ja483:18.4":{"pli":"Anindito saggamupehi ṭhānan”ti. ","html":"<span class='verse-line'>{}</span></p></blockquote>"},"ja483:19.1":{"pli":"Sarabhamigajātakaṃ dasamaṃ. ","html":"<p class='endsutta'>{}</p>"},"ja483:20.1":{"pli":"Terasakanipātaṃ niṭṭhitaṃ. ","html":"<p class='endsection'>{}</p>"},"ja483:21.1":{"pli":"Tassuddānaṃ ","html":"<p class='uddana-intro'>{}</p>"},"ja483:22.1":{"pli":"Varaamba kuṭhāri sahaṃsavaro, ","html":"<blockquote class='uddanagatha'><p><span class='verse-line'>{}</span>"},"ja483:22.2":{"pli":"Atharaññasmiṃ dūtakapañcamako; ","html":"<span class='verse-line'>{}</span>"},"ja483:22.3":{"pli":"Atha bodhi akitti sutakkarinā, ","html":"<span class='verse-line'>{}</span>"},"ja483:22.4":{"pli":"Atha rurumigenaparo sarabhoti. ","html":"<span class='verse-line'>{}</span></p></blockquote></article>"}},"ja484":{"ja484:0.1":{"pli":"Jātaka ","html":"<article id='ja484'><header><ul><li class='division'>{}</li>"},"ja484:0.2":{"pli":"Pakiṇṇakanipāta ","html":"<li>{}</li>"},"ja484:0.3":{"pli":"Sālikedāravagga ","html":"<li>{}</li></ul>"},"ja484:0.4":{"pli":"1. Sālikedārajātaka ","html":"<h1 class='sutta-title'>{}</h1></header>"},"ja484:1.1":{"pli":"“Sampannaṃ sālikedāraṃ, ","html":"<blockquote class='gatha'><p><span class='verse-line'>{}</span>"},"ja484:1.2":{"pli":"suvā bhuñjanti kosiya; ","html":"<span class='verse-line'>{}</span>"},"ja484:1.3":{"pli":"Paṭivedemi te brahme, ","html":"<span class='verse-line'>{}</span>"},"ja484:1.4":{"pli":"na ne vāretumussahe. ","html":"<span class='verse-line'>{}</span></p>"},"ja484:2.1":{"pli":"Eko ca tattha sakuṇo, ","html":"<p><span class='verse-line'>{}</span>"},"ja484:2.2":{"pli":"yo nesaṃ sabbasundaro; ","html":"<span class='verse-line'>{}</span>"},"ja484:2.3":{"pli":"Bhutvā sāliṃ yathākāmaṃ, ","html":"<span class='verse-line'>{}</span>"},"ja484:2.4":{"pli":"tuṇḍenādāya gacchati”. ","html":"<span class='verse-line'>{}</span></p>"},"ja484:3.1":{"pli":"“Oḍḍentu vāḷapāsāni, ","html":"<p><span class='verse-line'>{}</span>"},"ja484:3.2":{"pli":"yathā bajjhetha so dijo; ","html":"<span class='verse-line'>{}</span>"},"ja484:3.3":{"pli":"Jīvañca naṃ gahetvāna, ","html":"<span class='verse-line'>{}</span>"},"ja484:3.4":{"pli":"ānayehi mamantike”. ","html":"<span class='verse-line'>{}</span></p>"},"ja484:4.1":{"pli":"“Ete bhutvā pivitvā ca, ","html":"<p><span class='verse-line'>{}</span>"},"ja484:4.2":{"pli":"pakkamanti vihaṅgamā; ","html":"<span class='verse-line'>{}</span>"},"ja484:4.3":{"pli":"Eko baddhosmi pāsena, ","html":"<span class='verse-line'>{}</span>"},"ja484:4.4":{"pli":"kiṃ pāpaṃ pakataṃ mayā”. ","html":"<span class='verse-line'>{}</span></p>"},"ja484:5.1":{"pli":"“Udaraṃ nūna aññesaṃ, ","html":"<p><span class='verse-line'>{}</span>"},"ja484:5.2":{"pli":"suva accodaraṃ tava; ","html":"<span class='verse-line'>{}</span>"},"ja484:5.3":{"pli":"Bhutvā sāliṃ yathākāmaṃ, ","html":"<span class='verse-line'>{}</span>"},"ja484:5.4":{"pli":"tuṇḍenādāya gacchasi. ","html":"<span class='verse-line'>{}</span></p>"},"ja484:6.1":{"pli":"Koṭṭhaṃ nu tattha pūresi, ","html":"<p><span class='verse-line'>{}</span>"},"ja484:6.2":{"pli":"suva veraṃ nu te mayā; ","html":"<span class='verse-line'>{}</span>"},"ja484:6.3":{"pli":"Puṭṭho me samma akkhāhi, ","html":"<span class='verse-line'>{}</span>"},"ja484:6.4":{"pli":"kuhiṃ sāliṃ nidāhasi”. ","html":"<span class='verse-line'>{}</span></p>"},"ja484:7.1":{"pli":"“Na me veraṃ tayā saddhiṃ, ","html":"<p><span class='verse-line'>{}</span>"},"ja484:7.2":{"pli":"koṭṭho mayhaṃ na vijjati; ","html":"<span class='verse-line'>{}</span>"},"ja484:7.3":{"pli":"Iṇaṃ muñcāmiṇaṃ dammi, ","html":"<span class='verse-line'>{}</span>"},"ja484:7.4":{"pli":"sampatto koṭasimbaliṃ; ","html":"<span class='verse-line'>{}</span>"},"ja484:7.5":{"pli":"Nidhimpi tattha nidahāmi, ","html":"<span class='verse-line'>{}</span>"},"ja484:7.6":{"pli":"evaṃ jānāhi kosiya”. ","html":"<span class='verse-line'>{}</span></p>"},"ja484:8.1":{"pli":"“Kīdisaṃ te iṇadānaṃ, ","html":"<p><span class='verse-line'>{}</span>"},"ja484:8.2":{"pli":"iṇamokkho ca kīdiso; ","html":"<span class='verse-line'>{}</span>"},"ja484:8.3":{"pli":"Nidhinidhānamakkhāhi, ","html":"<span class='verse-line'>{}</span>"},"ja484:8.4":{"pli":"atha pāsā pamokkhasi”. ","html":"<span class='verse-line'>{}</span></p>"},"ja484:9.1":{"pli":"“Ajātapakkhā taruṇā, ","html":"<p><span class='verse-line'>{}</span>"},"ja484:9.2":{"pli":"puttakā mayha kosiya; ","html":"<span class='verse-line'>{}</span>"},"ja484:9.3":{"pli":"Te maṃ bhatā bharissanti, ","html":"<span class='verse-line'>{}</span>"},"ja484:9.4":{"pli":"tasmā tesaṃ iṇaṃ dade. ","html":"<span class='verse-line'>{}</span></p>"},"ja484:10.1":{"pli":"Mātā pitā ca me vuddhā, ","html":"<p><span class='verse-line'>{}</span>"},"ja484:10.2":{"pli":"jiṇṇakā gatayobbanā; ","html":"<span class='verse-line'>{}</span>"},"ja484:10.3":{"pli":"Tesaṃ tuṇḍena hātūna, ","html":"<span class='verse-line'>{}</span>"},"ja484:10.4":{"pli":"muñce pubbakataṃ iṇaṃ. ","html":"<span class='verse-line'>{}</span></p>"},"ja484:11.1":{"pli":"Aññepi tattha sakuṇā, ","html":"<p><span class='verse-line'>{}</span>"},"ja484:11.2":{"pli":"khīṇapakkhā sudubbalā; ","html":"<span class='verse-line'>{}</span>"},"ja484:11.3":{"pli":"Tesaṃ puññatthiko dammi, ","html":"<span class='verse-line'>{}</span>"},"ja484:11.4":{"pli":"taṃ nidhiṃ āhu paṇḍitā. ","html":"<span class='verse-line'>{}</span></p>"},"ja484:12.1":{"pli":"Īdisaṃ me iṇadānaṃ, ","html":"<p><span class='verse-line'>{}</span>"},"ja484:12.2":{"pli":"iṇamokkho ca īdiso; ","html":"<span class='verse-line'>{}</span>"},"ja484:12.3":{"pli":"Nidhinidhānamakkhāmi, ","html":"<span class='verse-line'>{}</span>"},"ja484:12.4":{"pli":"evaṃ jānāhi kosiya”. ","html":"<span class='verse-line'>{}</span></p>"},"ja484:13.1":{"pli":"“Bhaddako vatayaṃ pakkhī, ","html":"<p><span class='verse-line'>{}</span>"},"ja484:13.2":{"pli":"dijo paramadhammiko; ","html":"<span class='verse-line'>{}</span>"},"ja484:13.3":{"pli":"Ekaccesu manussesu, ","html":"<span class='verse-line'>{}</span>"},"ja484:13.4":{"pli":"ayaṃ dhammo na vijjati. ","html":"<span class='verse-line'>{}</span></p>"},"ja484:14.1":{"pli":"Bhuñja sāliṃ yathākāmaṃ, ","html":"<p><span class='verse-line'>{}</span>"},"ja484:14.2":{"pli":"saha sabbehi ñātibhi; ","html":"<span class='verse-line'>{}</span>"},"ja484:14.3":{"pli":"Punāpi suva passemu, ","html":"<span class='verse-line'>{}</span>"},"ja484:14.4":{"pli":"piyaṃ me tava dassanaṃ”. ","html":"<span class='verse-line'>{}</span></p>"},"ja484:15.1":{"pli":"“Bhuttañca pītañca tavassamamhi, ","html":"<p><span class='verse-line'>{}</span>"},"ja484:15.2":{"pli":"Ratī ca no kosiya te sakāse; ","html":"<span class='verse-line'>{}</span>"},"ja484:15.3":{"pli":"Nikkhittadaṇḍesu dadāhi dānaṃ, ","html":"<span class='verse-line'>{}</span>"},"ja484:15.4":{"pli":"Jiṇṇe ca mātāpitaro bharassu”. ","html":"<span class='verse-line'>{}</span></p>"},"ja484:16.1":{"pli":"“Lakkhī vata me udapādi ajja, ","html":"<p><span class='verse-line'>{}</span>"},"ja484:16.2":{"pli":"Yo addasāsiṃ pavaraṃ dijānaṃ; ","html":"<span class='verse-line'>{}</span>"},"ja484:16.3":{"pli":"Suvassa sutvāna subhāsitāni, ","html":"<span class='verse-line'>{}</span>"},"ja484:16.4":{"pli":"Kāhāmi puññāni anappakāni”. ","html":"<span class='verse-line'>{}</span></p>"},"ja484:17.1":{"pli":"So kosiyo attamano udaggo, ","html":"<p><span class='verse-line'>{}</span>"},"ja484:17.2":{"pli":"Annañca pānañcabhisaṅkharitvā; ","html":"<span class='verse-line'>{}</span>"},"ja484:17.3":{"pli":"Annena pānena pasannacitto, ","html":"<span class='verse-line'>{}</span>"},"ja484:17.4":{"pli":"Santappayi samaṇabrāhmaṇe cāti. ","html":"<span class='verse-line'>{}</span></p></blockquote>"},"ja484:18.1":{"pli":"Sālikedārajātakaṃ paṭhamaṃ. ","html":"<p class='endsutta'>{}</p></article>"}},"ja485":{"ja485:0.1":{"pli":"Jātaka ","html":"<article id='ja485'><header><ul><li class='division'>{}</li>"},"ja485:0.2":{"pli":"Pakiṇṇakanipāta ","html":"<li>{}</li>"},"ja485:0.3":{"pli":"Sālikedāravagga ","html":"<li>{}</li></ul>"},"ja485:0.4":{"pli":"2. Candakinnarījātaka ","html":"<h1 class='sutta-title'>{}</h1></header>"},"ja485:1.1":{"pli":"“Upanīyatidaṃ maññe, ","html":"<blockquote class='gatha'><p><span class='verse-line'>{}</span>"},"ja485:1.2":{"pli":"cande lohitamaddane; ","html":"<span class='verse-line'>{}</span>"},"ja485:1.3":{"pli":"Ajja jahāmi jīvitaṃ, ","html":"<span class='verse-line'>{}</span>"},"ja485:1.4":{"pli":"pāṇā me cande nirujjhanti. ","html":"<span class='verse-line'>{}</span></p>"},"ja485:2.1":{"pli":"Osīdi me dukkhaṃ hadayaṃ, ","html":"<p><span class='verse-line'>{}</span>"},"ja485:2.2":{"pli":"Me ḍayhate nitammāmi; ","html":"<span class='verse-line'>{}</span>"},"ja485:2.3":{"pli":"Tava candiyā socantiyā, ","html":"<span class='verse-line'>{}</span>"},"ja485:2.4":{"pli":"Na naṃ aññehi sokehi. ","html":"<span class='verse-line'>{}</span></p>"},"ja485:3.1":{"pli":"Tiṇamiva vanamiva milāyāmi, ","html":"<p><span class='verse-line'>{}</span>"},"ja485:3.2":{"pli":"Nadī aparipuṇṇāva sussāmi; ","html":"<span class='verse-line'>{}</span>"},"ja485:3.3":{"pli":"Tava candiyā socantiyā, ","html":"<span class='verse-line'>{}</span>"},"ja485:3.4":{"pli":"Na naṃ aññehi sokehi. ","html":"<span class='verse-line'>{}</span></p>"},"ja485:4.1":{"pli":"Vassamiva sare pāde, ","html":"<p><span class='verse-line'>{}</span>"},"ja485:4.2":{"pli":"Imāni assūni vattare mayhaṃ; ","html":"<span class='verse-line'>{}</span>"},"ja485:4.3":{"pli":"Tava candiyā socantiyā, ","html":"<span class='verse-line'>{}</span>"},"ja485:4.4":{"pli":"Na naṃ aññehi sokehi”. ","html":"<span class='verse-line'>{}</span></p>"},"ja485:5.1":{"pli":"“Pāpo khosi rājaputta, ","html":"<p><span class='verse-line'>{}</span>"},"ja485:5.2":{"pli":"Yo me icchitaṃ patiṃ varākiyā; ","html":"<span class='verse-line'>{}</span>"},"ja485:5.3":{"pli":"Vijjhasi vanamūlasmiṃ, ","html":"<span class='verse-line'>{}</span>"},"ja485:5.4":{"pli":"Soyaṃ viddho chamā seti. ","html":"<span class='verse-line'>{}</span></p>"},"ja485:6.1":{"pli":"Imaṃ mayhaṃ hadayasokaṃ, ","html":"<p><span class='verse-line'>{}</span>"},"ja485:6.2":{"pli":"Paṭimuñcatu rājaputta tava mātā; ","html":"<span class='verse-line'>{}</span>"},"ja485:6.3":{"pli":"Yo mayhaṃ hadayasoko, ","html":"<span class='verse-line'>{}</span>"},"ja485:6.4":{"pli":"Kimpurisaṃ avekkhamānāya. ","html":"<span class='verse-line'>{}</span></p>"},"ja485:7.1":{"pli":"Imaṃ mayhaṃ hadayasokaṃ, ","html":"<p><span class='verse-line'>{}</span>"},"ja485:7.2":{"pli":"Paṭimuñcatu rājaputta tava jāyā; ","html":"<span class='verse-line'>{}</span>"},"ja485:7.3":{"pli":"Yo mayhaṃ hadayasoko, ","html":"<span class='verse-line'>{}</span>"},"ja485:7.4":{"pli":"Kimpurisaṃ avekkhamānāya. ","html":"<span class='verse-line'>{}</span></p>"},"ja485:8.1":{"pli":"Mā ca puttaṃ mā ca patiṃ, ","html":"<p><span class='verse-line'>{}</span>"},"ja485:8.2":{"pli":"Addakkhi rājaputta tava mātā; ","html":"<span class='verse-line'>{}</span>"},"ja485:8.3":{"pli":"Yo kimpurisaṃ avadhi, ","html":"<span class='verse-line'>{}</span>"},"ja485:8.4":{"pli":"Adūsakaṃ mayha kāmā hi. ","html":"<span class='verse-line'>{}</span></p>"},"ja485:9.1":{"pli":"Mā ca puttaṃ mā ca patiṃ, ","html":"<p><span class='verse-line'>{}</span>"},"ja485:9.2":{"pli":"Addakkhi rājaputta tava jāyā; ","html":"<span class='verse-line'>{}</span>"},"ja485:9.3":{"pli":"Yo kimpurisaṃ avadhi, ","html":"<span class='verse-line'>{}</span>"},"ja485:9.4":{"pli":"Adūsakaṃ mayha kāmā hi”. ","html":"<span class='verse-line'>{}</span></p>"},"ja485:10.1":{"pli":"“Mā tvaṃ cande rodi, ","html":"<p><span class='verse-line'>{}</span>"},"ja485:10.2":{"pli":"Mā soci vanatimiramattakkhi; ","html":"<span class='verse-line'>{}</span>"},"ja485:10.3":{"pli":"Mama tvaṃ hehisi bhariyā, ","html":"<span class='verse-line'>{}</span>"},"ja485:10.4":{"pli":"Rājakule pūjitā nārībhi”. ","html":"<span class='verse-line'>{}</span></p>"},"ja485:11.1":{"pli":"“Api nūnahaṃ marissaṃ, ","html":"<p><span class='verse-line'>{}</span>"},"ja485:11.2":{"pli":"Nāhaṃ rājaputta tava hessaṃ; ","html":"<span class='verse-line'>{}</span>"},"ja485:11.3":{"pli":"Yo kimpurisaṃ avadhi, ","html":"<span class='verse-line'>{}</span>"},"ja485:11.4":{"pli":"Adūsakaṃ mayha kāmā hi”. ","html":"<span class='verse-line'>{}</span></p>"},"ja485:12.1":{"pli":"“Api bhīruke api jīvitukāmike, ","html":"<p><span class='verse-line'>{}</span>"},"ja485:12.2":{"pli":"Kimpurisi gaccha himavantaṃ; ","html":"<span class='verse-line'>{}</span>"},"ja485:12.3":{"pli":"Tālīsatagarabhojanā, ","html":"<span class='verse-line'>{}</span>"},"ja485:12.4":{"pli":"Aññe taṃ migā ramissanti”. ","html":"<span class='verse-line'>{}</span></p>"},"ja485:13.1":{"pli":"“Te pabbatā tā ca kandarā, ","html":"<p><span class='verse-line'>{}</span>"},"ja485:13.2":{"pli":"Tā ca giriguhāyo tatheva tiṭṭhanti; ","html":"<span class='verse-line'>{}</span>"},"ja485:13.3":{"pli":"Tattheva taṃ apassantī, ","html":"<span class='verse-line'>{}</span>"},"ja485:13.4":{"pli":"Kimpurisa kathaṃ ahaṃ kassaṃ. ","html":"<span class='verse-line'>{}</span></p>"},"ja485:14.1":{"pli":"Te paṇṇasanthatā ramaṇīyā, ","html":"<p><span class='verse-line'>{}</span>"},"ja485:14.2":{"pli":"Vāḷamigehi anuciṇṇā; ","html":"<span class='verse-line'>{}</span>"},"ja485:14.3":{"pli":"Tattheva taṃ apassantī, ","html":"<span class='verse-line'>{}</span>"},"ja485:14.4":{"pli":"Kimpurisa kathaṃ ahaṃ kassaṃ. ","html":"<span class='verse-line'>{}</span></p>"},"ja485:15.1":{"pli":"Te pupphasanthatā ramaṇīyā, ","html":"<p><span class='verse-line'>{}</span>"},"ja485:15.2":{"pli":"Vāḷamigehi anuciṇṇā; ","html":"<span class='verse-line'>{}</span>"},"ja485:15.3":{"pli":"Tattheva taṃ apassantī, ","html":"<span class='verse-line'>{}</span>"},"ja485:15.4":{"pli":"Kimpurisa kathaṃ ahaṃ kassaṃ. ","html":"<span class='verse-line'>{}</span></p>"},"ja485:16.1":{"pli":"Acchā savanti girivananadiyo, ","html":"<p><span class='verse-line'>{}</span>"},"ja485:16.2":{"pli":"Kusumābhikiṇṇasotāyo; ","html":"<span class='verse-line'>{}</span>"},"ja485:16.3":{"pli":"Tattheva taṃ apassantī, ","html":"<span class='verse-line'>{}</span>"},"ja485:16.4":{"pli":"Kimpurisa kathaṃ ahaṃ kassaṃ. ","html":"<span class='verse-line'>{}</span></p>"},"ja485:17.1":{"pli":"Nīlāni himavato pabbatassa, ","html":"<p><span class='verse-line'>{}</span>"},"ja485:17.2":{"pli":"Kūṭāni dassanīyāni; ","html":"<span class='verse-line'>{}</span>"},"ja485:17.3":{"pli":"Tattheva taṃ apassantī, ","html":"<span class='verse-line'>{}</span>"},"ja485:17.4":{"pli":"Kimpurisa kathaṃ ahaṃ kassaṃ. ","html":"<span class='verse-line'>{}</span></p>"},"ja485:18.1":{"pli":"Pītāni himavato pabbatassa, ","html":"<p><span class='verse-line'>{}</span>"},"ja485:18.2":{"pli":"Kūṭāni dassanīyāni; ","html":"<span class='verse-line'>{}</span>"},"ja485:18.3":{"pli":"Tattheva taṃ apassantī, ","html":"<span class='verse-line'>{}</span>"},"ja485:18.4":{"pli":"Kimpurisa kathaṃ ahaṃ kassaṃ. ","html":"<span class='verse-line'>{}</span></p>"},"ja485:19.1":{"pli":"Tambāni himavato pabbatassa, ","html":"<p><span class='verse-line'>{}</span>"},"ja485:19.2":{"pli":"Kūṭāni dassanīyāni; ","html":"<span class='verse-line'>{}</span>"},"ja485:19.3":{"pli":"Tattheva taṃ apassantī, ","html":"<span class='verse-line'>{}</span>"},"ja485:19.4":{"pli":"Kimpurisa kathaṃ ahaṃ kassaṃ. ","html":"<span class='verse-line'>{}</span></p>"},"ja485:20.1":{"pli":"Tuṅgāni himavato pabbatassa, ","html":"<p><span class='verse-line'>{}</span>"},"ja485:20.2":{"pli":"Kūṭāni dassanīyāni; ","html":"<span class='verse-line'>{}</span>"},"ja485:20.3":{"pli":"Tattheva taṃ apassantī, ","html":"<span class='verse-line'>{}</span>"},"ja485:20.4":{"pli":"Kimpurisa kathaṃ ahaṃ kassaṃ. ","html":"<span class='verse-line'>{}</span></p>"},"ja485:21.1":{"pli":"Setāni himavato pabbatassa, ","html":"<p><span class='verse-line'>{}</span>"},"ja485:21.2":{"pli":"Kūṭāni dassanīyāni; ","html":"<span class='verse-line'>{}</span>"},"ja485:21.3":{"pli":"Tattheva taṃ apassantī, ","html":"<span class='verse-line'>{}</span>"},"ja485:21.4":{"pli":"Kimpurisa kathaṃ ahaṃ kassaṃ. ","html":"<span class='verse-line'>{}</span></p>"},"ja485:22.1":{"pli":"Citrāni himavato pabbatassa, ","html":"<p><span class='verse-line'>{}</span>"},"ja485:22.2":{"pli":"Kūṭāni dassanīyāni; ","html":"<span class='verse-line'>{}</span>"},"ja485:22.3":{"pli":"Tattheva taṃ apassantī, ","html":"<span class='verse-line'>{}</span>"},"ja485:22.4":{"pli":"Kimpurisa kathaṃ ahaṃ kassaṃ. ","html":"<span class='verse-line'>{}</span></p>"},"ja485:23.1":{"pli":"Yakkhagaṇasevite gandhamādane, ","html":"<p><span class='verse-line'>{}</span>"},"ja485:23.2":{"pli":"Osadhebhi sañchanne; ","html":"<span class='verse-line'>{}</span>"},"ja485:23.3":{"pli":"Tattheva taṃ apassantī, ","html":"<span class='verse-line'>{}</span>"},"ja485:23.4":{"pli":"Kimpurisa kathaṃ ahaṃ kassaṃ. ","html":"<span class='verse-line'>{}</span></p>"},"ja485:24.1":{"pli":"Kimpurisasevite gandhamādane, ","html":"<p><span class='verse-line'>{}</span>"},"ja485:24.2":{"pli":"Osadhebhi sañchanne; ","html":"<span class='verse-line'>{}</span>"},"ja485:24.3":{"pli":"Tattheva taṃ apassantī, ","html":"<span class='verse-line'>{}</span>"},"ja485:24.4":{"pli":"Kimpurisa kathaṃ ahaṃ kassaṃ”. ","html":"<span class='verse-line'>{}</span></p>"},"ja485:25.1":{"pli":"“Vande te ayirabrahme, ","html":"<p><span class='verse-line'>{}</span>"},"ja485:25.2":{"pli":"Yo me icchitaṃ patiṃ varākiyā; ","html":"<span class='verse-line'>{}</span>"},"ja485:25.3":{"pli":"Amatena abhisiñci, ","html":"<span class='verse-line'>{}</span>"},"ja485:25.4":{"pli":"Samāgatāsmi piyatamena. ","html":"<span class='verse-line'>{}</span></p>"},"ja485:26.1":{"pli":"Vicarāma dāni girivana nadiyo, ","html":"<p><span class='verse-line'>{}</span>"},"ja485:26.2":{"pli":"Kusumābhikiṇṇasotāyo; ","html":"<span class='verse-line'>{}</span>"},"ja485:26.3":{"pli":"Nānādumavasanāyo, ","html":"<span class='verse-line'>{}</span>"},"ja485:26.4":{"pli":"Piyaṃvadā aññamaññassā”ti. ","html":"<span class='verse-line'>{}</span></p></blockquote>"},"ja485:27.1":{"pli":"Candakinnarījātakaṃ dutiyaṃ. ","html":"<p class='endsutta'>{}</p></article>"}},"ja486":{"ja486:0.1":{"pli":"Jātaka ","html":"<article id='ja486'><header><ul><li class='division'>{}</li>"},"ja486:0.2":{"pli":"Pakiṇṇakanipāta ","html":"<li>{}</li>"},"ja486:0.3":{"pli":"Sālikedāravagga ","html":"<li>{}</li></ul>"},"ja486:0.4":{"pli":"3. Mahāukkusajātaka ","html":"<h1 class='sutta-title'>{}</h1></header>"},"ja486:1.1":{"pli":"“Ukkā cilācā bandhanti dīpe, ","html":"<blockquote class='gatha'><p><span class='verse-line'>{}</span>"},"ja486:1.2":{"pli":"Pajā mamaṃ khādituṃ patthayanti; ","html":"<span class='verse-line'>{}</span>"},"ja486:1.3":{"pli":"Mittaṃ sahāyañca vadehi senaka, ","html":"<span class='verse-line'>{}</span>"},"ja486:1.4":{"pli":"Ācikkha ñātibyasanaṃ dijānaṃ”. ","html":"<span class='verse-line'>{}</span></p>"},"ja486:2.1":{"pli":"“Dijo dijānaṃ pavarosi pakkhima, ","html":"<p><span class='verse-line'>{}</span>"},"ja486:2.2":{"pli":"Ukkusarāja saraṇaṃ taṃ upema; ","html":"<span class='verse-line'>{}</span>"},"ja486:2.3":{"pli":"Pajā mamaṃ khādituṃ patthayanti, ","html":"<span class='verse-line'>{}</span>"},"ja486:2.4":{"pli":"Luddā cilācā bhava me sukhāya”. ","html":"<span class='verse-line'>{}</span></p>"},"ja486:3.1":{"pli":"“Mittaṃ sahāyañca karonti paṇḍitā, ","html":"<p><span class='verse-line'>{}</span>"},"ja486:3.2":{"pli":"Kāle akāle sukhamesamānā; ","html":"<span class='verse-line'>{}</span>"},"ja486:3.3":{"pli":"Karomi te senaka etamatthaṃ, ","html":"<span class='verse-line'>{}</span>"},"ja486:3.4":{"pli":"Ariyo hi ariyassa karoti kiccaṃ”. ","html":"<span class='verse-line'>{}</span></p>"},"ja486:4.1":{"pli":"“Yaṃ hoti kiccaṃ anukampakena, ","html":"<p><span class='verse-line'>{}</span>"},"ja486:4.2":{"pli":"Ariyassa ariyena kataṃ tayīdaṃ; ","html":"<span class='verse-line'>{}</span>"},"ja486:4.3":{"pli":"Attānurakkhī bhava mā adayhi, ","html":"<span class='verse-line'>{}</span>"},"ja486:4.4":{"pli":"Lacchāma putte tayi jīvamāne”. ","html":"<span class='verse-line'>{}</span></p>"},"ja486:5.1":{"pli":"“Taveva rakkhāvaraṇaṃ karonto, ","html":"<p><span class='verse-line'>{}</span>"},"ja486:5.2":{"pli":"Sarīrabhedāpi na santasāmi; ","html":"<span class='verse-line'>{}</span>"},"ja486:5.3":{"pli":"Karonti heke sakhīnaṃ sakhāro, ","html":"<span class='verse-line'>{}</span>"},"ja486:5.4":{"pli":"Pāṇaṃ cajantā satamesa dhammo”. ","html":"<span class='verse-line'>{}</span></p>"},"ja486:6.1":{"pli":"“Sudukkaraṃ kammamakāsi, ","html":"<p><span class='verse-line'>{}</span>"},"ja486:6.2":{"pli":"aṇḍajāyaṃ vihaṅgamo; ","html":"<span class='verse-line'>{}</span>"},"ja486:6.3":{"pli":"Atthāya kuraro putte, ","html":"<span class='verse-line'>{}</span>"},"ja486:6.4":{"pli":"aḍḍharatte anāgate”. ","html":"<span class='verse-line'>{}</span></p>"},"ja486:7.1":{"pli":"“Cutāpi heke khalitā sakammunā, ","html":"<p><span class='verse-line'>{}</span>"},"ja486:7.2":{"pli":"Mittānukampāya patiṭṭhahanti; ","html":"<span class='verse-line'>{}</span>"},"ja486:7.3":{"pli":"Puttā mamaṭṭā gatimāgatosmi, ","html":"<span class='verse-line'>{}</span>"},"ja486:7.4":{"pli":"Atthaṃ caretho mama vāricara”. ","html":"<span class='verse-line'>{}</span></p>"},"ja486:8.1":{"pli":"“Dhanena dhaññena ca attanā ca, ","html":"<p><span class='verse-line'>{}</span>"},"ja486:8.2":{"pli":"Mittaṃ sahāyañca karonti paṇḍitā; ","html":"<span class='verse-line'>{}</span>"},"ja486:8.3":{"pli":"Karomi te senaka etamatthaṃ, ","html":"<span class='verse-line'>{}</span>"},"ja486:8.4":{"pli":"Ariyo hi ariyassa karoti kiccaṃ”. ","html":"<span class='verse-line'>{}</span></p>"},"ja486:9.1":{"pli":"“Appossukko tāta tuvaṃ nisīda, ","html":"<p><span class='verse-line'>{}</span>"},"ja486:9.2":{"pli":"Putto pitu carati atthacariyaṃ; ","html":"<span class='verse-line'>{}</span>"},"ja486:9.3":{"pli":"Ahaṃ carissāmi tavetamatthaṃ, ","html":"<span class='verse-line'>{}</span>"},"ja486:9.4":{"pli":"Senassa putte paritāyamāno”. ","html":"<span class='verse-line'>{}</span></p>"},"ja486:10.1":{"pli":"“Addhā hi tāta satamesa dhammo, ","html":"<p><span class='verse-line'>{}</span>"},"ja486:10.2":{"pli":"Putto pitu yaṃ care atthacariyaṃ; ","html":"<span class='verse-line'>{}</span>"},"ja486:10.3":{"pli":"Appeva maṃ disvāna pavaḍḍhakāyaṃ, ","html":"<span class='verse-line'>{}</span>"},"ja486:10.4":{"pli":"Senassa puttā na viheṭhayeyyuṃ”. ","html":"<span class='verse-line'>{}</span></p>"},"ja486:11.1":{"pli":"“Pasū manussā migavīraseṭṭha, ","html":"<p><span class='verse-line'>{}</span>"},"ja486:11.2":{"pli":"Bhayaṭṭitā seṭṭhamupabbajanti; ","html":"<span class='verse-line'>{}</span>"},"ja486:11.3":{"pli":"Puttā mamaṭṭā gatimāgatosmi, ","html":"<span class='verse-line'>{}</span>"},"ja486:11.4":{"pli":"Tvaṃ nosi rājā bhava me sukhāya”. ","html":"<span class='verse-line'>{}</span></p>"},"ja486:12.1":{"pli":"“Karomi te senaka etamatthaṃ, ","html":"<p><span class='verse-line'>{}</span>"},"ja486:12.2":{"pli":"Āyāmi te taṃ disataṃ vadhāya; ","html":"<span class='verse-line'>{}</span>"},"ja486:12.3":{"pli":"Kathañhi viññū pahu sampajāno, ","html":"<span class='verse-line'>{}</span>"},"ja486:12.4":{"pli":"Na vāyame attajanassa guttiyā”. ","html":"<span class='verse-line'>{}</span></p>"},"ja486:13.1":{"pli":"“Mittañca kayirātha suhadayañca, ","html":"<p><span class='verse-line'>{}</span>"},"ja486:13.2":{"pli":"Ayirañca kayirātha sukhāgamāya; ","html":"<span class='verse-line'>{}</span>"},"ja486:13.3":{"pli":"Nivatthakocova sarebhihantvā, ","html":"<span class='verse-line'>{}</span>"},"ja486:13.4":{"pli":"Modāma puttehi samaṅgibhūtā. ","html":"<span class='verse-line'>{}</span></p>"},"ja486:14.1":{"pli":"Sakamittassa kammena, ","html":"<p><span class='verse-line'>{}</span>"},"ja486:14.2":{"pli":"sahāyassāpalāyino; ","html":"<span class='verse-line'>{}</span>"},"ja486:14.3":{"pli":"Kūjantamupakūjanti, ","html":"<span class='verse-line'>{}</span>"},"ja486:14.4":{"pli":"lomasā hadayaṅgamaṃ. ","html":"<span class='verse-line'>{}</span></p>"},"ja486:15.1":{"pli":"Mittaṃ sahāyaṃ adhigamma paṇḍito, ","html":"<p><span class='verse-line'>{}</span>"},"ja486:15.2":{"pli":"So bhuñjatī putta pasuṃ dhanaṃ vā; ","html":"<span class='verse-line'>{}</span>"},"ja486:15.3":{"pli":"Ahañca puttā ca patī ca mayhaṃ, ","html":"<span class='verse-line'>{}</span>"},"ja486:15.4":{"pli":"Mittānukampāya samaṅgibhūtā. ","html":"<span class='verse-line'>{}</span></p>"},"ja486:16.1":{"pli":"Rājavatā sūravatā ca attho, ","html":"<p><span class='verse-line'>{}</span>"},"ja486:16.2":{"pli":"Sampannasakhissa bhavanti hete; ","html":"<span class='verse-line'>{}</span>"},"ja486:16.3":{"pli":"So mittavā yasavā uggatatto, ","html":"<span class='verse-line'>{}</span>"},"ja486:16.4":{"pli":"Asmiṃdhaloke modati kāmakāmī. ","html":"<span class='verse-line'>{}</span></p>"},"ja486:17.1":{"pli":"Karaṇīyāni mittāni, ","html":"<p><span class='verse-line'>{}</span>"},"ja486:17.2":{"pli":"daliddenāpi senaka; ","html":"<span class='verse-line'>{}</span>"},"ja486:17.3":{"pli":"Passa mittānukampāya, ","html":"<span class='verse-line'>{}</span>"},"ja486:17.4":{"pli":"samaggamhā sañātake. ","html":"<span class='verse-line'>{}</span></p>"},"ja486:18.1":{"pli":"Sūrena balavantena, ","html":"<p><span class='verse-line'>{}</span>"},"ja486:18.2":{"pli":"yo mitte kurute dijo; ","html":"<span class='verse-line'>{}</span>"},"ja486:18.3":{"pli":"Evaṃ so sukhito hoti, ","html":"<span class='verse-line'>{}</span>"},"ja486:18.4":{"pli":"yathāhaṃ tvañca senakāti”. ","html":"<span class='verse-line'>{}</span></p></blockquote>"},"ja486:19.1":{"pli":"Mahāukkusajātakaṃ tatiyaṃ. ","html":"<p class='endsutta'>{}</p></article>"}},"ja487":{"ja487:0.1":{"pli":"Jātaka ","html":"<article id='ja487'><header><ul><li class='division'>{}</li>"},"ja487:0.2":{"pli":"Pakiṇṇakanipāta ","html":"<li>{}</li>"},"ja487:0.3":{"pli":"Sālikedāravagga ","html":"<li>{}</li></ul>"},"ja487:0.4":{"pli":"4. Uddālakajātaka ","html":"<h1 class='sutta-title'>{}</h1></header>"},"ja487:1.1":{"pli":"“Kharājinā jaṭilā paṅkadantā, ","html":"<blockquote class='gatha'><p><span class='verse-line'>{}</span>"},"ja487:1.2":{"pli":"Dummakkharūpā ye mantaṃ jappanti; ","html":"<span class='verse-line'>{}</span>"},"ja487:1.3":{"pli":"Kaccinnu te mānusake payoge, ","html":"<span class='verse-line'>{}</span>"},"ja487:1.4":{"pli":"Idaṃ vidū parimuttā apāyā”. ","html":"<span class='verse-line'>{}</span></p>"},"ja487:2.1":{"pli":"“Pāpāni kammāni karetha rāja, ","html":"<p><span class='verse-line'>{}</span>"},"ja487:2.2":{"pli":"Bahussuto ce na careyya dhammaṃ; ","html":"<span class='verse-line'>{}</span>"},"ja487:2.3":{"pli":"Sahassavedopi na taṃ paṭicca, ","html":"<span class='verse-line'>{}</span>"},"ja487:2.4":{"pli":"Dukkhā pamucce caraṇaṃ apatvā”. ","html":"<span class='verse-line'>{}</span></p>"},"ja487:3.1":{"pli":"“Sahassavedopi na taṃ paṭicca, ","html":"<p><span class='verse-line'>{}</span>"},"ja487:3.2":{"pli":"Dukkhā pamucce caraṇaṃ apatvā; ","html":"<span class='verse-line'>{}</span>"},"ja487:3.3":{"pli":"Maññāmi vedā aphalā bhavanti, ","html":"<span class='verse-line'>{}</span>"},"ja487:3.4":{"pli":"Sasaṃyamaṃ caraṇaññeva saccaṃ”. ","html":"<span class='verse-line'>{}</span></p>"},"ja487:4.1":{"pli":"“Na heva vedā aphalā bhavanti, ","html":"<p><span class='verse-line'>{}</span>"},"ja487:4.2":{"pli":"Sasaṃyamaṃ caraṇaññeva saccaṃ; ","html":"<span class='verse-line'>{}</span>"},"ja487:4.3":{"pli":"Kittiñhi pappoti adhicca vede, ","html":"<span class='verse-line'>{}</span>"},"ja487:4.4":{"pli":"Santiṃ puṇāti caraṇena danto”. ","html":"<span class='verse-line'>{}</span></p>"},"ja487:5.1":{"pli":"“Bhaccā mātā pitā bandhū, ","html":"<p><span class='verse-line'>{}</span>"},"ja487:5.2":{"pli":"yena jāto sayeva so; ","html":"<span class='verse-line'>{}</span>"},"ja487:5.3":{"pli":"Uddālako ahaṃ bhoto, ","html":"<span class='verse-line'>{}</span>"},"ja487:5.4":{"pli":"sottiyākulavaṃsako”. ","html":"<span class='verse-line'>{}</span></p>"},"ja487:6.1":{"pli":"“Kathaṃ bho brāhmaṇo hoti, ","html":"<p><span class='verse-line'>{}</span>"},"ja487:6.2":{"pli":"kathaṃ bhavati kevalī; ","html":"<span class='verse-line'>{}</span>"},"ja487:6.3":{"pli":"Kathañca parinibbānaṃ, ","html":"<span class='verse-line'>{}</span>"},"ja487:6.4":{"pli":"dhammaṭṭho kinti vuccati”. ","html":"<span class='verse-line'>{}</span></p>"},"ja487:7.1":{"pli":"“Niraṅkatvā aggimādāya brāhmaṇo, ","html":"<p><span class='verse-line'>{}</span>"},"ja487:7.2":{"pli":"Āpo siñcaṃ yajaṃ usseti yūpaṃ; ","html":"<span class='verse-line'>{}</span>"},"ja487:7.3":{"pli":"Evaṅkaro brāhmaṇo hoti khemī, ","html":"<span class='verse-line'>{}</span>"},"ja487:7.4":{"pli":"Dhamme ṭhitaṃ tena amāpayiṃsu”. ","html":"<span class='verse-line'>{}</span></p>"},"ja487:8.1":{"pli":"“Na suddhi secanenatthi, ","html":"<p><span class='verse-line'>{}</span>"},"ja487:8.2":{"pli":"nāpi kevalī brāhmaṇo; ","html":"<span class='verse-line'>{}</span>"},"ja487:8.3":{"pli":"Na khantī nāpi soraccaṃ, ","html":"<span class='verse-line'>{}</span>"},"ja487:8.4":{"pli":"nāpi so parinibbuto”. ","html":"<span class='verse-line'>{}</span></p>"},"ja487:9.1":{"pli":"“Kathaṃ so brāhmaṇo hoti, ","html":"<p><span class='verse-line'>{}</span>"},"ja487:9.2":{"pli":"kathaṃ bhavati kevalī; ","html":"<span class='verse-line'>{}</span>"},"ja487:9.3":{"pli":"Kathañca parinibbānaṃ, ","html":"<span class='verse-line'>{}</span>"},"ja487:9.4":{"pli":"dhammaṭṭho kinti vuccati”. ","html":"<span class='verse-line'>{}</span></p>"},"ja487:10.1":{"pli":"“Akhettabandhū amamo nirāso, ","html":"<p><span class='verse-line'>{}</span>"},"ja487:10.2":{"pli":"Nillobhapāpo bhavalobhakhīṇo; ","html":"<span class='verse-line'>{}</span>"},"ja487:10.3":{"pli":"Evaṅkaro brāhmaṇo hoti khemī, ","html":"<span class='verse-line'>{}</span>"},"ja487:10.4":{"pli":"Dhamme ṭhitaṃ tena amāpayiṃsu”. ","html":"<span class='verse-line'>{}</span></p>"},"ja487:11.1":{"pli":"“Khattiyā brāhmaṇā vessā, ","html":"<p><span class='verse-line'>{}</span>"},"ja487:11.2":{"pli":"suddā caṇḍālapukkusā; ","html":"<span class='verse-line'>{}</span>"},"ja487:11.3":{"pli":"Sabbeva soratā dantā, ","html":"<span class='verse-line'>{}</span>"},"ja487:11.4":{"pli":"sabbeva parinibbutā; ","html":"<span class='verse-line'>{}</span>"},"ja487:11.5":{"pli":"Sabbesaṃ sītibhūtānaṃ, ","html":"<span class='verse-line'>{}</span>"},"ja487:11.6":{"pli":"atthi seyyotha pāpiyo”. ","html":"<span class='verse-line'>{}</span></p>"},"ja487:12.1":{"pli":"“Khattiyā brāhmaṇā vessā, ","html":"<p><span class='verse-line'>{}</span>"},"ja487:12.2":{"pli":"suddā caṇḍālapukkusā; ","html":"<span class='verse-line'>{}</span>"},"ja487:12.3":{"pli":"Sabbeva soratā dantā, ","html":"<span class='verse-line'>{}</span>"},"ja487:12.4":{"pli":"sabbeva parinibbutā; ","html":"<span class='verse-line'>{}</span>"},"ja487:12.5":{"pli":"Sabbesaṃ sītibhūtānaṃ, ","html":"<span class='verse-line'>{}</span>"},"ja487:12.6":{"pli":"natthi seyyotha pāpiyo”. ","html":"<span class='verse-line'>{}</span></p>"},"ja487:13.1":{"pli":"“Khattiyā brāhmaṇā vessā, ","html":"<p><span class='verse-line'>{}</span>"},"ja487:13.2":{"pli":"suddā caṇḍālapukkusā; ","html":"<span class='verse-line'>{}</span>"},"ja487:13.3":{"pli":"Sabbeva soratā dantā, ","html":"<span class='verse-line'>{}</span>"},"ja487:13.4":{"pli":"sabbeva parinibbutā. ","html":"<span class='verse-line'>{}</span></p>"},"ja487:14.1":{"pli":"Sabbesaṃ sītibhūtānaṃ, ","html":"<p><span class='verse-line'>{}</span>"},"ja487:14.2":{"pli":"Natthi seyyotha pāpiyo; ","html":"<span class='verse-line'>{}</span>"},"ja487:14.3":{"pli":"Panatthaṃ carasi brahmaññaṃ, ","html":"<span class='verse-line'>{}</span>"},"ja487:14.4":{"pli":"Sottiyākulavaṃsataṃ”. ","html":"<span class='verse-line'>{}</span></p>"},"ja487:15.1":{"pli":"“Nānārattehi vatthehi, ","html":"<p><span class='verse-line'>{}</span>"},"ja487:15.2":{"pli":"vimānaṃ bhavati chāditaṃ; ","html":"<span class='verse-line'>{}</span>"},"ja487:15.3":{"pli":"Na tesaṃ chāyā vatthānaṃ, ","html":"<span class='verse-line'>{}</span>"},"ja487:15.4":{"pli":"so rāgo anupajjatha. ","html":"<span class='verse-line'>{}</span></p>"},"ja487:16.1":{"pli":"Evameva manussesu, ","html":"<p><span class='verse-line'>{}</span>"},"ja487:16.2":{"pli":"yadā sujjhanti māṇavā; ","html":"<span class='verse-line'>{}</span>"},"ja487:16.3":{"pli":"Te sajātiṃ pamuñcanti, ","html":"<span class='verse-line'>{}</span>"},"ja487:16.4":{"pli":"dhammamaññāya subbatā”ti. ","html":"<span class='verse-line'>{}</span></p></blockquote>"},"ja487:17.1":{"pli":"Uddālakajātakaṃ catutthaṃ. ","html":"<p class='endsutta'>{}</p></article>"}}}