{"ja507":{"ja507:0.1":{"pli":"Jātaka ","html":"<article id='ja507'><header><ul><li class='division'>{}</li>"},"ja507:0.2":{"pli":"Vīsatinipāta ","html":"<li>{}</li>"},"ja507:0.3":{"pli":"Mātaṅgavagga ","html":"<li>{}</li></ul>"},"ja507:0.4":{"pli":"11. Mahāpalobhanajātaka ","html":"<h1 class='sutta-title'>{}</h1></header>"},"ja507:1.1":{"pli":"Brahmalokā cavitvāna, ","html":"<blockquote class='gatha'><p><span class='verse-line'>{}</span>"},"ja507:1.2":{"pli":"devaputto mahiddhiko; ","html":"<span class='verse-line'>{}</span>"},"ja507:1.3":{"pli":"Rañño putto udapādi, ","html":"<span class='verse-line'>{}</span>"},"ja507:1.4":{"pli":"sabbakāmasamiddhisu. ","html":"<span class='verse-line'>{}</span></p>"},"ja507:2.1":{"pli":"Kāmā vā kāmasaññā vā, ","html":"<p><span class='verse-line'>{}</span>"},"ja507:2.2":{"pli":"brahmaloke na vijjati; ","html":"<span class='verse-line'>{}</span>"},"ja507:2.3":{"pli":"Svāssu tāyeva saññāya, ","html":"<span class='verse-line'>{}</span>"},"ja507:2.4":{"pli":"kāmehi vijigucchatha. ","html":"<span class='verse-line'>{}</span></p>"},"ja507:3.1":{"pli":"Tassa cantepure āsi, ","html":"<p><span class='verse-line'>{}</span>"},"ja507:3.2":{"pli":"jhānāgāraṃ sumāpitaṃ; ","html":"<span class='verse-line'>{}</span>"},"ja507:3.3":{"pli":"So tattha paṭisallīno, ","html":"<span class='verse-line'>{}</span>"},"ja507:3.4":{"pli":"eko rahasi jhāyatha. ","html":"<span class='verse-line'>{}</span></p>"},"ja507:4.1":{"pli":"Sa rājā paridevesi, ","html":"<p><span class='verse-line'>{}</span>"},"ja507:4.2":{"pli":"puttasokena aṭṭito; ","html":"<span class='verse-line'>{}</span>"},"ja507:4.3":{"pli":"“Ekaputto cayaṃ mayhaṃ, ","html":"<span class='verse-line'>{}</span>"},"ja507:4.4":{"pli":"na ca kāmāni bhuñjati. ","html":"<span class='verse-line'>{}</span></p>"},"ja507:5.1":{"pli":"Ko nu khvettha upāyo so, ","html":"<p><span class='verse-line'>{}</span>"},"ja507:5.2":{"pli":"ko vā jānāti kiñcanaṃ; ","html":"<span class='verse-line'>{}</span>"},"ja507:5.3":{"pli":"Yo me puttaṃ palobheyya, ","html":"<span class='verse-line'>{}</span>"},"ja507:5.4":{"pli":"yathā kāmāni patthaye”. ","html":"<span class='verse-line'>{}</span></p>"},"ja507:6.1":{"pli":"Ahu kumārī tattheva, ","html":"<p><span class='verse-line'>{}</span>"},"ja507:6.2":{"pli":"vaṇṇarūpasamāhitā; ","html":"<span class='verse-line'>{}</span>"},"ja507:6.3":{"pli":"Kusalā naccagītassa, ","html":"<span class='verse-line'>{}</span>"},"ja507:6.4":{"pli":"vādite ca padakkhiṇā. ","html":"<span class='verse-line'>{}</span></p>"},"ja507:7.1":{"pli":"Sā tattha upasaṅkamma, ","html":"<p><span class='verse-line'>{}</span>"},"ja507:7.2":{"pli":"rājānaṃ etadabravi; ","html":"<span class='verse-line'>{}</span>"},"ja507:7.3":{"pli":"“Ahaṃ kho naṃ palobheyyaṃ, ","html":"<span class='verse-line'>{}</span>"},"ja507:7.4":{"pli":"sace bhattā bhavissati”. ","html":"<span class='verse-line'>{}</span></p>"},"ja507:8.1":{"pli":"Taṃ tathāvādiniṃ rājā, ","html":"<p><span class='verse-line'>{}</span>"},"ja507:8.2":{"pli":"kumāriṃ etadabravi; ","html":"<span class='verse-line'>{}</span>"},"ja507:8.3":{"pli":"“Tvaññeva naṃ palobhehi, ","html":"<span class='verse-line'>{}</span>"},"ja507:8.4":{"pli":"tava bhattā bhavissati”. ","html":"<span class='verse-line'>{}</span></p>"},"ja507:9.1":{"pli":"Sā ca antepuraṃ gantvā, ","html":"<p><span class='verse-line'>{}</span>"},"ja507:9.2":{"pli":"bahuṃ kāmupasaṃhitaṃ; ","html":"<span class='verse-line'>{}</span>"},"ja507:9.3":{"pli":"Hadayaṅgamā pemanīyā, ","html":"<span class='verse-line'>{}</span>"},"ja507:9.4":{"pli":"citrā gāthā abhāsatha. ","html":"<span class='verse-line'>{}</span></p>"},"ja507:10.1":{"pli":"Tassā ca gāyamānāya, ","html":"<p><span class='verse-line'>{}</span>"},"ja507:10.2":{"pli":"saddaṃ sutvāna nāriyā; ","html":"<span class='verse-line'>{}</span>"},"ja507:10.3":{"pli":"Kāmacchandassa uppajji, ","html":"<span class='verse-line'>{}</span>"},"ja507:10.4":{"pli":"janaṃ so paripucchatha. ","html":"<span class='verse-line'>{}</span></p>"},"ja507:11.1":{"pli":"“Kasseso saddo ko vā so, ","html":"<p><span class='verse-line'>{}</span>"},"ja507:11.2":{"pli":"bhaṇati uccāvacaṃ bahuṃ; ","html":"<span class='verse-line'>{}</span>"},"ja507:11.3":{"pli":"Hadayaṅgamaṃ pemanīyaṃ, ","html":"<span class='verse-line'>{}</span>"},"ja507:11.4":{"pli":"aho kaṇṇasukhaṃ mama”. ","html":"<span class='verse-line'>{}</span></p>"},"ja507:12.1":{"pli":"“Esā kho pamadā deva, ","html":"<p><span class='verse-line'>{}</span>"},"ja507:12.2":{"pli":"khiḍḍā esā anappikā; ","html":"<span class='verse-line'>{}</span>"},"ja507:12.3":{"pli":"Sace tvaṃ kāme bhuñjeyya, ","html":"<span class='verse-line'>{}</span>"},"ja507:12.4":{"pli":"bhiyyo bhiyyo chādeyyu taṃ”. ","html":"<span class='verse-line'>{}</span></p>"},"ja507:13.1":{"pli":"“Iṅgha āgacchatorena, ","html":"<p><span class='verse-line'>{}</span>"},"ja507:13.2":{"pli":"avidūramhi gāyatu; ","html":"<span class='verse-line'>{}</span>"},"ja507:13.3":{"pli":"Assamassa samīpamhi, ","html":"<span class='verse-line'>{}</span>"},"ja507:13.4":{"pli":"santike mayhaṃ gāyatu”. ","html":"<span class='verse-line'>{}</span></p>"},"ja507:14.1":{"pli":"Tirokuṭṭamhi gāyitvā, ","html":"<p><span class='verse-line'>{}</span>"},"ja507:14.2":{"pli":"jhānāgāramhi pāvisi; ","html":"<span class='verse-line'>{}</span>"},"ja507:14.3":{"pli":"Bandhi naṃ anupubbena, ","html":"<span class='verse-line'>{}</span>"},"ja507:14.4":{"pli":"āraññamiva kuñjaraṃ. ","html":"<span class='verse-line'>{}</span></p>"},"ja507:15.1":{"pli":"Tassa kāmarasaṃ ñatvā, ","html":"<p><span class='verse-line'>{}</span>"},"ja507:15.2":{"pli":"issādhammo ajāyatha; ","html":"<span class='verse-line'>{}</span>"},"ja507:15.3":{"pli":"“Ahameva kāme bhuñjeyyaṃ, ","html":"<span class='verse-line'>{}</span>"},"ja507:15.4":{"pli":"mā añño puriso ahu”. ","html":"<span class='verse-line'>{}</span></p>"},"ja507:16.1":{"pli":"Tato asiṃ gahetvāna, ","html":"<p><span class='verse-line'>{}</span>"},"ja507:16.2":{"pli":"purise hantuṃ upakkami; ","html":"<span class='verse-line'>{}</span>"},"ja507:16.3":{"pli":"“Ahameveko bhuñjissaṃ, ","html":"<span class='verse-line'>{}</span>"},"ja507:16.4":{"pli":"mā añño puriso siyā”. ","html":"<span class='verse-line'>{}</span></p>"},"ja507:17.1":{"pli":"Tato jānapadā sabbe, ","html":"<p><span class='verse-line'>{}</span>"},"ja507:17.2":{"pli":"vikkandiṃsu samāgatā; ","html":"<span class='verse-line'>{}</span>"},"ja507:17.3":{"pli":"“Putto tyāyaṃ mahārāja, ","html":"<span class='verse-line'>{}</span>"},"ja507:17.4":{"pli":"janaṃ heṭhetyadūsakaṃ”. ","html":"<span class='verse-line'>{}</span></p>"},"ja507:18.1":{"pli":"Tañca rājā vivāhesi, ","html":"<p><span class='verse-line'>{}</span>"},"ja507:18.2":{"pli":"samhā raṭṭhā ca khattiyo; ","html":"<span class='verse-line'>{}</span>"},"ja507:18.3":{"pli":"“Yāvatā vijitaṃ mayhaṃ, ","html":"<span class='verse-line'>{}</span>"},"ja507:18.4":{"pli":"na te vatthabba tāvade”. ","html":"<span class='verse-line'>{}</span></p>"},"ja507:19.1":{"pli":"Tato so bhariyamādāya, ","html":"<p><span class='verse-line'>{}</span>"},"ja507:19.2":{"pli":"samuddaṃ upasaṅkami; ","html":"<span class='verse-line'>{}</span>"},"ja507:19.3":{"pli":"Paṇṇasālaṃ karitvāna, ","html":"<span class='verse-line'>{}</span>"},"ja507:19.4":{"pli":"vanamuñchāya pāvisi. ","html":"<span class='verse-line'>{}</span></p>"},"ja507:20.1":{"pli":"Athettha isi māgacchi, ","html":"<p><span class='verse-line'>{}</span>"},"ja507:20.2":{"pli":"samuddaṃ uparūpari; ","html":"<span class='verse-line'>{}</span>"},"ja507:20.3":{"pli":"So tassa gehaṃ pāvekkhi, ","html":"<span class='verse-line'>{}</span>"},"ja507:20.4":{"pli":"bhattakāle upaṭṭhite. ","html":"<span class='verse-line'>{}</span></p>"},"ja507:21.1":{"pli":"Tañca bhariyā palobhesi, ","html":"<p><span class='verse-line'>{}</span>"},"ja507:21.2":{"pli":"passa yāva sudāruṇaṃ; ","html":"<span class='verse-line'>{}</span>"},"ja507:21.3":{"pli":"Cuto so brahmacariyamhā, ","html":"<span class='verse-line'>{}</span>"},"ja507:21.4":{"pli":"iddhiyā parihāyatha. ","html":"<span class='verse-line'>{}</span></p>"},"ja507:22.1":{"pli":"Rājaputto ca uñchāto, ","html":"<p><span class='verse-line'>{}</span>"},"ja507:22.2":{"pli":"vanamūlaphalaṃ bahuṃ; ","html":"<span class='verse-line'>{}</span>"},"ja507:22.3":{"pli":"Sāyaṃ kājena ādāya, ","html":"<span class='verse-line'>{}</span>"},"ja507:22.4":{"pli":"assamaṃ upasaṅkami. ","html":"<span class='verse-line'>{}</span></p>"},"ja507:23.1":{"pli":"Isī ca khattiyaṃ disvā, ","html":"<p><span class='verse-line'>{}</span>"},"ja507:23.2":{"pli":"samuddaṃ upasaṅkami; ","html":"<span class='verse-line'>{}</span>"},"ja507:23.3":{"pli":"“Vehāyasaṃ gamissan”ti, ","html":"<span class='verse-line'>{}</span>"},"ja507:23.4":{"pli":"sīdate so mahaṇṇave. ","html":"<span class='verse-line'>{}</span></p>"},"ja507:24.1":{"pli":"Khattiyo ca isiṃ disvā, ","html":"<p><span class='verse-line'>{}</span>"},"ja507:24.2":{"pli":"sīdamānaṃ mahaṇṇave; ","html":"<span class='verse-line'>{}</span>"},"ja507:24.3":{"pli":"Tasseva anukampāya, ","html":"<span class='verse-line'>{}</span>"},"ja507:24.4":{"pli":"imā gāthā abhāsatha. ","html":"<span class='verse-line'>{}</span></p>"},"ja507:25.1":{"pli":"“Abhijjamāne vārismiṃ, ","html":"<p><span class='verse-line'>{}</span>"},"ja507:25.2":{"pli":"sayaṃ āgamma iddhiyā; ","html":"<span class='verse-line'>{}</span>"},"ja507:25.3":{"pli":"Missībhāvitthiyā gantvā, ","html":"<span class='verse-line'>{}</span>"},"ja507:25.4":{"pli":"saṃsīdasi mahaṇṇave. ","html":"<span class='verse-line'>{}</span></p>"},"ja507:26.1":{"pli":"Āvaṭṭanī mahāmāyā, ","html":"<p><span class='verse-line'>{}</span>"},"ja507:26.2":{"pli":"brahmacariyavikopanā; ","html":"<span class='verse-line'>{}</span>"},"ja507:26.3":{"pli":"Sīdanti naṃ viditvāna, ","html":"<span class='verse-line'>{}</span>"},"ja507:26.4":{"pli":"ārakā parivajjaye. ","html":"<span class='verse-line'>{}</span></p>"},"ja507:27.1":{"pli":"Analā mudusambhāsā, ","html":"<p><span class='verse-line'>{}</span>"},"ja507:27.2":{"pli":"duppūrā tā nadīsamā; ","html":"<span class='verse-line'>{}</span>"},"ja507:27.3":{"pli":"Sīdanti naṃ viditvāna, ","html":"<span class='verse-line'>{}</span>"},"ja507:27.4":{"pli":"ārakā parivajjaye. ","html":"<span class='verse-line'>{}</span></p>"},"ja507:28.1":{"pli":"Yaṃ etā upasevanti, ","html":"<p><span class='verse-line'>{}</span>"},"ja507:28.2":{"pli":"chandasā vā dhanena vā; ","html":"<span class='verse-line'>{}</span>"},"ja507:28.3":{"pli":"Jātavedova saṃ ṭhānaṃ, ","html":"<span class='verse-line'>{}</span>"},"ja507:28.4":{"pli":"khippaṃ anudahanti naṃ”. ","html":"<span class='verse-line'>{}</span></p>"},"ja507:29.1":{"pli":"Khattiyassa vaco sutvā, ","html":"<p><span class='verse-line'>{}</span>"},"ja507:29.2":{"pli":"isissa nibbidā ahu; ","html":"<span class='verse-line'>{}</span>"},"ja507:29.3":{"pli":"Laddhā porāṇakaṃ maggaṃ, ","html":"<span class='verse-line'>{}</span>"},"ja507:29.4":{"pli":"gacchate so vihāyasaṃ. ","html":"<span class='verse-line'>{}</span></p>"},"ja507:30.1":{"pli":"Khattiyo ca isiṃ disvā, ","html":"<p><span class='verse-line'>{}</span>"},"ja507:30.2":{"pli":"gacchamānaṃ vihāyasaṃ; ","html":"<span class='verse-line'>{}</span>"},"ja507:30.3":{"pli":"Saṃvegaṃ alabhī dhīro, ","html":"<span class='verse-line'>{}</span>"},"ja507:30.4":{"pli":"pabbajjaṃ samarocayi. ","html":"<span class='verse-line'>{}</span></p>"},"ja507:31.1":{"pli":"Tato so pabbajitvāna, ","html":"<p><span class='verse-line'>{}</span>"},"ja507:31.2":{"pli":"kāmarāgaṃ virājayi; ","html":"<span class='verse-line'>{}</span>"},"ja507:31.3":{"pli":"Kāmarāgaṃ virājetvā, ","html":"<span class='verse-line'>{}</span>"},"ja507:31.4":{"pli":"brahmalokūpago ahūti. ","html":"<span class='verse-line'>{}</span></p></blockquote>"},"ja507:32.1":{"pli":"Mahāpalobhanajātakaṃ ekādasamaṃ. ","html":"<p class='endsutta'>{}</p></article>"}},"ja508":{"ja508:0.1":{"pli":"Jātaka ","html":"<article id='ja508'><header><ul><li class='division'>{}</li>"},"ja508:0.2":{"pli":"Vīsatinipāta ","html":"<li>{}</li>"},"ja508:0.3":{"pli":"Mātaṅgavagga ","html":"<li>{}</li></ul>"},"ja508:0.4":{"pli":"12. Pañcapaṇḍitajātaka ","html":"<h1 class='sutta-title'>{}</h1></header>"},"ja508:1.1":{"pli":"“Pañca paṇḍitā samāgatāttha, ","html":"<blockquote class='gatha'><p><span class='verse-line'>{}</span>"},"ja508:1.2":{"pli":"Pañhā me paṭibhāti taṃ suṇātha; ","html":"<span class='verse-line'>{}</span>"},"ja508:1.3":{"pli":"Nindiyamatthaṃ pasaṃsiyaṃ vā, ","html":"<span class='verse-line'>{}</span>"},"ja508:1.4":{"pli":"Kassevāvikareyya guyhamatthaṃ”. ","html":"<span class='verse-line'>{}</span></p>"},"ja508:2.1":{"pli":"“Tvaṃ āvikarohi bhūmipāla, ","html":"<p><span class='verse-line'>{}</span>"},"ja508:2.2":{"pli":"Bhattā bhārasaho tuvaṃ vade taṃ; ","html":"<span class='verse-line'>{}</span>"},"ja508:2.3":{"pli":"Tava chandarucīni sammasitvā, ","html":"<span class='verse-line'>{}</span>"},"ja508:2.4":{"pli":"Atha vakkhanti janinda pañca dhīrā”. ","html":"<span class='verse-line'>{}</span></p>"},"ja508:3.1":{"pli":"“Yā sīlavatī anaññatheyyā, ","html":"<p><span class='verse-line'>{}</span>"},"ja508:3.2":{"pli":"Bhattucchandavasānugā manāpā; ","html":"<span class='verse-line'>{}</span>"},"ja508:3.3":{"pli":"Nindiyamatthaṃ pasaṃsiyaṃ vā, ","html":"<span class='verse-line'>{}</span>"},"ja508:3.4":{"pli":"Bhariyāyāvikareyya guyhamatthaṃ”. ","html":"<span class='verse-line'>{}</span></p>"},"ja508:4.1":{"pli":"“Yo kicchagatassa āturassa, ","html":"<p><span class='verse-line'>{}</span>"},"ja508:4.2":{"pli":"Saraṇaṃ hoti gatī parāyanañca; ","html":"<span class='verse-line'>{}</span>"},"ja508:4.3":{"pli":"Nindiyamatthaṃ pasaṃsiyaṃ vā, ","html":"<span class='verse-line'>{}</span>"},"ja508:4.4":{"pli":"Sakhino vāvikareyya guyhamatthaṃ”. ","html":"<span class='verse-line'>{}</span></p>"},"ja508:5.1":{"pli":"“Jeṭṭho atha majjhimo kaniṭṭho, ","html":"<p><span class='verse-line'>{}</span>"},"ja508:5.2":{"pli":"Yo ce sīlasamāhito ṭhitatto; ","html":"<span class='verse-line'>{}</span>"},"ja508:5.3":{"pli":"Nindiyamatthaṃ pasaṃsiyaṃ vā, ","html":"<span class='verse-line'>{}</span>"},"ja508:5.4":{"pli":"Bhātu vāvīkareyya guyhamatthaṃ”. ","html":"<span class='verse-line'>{}</span></p>"},"ja508:6.1":{"pli":"“Yo ve pituhadayassa paddhagū, ","html":"<p><span class='verse-line'>{}</span>"},"ja508:6.2":{"pli":"Anujāto pitaraṃ anomapañño; ","html":"<span class='verse-line'>{}</span>"},"ja508:6.3":{"pli":"Nindiyamatthaṃ pasaṃsiyaṃ vā, ","html":"<span class='verse-line'>{}</span>"},"ja508:6.4":{"pli":"Puttassāvikareyya guyhamatthaṃ”. ","html":"<span class='verse-line'>{}</span></p>"},"ja508:7.1":{"pli":"“Mātā dvipadājanindaseṭṭha, ","html":"<p><span class='verse-line'>{}</span>"},"ja508:7.2":{"pli":"Yā naṃ poseti chandasā piyena; ","html":"<span class='verse-line'>{}</span>"},"ja508:7.3":{"pli":"Nindiyamatthaṃ pasaṃsiyaṃ vā, ","html":"<span class='verse-line'>{}</span>"},"ja508:7.4":{"pli":"Mātuyāvīkareyya guyhamatthaṃ”. ","html":"<span class='verse-line'>{}</span></p>"},"ja508:8.1":{"pli":"“Guyhassa hi guyhameva sādhu, ","html":"<p><span class='verse-line'>{}</span>"},"ja508:8.2":{"pli":"Na hi guyhassa pasatthamāvikammaṃ; ","html":"<span class='verse-line'>{}</span>"},"ja508:8.3":{"pli":"Anipphannatā saheyya dhīro, ","html":"<span class='verse-line'>{}</span>"},"ja508:8.4":{"pli":"Nipphannova yathāsukhaṃ bhaṇeyya”. ","html":"<span class='verse-line'>{}</span></p>"},"ja508:9.1":{"pli":"“Kiṃ tvaṃ vimanosi rājaseṭṭha, ","html":"<p><span class='verse-line'>{}</span>"},"ja508:9.2":{"pli":"Dvipadajaninda vacanaṃ suṇoma metaṃ; ","html":"<span class='verse-line'>{}</span>"},"ja508:9.3":{"pli":"Kiṃ cintayamāno dummanosi, ","html":"<span class='verse-line'>{}</span>"},"ja508:9.4":{"pli":"Nūna deva aparādho atthi mayhaṃ”. ","html":"<span class='verse-line'>{}</span></p>"},"ja508:10.1":{"pli":"“‘Paṇhe vajjho mahosadho’ti, ","html":"<p><span class='verse-line'>{}</span>"},"ja508:10.2":{"pli":"Āṇatto me vadhāya bhūripañño; ","html":"<span class='verse-line'>{}</span>"},"ja508:10.3":{"pli":"Taṃ cintayamāno dummanosmi, ","html":"<span class='verse-line'>{}</span>"},"ja508:10.4":{"pli":"Na hi devī aparādho atthi tuyhaṃ”. ","html":"<span class='verse-line'>{}</span></p>"},"ja508:11.1":{"pli":"“Abhidosagato dāni ehisi, ","html":"<p><span class='verse-line'>{}</span>"},"ja508:11.2":{"pli":"Kiṃ sutvā kiṃ saṅkate mano te; ","html":"<span class='verse-line'>{}</span>"},"ja508:11.3":{"pli":"Ko te kimavoca bhūripañña, ","html":"<span class='verse-line'>{}</span>"},"ja508:11.4":{"pli":"Iṅgha vacanaṃ suṇoma brūhi metaṃ”. ","html":"<span class='verse-line'>{}</span></p>"},"ja508:12.1":{"pli":"“‘Paṇhe vajjho mahosadho’ti, ","html":"<p><span class='verse-line'>{}</span>"},"ja508:12.2":{"pli":"Yadi te mantayitaṃ janinda dosaṃ; ","html":"<span class='verse-line'>{}</span>"},"ja508:12.3":{"pli":"Bhariyāya rahogato asaṃsi, ","html":"<span class='verse-line'>{}</span>"},"ja508:12.4":{"pli":"Guyhaṃ pātukataṃ sutaṃ mametaṃ”. ","html":"<span class='verse-line'>{}</span></p>"},"ja508:13.1":{"pli":"“Yaṃ sālavanasmiṃ senako, ","html":"<p><span class='verse-line'>{}</span>"},"ja508:13.2":{"pli":"Pāpakammaṃ akāsi asabbhirūpaṃ; ","html":"<span class='verse-line'>{}</span>"},"ja508:13.3":{"pli":"Sakhinova rahogato asaṃsi, ","html":"<span class='verse-line'>{}</span>"},"ja508:13.4":{"pli":"Guyhaṃ pātukataṃ sutaṃ mametaṃ. ","html":"<span class='verse-line'>{}</span></p>"},"ja508:14.1":{"pli":"Pukkusa purisassa te janinda, ","html":"<p><span class='verse-line'>{}</span>"},"ja508:14.2":{"pli":"Uppanno rogo arājayutto; ","html":"<span class='verse-line'>{}</span>"},"ja508:14.3":{"pli":"Bhātuñca rahogato asaṃsi, ","html":"<span class='verse-line'>{}</span>"},"ja508:14.4":{"pli":"Guyhaṃ pātukataṃ sutaṃ mametaṃ. ","html":"<span class='verse-line'>{}</span></p>"},"ja508:15.1":{"pli":"Ābādhoyaṃ asabbhirūpo, ","html":"<p><span class='verse-line'>{}</span>"},"ja508:15.2":{"pli":"Kāmindo naradevena phuṭṭho; ","html":"<span class='verse-line'>{}</span>"},"ja508:15.3":{"pli":"Puttassa rahogato asaṃsi, ","html":"<span class='verse-line'>{}</span>"},"ja508:15.4":{"pli":"Guyhaṃ pātukataṃ sutaṃ mametaṃ. ","html":"<span class='verse-line'>{}</span></p>"},"ja508:16.1":{"pli":"Aṭṭhavaṅkaṃ maṇiratanaṃ uḷāraṃ, ","html":"<p><span class='verse-line'>{}</span>"},"ja508:16.2":{"pli":"Sakko te adadā pitāmahassa; ","html":"<span class='verse-line'>{}</span>"},"ja508:16.3":{"pli":"Devindassa gataṃ tadajja hatthaṃ, ","html":"<span class='verse-line'>{}</span>"},"ja508:16.4":{"pli":"Mātuñca rahogato asaṃsi; ","html":"<span class='verse-line'>{}</span>"},"ja508:16.5":{"pli":"Guyhaṃ pātukataṃ sutaṃ mametaṃ. ","html":"<span class='verse-line'>{}</span></p>"},"ja508:17.1":{"pli":"Guyhassa hi guyhameva sādhu, ","html":"<p><span class='verse-line'>{}</span>"},"ja508:17.2":{"pli":"Na hi guyhassa pasatthamāvikammaṃ; ","html":"<span class='verse-line'>{}</span>"},"ja508:17.3":{"pli":"Anipphannatā saheyya dhīro, ","html":"<span class='verse-line'>{}</span>"},"ja508:17.4":{"pli":"Nipphannova yathāsukhaṃ bhaṇeyya. ","html":"<span class='verse-line'>{}</span></p>"},"ja508:18.1":{"pli":"Na guyhamatthaṃ vivareyya, ","html":"<p><span class='verse-line'>{}</span>"},"ja508:18.2":{"pli":"rakkheyya naṃ yathā nidhiṃ; ","html":"<span class='verse-line'>{}</span>"},"ja508:18.3":{"pli":"Na hi pātukato sādhu, ","html":"<span class='verse-line'>{}</span>"},"ja508:18.4":{"pli":"guyho attho pajānatā. ","html":"<span class='verse-line'>{}</span></p>"},"ja508:19.1":{"pli":"Thiyā guyhaṃ na saṃseyya, ","html":"<p><span class='verse-line'>{}</span>"},"ja508:19.2":{"pli":"amittassa ca paṇḍito; ","html":"<span class='verse-line'>{}</span>"},"ja508:19.3":{"pli":"Yo cāmisena saṃhīro, ","html":"<span class='verse-line'>{}</span>"},"ja508:19.4":{"pli":"hadayattheno ca yo naro. ","html":"<span class='verse-line'>{}</span></p>"},"ja508:20.1":{"pli":"Guyhamatthaṃ asambuddhaṃ, ","html":"<p><span class='verse-line'>{}</span>"},"ja508:20.2":{"pli":"sambodhayati yo naro; ","html":"<span class='verse-line'>{}</span>"},"ja508:20.3":{"pli":"Mantabhedabhayā tassa, ","html":"<span class='verse-line'>{}</span>"},"ja508:20.4":{"pli":"dāsabhūto titikkhati. ","html":"<span class='verse-line'>{}</span></p>"},"ja508:21.1":{"pli":"Yāvanto purisassatthaṃ, ","html":"<p><span class='verse-line'>{}</span>"},"ja508:21.2":{"pli":"guyhaṃ jānanti mantinaṃ; ","html":"<span class='verse-line'>{}</span>"},"ja508:21.3":{"pli":"Tāvanto tassa ubbegā, ","html":"<span class='verse-line'>{}</span>"},"ja508:21.4":{"pli":"tasmā guyhaṃ na vissaje. ","html":"<span class='verse-line'>{}</span></p>"},"ja508:22.1":{"pli":"Vivicca bhāseyya divā rahassaṃ, ","html":"<p><span class='verse-line'>{}</span>"},"ja508:22.2":{"pli":"Rattiṃ giraṃ nātivelaṃ pamuñce; ","html":"<span class='verse-line'>{}</span>"},"ja508:22.3":{"pli":"Upassutikā hi suṇanti mantaṃ, ","html":"<span class='verse-line'>{}</span>"},"ja508:22.4":{"pli":"Tasmā manto khippamupeti bhedan”ti. ","html":"<span class='verse-line'>{}</span></p></blockquote>"},"ja508:23.1":{"pli":"Pañcapaṇḍitajātakaṃ dvādasamaṃ. ","html":"<p class='endsutta'>{}</p></article>"}},"ja509":{"ja509:0.1":{"pli":"Jātaka ","html":"<article id='ja509'><header><ul><li class='division'>{}</li>"},"ja509:0.2":{"pli":"Vīsatinipāta ","html":"<li>{}</li>"},"ja509:0.3":{"pli":"Mātaṅgavagga ","html":"<li>{}</li></ul>"},"ja509:0.4":{"pli":"13. Hatthipālajātaka ","html":"<h1 class='sutta-title'>{}</h1></header>"},"ja509:1.1":{"pli":"“Cirassaṃ vata passāma, ","html":"<blockquote class='gatha'><p><span class='verse-line'>{}</span>"},"ja509:1.2":{"pli":"brāhmaṇaṃ devavaṇṇinaṃ; ","html":"<span class='verse-line'>{}</span>"},"ja509:1.3":{"pli":"Mahājaṭaṃ khāridharaṃ, ","html":"<span class='verse-line'>{}</span>"},"ja509:1.4":{"pli":"paṅkadantaṃ rajassiraṃ. ","html":"<span class='verse-line'>{}</span></p>"},"ja509:2.1":{"pli":"Cirassaṃ vata passāma, ","html":"<p><span class='verse-line'>{}</span>"},"ja509:2.2":{"pli":"isiṃ dhammaguṇe rataṃ; ","html":"<span class='verse-line'>{}</span>"},"ja509:2.3":{"pli":"Kāsāyavatthavasanaṃ, ","html":"<span class='verse-line'>{}</span>"},"ja509:2.4":{"pli":"vākacīraṃ paṭicchadaṃ. ","html":"<span class='verse-line'>{}</span></p>"},"ja509:3.1":{"pli":"Āsanaṃ udakaṃ pajjaṃ, ","html":"<p><span class='verse-line'>{}</span>"},"ja509:3.2":{"pli":"paṭigaṇhātu no bhavaṃ; ","html":"<span class='verse-line'>{}</span>"},"ja509:3.3":{"pli":"Agghe bhavantaṃ pucchāma, ","html":"<span class='verse-line'>{}</span>"},"ja509:3.4":{"pli":"agghaṃ kurutu no bhavaṃ”. ","html":"<span class='verse-line'>{}</span></p>"},"ja509:4.1":{"pli":"“Adhicca vede pariyesa vittaṃ, ","html":"<p><span class='verse-line'>{}</span>"},"ja509:4.2":{"pli":"Putte gahe tāta patiṭṭhapetvā; ","html":"<span class='verse-line'>{}</span>"},"ja509:4.3":{"pli":"Gandhe rase paccanubhuyya sabbaṃ, ","html":"<span class='verse-line'>{}</span>"},"ja509:4.4":{"pli":"Araññaṃ sādhu muni so pasattho”. ","html":"<span class='verse-line'>{}</span></p>"},"ja509:5.1":{"pli":"“Vedā na saccā na ca vittalābho, ","html":"<p><span class='verse-line'>{}</span>"},"ja509:5.2":{"pli":"Na puttalābhena jaraṃ vihanti; ","html":"<span class='verse-line'>{}</span>"},"ja509:5.3":{"pli":"Gandhe rase muccanamāhu santo, ","html":"<span class='verse-line'>{}</span>"},"ja509:5.4":{"pli":"Sakammunā hoti phalūpapatti”. ","html":"<span class='verse-line'>{}</span></p>"},"ja509:6.1":{"pli":"“Addhā hi saccaṃ vacanaṃ tavetaṃ, ","html":"<p><span class='verse-line'>{}</span>"},"ja509:6.2":{"pli":"Sakammunā hoti phalūpapatti; ","html":"<span class='verse-line'>{}</span>"},"ja509:6.3":{"pli":"Jiṇṇā ca mātāpitaro tavīme, ","html":"<span class='verse-line'>{}</span>"},"ja509:6.4":{"pli":"Passeyyuṃ taṃ vassasataṃ arogaṃ”. ","html":"<span class='verse-line'>{}</span></p>"},"ja509:7.1":{"pli":"“Yassassa sakkhī maraṇena rāja, ","html":"<p><span class='verse-line'>{}</span>"},"ja509:7.2":{"pli":"Jarāya mettī naravīraseṭṭha; ","html":"<span class='verse-line'>{}</span>"},"ja509:7.3":{"pli":"Yo cāpi jaññā na marissaṃ kadāci, ","html":"<span class='verse-line'>{}</span>"},"ja509:7.4":{"pli":"Passeyyuṃ taṃ vassasataṃ arogaṃ. ","html":"<span class='verse-line'>{}</span></p>"},"ja509:8.1":{"pli":"Yathāpi nāvaṃ puriso dakamhi, ","html":"<p><span class='verse-line'>{}</span>"},"ja509:8.2":{"pli":"Ereti ce naṃ upaneti tīraṃ; ","html":"<span class='verse-line'>{}</span>"},"ja509:8.3":{"pli":"Evampi byādhī satataṃ jarā ca, ","html":"<span class='verse-line'>{}</span>"},"ja509:8.4":{"pli":"Upaneti maccaṃ vasamantakassa”. ","html":"<span class='verse-line'>{}</span></p>"},"ja509:9.1":{"pli":"“Paṅko ca kāmā palipo ca kāmā, ","html":"<p><span class='verse-line'>{}</span>"},"ja509:9.2":{"pli":"Manoharā duttarā maccudheyyā; ","html":"<span class='verse-line'>{}</span>"},"ja509:9.3":{"pli":"Etasmiṃ paṅke palipe byasannā, ","html":"<span class='verse-line'>{}</span>"},"ja509:9.4":{"pli":"Hīnattarūpā na taranti pāraṃ. ","html":"<span class='verse-line'>{}</span></p>"},"ja509:10.1":{"pli":"Ayaṃ pure luddamakāsi kammaṃ, ","html":"<p><span class='verse-line'>{}</span>"},"ja509:10.2":{"pli":"Svāyaṃ gahīto na hi mokkhito me; ","html":"<span class='verse-line'>{}</span>"},"ja509:10.3":{"pli":"Orundhiyā naṃ parirakkhissāmi, ","html":"<span class='verse-line'>{}</span>"},"ja509:10.4":{"pli":"Māyaṃ puna luddamakāsi kammaṃ”. ","html":"<span class='verse-line'>{}</span></p>"},"ja509:11.1":{"pli":"“Gavaṃva naṭṭhaṃ puriso yathā vane, ","html":"<p><span class='verse-line'>{}</span>"},"ja509:11.2":{"pli":"Anvesatī rāja apassamāno; ","html":"<span class='verse-line'>{}</span>"},"ja509:11.3":{"pli":"Evaṃ naṭṭho esukārī mamattho, ","html":"<span class='verse-line'>{}</span>"},"ja509:11.4":{"pli":"Sohaṃ kathaṃ na gaveseyyaṃ rāja. ","html":"<span class='verse-line'>{}</span></p>"},"ja509:12.1":{"pli":"Hiyyoti hiyyati poso, ","html":"<p><span class='verse-line'>{}</span>"},"ja509:12.2":{"pli":"Pareti parihāyati; ","html":"<span class='verse-line'>{}</span>"},"ja509:12.3":{"pli":"Anāgataṃ netamatthīti ñatvā, ","html":"<span class='verse-line'>{}</span>"},"ja509:12.4":{"pli":"Uppannachandaṃ ko panudeyya dhīro”. ","html":"<span class='verse-line'>{}</span></p>"},"ja509:13.1":{"pli":"“Passāmi vohaṃ daharaṃ kumāriṃ, ","html":"<p><span class='verse-line'>{}</span>"},"ja509:13.2":{"pli":"Mattūpamaṃ ketakapupphanettaṃ; ","html":"<span class='verse-line'>{}</span>"},"ja509:13.3":{"pli":"Abhuttabhoge paṭhame vayasmiṃ, ","html":"<span class='verse-line'>{}</span>"},"ja509:13.4":{"pli":"Ādāya maccu vajate kumāriṃ. ","html":"<span class='verse-line'>{}</span></p>"},"ja509:14.1":{"pli":"Yuvā sujāto sumukho sudassano, ","html":"<p><span class='verse-line'>{}</span>"},"ja509:14.2":{"pli":"Sāmo kusumbhaparikiṇṇamassu; ","html":"<span class='verse-line'>{}</span>"},"ja509:14.3":{"pli":"Hitvāna kāme paṭikacca gehaṃ, ","html":"<span class='verse-line'>{}</span>"},"ja509:14.4":{"pli":"Anujāna maṃ pabbajissāmi deva”. ","html":"<span class='verse-line'>{}</span></p>"},"ja509:15.1":{"pli":"“Sākhāhi rukkho labhate samaññaṃ, ","html":"<p><span class='verse-line'>{}</span>"},"ja509:15.2":{"pli":"Pahīnasākhaṃ pana khāṇumāhu; ","html":"<span class='verse-line'>{}</span>"},"ja509:15.3":{"pli":"Pahīnaputtassa mamajja bhoti, ","html":"<span class='verse-line'>{}</span>"},"ja509:15.4":{"pli":"Vāseṭṭhi bhikkhācariyāya kālo”. ","html":"<span class='verse-line'>{}</span></p>"},"ja509:16.1":{"pli":"“Aghasmi koñcāva yathā himaccaye, ","html":"<p><span class='verse-line'>{}</span>"},"ja509:16.2":{"pli":"Katāni jālāni padāliya haṃsā; ","html":"<span class='verse-line'>{}</span>"},"ja509:16.3":{"pli":"Gacchanti puttā ca patī ca mayhaṃ, ","html":"<span class='verse-line'>{}</span>"},"ja509:16.4":{"pli":"Sāhaṃ kathaṃ nānuvaje pajānaṃ”. ","html":"<span class='verse-line'>{}</span></p>"},"ja509:17.1":{"pli":"“Ete bhutvā vamitvā ca, ","html":"<p><span class='verse-line'>{}</span>"},"ja509:17.2":{"pli":"pakkamanti vihaṅgamā; ","html":"<span class='verse-line'>{}</span>"},"ja509:17.3":{"pli":"Ye ca bhutvāna vamiṃsu, ","html":"<span class='verse-line'>{}</span>"},"ja509:17.4":{"pli":"te me hatthattamāgatā. ","html":"<span class='verse-line'>{}</span></p>"},"ja509:18.1":{"pli":"Avamī brāhmaṇo kāme, ","html":"<p><span class='verse-line'>{}</span>"},"ja509:18.2":{"pli":"so tvaṃ paccāvamissasi; ","html":"<span class='verse-line'>{}</span>"},"ja509:18.3":{"pli":"Vantādo puriso rāja, ","html":"<span class='verse-line'>{}</span>"},"ja509:18.4":{"pli":"na so hoti pasaṃsiyo”. ","html":"<span class='verse-line'>{}</span></p>"},"ja509:19.1":{"pli":"“Paṅke ca posaṃ palipe byasannaṃ, ","html":"<p><span class='verse-line'>{}</span>"},"ja509:19.2":{"pli":"Balī yathā dubbalamuddhareyya; ","html":"<span class='verse-line'>{}</span>"},"ja509:19.3":{"pli":"Evampi maṃ tvaṃ udatāri bhoti, ","html":"<span class='verse-line'>{}</span>"},"ja509:19.4":{"pli":"Pañcāli gāthāhi subhāsitāhi”. ","html":"<span class='verse-line'>{}</span></p>"},"ja509:20.1":{"pli":"Idaṃ vatvā mahārājā, ","html":"<p><span class='verse-line'>{}</span>"},"ja509:20.2":{"pli":"esukārī disampati; ","html":"<span class='verse-line'>{}</span>"},"ja509:20.3":{"pli":"Raṭṭhaṃ hitvāna pabbaji, ","html":"<span class='verse-line'>{}</span>"},"ja509:20.4":{"pli":"nāgo chetvāva bandhanaṃ. ","html":"<span class='verse-line'>{}</span></p>"},"ja509:21.1":{"pli":"“Rājā ca pabbajjamarocayittha, ","html":"<p><span class='verse-line'>{}</span>"},"ja509:21.2":{"pli":"Raṭṭhaṃ pahāya naravīraseṭṭho; ","html":"<span class='verse-line'>{}</span>"},"ja509:21.3":{"pli":"Tuvampi no hohi yatheva rājā, ","html":"<span class='verse-line'>{}</span>"},"ja509:21.4":{"pli":"Amhehi guttā anusāsa rajjaṃ”. ","html":"<span class='verse-line'>{}</span></p>"},"ja509:22.1":{"pli":"“Rājā ca pabbajjamarocayittha, ","html":"<p><span class='verse-line'>{}</span>"},"ja509:22.2":{"pli":"Raṭṭhaṃ pahāya naravīraseṭṭho; ","html":"<span class='verse-line'>{}</span>"},"ja509:22.3":{"pli":"Ahampi ekā carissāmi loke, ","html":"<span class='verse-line'>{}</span>"},"ja509:22.4":{"pli":"Hitvāna kāmāni manoramāni. ","html":"<span class='verse-line'>{}</span></p>"},"ja509:23.1":{"pli":"Rājā ca pabbajjamarocayittha, ","html":"<p><span class='verse-line'>{}</span>"},"ja509:23.2":{"pli":"Raṭṭhaṃ pahāya naravīraseṭṭho; ","html":"<span class='verse-line'>{}</span>"},"ja509:23.3":{"pli":"Ahampi ekā carissāmi loke, ","html":"<span class='verse-line'>{}</span>"},"ja509:23.4":{"pli":"Hitvāna kāmāni yathodhikāni. ","html":"<span class='verse-line'>{}</span></p>"},"ja509:24.1":{"pli":"Accenti kālā tarayanti rattiyo, ","html":"<p><span class='verse-line'>{}</span>"},"ja509:24.2":{"pli":"Vayoguṇā anupubbaṃ jahanti; ","html":"<span class='verse-line'>{}</span>"},"ja509:24.3":{"pli":"Ahampi ekā carissāmi loke, ","html":"<span class='verse-line'>{}</span>"},"ja509:24.4":{"pli":"Hitvāna kāmāni manoramāni. ","html":"<span class='verse-line'>{}</span></p>"},"ja509:25.1":{"pli":"Accenti kālā tarayanti rattiyo, ","html":"<p><span class='verse-line'>{}</span>"},"ja509:25.2":{"pli":"Vayoguṇā anupubbaṃ jahanti; ","html":"<span class='verse-line'>{}</span>"},"ja509:25.3":{"pli":"Ahampi ekā carissāmi loke, ","html":"<span class='verse-line'>{}</span>"},"ja509:25.4":{"pli":"Hitvāna kāmāni yathodhikāni. ","html":"<span class='verse-line'>{}</span></p>"},"ja509:26.1":{"pli":"Accenti kālā tarayanti rattiyo, ","html":"<p><span class='verse-line'>{}</span>"},"ja509:26.2":{"pli":"Vayoguṇā anupubbaṃ jahanti; ","html":"<span class='verse-line'>{}</span>"},"ja509:26.3":{"pli":"Ahampi ekā carissāmi loke, ","html":"<span class='verse-line'>{}</span>"},"ja509:26.4":{"pli":"Sītibhūtā sabbamaticca saṅgan”ti. ","html":"<span class='verse-line'>{}</span></p></blockquote>"},"ja509:27.1":{"pli":"Hatthipālajātakaṃ terasamaṃ. ","html":"<p class='endsutta'>{}</p></article>"}},"ja51":{"ja51:0.1":{"pli":"Jātaka ","eng":"Stories of Past Lives 51 ","html":"<article id='ja51'><header><ul><li class='division'>{}</li>"},"ja51:0.2":{"pli":"Ekakanipāta ","eng":"The Book of the Ones ","html":"<li>{}</li>"},"ja51:0.3":{"pli":"Āsīsavagga ","eng":"Hope ","html":"<li>{}</li></ul>"},"ja51:0.4":{"pli":"1. Mahāsīlavajātaka ","eng":"The Great Virtuous One: a past life story ","html":"<h1 class='sutta-title'>{}</h1></header>"},"ja51:1.1":{"pli":"“Āsīsetheva puriso, ","eng":"A man should have hope, ","html":"<blockquote class='gatha'><p><span class='verse-line'>{}</span>","comm":"A good king deposed by a violent foe is subjected to brutal torture, but neither slips from his virtue nor loses hope. Persevering, he eventually regains the crown. | <i lang='pi' translate='no'>Āsīsetha</i> is reflexive third singular optative. "},"ja51:1.2":{"pli":"na nibbindeyya paṇḍito; ","eng":"the astute should not be disillusioned. ","html":"<span class='verse-line'>{}</span>"},"ja51:1.3":{"pli":"Passāmi vohaṃ attānaṃ, ","eng":"Now I truly see myself—","html":"<span class='verse-line'>{}</span>"},"ja51:1.4":{"pli":"yathā icchiṃ tathā ahū”ti. ","eng":"as I wished, so I became. ","html":"<span class='verse-line'>{}</span></p></blockquote>","comm":"<i lang='pi' translate='no'>Ahūti</i> is <i lang='pi' translate='no'>ahu</i> + <i lang='pi' translate='no'>(i)ti</i>, where <i lang='pi' translate='no'>ahu</i> is reflexive first singular aorist. "},"ja51:2.1":{"pli":"Mahāsīlavajātakaṃ paṭhamaṃ. ","html":"<p class='endsutta'>{}</p></article>"}},"ja510":{"ja510:0.1":{"pli":"Jātaka ","html":"<article id='ja510'><header><ul><li class='division'>{}</li>"},"ja510:0.2":{"pli":"Vīsatinipāta ","html":"<li>{}</li>"},"ja510:0.3":{"pli":"Mātaṅgavagga ","html":"<li>{}</li></ul>"},"ja510:0.4":{"pli":"14. Ayogharajātaka ","html":"<h1 class='sutta-title'>{}</h1></header>"},"ja510:1.1":{"pli":"“Yamekarattiṃ paṭhamaṃ, ","html":"<blockquote class='gatha'><p><span class='verse-line'>{}</span>"},"ja510:1.2":{"pli":"gabbhe vasati māṇavo; ","html":"<span class='verse-line'>{}</span>"},"ja510:1.3":{"pli":"Abbhuṭṭhitova so yāti, ","html":"<span class='verse-line'>{}</span>"},"ja510:1.4":{"pli":"sagacchaṃ na nivattati. ","html":"<span class='verse-line'>{}</span></p>"},"ja510:2.1":{"pli":"Na yujjhamānā na balenavassitā, ","html":"<p><span class='verse-line'>{}</span>"},"ja510:2.2":{"pli":"Narā na jīranti na cāpi miyyare; ","html":"<span class='verse-line'>{}</span>"},"ja510:2.3":{"pli":"Sabbaṃ hidaṃ jātijarāyupaddutaṃ, ","html":"<span class='verse-line'>{}</span>"},"ja510:2.4":{"pli":"Taṃ me matī hoti carāmi dhammaṃ. ","html":"<span class='verse-line'>{}</span></p>"},"ja510:3.1":{"pli":"Caturaṅginiṃ senaṃ subhiṃsarūpaṃ, ","html":"<p><span class='verse-line'>{}</span>"},"ja510:3.2":{"pli":"Jayanti raṭṭhādhipatī pasayha; ","html":"<span class='verse-line'>{}</span>"},"ja510:3.3":{"pli":"Na maccuno jayitumussahanti, ","html":"<span class='verse-line'>{}</span>"},"ja510:3.4":{"pli":"Taṃ me matī hoti carāmi dhammaṃ. ","html":"<span class='verse-line'>{}</span></p>"},"ja510:4.1":{"pli":"Hatthīhi assehi rathehi pattibhi, ","html":"<p><span class='verse-line'>{}</span>"},"ja510:4.2":{"pli":"Parivāritā muccare ekacceyyā; ","html":"<span class='verse-line'>{}</span>"},"ja510:4.3":{"pli":"Na maccuno muccitumussahanti, ","html":"<span class='verse-line'>{}</span>"},"ja510:4.4":{"pli":"Taṃ me matī hoti carāmi dhammaṃ. ","html":"<span class='verse-line'>{}</span></p>"},"ja510:5.1":{"pli":"Hatthīhi assehi rathehi pattibhi, ","html":"<p><span class='verse-line'>{}</span>"},"ja510:5.2":{"pli":"Sūrā pabhañjanti padhaṃsayanti; ","html":"<span class='verse-line'>{}</span>"},"ja510:5.3":{"pli":"Na maccuno bhañjitumussahanti, ","html":"<span class='verse-line'>{}</span>"},"ja510:5.4":{"pli":"Taṃ me matī hoti carāmi dhammaṃ. ","html":"<span class='verse-line'>{}</span></p>"},"ja510:6.1":{"pli":"Mattā gajā bhinnagaḷā pabhinnā, ","html":"<p><span class='verse-line'>{}</span>"},"ja510:6.2":{"pli":"Nagarāni maddanti janaṃ hananti; ","html":"<span class='verse-line'>{}</span>"},"ja510:6.3":{"pli":"Na maccuno madditumussahanti, ","html":"<span class='verse-line'>{}</span>"},"ja510:6.4":{"pli":"Taṃ me matī hoti carāmi dhammaṃ. ","html":"<span class='verse-line'>{}</span></p>"},"ja510:7.1":{"pli":"Issāsino katahatthāpi vīrā, ","html":"<p><span class='verse-line'>{}</span>"},"ja510:7.2":{"pli":"Dūrepātī akkhaṇavedhinopi; ","html":"<span class='verse-line'>{}</span>"},"ja510:7.3":{"pli":"Na maccuno vijjhitumussahanti, ","html":"<span class='verse-line'>{}</span>"},"ja510:7.4":{"pli":"Taṃ me matī hoti carāmi dhammaṃ. ","html":"<span class='verse-line'>{}</span></p>"},"ja510:8.1":{"pli":"Sarāni khīyanti saselakānanā, ","html":"<p><span class='verse-line'>{}</span>"},"ja510:8.2":{"pli":"Sabbaṃ hidaṃ khīyati dīghamantaraṃ; ","html":"<span class='verse-line'>{}</span>"},"ja510:8.3":{"pli":"Sabbaṃ hidaṃ bhañjare kālapariyāyaṃ, ","html":"<span class='verse-line'>{}</span>"},"ja510:8.4":{"pli":"Taṃ me matī hoti carāmi dhammaṃ. ","html":"<span class='verse-line'>{}</span></p>"},"ja510:9.1":{"pli":"Sabbesa mevaṃ hi narāna nārinaṃ, ","html":"<p><span class='verse-line'>{}</span>"},"ja510:9.2":{"pli":"Calācalaṃ pāṇabhunodha jīvitaṃ; ","html":"<span class='verse-line'>{}</span>"},"ja510:9.3":{"pli":"Paṭova dhuttassa dumova kūlajo, ","html":"<span class='verse-line'>{}</span>"},"ja510:9.4":{"pli":"Taṃ me matī hoti carāmi dhammaṃ. ","html":"<span class='verse-line'>{}</span></p>"},"ja510:10.1":{"pli":"Dumapphalāneva patanti māṇavā, ","html":"<p><span class='verse-line'>{}</span>"},"ja510:10.2":{"pli":"Daharā ca vuddhā ca sarīrabhedā; ","html":"<span class='verse-line'>{}</span>"},"ja510:10.3":{"pli":"Nāriyo narā majjhimaporisā ca, ","html":"<span class='verse-line'>{}</span>"},"ja510:10.4":{"pli":"Taṃ me matī hoti carāmi dhammaṃ. ","html":"<span class='verse-line'>{}</span></p>"},"ja510:11.1":{"pli":"Nāyaṃ vayo tārakarājasannibho, ","html":"<p><span class='verse-line'>{}</span>"},"ja510:11.2":{"pli":"Yadabbhatītaṃ gatameva dāni taṃ; ","html":"<span class='verse-line'>{}</span>"},"ja510:11.3":{"pli":"Jiṇṇassa hī natthi ratī kuto sukhaṃ, ","html":"<span class='verse-line'>{}</span>"},"ja510:11.4":{"pli":"Taṃ me matī hoti carāmi dhammaṃ. ","html":"<span class='verse-line'>{}</span></p>"},"ja510:12.1":{"pli":"Yakkhā pisācā athavāpi petā, ","html":"<p><span class='verse-line'>{}</span>"},"ja510:12.2":{"pli":"Kupitā te assasanti manusse; ","html":"<span class='verse-line'>{}</span>"},"ja510:12.3":{"pli":"Na maccuno assasitussahanti, ","html":"<span class='verse-line'>{}</span>"},"ja510:12.4":{"pli":"Taṃ me matī hoti carāmi dhammaṃ. ","html":"<span class='verse-line'>{}</span></p>"},"ja510:13.1":{"pli":"Yakkhe pisāce athavāpi pete, ","html":"<p><span class='verse-line'>{}</span>"},"ja510:13.2":{"pli":"Kupitepi te nijjhapanaṃ karonti; ","html":"<span class='verse-line'>{}</span>"},"ja510:13.3":{"pli":"Na maccuno nijjhapanaṃ karonti, ","html":"<span class='verse-line'>{}</span>"},"ja510:13.4":{"pli":"Taṃ me matī hoti carāmi dhammaṃ. ","html":"<span class='verse-line'>{}</span></p>"},"ja510:14.1":{"pli":"Aparādhake dūsake heṭhake ca, ","html":"<p><span class='verse-line'>{}</span>"},"ja510:14.2":{"pli":"Rājāno daṇḍenti viditvāna dosaṃ; ","html":"<span class='verse-line'>{}</span>"},"ja510:14.3":{"pli":"Na maccuno daṇḍayitussahanti, ","html":"<span class='verse-line'>{}</span>"},"ja510:14.4":{"pli":"Taṃ me matī hoti carāmi dhammaṃ. ","html":"<span class='verse-line'>{}</span></p>"},"ja510:15.1":{"pli":"Aparādhakā dūsakā heṭhakā ca, ","html":"<p><span class='verse-line'>{}</span>"},"ja510:15.2":{"pli":"Labhanti te rājino nijjhapetuṃ; ","html":"<span class='verse-line'>{}</span>"},"ja510:15.3":{"pli":"Na maccuno nijjhapanaṃ karonti, ","html":"<span class='verse-line'>{}</span>"},"ja510:15.4":{"pli":"Taṃ me matī hoti carāmi dhammaṃ. ","html":"<span class='verse-line'>{}</span></p>"},"ja510:16.1":{"pli":"Na khattiyoti na ca brāhmaṇoti, ","html":"<p><span class='verse-line'>{}</span>"},"ja510:16.2":{"pli":"Na aḍḍhakā balavā tejavāpi; ","html":"<span class='verse-line'>{}</span>"},"ja510:16.3":{"pli":"Na maccurājassa apekkhamatthi, ","html":"<span class='verse-line'>{}</span>"},"ja510:16.4":{"pli":"Taṃ me matī hoti carāmi dhammaṃ. ","html":"<span class='verse-line'>{}</span></p>"},"ja510:17.1":{"pli":"Sīhā ca byagghā ca athopi dīpiyo, ","html":"<p><span class='verse-line'>{}</span>"},"ja510:17.2":{"pli":"Pasayha khādanti vipphandamānaṃ; ","html":"<span class='verse-line'>{}</span>"},"ja510:17.3":{"pli":"Na maccuno khāditumussahanti, ","html":"<span class='verse-line'>{}</span>"},"ja510:17.4":{"pli":"Taṃ me matī hoti carāmi dhammaṃ. ","html":"<span class='verse-line'>{}</span></p>"},"ja510:18.1":{"pli":"Māyākārā raṅgamajjhe karontā, ","html":"<p><span class='verse-line'>{}</span>"},"ja510:18.2":{"pli":"Mohenti cakkhūni janassa tāvade; ","html":"<span class='verse-line'>{}</span>"},"ja510:18.3":{"pli":"Na maccuno mohayitussahanti, ","html":"<span class='verse-line'>{}</span>"},"ja510:18.4":{"pli":"Taṃ me matī hoti carāmi dhammaṃ. ","html":"<span class='verse-line'>{}</span></p>"},"ja510:19.1":{"pli":"Āsīvisā kupitā uggatejā, ","html":"<p><span class='verse-line'>{}</span>"},"ja510:19.2":{"pli":"Ḍaṃsanti mārentipi te manusse; ","html":"<span class='verse-line'>{}</span>"},"ja510:19.3":{"pli":"Na maccuno ḍaṃsitumussahanti, ","html":"<span class='verse-line'>{}</span>"},"ja510:19.4":{"pli":"Taṃ me matī hoti carāmi dhammaṃ. ","html":"<span class='verse-line'>{}</span></p>"},"ja510:20.1":{"pli":"Āsīvisā kupitā yaṃ ḍaṃsanti, ","html":"<p><span class='verse-line'>{}</span>"},"ja510:20.2":{"pli":"Tikicchakā tesa visaṃ hananti; ","html":"<span class='verse-line'>{}</span>"},"ja510:20.3":{"pli":"Na maccuno daṭṭhavisaṃ hananti, ","html":"<span class='verse-line'>{}</span>"},"ja510:20.4":{"pli":"Taṃ me matī hoti carāmi dhammaṃ. ","html":"<span class='verse-line'>{}</span></p>"},"ja510:21.1":{"pli":"Dhammantarī vettaraṇī ca bhojo, ","html":"<p><span class='verse-line'>{}</span>"},"ja510:21.2":{"pli":"Visāni hantvāna bhujaṅgamānaṃ; ","html":"<span class='verse-line'>{}</span>"},"ja510:21.3":{"pli":"Suyyanti te kālakatā tatheva, ","html":"<span class='verse-line'>{}</span>"},"ja510:21.4":{"pli":"Taṃ me matī hoti carāmi dhammaṃ. ","html":"<span class='verse-line'>{}</span></p>"},"ja510:22.1":{"pli":"Vijjādharā ghoramadhīyamānā, ","html":"<p><span class='verse-line'>{}</span>"},"ja510:22.2":{"pli":"Adassanaṃ osadhehi vajanti; ","html":"<span class='verse-line'>{}</span>"},"ja510:22.3":{"pli":"Na maccurājassa vajantadassanaṃ, ","html":"<span class='verse-line'>{}</span>"},"ja510:22.4":{"pli":"Taṃ me matī hoti carāmi dhammaṃ. ","html":"<span class='verse-line'>{}</span></p>"},"ja510:23.1":{"pli":"Dhammo have rakkhati dhammacāriṃ, ","html":"<p><span class='verse-line'>{}</span>"},"ja510:23.2":{"pli":"Dhammo suciṇṇo sukhamāvahāti; ","html":"<span class='verse-line'>{}</span>"},"ja510:23.3":{"pli":"Esānisaṃso dhamme suciṇṇe, ","html":"<span class='verse-line'>{}</span>"},"ja510:23.4":{"pli":"Na duggatiṃ gacchati dhammacārī. ","html":"<span class='verse-line'>{}</span></p>"},"ja510:24.1":{"pli":"Na hi dhammo adhammo ca, ","html":"<p><span class='verse-line'>{}</span>"},"ja510:24.2":{"pli":"Ubho samavipākino; ","html":"<span class='verse-line'>{}</span>"},"ja510:24.3":{"pli":"Adhammo nirayaṃ neti, ","html":"<span class='verse-line'>{}</span>"},"ja510:24.4":{"pli":"Dhammo pāpeti suggatin”ti. ","html":"<span class='verse-line'>{}</span></p></blockquote>"},"ja510:25.1":{"pli":"Ayogharajātakaṃ cuddasamaṃ. ","html":"<p class='endsutta'>{}</p>"},"ja510:26.1":{"pli":"Vīsatinipātaṃ niṭṭhitaṃ. ","html":"<p class='endsection'>{}</p>"},"ja510:27.1":{"pli":"Tassuddānaṃ ","html":"<p class='uddana-intro'>{}</p>"},"ja510:28.1":{"pli":"Mātaṅga sambhūta sivi sirimanto, ","html":"<blockquote class='uddanagatha'><p><span class='verse-line'>{}</span>"},"ja510:28.2":{"pli":"Rohaṇa haṃsa sattigumbo bhallātiya; ","html":"<span class='verse-line'>{}</span>"},"ja510:28.3":{"pli":"Somanassa campeyya brahma pañca- ","html":"<span class='verse-line'>{}</span>"},"ja510:28.4":{"pli":"Paṇḍita cirassaṃvata ayogharāti. ","html":"<span class='verse-line'>{}</span></p></blockquote></article>"}}}