{"ja535":{"ja535:0.1":{"pli":"Jātaka ","html":"<article id='ja535'><header><ul><li class='division'>{}</li>"},"ja535:0.2":{"pli":"Asītinipāta ","html":"<li>{}</li>"},"ja535:0.3":{"pli":"Cūḷahaṃsavagga ","html":"<li>{}</li></ul>"},"ja535:0.4":{"pli":"3. Sudhābhojanajātaka ","html":"<h1 class='sutta-title'>{}</h1></header>"},"ja535:1.1":{"pli":"“Neva kiṇāmi napi vikkiṇāmi, ","html":"<blockquote class='gatha'><p><span class='verse-line'>{}</span>"},"ja535:1.2":{"pli":"Na cāpi me sannicayo ca atthi; ","html":"<span class='verse-line'>{}</span>"},"ja535:1.3":{"pli":"Sukiccharūpaṃ vatidaṃ parittaṃ, ","html":"<span class='verse-line'>{}</span>"},"ja535:1.4":{"pli":"Patthodano nālamayaṃ duvinnaṃ”. ","html":"<span class='verse-line'>{}</span></p>"},"ja535:2.1":{"pli":"“Appamhā appakaṃ dajjā, ","html":"<p><span class='verse-line'>{}</span>"},"ja535:2.2":{"pli":"anumajjhato majjhakaṃ; ","html":"<span class='verse-line'>{}</span>"},"ja535:2.3":{"pli":"Bahumhā bahukaṃ dajjā, ","html":"<span class='verse-line'>{}</span>"},"ja535:2.4":{"pli":"adānaṃ nupapajjati. ","html":"<span class='verse-line'>{}</span></p>"},"ja535:3.1":{"pli":"Taṃ taṃ vadāmi kosiya, ","html":"<p><span class='verse-line'>{}</span>"},"ja535:3.2":{"pli":"dehi dānāni bhuñja ca; ","html":"<span class='verse-line'>{}</span>"},"ja535:3.3":{"pli":"Ariyamaggaṃ samārūha, ","html":"<span class='verse-line'>{}</span>"},"ja535:3.4":{"pli":"nekāsī labhate sukhaṃ”. ","html":"<span class='verse-line'>{}</span></p>"},"ja535:4.1":{"pli":"“Moghañcassa hutaṃ hoti, ","html":"<p><span class='verse-line'>{}</span>"},"ja535:4.2":{"pli":"moghañcāpi samīhitaṃ; ","html":"<span class='verse-line'>{}</span>"},"ja535:4.3":{"pli":"Atithismiṃ yo nisinnasmiṃ, ","html":"<span class='verse-line'>{}</span>"},"ja535:4.4":{"pli":"eko bhuñjati bhojanaṃ. ","html":"<span class='verse-line'>{}</span></p>"},"ja535:5.1":{"pli":"Taṃ taṃ vadāmi kosiya, ","html":"<p><span class='verse-line'>{}</span>"},"ja535:5.2":{"pli":"dehi dānāni bhuñja ca; ","html":"<span class='verse-line'>{}</span>"},"ja535:5.3":{"pli":"Ariyamaggaṃ samārūha, ","html":"<span class='verse-line'>{}</span>"},"ja535:5.4":{"pli":"nekāsī labhate sukhaṃ”. ","html":"<span class='verse-line'>{}</span></p>"},"ja535:6.1":{"pli":"“Saccañcassa hutaṃ hoti, ","html":"<p><span class='verse-line'>{}</span>"},"ja535:6.2":{"pli":"saccañcāpi samīhitaṃ; ","html":"<span class='verse-line'>{}</span>"},"ja535:6.3":{"pli":"Atithismiṃ yo nisinnasmiṃ, ","html":"<span class='verse-line'>{}</span>"},"ja535:6.4":{"pli":"neko bhuñjati bhojanaṃ. ","html":"<span class='verse-line'>{}</span></p>"},"ja535:7.1":{"pli":"Taṃ taṃ vadāmi kosiya, ","html":"<p><span class='verse-line'>{}</span>"},"ja535:7.2":{"pli":"dehi dānāni bhuñja ca; ","html":"<span class='verse-line'>{}</span>"},"ja535:7.3":{"pli":"Ariyamaggaṃ samārūha, ","html":"<span class='verse-line'>{}</span>"},"ja535:7.4":{"pli":"nekāsī labhate sukhaṃ”. ","html":"<span class='verse-line'>{}</span></p>"},"ja535:8.1":{"pli":"“Sarañca juhati poso, ","html":"<p><span class='verse-line'>{}</span>"},"ja535:8.2":{"pli":"bahukāya gayāya ca; ","html":"<span class='verse-line'>{}</span>"},"ja535:8.3":{"pli":"Doṇe timbarutitthasmiṃ, ","html":"<span class='verse-line'>{}</span>"},"ja535:8.4":{"pli":"sīghasote mahāvahe. ","html":"<span class='verse-line'>{}</span></p>"},"ja535:9.1":{"pli":"Atra cassa hutaṃ hoti, ","html":"<p><span class='verse-line'>{}</span>"},"ja535:9.2":{"pli":"atra cassa samīhitaṃ; ","html":"<span class='verse-line'>{}</span>"},"ja535:9.3":{"pli":"Atithismiṃ yo nisinnasmiṃ, ","html":"<span class='verse-line'>{}</span>"},"ja535:9.4":{"pli":"neko bhuñjati bhojanaṃ. ","html":"<span class='verse-line'>{}</span></p>"},"ja535:10.1":{"pli":"Taṃ taṃ vadāmi kosiya, ","html":"<p><span class='verse-line'>{}</span>"},"ja535:10.2":{"pli":"dehi dānāni bhuñja ca; ","html":"<span class='verse-line'>{}</span>"},"ja535:10.3":{"pli":"Ariyamaggaṃ samārūha, ","html":"<span class='verse-line'>{}</span>"},"ja535:10.4":{"pli":"nekāsī labhate sukhaṃ”. ","html":"<span class='verse-line'>{}</span></p>"},"ja535:11.1":{"pli":"“Baḷisañhi so nigilati, ","html":"<p><span class='verse-line'>{}</span>"},"ja535:11.2":{"pli":"dīghasuttaṃ sabandhanaṃ; ","html":"<span class='verse-line'>{}</span>"},"ja535:11.3":{"pli":"Atithismiṃ yo nisinnasmiṃ, ","html":"<span class='verse-line'>{}</span>"},"ja535:11.4":{"pli":"eko bhuñjati bhojanaṃ. ","html":"<span class='verse-line'>{}</span></p>"},"ja535:12.1":{"pli":"Taṃ taṃ vadāmi kosiya, ","html":"<p><span class='verse-line'>{}</span>"},"ja535:12.2":{"pli":"dehi dānāni bhuñja ca; ","html":"<span class='verse-line'>{}</span>"},"ja535:12.3":{"pli":"Ariyamaggaṃ samārūha, ","html":"<span class='verse-line'>{}</span>"},"ja535:12.4":{"pli":"nekāsī labhate sukhaṃ”. ","html":"<span class='verse-line'>{}</span></p>"},"ja535:13.1":{"pli":"“Uḷāravaṇṇā vata brāhmaṇā ime, ","html":"<p><span class='verse-line'>{}</span>"},"ja535:13.2":{"pli":"Ayañca vo sunakho kissa hetu; ","html":"<span class='verse-line'>{}</span>"},"ja535:13.3":{"pli":"Uccāvacaṃ vaṇṇanibhaṃ vikubbati, ","html":"<span class='verse-line'>{}</span>"},"ja535:13.4":{"pli":"Akkhātha no brāhmaṇā ke nu tumhe”. ","html":"<span class='verse-line'>{}</span></p>"},"ja535:14.1":{"pli":"“Cando ca suriyo ca ubho idhāgatā, ","html":"<p><span class='verse-line'>{}</span>"},"ja535:14.2":{"pli":"Ayaṃ pana mātali devasārathi; ","html":"<span class='verse-line'>{}</span>"},"ja535:14.3":{"pli":"Sakkohamasmi tidasānamindo, ","html":"<span class='verse-line'>{}</span>"},"ja535:14.4":{"pli":"Eso ca kho pañcasikhoti vuccati. ","html":"<span class='verse-line'>{}</span></p>"},"ja535:15.1":{"pli":"Pāṇissarā mudiṅgā ca, ","html":"<p><span class='verse-line'>{}</span>"},"ja535:15.2":{"pli":"murajālambarāni ca; ","html":"<span class='verse-line'>{}</span>"},"ja535:15.3":{"pli":"Suttamenaṃ pabodhenti, ","html":"<span class='verse-line'>{}</span>"},"ja535:15.4":{"pli":"paṭibuddho ca nandati. ","html":"<span class='verse-line'>{}</span></p>"},"ja535:16.1":{"pli":"Ye kecime maccharino kadariyā, ","html":"<p><span class='verse-line'>{}</span>"},"ja535:16.2":{"pli":"Paribhāsakā samaṇabrāhmaṇānaṃ; ","html":"<span class='verse-line'>{}</span>"},"ja535:16.3":{"pli":"Idheva nikkhippa sarīradehaṃ, ","html":"<span class='verse-line'>{}</span>"},"ja535:16.4":{"pli":"Kāyassa bhedā nirayaṃ vajanti. ","html":"<span class='verse-line'>{}</span></p>"},"ja535:17.1":{"pli":"Ye kecime suggatimāsamānā, ","html":"<p><span class='verse-line'>{}</span>"},"ja535:17.2":{"pli":"Dhamme ṭhitā saṃyame saṃvibhāge; ","html":"<span class='verse-line'>{}</span>"},"ja535:17.3":{"pli":"Idheva nikkhippa sarīradehaṃ, ","html":"<span class='verse-line'>{}</span>"},"ja535:17.4":{"pli":"Kāyassa bhedā sugatiṃ vajanti. ","html":"<span class='verse-line'>{}</span></p>"},"ja535:18.1":{"pli":"Tvaṃ nosi ñāti purimāsu jātisu, ","html":"<p><span class='verse-line'>{}</span>"},"ja535:18.2":{"pli":"So maccharī rosako pāpadhammo; ","html":"<span class='verse-line'>{}</span>"},"ja535:18.3":{"pli":"Taveva atthāya idhāgatamhā, ","html":"<span class='verse-line'>{}</span>"},"ja535:18.4":{"pli":"Mā pāpadhammo nirayaṃ gamittha”. ","html":"<span class='verse-line'>{}</span></p>"},"ja535:19.1":{"pli":"“Addhā maṃ vo hitakāmā, ","html":"<p><span class='verse-line'>{}</span>"},"ja535:19.2":{"pli":"yaṃ maṃ samanusāsatha; ","html":"<span class='verse-line'>{}</span>"},"ja535:19.3":{"pli":"Sohaṃ tathā karissāmi, ","html":"<span class='verse-line'>{}</span>"},"ja535:19.4":{"pli":"sabbaṃ vuttaṃ hitesibhi. ","html":"<span class='verse-line'>{}</span></p>"},"ja535:20.1":{"pli":"Esāhamajjeva upāramāmi, ","html":"<p><span class='verse-line'>{}</span>"},"ja535:20.2":{"pli":"Na cāpihaṃ kiñci kareyya pāpaṃ; ","html":"<span class='verse-line'>{}</span>"},"ja535:20.3":{"pli":"Na cāpi me kiñci adeyyamatthi, ","html":"<span class='verse-line'>{}</span>"},"ja535:20.4":{"pli":"Na cāpidatvā udakaṃ pivāmi. ","html":"<span class='verse-line'>{}</span></p>"},"ja535:21.1":{"pli":"Evañca me dadato sabbakālaṃ, ","html":"<p><span class='verse-line'>{}</span>"},"ja535:21.2":{"pli":"Bhogā ime vāsava khīyissanti; ","html":"<span class='verse-line'>{}</span>"},"ja535:21.3":{"pli":"Tato ahaṃ pabbajissāmi sakka, ","html":"<span class='verse-line'>{}</span>"},"ja535:21.4":{"pli":"Hitvāna kāmāni yathodhikāni”. ","html":"<span class='verse-line'>{}</span></p>"},"ja535:22.1":{"pli":"Naguttame girivare gandhamādane, ","html":"<p><span class='verse-line'>{}</span>"},"ja535:22.2":{"pli":"Modanti tā devavarābhipālitā; ","html":"<span class='verse-line'>{}</span>"},"ja535:22.3":{"pli":"Athāgamā isivaro sabbalokagū, ","html":"<span class='verse-line'>{}</span>"},"ja535:22.4":{"pli":"Supupphitaṃ dumavarasākhamādiya. ","html":"<span class='verse-line'>{}</span></p>"},"ja535:23.1":{"pli":"Suciṃ sugandhaṃ tidasehi sakkataṃ, ","html":"<p><span class='verse-line'>{}</span>"},"ja535:23.2":{"pli":"Pupphuttamaṃ amaravarehi sevitaṃ; ","html":"<span class='verse-line'>{}</span>"},"ja535:23.3":{"pli":"Aladdha maccehi va dānavehi vā, ","html":"<span class='verse-line'>{}</span>"},"ja535:23.4":{"pli":"Aññatra devehi tadārahaṃ hidaṃ. ","html":"<span class='verse-line'>{}</span></p>"},"ja535:24.1":{"pli":"Tato catasso kanakattacūpamā, ","html":"<p><span class='verse-line'>{}</span>"},"ja535:24.2":{"pli":"Uṭṭhāya nāriyo pamadādhipā muniṃ; ","html":"<span class='verse-line'>{}</span>"},"ja535:24.3":{"pli":"Āsā ca saddhā ca sirī tato hirī, ","html":"<span class='verse-line'>{}</span>"},"ja535:24.4":{"pli":"Iccabravuṃ nāradadeva brāhmaṇaṃ. ","html":"<span class='verse-line'>{}</span></p>"},"ja535:25.1":{"pli":"“Sace anuddiṭṭhaṃ tayā mahāmuni, ","html":"<p><span class='verse-line'>{}</span>"},"ja535:25.2":{"pli":"Pupphaṃ imaṃ pārichattassa brahme; ","html":"<span class='verse-line'>{}</span>"},"ja535:25.3":{"pli":"Dadāhi no sabbā gati te ijjhatu, ","html":"<span class='verse-line'>{}</span>"},"ja535:25.4":{"pli":"Tuvampi no hohi yatheva vāsavo”. ","html":"<span class='verse-line'>{}</span></p>"},"ja535:26.1":{"pli":"Taṃ yācamānābhisamekkha nārado, ","html":"<p><span class='verse-line'>{}</span>"},"ja535:26.2":{"pli":"Iccabravī saṅkalahaṃ udīrayi; ","html":"<span class='verse-line'>{}</span>"},"ja535:26.3":{"pli":"“Na mayhamatthatthi imehi koci naṃ, ","html":"<span class='verse-line'>{}</span>"},"ja535:26.4":{"pli":"Yāyeva vo seyyasi sā piḷandhatha”. ","html":"<span class='verse-line'>{}</span></p>"},"ja535:27.1":{"pli":"“Tvaṃ nottamevābhisamekkha nārada, ","html":"<p><span class='verse-line'>{}</span>"},"ja535:27.2":{"pli":"Yassicchasi tassā anuppavecchasu; ","html":"<span class='verse-line'>{}</span>"},"ja535:27.3":{"pli":"Yassā hi no nārada tvaṃ padassasi, ","html":"<span class='verse-line'>{}</span>"},"ja535:27.4":{"pli":"Sāyeva no hehiti seṭṭhasammatā”. ","html":"<span class='verse-line'>{}</span></p>"},"ja535:28.1":{"pli":"“Akallametaṃ vacanaṃ sugatte, ","html":"<p><span class='verse-line'>{}</span>"},"ja535:28.2":{"pli":"Ko brāhmaṇo saṅkalahaṃ udīraye; ","html":"<span class='verse-line'>{}</span>"},"ja535:28.3":{"pli":"Gantvāna bhūtādhipameva pucchatha, ","html":"<span class='verse-line'>{}</span>"},"ja535:28.4":{"pli":"Sace na jānātha idhuttamādhamaṃ”. ","html":"<span class='verse-line'>{}</span></p>"},"ja535:29.1":{"pli":"Tā nāradena paramappakopitā, ","html":"<p><span class='verse-line'>{}</span>"},"ja535:29.2":{"pli":"Udīritā vaṇṇamadena mattā; ","html":"<span class='verse-line'>{}</span>"},"ja535:29.3":{"pli":"Sakāse gantvāna sahassacakkhuno, ","html":"<span class='verse-line'>{}</span>"},"ja535:29.4":{"pli":"“Pucchiṃsu bhūtādhipaṃ kā nu seyyasi”. ","html":"<span class='verse-line'>{}</span></p>"},"ja535:30.1":{"pli":"Tā disvā āyattamanā purindado, ","html":"<p><span class='verse-line'>{}</span>"},"ja535:30.2":{"pli":"Iccabravī devavaro katañjalī; ","html":"<span class='verse-line'>{}</span>"},"ja535:30.3":{"pli":"“Sabbāva vo hotha sugatte sādisī, ","html":"<span class='verse-line'>{}</span>"},"ja535:30.4":{"pli":"Ko neva bhadde kalahaṃ udīrayi”. ","html":"<span class='verse-line'>{}</span></p>"},"ja535:31.1":{"pli":"“Yo sabbalokaccarito mahāmuni, ","html":"<p><span class='verse-line'>{}</span>"},"ja535:31.2":{"pli":"Dhamme ṭhito nārado saccanikkamo; ","html":"<span class='verse-line'>{}</span>"},"ja535:31.3":{"pli":"So nobravi girivare gandhamādane, ","html":"<span class='verse-line'>{}</span>"},"ja535:31.4":{"pli":"Gantvāna bhūtādhipameva pucchatha; ","html":"<span class='verse-line'>{}</span>"},"ja535:31.5":{"pli":"Sace na jānātha idhuttamādhamaṃ”. ","html":"<span class='verse-line'>{}</span></p>"},"ja535:32.1":{"pli":"“Asu brahāraññacaro mahāmuni, ","html":"<p><span class='verse-line'>{}</span>"},"ja535:32.2":{"pli":"Nādatvā bhattaṃ varagatte bhuñjati; ","html":"<span class='verse-line'>{}</span>"},"ja535:32.3":{"pli":"Viceyya dānāni dadāti kosiyo, ","html":"<span class='verse-line'>{}</span>"},"ja535:32.4":{"pli":"Yassā hi so dassati sāva seyyasi”. ","html":"<span class='verse-line'>{}</span></p>"},"ja535:33.1":{"pli":"“Asū hi yo sammati dakkhiṇaṃ disaṃ, ","html":"<p><span class='verse-line'>{}</span>"},"ja535:33.2":{"pli":"Gaṅgāya tīre himavantapassani; ","html":"<span class='verse-line'>{}</span>"},"ja535:33.3":{"pli":"Sa kosiyo dullabhapānabhojano, ","html":"<span class='verse-line'>{}</span>"},"ja535:33.4":{"pli":"Tassa sudhaṃ pāpaya devasārathi”. ","html":"<span class='verse-line'>{}</span></p>"},"ja535:34.1":{"pli":"Sa mātalī devavarena pesito, ","html":"<p><span class='verse-line'>{}</span>"},"ja535:34.2":{"pli":"Sahassayuttaṃ abhiruyha sandanaṃ; ","html":"<span class='verse-line'>{}</span>"},"ja535:34.3":{"pli":"Sukhippameva upagamma assamaṃ, ","html":"<span class='verse-line'>{}</span>"},"ja535:34.4":{"pli":"Adissamāno munino sudhaṃ adā. ","html":"<span class='verse-line'>{}</span></p>"},"ja535:35.1":{"pli":"“Udaggihuttaṃ upatiṭṭhato hi me, ","html":"<p><span class='verse-line'>{}</span>"},"ja535:35.2":{"pli":"Pabhaṅkaraṃ lokatamonuduttamaṃ; ","html":"<span class='verse-line'>{}</span>"},"ja535:35.3":{"pli":"Sabbāni bhūtāni adhicca vāsavo, ","html":"<span class='verse-line'>{}</span>"},"ja535:35.4":{"pli":"Ko neva me pāṇisu kiṃ sudhodahi. ","html":"<span class='verse-line'>{}</span></p>"},"ja535:36.1":{"pli":"Saṅkhūpamaṃ setamatulyadassanaṃ, ","html":"<p><span class='verse-line'>{}</span>"},"ja535:36.2":{"pli":"Suciṃ sugandhaṃ piyarūpamabbhutaṃ; ","html":"<span class='verse-line'>{}</span>"},"ja535:36.3":{"pli":"Adiṭṭhapubbaṃ mama jātu cakkhubhi, ","html":"<span class='verse-line'>{}</span>"},"ja535:36.4":{"pli":"Kā devatā pāṇisu kiṃ sudhodahi”. ","html":"<span class='verse-line'>{}</span></p>"},"ja535:37.1":{"pli":"“Ahaṃ mahindena mahesi pesito, ","html":"<p><span class='verse-line'>{}</span>"},"ja535:37.2":{"pli":"Sudhābhihāsiṃ turito mahāmuni; ","html":"<span class='verse-line'>{}</span>"},"ja535:37.3":{"pli":"Jānāsi maṃ mātali devasārathi, ","html":"<span class='verse-line'>{}</span>"},"ja535:37.4":{"pli":"Bhuñjassu bhattuttama mābhivārayi. ","html":"<span class='verse-line'>{}</span></p>"},"ja535:38.1":{"pli":"Bhuttā ca sā dvādasa hanti pāpake, ","html":"<p><span class='verse-line'>{}</span>"},"ja535:38.2":{"pli":"Khudaṃ pipāsaṃ aratiṃ daraklamaṃ; ","html":"<span class='verse-line'>{}</span>"},"ja535:38.3":{"pli":"Kodhūpanāhañca vivādapesuṇaṃ, ","html":"<span class='verse-line'>{}</span>"},"ja535:38.4":{"pli":"Sītuṇha tandiñca rasuttamaṃ idaṃ”. ","html":"<span class='verse-line'>{}</span></p>"},"ja535:39.1":{"pli":"“Na kappatī mātali mayha bhuñjituṃ, ","html":"<p><span class='verse-line'>{}</span>"},"ja535:39.2":{"pli":"Pubbe adatvā iti me vatuttamaṃ; ","html":"<span class='verse-line'>{}</span>"},"ja535:39.3":{"pli":"Na cāpi ekāsnamarīyapūjitaṃ, ","html":"<span class='verse-line'>{}</span>"},"ja535:39.4":{"pli":"Asaṃvibhāgī ca sukhaṃ na vindati”. ","html":"<span class='verse-line'>{}</span></p>"},"ja535:40.1":{"pli":"“Thīghātakā ye cime pāradārikā, ","html":"<p><span class='verse-line'>{}</span>"},"ja535:40.2":{"pli":"Mittadduno ye ca sapanti subbate; ","html":"<span class='verse-line'>{}</span>"},"ja535:40.3":{"pli":"Sabbe ca te maccharipañcamādhamā, ","html":"<span class='verse-line'>{}</span>"},"ja535:40.4":{"pli":"Tasmā adatvā udakampi nāsniye. ","html":"<span class='verse-line'>{}</span></p>"},"ja535:41.1":{"pli":"Sohitthiyā vā purisassa vā pana, ","html":"<p><span class='verse-line'>{}</span>"},"ja535:41.2":{"pli":"Dassāmi dānaṃ vidusampavaṇṇitaṃ; ","html":"<span class='verse-line'>{}</span>"},"ja535:41.3":{"pli":"Saddhā vadaññū idha vītamaccharā, ","html":"<span class='verse-line'>{}</span>"},"ja535:41.4":{"pli":"Bhavanti hete sucisaccasammatā”. ","html":"<span class='verse-line'>{}</span></p>"},"ja535:42.1":{"pli":"Ato matā devavarena pesitā, ","html":"<p><span class='verse-line'>{}</span>"},"ja535:42.2":{"pli":"Kaññā catasso kanakattacūpamā; ","html":"<span class='verse-line'>{}</span>"},"ja535:42.3":{"pli":"Āsā ca saddhā ca sirī tato hirī, ","html":"<span class='verse-line'>{}</span>"},"ja535:42.4":{"pli":"Taṃ assamaṃ āgamu yattha kosiyo. ","html":"<span class='verse-line'>{}</span></p>"},"ja535:43.1":{"pli":"Tā disvā sabbo paramappamodito, ","html":"<p><span class='verse-line'>{}</span>"},"ja535:43.2":{"pli":"Subhena vaṇṇena sikhārivaggino; ","html":"<span class='verse-line'>{}</span>"},"ja535:43.3":{"pli":"Kaññā catasso caturo catuddisā, ","html":"<span class='verse-line'>{}</span>"},"ja535:43.4":{"pli":"Iccabravī mātalino ca sammukhā. ","html":"<span class='verse-line'>{}</span></p>"},"ja535:44.1":{"pli":"“Purimaṃ disaṃ kā tvaṃ pabhāsi devate, ","html":"<p><span class='verse-line'>{}</span>"},"ja535:44.2":{"pli":"Alaṅkatā tāravarāva osadhī; ","html":"<span class='verse-line'>{}</span>"},"ja535:44.3":{"pli":"Pucchāmi taṃ kañcanavelliviggahe, ","html":"<span class='verse-line'>{}</span>"},"ja535:44.4":{"pli":"Ācikkha me tvaṃ katamāsi devatā”. ","html":"<span class='verse-line'>{}</span></p>"},"ja535:45.1":{"pli":"“Sirāha devī manujebhi pūjitā, ","html":"<p><span class='verse-line'>{}</span>"},"ja535:45.2":{"pli":"Apāpasattūpanisevinī sadā; ","html":"<span class='verse-line'>{}</span>"},"ja535:45.3":{"pli":"Sudhāvivādena tavantimāgatā, ","html":"<span class='verse-line'>{}</span>"},"ja535:45.4":{"pli":"Taṃ maṃ sudhāya varapañña bhājaya. ","html":"<span class='verse-line'>{}</span></p>"},"ja535:46.1":{"pli":"Yassāhamicchāmi sudhaṃ mahāmuni, ","html":"<p><span class='verse-line'>{}</span>"},"ja535:46.2":{"pli":"So sabbakāmehi naro pamodati; ","html":"<span class='verse-line'>{}</span>"},"ja535:46.3":{"pli":"Sirīti maṃ jānahi jūhatuttama, ","html":"<span class='verse-line'>{}</span>"},"ja535:46.4":{"pli":"Taṃ maṃ sudhāya varapañña bhājaya”. ","html":"<span class='verse-line'>{}</span></p>"},"ja535:47.1":{"pli":"“Sippena vijjācaraṇena buddhiyā, ","html":"<p><span class='verse-line'>{}</span>"},"ja535:47.2":{"pli":"Narā upetā paguṇā sakammunā; ","html":"<span class='verse-line'>{}</span>"},"ja535:47.3":{"pli":"Tayā vihīnā na labhanti kiñcanaṃ, ","html":"<span class='verse-line'>{}</span>"},"ja535:47.4":{"pli":"Tayidaṃ na sādhu yadidaṃ tayā kataṃ. ","html":"<span class='verse-line'>{}</span></p>"},"ja535:48.1":{"pli":"Passāmi posaṃ alasaṃ mahagghasaṃ, ","html":"<p><span class='verse-line'>{}</span>"},"ja535:48.2":{"pli":"Sudukkulīnampi arūpimaṃ naraṃ; ","html":"<span class='verse-line'>{}</span>"},"ja535:48.3":{"pli":"Tayānugutto siri jātimāmapi, ","html":"<span class='verse-line'>{}</span>"},"ja535:48.4":{"pli":"Peseti dāsaṃ viya bhogavā sukhī. ","html":"<span class='verse-line'>{}</span></p>"},"ja535:49.1":{"pli":"Taṃ taṃ asaccaṃ avibhajjaseviniṃ, ","html":"<p><span class='verse-line'>{}</span>"},"ja535:49.2":{"pli":"Jānāmi mūḷhaṃ vidurānupātiniṃ; ","html":"<span class='verse-line'>{}</span>"},"ja535:49.3":{"pli":"Na tādisī arahati āsanūdakaṃ, ","html":"<span class='verse-line'>{}</span>"},"ja535:49.4":{"pli":"Kuto sudhā gaccha na mayha ruccasi”. ","html":"<span class='verse-line'>{}</span></p>"},"ja535:50.1":{"pli":"“Kā sukkadāṭhā paṭimukkakuṇḍalā, ","html":"<p><span class='verse-line'>{}</span>"},"ja535:50.2":{"pli":"Cittaṅgadā kambuvimaṭṭhadhārinī; ","html":"<span class='verse-line'>{}</span>"},"ja535:50.3":{"pli":"Osittavaṇṇaṃ paridayha sobhasi, ","html":"<span class='verse-line'>{}</span>"},"ja535:50.4":{"pli":"Kusaggirattaṃ apiḷayha mañjariṃ. ","html":"<span class='verse-line'>{}</span></p>"},"ja535:51.1":{"pli":"Migīva bhantā saracāpadhārinā, ","html":"<p><span class='verse-line'>{}</span>"},"ja535:51.2":{"pli":"Virādhitā mandamiva udikkhasi; ","html":"<span class='verse-line'>{}</span>"},"ja535:51.3":{"pli":"Ko te dutīyo idha mandalocane, ","html":"<span class='verse-line'>{}</span>"},"ja535:51.4":{"pli":"Na bhāyasi ekikā kānane vane”. ","html":"<span class='verse-line'>{}</span></p>"},"ja535:52.1":{"pli":"“Na me dutīyo idha matthi kosiya, ","html":"<p><span class='verse-line'>{}</span>"},"ja535:52.2":{"pli":"Masakkasārappabhavamhi devatā; ","html":"<span class='verse-line'>{}</span>"},"ja535:52.3":{"pli":"Āsā sudhāsāya tavantimāgatā, ","html":"<span class='verse-line'>{}</span>"},"ja535:52.4":{"pli":"Taṃ maṃ sudhāya varapañña bhājaya”. ","html":"<span class='verse-line'>{}</span></p>"},"ja535:53.1":{"pli":"“Āsāya yanti vāṇijā dhanesino, ","html":"<p><span class='verse-line'>{}</span>"},"ja535:53.2":{"pli":"Nāvaṃ samāruyha parenti aṇṇave; ","html":"<span class='verse-line'>{}</span>"},"ja535:53.3":{"pli":"Te tattha sīdanti athopi ekadā, ","html":"<span class='verse-line'>{}</span>"},"ja535:53.4":{"pli":"Jīnādhanā enti vinaṭṭhapābhatā. ","html":"<span class='verse-line'>{}</span></p>"},"ja535:54.1":{"pli":"Āsāya khettāni kasanti kassakā, ","html":"<p><span class='verse-line'>{}</span>"},"ja535:54.2":{"pli":"Vapanti bījāni karontupāyaso; ","html":"<span class='verse-line'>{}</span>"},"ja535:54.3":{"pli":"Ītīnipātena avuṭṭhitāya vā, ","html":"<span class='verse-line'>{}</span>"},"ja535:54.4":{"pli":"Na kiñci vindanti tato phalāgamaṃ. ","html":"<span class='verse-line'>{}</span></p>"},"ja535:55.1":{"pli":"Athattakārāni karonti bhattusu, ","html":"<p><span class='verse-line'>{}</span>"},"ja535:55.2":{"pli":"Āsaṃ purakkhatvā narā sukhesino; ","html":"<span class='verse-line'>{}</span>"},"ja535:55.3":{"pli":"Te bhatturatthā atigāḷhitā puna, ","html":"<span class='verse-line'>{}</span>"},"ja535:55.4":{"pli":"Disā panassanti aladdha kiñcanaṃ. ","html":"<span class='verse-line'>{}</span></p>"},"ja535:56.1":{"pli":"Hitvāna dhaññañca dhanañca ñātake, ","html":"<p><span class='verse-line'>{}</span>"},"ja535:56.2":{"pli":"Āsāya saggādhimanā sukhesino; ","html":"<span class='verse-line'>{}</span>"},"ja535:56.3":{"pli":"Tapanti lūkhampi tapaṃ cirantaraṃ, ","html":"<span class='verse-line'>{}</span>"},"ja535:56.4":{"pli":"Kumaggamāruyha parenti duggatiṃ. ","html":"<span class='verse-line'>{}</span></p>"},"ja535:57.1":{"pli":"Āsā visaṃvādikasammatā ime, ","html":"<p><span class='verse-line'>{}</span>"},"ja535:57.2":{"pli":"Āse sudhāsaṃ vinayassu attani; ","html":"<span class='verse-line'>{}</span>"},"ja535:57.3":{"pli":"Na tādisī arahati āsanūdakaṃ, ","html":"<span class='verse-line'>{}</span>"},"ja535:57.4":{"pli":"Kuto sudhā gaccha na mayha ruccasi”. ","html":"<span class='verse-line'>{}</span></p>"},"ja535:58.1":{"pli":"“Daddallamānā yasasā yasassinī, ","html":"<p><span class='verse-line'>{}</span>"},"ja535:58.2":{"pli":"Jighaññanāmavhayanaṃ disaṃ pati; ","html":"<span class='verse-line'>{}</span>"},"ja535:58.3":{"pli":"Pucchāmi taṃ kañcanavelliviggahe, ","html":"<span class='verse-line'>{}</span>"},"ja535:58.4":{"pli":"Ācikkha me tvaṃ katamāsi devatā”. ","html":"<span class='verse-line'>{}</span></p>"},"ja535:59.1":{"pli":"“Saddhāha devī manujehi pūjitā, ","html":"<p><span class='verse-line'>{}</span>"},"ja535:59.2":{"pli":"Apāpasattūpanisevinī sadā; ","html":"<span class='verse-line'>{}</span>"},"ja535:59.3":{"pli":"Sudhāvivādena tavantimāgatā, ","html":"<span class='verse-line'>{}</span>"},"ja535:59.4":{"pli":"Taṃ maṃ sudhāya varapañña bhājaya”. ","html":"<span class='verse-line'>{}</span></p>"},"ja535:60.1":{"pli":"“Dānaṃ damaṃ cāgamathopi saṃyamaṃ, ","html":"<p><span class='verse-line'>{}</span>"},"ja535:60.2":{"pli":"Ādāya saddhāya karonti hekadā; ","html":"<span class='verse-line'>{}</span>"},"ja535:60.3":{"pli":"Theyyaṃ musā kūṭamathopi pesuṇaṃ, ","html":"<span class='verse-line'>{}</span>"},"ja535:60.4":{"pli":"Karonti heke puna viccutā tayā. ","html":"<span class='verse-line'>{}</span></p>"},"ja535:61.1":{"pli":"Bhariyāsu poso sadisīsu pekkhavā, ","html":"<p><span class='verse-line'>{}</span>"},"ja535:61.2":{"pli":"Sīlūpapannāsu patibbatāsupi; ","html":"<span class='verse-line'>{}</span>"},"ja535:61.3":{"pli":"Vinetvāna chandaṃ kulitthiyāsupi, ","html":"<span class='verse-line'>{}</span>"},"ja535:61.4":{"pli":"Karoti saddhaṃ puna kumbhadāsiyā. ","html":"<span class='verse-line'>{}</span></p>"},"ja535:62.1":{"pli":"Tvameva saddhe paradārasevinī, ","html":"<p><span class='verse-line'>{}</span>"},"ja535:62.2":{"pli":"Pāpaṃ karosi kusalampi riñcasi; ","html":"<span class='verse-line'>{}</span>"},"ja535:62.3":{"pli":"Na tādisī arahati āsanūdakaṃ, ","html":"<span class='verse-line'>{}</span>"},"ja535:62.4":{"pli":"Kuto sudhā gaccha na mayha ruccasi”. ","html":"<span class='verse-line'>{}</span></p>"},"ja535:63.1":{"pli":"“Jighaññarattiṃ aruṇasmimūhate, ","html":"<p><span class='verse-line'>{}</span>"},"ja535:63.2":{"pli":"Yā dissati uttamarūpavaṇṇinī; ","html":"<span class='verse-line'>{}</span>"},"ja535:63.3":{"pli":"Tathūpamā maṃ paṭibhāsi devate, ","html":"<span class='verse-line'>{}</span>"},"ja535:63.4":{"pli":"Ācikkha me tvaṃ katamāsi accharā. ","html":"<span class='verse-line'>{}</span></p>"},"ja535:64.1":{"pli":"Kālā nidāgheriva aggijāriva, ","html":"<p><span class='verse-line'>{}</span>"},"ja535:64.2":{"pli":"Anileritā lohitapattamālinī; ","html":"<span class='verse-line'>{}</span>"},"ja535:64.3":{"pli":"Kā tiṭṭhasi mandamigāvalokayaṃ, ","html":"<span class='verse-line'>{}</span>"},"ja535:64.4":{"pli":"Bhāsesamānāva giraṃ na muñcasi”. ","html":"<span class='verse-line'>{}</span></p>"},"ja535:65.1":{"pli":"“Hirāha devī manujehi pūjitā, ","html":"<p><span class='verse-line'>{}</span>"},"ja535:65.2":{"pli":"Apāpasattūpanisevinī sadā; ","html":"<span class='verse-line'>{}</span>"},"ja535:65.3":{"pli":"Sudhāvivādena tavantimāgatā, ","html":"<span class='verse-line'>{}</span>"},"ja535:65.4":{"pli":"Sāhaṃ na sakkomi sudhampi yācituṃ; ","html":"<span class='verse-line'>{}</span>"},"ja535:65.5":{"pli":"Kopīnarūpā viya yācanitthiyā”. ","html":"<span class='verse-line'>{}</span></p>"},"ja535:66.1":{"pli":"“Dhammena ñāyena sugatte lacchasi, ","html":"<p><span class='verse-line'>{}</span>"},"ja535:66.2":{"pli":"Eso hi dhammo na hi yācanā sudhā; ","html":"<span class='verse-line'>{}</span>"},"ja535:66.3":{"pli":"Taṃ taṃ ayācantimahaṃ nimantaye, ","html":"<span class='verse-line'>{}</span>"},"ja535:66.4":{"pli":"Sudhāya yañcicchasi tampi dammi te. ","html":"<span class='verse-line'>{}</span></p>"},"ja535:67.1":{"pli":"Sā tvaṃ mayā ajja sakamhi assame, ","html":"<p><span class='verse-line'>{}</span>"},"ja535:67.2":{"pli":"Nimantitā kañcanavelliviggahe; ","html":"<span class='verse-line'>{}</span>"},"ja535:67.3":{"pli":"Tuvañhi me sabbarasehi pūjiyā, ","html":"<span class='verse-line'>{}</span>"},"ja535:67.4":{"pli":"Taṃ pūjayitvāna sudhampi asniye”. ","html":"<span class='verse-line'>{}</span></p>"},"ja535:68.1":{"pli":"Sā kosiyenānumatā jutīmatā, ","html":"<p><span class='verse-line'>{}</span>"},"ja535:68.2":{"pli":"Addhā hiri rammaṃ pāvisi yassamaṃ; ","html":"<span class='verse-line'>{}</span>"},"ja535:68.3":{"pli":"Udakavantaṃ phalamariyapūjitaṃ, ","html":"<span class='verse-line'>{}</span>"},"ja535:68.4":{"pli":"Apāpasattūpanisevitaṃ sadā. ","html":"<span class='verse-line'>{}</span></p>"},"ja535:69.1":{"pli":"Rukkhaggahānā bahukettha pupphitā, ","html":"<p><span class='verse-line'>{}</span>"},"ja535:69.2":{"pli":"Ambā piyālā panasā ca kiṃsukā; ","html":"<span class='verse-line'>{}</span>"},"ja535:69.3":{"pli":"Sobhañjanā loddamathopi padmakā, ","html":"<span class='verse-line'>{}</span>"},"ja535:69.4":{"pli":"Kekā ca bhaṅgā tilakā supupphitā. ","html":"<span class='verse-line'>{}</span></p>"},"ja535:70.1":{"pli":"Sālā karerī bahukettha jambuyo, ","html":"<p><span class='verse-line'>{}</span>"},"ja535:70.2":{"pli":"Assatthanigrodhamadhukavetasā; ","html":"<span class='verse-line'>{}</span>"},"ja535:70.3":{"pli":"Uddālakā pāṭali sinduvārakā, ","html":"<span class='verse-line'>{}</span>"},"ja535:70.4":{"pli":"Manuññagandhā mucalindaketakā. ","html":"<span class='verse-line'>{}</span></p>"},"ja535:71.1":{"pli":"Hareṇukā veḷukā keṇu tindukā, ","html":"<p><span class='verse-line'>{}</span>"},"ja535:71.2":{"pli":"Sāmākanīvāramathopi cīnakā; ","html":"<span class='verse-line'>{}</span>"},"ja535:71.3":{"pli":"Mocā kadalī bahukettha sāliyo, ","html":"<span class='verse-line'>{}</span>"},"ja535:71.4":{"pli":"Pavīhayo ābhūjino ca taṇḍulā. ","html":"<span class='verse-line'>{}</span></p>"},"ja535:72.1":{"pli":"Tassevuttarapassena, ","html":"<p><span class='verse-line'>{}</span>"},"ja535:72.2":{"pli":"jātā pokkharaṇī sivā; ","html":"<span class='verse-line'>{}</span>"},"ja535:72.3":{"pli":"Akakkasā apabbhārā, ","html":"<span class='verse-line'>{}</span>"},"ja535:72.4":{"pli":"sādhu appaṭigandhikā. ","html":"<span class='verse-line'>{}</span></p>"},"ja535:73.1":{"pli":"Tattha macchā sanniratā, ","html":"<p><span class='verse-line'>{}</span>"},"ja535:73.2":{"pli":"khemino bahubhojanā; ","html":"<span class='verse-line'>{}</span>"},"ja535:73.3":{"pli":"Siṅgū savaṅkā saṅkulā, ","html":"<span class='verse-line'>{}</span>"},"ja535:73.4":{"pli":"satavaṅkā ca rohitā; ","html":"<span class='verse-line'>{}</span>"},"ja535:73.5":{"pli":"Āḷigaggarakākiṇṇā, ","html":"<span class='verse-line'>{}</span>"},"ja535:73.6":{"pli":"pāṭhīnā kākamacchakā. ","html":"<span class='verse-line'>{}</span></p>"},"ja535:74.1":{"pli":"Tattha pakkhī sanniratā, ","html":"<p><span class='verse-line'>{}</span>"},"ja535:74.2":{"pli":"khemino bahubhojanā; ","html":"<span class='verse-line'>{}</span>"},"ja535:74.3":{"pli":"Haṃsā koñcā mayūrā ca, ","html":"<span class='verse-line'>{}</span>"},"ja535:74.4":{"pli":"cakkavākā ca kukkuhā; ","html":"<span class='verse-line'>{}</span>"},"ja535:74.5":{"pli":"Kuṇālakā bahū citrā, ","html":"<span class='verse-line'>{}</span>"},"ja535:74.6":{"pli":"sikhaṇḍī jīvajīvakā. ","html":"<span class='verse-line'>{}</span></p>"},"ja535:75.1":{"pli":"Tattha pānāya māyanti, ","html":"<p><span class='verse-line'>{}</span>"},"ja535:75.2":{"pli":"nānā migagaṇā bahū; ","html":"<span class='verse-line'>{}</span>"},"ja535:75.3":{"pli":"Sīhā byagghā varāhā ca, ","html":"<span class='verse-line'>{}</span>"},"ja535:75.4":{"pli":"acchakokataracchayo. ","html":"<span class='verse-line'>{}</span></p>"},"ja535:76.1":{"pli":"Palāsādā gavajā ca, ","html":"<p><span class='verse-line'>{}</span>"},"ja535:76.2":{"pli":"mahiṃsā rohitā rurū; ","html":"<span class='verse-line'>{}</span>"},"ja535:76.3":{"pli":"Eṇeyyā ca varāhā ca, ","html":"<span class='verse-line'>{}</span>"},"ja535:76.4":{"pli":"gaṇino nīkasūkarā; ","html":"<span class='verse-line'>{}</span>"},"ja535:76.5":{"pli":"Kadalimigā bahukettha, ","html":"<span class='verse-line'>{}</span>"},"ja535:76.6":{"pli":"biḷārā sasakaṇṇikā. ","html":"<span class='verse-line'>{}</span></p>"},"ja535:77.1":{"pli":"Chamāgirī pupphavicitrasanthatā, ","html":"<p><span class='verse-line'>{}</span>"},"ja535:77.2":{"pli":"Dijābhighuṭṭhā dijasaṅghasevitā. ","html":"<span class='verse-line'>{}</span></p>"},"ja535:78.1":{"pli":"Sā suttacā nīladumābhilambitā, ","html":"<p><span class='verse-line'>{}</span>"},"ja535:78.2":{"pli":"Vijju mahāmegharivānupajjatha; ","html":"<span class='verse-line'>{}</span>"},"ja535:78.3":{"pli":"Tassā susambandhasiraṃ kusāmayaṃ, ","html":"<span class='verse-line'>{}</span>"},"ja535:78.4":{"pli":"Suciṃ sugandhaṃ ajinūpasevitaṃ; ","html":"<span class='verse-line'>{}</span>"},"ja535:78.5":{"pli":"Atricca kocchaṃ hirimetadabravi, ","html":"<span class='verse-line'>{}</span>"},"ja535:78.6":{"pli":"“Nisīda kalyāṇi sukhayidamāsanaṃ”. ","html":"<span class='verse-line'>{}</span></p>"},"ja535:79.1":{"pli":"Tassā tadā kocchagatāya kosiyo, ","html":"<p><span class='verse-line'>{}</span>"},"ja535:79.2":{"pli":"Yadicchamānāya jaṭājinandharo; ","html":"<span class='verse-line'>{}</span>"},"ja535:79.3":{"pli":"Navehi pattehi sayaṃ sahūdakaṃ, ","html":"<span class='verse-line'>{}</span>"},"ja535:79.4":{"pli":"Sudhābhihāsī turito mahāmuni. ","html":"<span class='verse-line'>{}</span></p>"},"ja535:80.1":{"pli":"Sā taṃ paṭiggayha ubhohi pāṇibhi, ","html":"<p><span class='verse-line'>{}</span>"},"ja535:80.2":{"pli":"Iccabravi attamanā jaṭādharaṃ; ","html":"<span class='verse-line'>{}</span>"},"ja535:80.3":{"pli":"“Handāhaṃ etarahi pūjitā tayā, ","html":"<span class='verse-line'>{}</span>"},"ja535:80.4":{"pli":"Gaccheyyaṃ brahme tidivaṃ jitāvinī”. ","html":"<span class='verse-line'>{}</span></p>"},"ja535:81.1":{"pli":"Sā kosiyenānumatā jutīmatā, ","html":"<p><span class='verse-line'>{}</span>"},"ja535:81.2":{"pli":"Udīritā vaṇṇamadena mattā; ","html":"<span class='verse-line'>{}</span>"},"ja535:81.3":{"pli":"Sakāse gantvāna sahassacakkhuno, ","html":"<span class='verse-line'>{}</span>"},"ja535:81.4":{"pli":"“Ayaṃ sudhā vāsava dehi me jayaṃ”. ","html":"<span class='verse-line'>{}</span></p>"},"ja535:82.1":{"pli":"Tamena sakkopi tadā apūjayi, ","html":"<p><span class='verse-line'>{}</span>"},"ja535:82.2":{"pli":"Sahindadevā surakaññamuttamaṃ; ","html":"<span class='verse-line'>{}</span>"},"ja535:82.3":{"pli":"Sā pañjalī devamanussapūjitā, ","html":"<span class='verse-line'>{}</span>"},"ja535:82.4":{"pli":"Navamhi kocchamhi yadā upāvisi. ","html":"<span class='verse-line'>{}</span></p>"},"ja535:83.1":{"pli":"Tameva saṃsī punadeva mātaliṃ, ","html":"<p><span class='verse-line'>{}</span>"},"ja535:83.2":{"pli":"Sahassanetto tidasānamindo; ","html":"<span class='verse-line'>{}</span>"},"ja535:83.3":{"pli":"“Gantvāna vākyaṃ mama brūhi kosiyaṃ, ","html":"<span class='verse-line'>{}</span>"},"ja535:83.4":{"pli":"‘Āsāya saddhā siriyā ca kosiya; ","html":"<span class='verse-line'>{}</span>"},"ja535:83.5":{"pli":"Hirī sudhaṃ kena malattha hetunā’”. ","html":"<span class='verse-line'>{}</span></p>"},"ja535:84.1":{"pli":"Taṃ suplavatthaṃ udatārayī rathaṃ, ","html":"<p><span class='verse-line'>{}</span>"},"ja535:84.2":{"pli":"Daddallamānaṃ upakāriyasādisaṃ; ","html":"<span class='verse-line'>{}</span>"},"ja535:84.3":{"pli":"Jambonadīsaṃ tapaneyyasannibhaṃ, ","html":"<span class='verse-line'>{}</span>"},"ja535:84.4":{"pli":"Alaṅkataṃ kañcanacittasannibhaṃ. ","html":"<span class='verse-line'>{}</span></p>"},"ja535:85.1":{"pli":"Suvaṇṇacandettha bahū nipātitā, ","html":"<p><span class='verse-line'>{}</span>"},"ja535:85.2":{"pli":"Hatthī gavāssā kikibyagghadīpiyo; ","html":"<span class='verse-line'>{}</span>"},"ja535:85.3":{"pli":"Eṇeyyakā laṅghamayettha pakkhino, ","html":"<span class='verse-line'>{}</span>"},"ja535:85.4":{"pli":"Migettha veḷuriyamayā yudhā yutā. ","html":"<span class='verse-line'>{}</span></p>"},"ja535:86.1":{"pli":"Tatthassarājaharayo ayojayuṃ, ","html":"<p><span class='verse-line'>{}</span>"},"ja535:86.2":{"pli":"Dasasatāni susunāgasādise; ","html":"<span class='verse-line'>{}</span>"},"ja535:86.3":{"pli":"Alaṅkate kañcanajāluracchade, ","html":"<span class='verse-line'>{}</span>"},"ja535:86.4":{"pli":"Āveḷine saddagame asaṅgite. ","html":"<span class='verse-line'>{}</span></p>"},"ja535:87.1":{"pli":"Taṃ yānaseṭṭhaṃ abhiruyha mātali, ","html":"<p><span class='verse-line'>{}</span>"},"ja535:87.2":{"pli":"Disā imāyo abhinādayittha; ","html":"<span class='verse-line'>{}</span>"},"ja535:87.3":{"pli":"Nabhañca selañca vanappatiniñca, ","html":"<span class='verse-line'>{}</span>"},"ja535:87.4":{"pli":"Sasāgaraṃ pabyathayittha mediniṃ. ","html":"<span class='verse-line'>{}</span></p>"},"ja535:88.1":{"pli":"Sa khippameva upagamma assamaṃ, ","html":"<p><span class='verse-line'>{}</span>"},"ja535:88.2":{"pli":"Pāvāramekaṃsakato katañjalī; ","html":"<span class='verse-line'>{}</span>"},"ja535:88.3":{"pli":"Bahussutaṃ vuddhaṃ vinītavantaṃ, ","html":"<span class='verse-line'>{}</span>"},"ja535:88.4":{"pli":"Iccabravī mātali devabrāhmaṇaṃ. ","html":"<span class='verse-line'>{}</span></p>"},"ja535:89.1":{"pli":"“Indassa vākyaṃ nisāmehi kosiya, ","html":"<p><span class='verse-line'>{}</span>"},"ja535:89.2":{"pli":"Dūto ahaṃ pucchati taṃ purindado; ","html":"<span class='verse-line'>{}</span>"},"ja535:89.3":{"pli":"‘Āsāya saddhā siriyā ca kosiya, ","html":"<span class='verse-line'>{}</span>"},"ja535:89.4":{"pli":"Hirī sudhaṃ kena malattha hetunā’”. ","html":"<span class='verse-line'>{}</span></p>"},"ja535:90.1":{"pli":"“Andhā sirī maṃ paṭibhāti mātali, ","html":"<p><span class='verse-line'>{}</span>"},"ja535:90.2":{"pli":"Saddhā aniccā pana devasārathi; ","html":"<span class='verse-line'>{}</span>"},"ja535:90.3":{"pli":"Āsā visaṃvādikasammatā hi me, ","html":"<span class='verse-line'>{}</span>"},"ja535:90.4":{"pli":"Hirī ca ariyamhi guṇe patiṭṭhitā”. ","html":"<span class='verse-line'>{}</span></p>"},"ja535:91.1":{"pli":"“Kumāriyo yācimā gottarakkhitā, ","html":"<p><span class='verse-line'>{}</span>"},"ja535:91.2":{"pli":"Jiṇṇā ca yā yā ca sabhattuitthiyo; ","html":"<span class='verse-line'>{}</span>"},"ja535:91.3":{"pli":"Tā chandarāgaṃ purisesu uggataṃ, ","html":"<span class='verse-line'>{}</span>"},"ja535:91.4":{"pli":"Hiriyā nivārenti sacittamattano. ","html":"<span class='verse-line'>{}</span></p>"},"ja535:92.1":{"pli":"Saṅgāmasīse sarasattisaṃyute, ","html":"<p><span class='verse-line'>{}</span>"},"ja535:92.2":{"pli":"Parājitānaṃ patataṃ palāyinaṃ; ","html":"<span class='verse-line'>{}</span>"},"ja535:92.3":{"pli":"Hiriyā nivattanti jahitva jīvitaṃ, ","html":"<span class='verse-line'>{}</span>"},"ja535:92.4":{"pli":"Te sampaṭicchanti punā hirīmanā. ","html":"<span class='verse-line'>{}</span></p>"},"ja535:93.1":{"pli":"Velā yathā sāgaravegavārinī, ","html":"<p><span class='verse-line'>{}</span>"},"ja535:93.2":{"pli":"Hirāya hi pāpajanaṃ nivārinī; ","html":"<span class='verse-line'>{}</span>"},"ja535:93.3":{"pli":"Taṃ sabbaloke hirimariyapūjitaṃ, ","html":"<span class='verse-line'>{}</span>"},"ja535:93.4":{"pli":"Indassa taṃ vedaya devasārathi”. ","html":"<span class='verse-line'>{}</span></p>"},"ja535:94.1":{"pli":"“Ko te imaṃ kosiya diṭṭhimodahi, ","html":"<p><span class='verse-line'>{}</span>"},"ja535:94.2":{"pli":"Brahmā mahindo atha vā pajāpati; ","html":"<span class='verse-line'>{}</span>"},"ja535:94.3":{"pli":"Hirāya devesu hi seṭṭhasammatā, ","html":"<span class='verse-line'>{}</span>"},"ja535:94.4":{"pli":"Dhītā mahindassa mahesi jāyatha”. ","html":"<span class='verse-line'>{}</span></p>"},"ja535:95.1":{"pli":"“Handehi dāni tidivaṃ apakkama, ","html":"<p><span class='verse-line'>{}</span>"},"ja535:95.2":{"pli":"Rathaṃ samāruyha mamāyitaṃ imaṃ; ","html":"<span class='verse-line'>{}</span>"},"ja535:95.3":{"pli":"Indo ca taṃ indasagotta kaṅkhati, ","html":"<span class='verse-line'>{}</span>"},"ja535:95.4":{"pli":"Ajjeva tvaṃ indasahabyataṃ vaja”. ","html":"<span class='verse-line'>{}</span></p>"},"ja535:96.1":{"pli":"“Evaṃ visujjhanti apāpakammino, ","html":"<p><span class='verse-line'>{}</span>"},"ja535:96.2":{"pli":"Atho suciṇṇassa phalaṃ na nassati; ","html":"<span class='verse-line'>{}</span>"},"ja535:96.3":{"pli":"Ye keci maddakkhu sudhāya bhojanaṃ, ","html":"<span class='verse-line'>{}</span>"},"ja535:96.4":{"pli":"Sabbeva te indasahabyataṃ gatā. ","html":"<span class='verse-line'>{}</span></p>"},"ja535:97.1":{"pli":"Hirī uppalavaṇṇāsi, ","html":"<p><span class='verse-line'>{}</span>"},"ja535:97.2":{"pli":"kosiyo dānapati bhikkhu; ","html":"<span class='verse-line'>{}</span>"},"ja535:97.3":{"pli":"Anuruddho pañcasikho, ","html":"<span class='verse-line'>{}</span>"},"ja535:97.4":{"pli":"ānando āsi mātali. ","html":"<span class='verse-line'>{}</span></p>"},"ja535:98.1":{"pli":"Sūriyo kassapo bhikkhu, ","html":"<p><span class='verse-line'>{}</span>"},"ja535:98.2":{"pli":"moggallānosi candimā; ","html":"<span class='verse-line'>{}</span>"},"ja535:98.3":{"pli":"Nārado sāriputtosi, ","html":"<span class='verse-line'>{}</span>"},"ja535:98.4":{"pli":"sambuddho āsi vāsavo”ti. ","html":"<span class='verse-line'>{}</span></p></blockquote>"},"ja535:99.1":{"pli":"Sudhābhojanajātakaṃ tatiyaṃ. ","html":"<p class='endsutta'>{}</p></article>"}}}