{"ja511":{"ja511:0.1":{"pli":"Jātaka ","html":"<article id='ja511'><header><ul><li class='division'>{}</li>"},"ja511:0.2":{"pli":"Tiṃsanipāta ","html":"<li>{}</li>"},"ja511:0.3":{"pli":"Kiṃchandavagga ","html":"<li>{}</li></ul>"},"ja511:0.4":{"pli":"1. Kiṃchandajātaka ","html":"<h1 class='sutta-title'>{}</h1></header>"},"ja511:1.1":{"pli":"“Kiṃchando kimadhippāyo, ","html":"<blockquote class='gatha'><p><span class='verse-line'>{}</span>"},"ja511:1.2":{"pli":"eko sammasi ghammani; ","html":"<span class='verse-line'>{}</span>"},"ja511:1.3":{"pli":"Kiṃ patthayāno kiṃ esaṃ, ","html":"<span class='verse-line'>{}</span>"},"ja511:1.4":{"pli":"kena atthena brāhmaṇa”. ","html":"<span class='verse-line'>{}</span></p>"},"ja511:2.1":{"pli":"“Yathā mahā vāridharo, ","html":"<p><span class='verse-line'>{}</span>"},"ja511:2.2":{"pli":"kumbho supariṇāhavā; ","html":"<span class='verse-line'>{}</span>"},"ja511:2.3":{"pli":"Tathūpamaṃ ambapakkaṃ, ","html":"<span class='verse-line'>{}</span>"},"ja511:2.4":{"pli":"vaṇṇagandharasuttamaṃ. ","html":"<span class='verse-line'>{}</span></p>"},"ja511:3.1":{"pli":"Taṃ vuyhamānaṃ sotena, ","html":"<p><span class='verse-line'>{}</span>"},"ja511:3.2":{"pli":"disvānāmalamajjhime; ","html":"<span class='verse-line'>{}</span>"},"ja511:3.3":{"pli":"Pāṇīhi naṃ gahetvāna, ","html":"<span class='verse-line'>{}</span>"},"ja511:3.4":{"pli":"agyāyatanamāhariṃ. ","html":"<span class='verse-line'>{}</span></p>"},"ja511:4.1":{"pli":"Tato kadalipattesu, ","html":"<p><span class='verse-line'>{}</span>"},"ja511:4.2":{"pli":"nikkhipitvā sayaṃ ahaṃ; ","html":"<span class='verse-line'>{}</span>"},"ja511:4.3":{"pli":"Satthena naṃ vikappetvā, ","html":"<span class='verse-line'>{}</span>"},"ja511:4.4":{"pli":"khuppipāsaṃ ahāsi me. ","html":"<span class='verse-line'>{}</span></p>"},"ja511:5.1":{"pli":"Sohaṃ apetadaratho, ","html":"<p><span class='verse-line'>{}</span>"},"ja511:5.2":{"pli":"Byantībhūto dukhakkhamo; ","html":"<span class='verse-line'>{}</span>"},"ja511:5.3":{"pli":"Assādaṃ nādhigacchāmi, ","html":"<span class='verse-line'>{}</span>"},"ja511:5.4":{"pli":"Phalesvaññesu kesuci. ","html":"<span class='verse-line'>{}</span></p>"},"ja511:6.1":{"pli":"Sosetvā nūna maraṇaṃ, ","html":"<p><span class='verse-line'>{}</span>"},"ja511:6.2":{"pli":"taṃ mamaṃ āvahissati; ","html":"<span class='verse-line'>{}</span>"},"ja511:6.3":{"pli":"Ambaṃ yassa phalaṃ sādu, ","html":"<span class='verse-line'>{}</span>"},"ja511:6.4":{"pli":"madhuraggaṃ manoramaṃ; ","html":"<span class='verse-line'>{}</span>"},"ja511:6.5":{"pli":"Yamuddhariṃ vuyhamānaṃ, ","html":"<span class='verse-line'>{}</span>"},"ja511:6.6":{"pli":"udadhismā mahaṇṇave. ","html":"<span class='verse-line'>{}</span></p>"},"ja511:7.1":{"pli":"Akkhātaṃ te mayā sabbaṃ, ","html":"<p><span class='verse-line'>{}</span>"},"ja511:7.2":{"pli":"yasmā upavasāmahaṃ; ","html":"<span class='verse-line'>{}</span>"},"ja511:7.3":{"pli":"Rammaṃ pati nisinnosmi, ","html":"<span class='verse-line'>{}</span>"},"ja511:7.4":{"pli":"puthulomāyutā puthu. ","html":"<span class='verse-line'>{}</span></p>"},"ja511:8.1":{"pli":"Tvañca kho meva akkhāhi, ","html":"<p><span class='verse-line'>{}</span>"},"ja511:8.2":{"pli":"attānamapalāyini; ","html":"<span class='verse-line'>{}</span>"},"ja511:8.3":{"pli":"Kā vā tvamasi kalyāṇi, ","html":"<span class='verse-line'>{}</span>"},"ja511:8.4":{"pli":"kissa vā tvaṃ sumajjhime. ","html":"<span class='verse-line'>{}</span></p>"},"ja511:9.1":{"pli":"Ruppapaṭṭapalimaṭṭhīva, ","html":"<p><span class='verse-line'>{}</span>"},"ja511:9.2":{"pli":"byagghīva girisānujā; ","html":"<span class='verse-line'>{}</span>"},"ja511:9.3":{"pli":"Yā santi nāriyo devesu, ","html":"<span class='verse-line'>{}</span>"},"ja511:9.4":{"pli":"devānaṃ paricārikā. ","html":"<span class='verse-line'>{}</span></p>"},"ja511:10.1":{"pli":"Yā ca manussalokasmiṃ, ","html":"<p><span class='verse-line'>{}</span>"},"ja511:10.2":{"pli":"Rūpenānvāgatitthiyo; ","html":"<span class='verse-line'>{}</span>"},"ja511:10.3":{"pli":"Rūpena te sadisī natthi, ","html":"<span class='verse-line'>{}</span>"},"ja511:10.4":{"pli":"Devesu gandhabbamanussaloke; ","html":"<span class='verse-line'>{}</span>"},"ja511:10.5":{"pli":"Puṭṭhāsi me cārupubbaṅgi, ","html":"<span class='verse-line'>{}</span>"},"ja511:10.6":{"pli":"Brūhi nāmañca bandhave”. ","html":"<span class='verse-line'>{}</span></p>"},"ja511:11.1":{"pli":"“Yaṃ tvaṃ pati nisinnosi, ","html":"<p><span class='verse-line'>{}</span>"},"ja511:11.2":{"pli":"rammaṃ brāhmaṇa kosikiṃ; ","html":"<span class='verse-line'>{}</span>"},"ja511:11.3":{"pli":"Sāhaṃ bhusālayāvutthā, ","html":"<span class='verse-line'>{}</span>"},"ja511:11.4":{"pli":"varavārivahoghasā. ","html":"<span class='verse-line'>{}</span></p>"},"ja511:12.1":{"pli":"Nānādumagaṇākiṇṇā, ","html":"<p><span class='verse-line'>{}</span>"},"ja511:12.2":{"pli":"bahukā girikandarā; ","html":"<span class='verse-line'>{}</span>"},"ja511:12.3":{"pli":"Mameva pamukhā honti, ","html":"<span class='verse-line'>{}</span>"},"ja511:12.4":{"pli":"abhisandanti pāvuse. ","html":"<span class='verse-line'>{}</span></p>"},"ja511:13.1":{"pli":"Atho bahū vanatodā, ","html":"<p><span class='verse-line'>{}</span>"},"ja511:13.2":{"pli":"nīlavārivahindharā; ","html":"<span class='verse-line'>{}</span>"},"ja511:13.3":{"pli":"Bahukā nāgavittodā, ","html":"<span class='verse-line'>{}</span>"},"ja511:13.4":{"pli":"abhisandanti vārinā. ","html":"<span class='verse-line'>{}</span></p>"},"ja511:14.1":{"pli":"Tā ambajambulabujā, ","html":"<p><span class='verse-line'>{}</span>"},"ja511:14.2":{"pli":"nīpā tālā cudumbarā; ","html":"<span class='verse-line'>{}</span>"},"ja511:14.3":{"pli":"Bahūni phalajātāni, ","html":"<span class='verse-line'>{}</span>"},"ja511:14.4":{"pli":"āvahanti abhiṇhaso. ","html":"<span class='verse-line'>{}</span></p>"},"ja511:15.1":{"pli":"Yaṃ kiñci ubhato tīre, ","html":"<p><span class='verse-line'>{}</span>"},"ja511:15.2":{"pli":"phalaṃ patati ambuni; ","html":"<span class='verse-line'>{}</span>"},"ja511:15.3":{"pli":"Asaṃsayaṃ taṃ sotassa, ","html":"<span class='verse-line'>{}</span>"},"ja511:15.4":{"pli":"phalaṃ hoti vasānugaṃ. ","html":"<span class='verse-line'>{}</span></p>"},"ja511:16.1":{"pli":"Etadaññāya medhāvi, ","html":"<p><span class='verse-line'>{}</span>"},"ja511:16.2":{"pli":"puthupañña suṇohi me; ","html":"<span class='verse-line'>{}</span>"},"ja511:16.3":{"pli":"Mā rocaya mabhisaṅgaṃ, ","html":"<span class='verse-line'>{}</span>"},"ja511:16.4":{"pli":"paṭisedha janādhipa. ","html":"<span class='verse-line'>{}</span></p>"},"ja511:17.1":{"pli":"Na vāhaṃ vaḍḍhavaṃ maññe, ","html":"<p><span class='verse-line'>{}</span>"},"ja511:17.2":{"pli":"Yaṃ tvaṃ raṭṭhābhivaḍḍhana; ","html":"<span class='verse-line'>{}</span>"},"ja511:17.3":{"pli":"Āceyyamāno rājisi, ","html":"<span class='verse-line'>{}</span>"},"ja511:17.4":{"pli":"Maraṇaṃ abhikaṅkhasi. ","html":"<span class='verse-line'>{}</span></p>"},"ja511:18.1":{"pli":"Tassa jānanti pitaro, ","html":"<p><span class='verse-line'>{}</span>"},"ja511:18.2":{"pli":"gandhabbā ca sadevakā; ","html":"<span class='verse-line'>{}</span>"},"ja511:18.3":{"pli":"Ye cāpi isayo loke, ","html":"<span class='verse-line'>{}</span>"},"ja511:18.4":{"pli":"saññatattā tapassino; ","html":"<span class='verse-line'>{}</span>"},"ja511:18.5":{"pli":"Asaṃsayaṃ tepi jānanti, ","html":"<span class='verse-line'>{}</span>"},"ja511:18.6":{"pli":"paṭṭhabhūtā yasassino”. ","html":"<span class='verse-line'>{}</span></p>"},"ja511:19.1":{"pli":"“Evaṃ viditvā vidū sabbadhammaṃ, ","html":"<p><span class='verse-line'>{}</span>"},"ja511:19.2":{"pli":"Viddhaṃsanaṃ cavanaṃ jīvitassa; ","html":"<span class='verse-line'>{}</span>"},"ja511:19.3":{"pli":"Na cīyatī tassa narassa pāpaṃ, ","html":"<span class='verse-line'>{}</span>"},"ja511:19.4":{"pli":"Sace na ceteti vadhāya tassa. ","html":"<span class='verse-line'>{}</span></p>"},"ja511:20.1":{"pli":"Isipūgasamaññāte, ","html":"<p><span class='verse-line'>{}</span>"},"ja511:20.2":{"pli":"evaṃ lokyā viditā sati; ","html":"<span class='verse-line'>{}</span>"},"ja511:20.3":{"pli":"Anariyaparisambhāse, ","html":"<span class='verse-line'>{}</span>"},"ja511:20.4":{"pli":"pāpakammaṃ jigīsasi. ","html":"<span class='verse-line'>{}</span></p>"},"ja511:21.1":{"pli":"Sace ahaṃ marissāmi, ","html":"<p><span class='verse-line'>{}</span>"},"ja511:21.2":{"pli":"tīre te puthusussoṇi; ","html":"<span class='verse-line'>{}</span>"},"ja511:21.3":{"pli":"Asaṃsayaṃ taṃ asiloko, ","html":"<span class='verse-line'>{}</span>"},"ja511:21.4":{"pli":"mayi pete āgamissati. ","html":"<span class='verse-line'>{}</span></p>"},"ja511:22.1":{"pli":"Tasmā hi pāpakaṃ kammaṃ, ","html":"<p><span class='verse-line'>{}</span>"},"ja511:22.2":{"pli":"rakkhasseva sumajjhime; ","html":"<span class='verse-line'>{}</span>"},"ja511:22.3":{"pli":"Mā taṃ sabbo jano pacchā, ","html":"<span class='verse-line'>{}</span>"},"ja511:22.4":{"pli":"pakuṭṭhāyi mayi mate”. ","html":"<span class='verse-line'>{}</span></p>"},"ja511:23.1":{"pli":"“Aññātametaṃ avisayhasāhi, ","html":"<p><span class='verse-line'>{}</span>"},"ja511:23.2":{"pli":"Attānamambañca dadāmi te taṃ; ","html":"<span class='verse-line'>{}</span>"},"ja511:23.3":{"pli":"So duccaje kāmaguṇe pahāya, ","html":"<span class='verse-line'>{}</span>"},"ja511:23.4":{"pli":"Santiñca dhammañca adhiṭṭhitosi. ","html":"<span class='verse-line'>{}</span></p>"},"ja511:24.1":{"pli":"Yo hitvā pubbasaññogaṃ, ","html":"<p><span class='verse-line'>{}</span>"},"ja511:24.2":{"pli":"pacchā saṃyojane ṭhito; ","html":"<span class='verse-line'>{}</span>"},"ja511:24.3":{"pli":"Adhammañceva carati, ","html":"<span class='verse-line'>{}</span>"},"ja511:24.4":{"pli":"pāpañcassa pavaḍḍhati. ","html":"<span class='verse-line'>{}</span></p>"},"ja511:25.1":{"pli":"Ehi taṃ pāpayissāmi, ","html":"<p><span class='verse-line'>{}</span>"},"ja511:25.2":{"pli":"kāmaṃ appossuko bhava; ","html":"<span class='verse-line'>{}</span>"},"ja511:25.3":{"pli":"Upānayāmi sītasmiṃ, ","html":"<span class='verse-line'>{}</span>"},"ja511:25.4":{"pli":"viharāhi anussuko. ","html":"<span class='verse-line'>{}</span></p>"},"ja511:26.1":{"pli":"Taṃ puppharasamattebhi, ","html":"<p><span class='verse-line'>{}</span>"},"ja511:26.2":{"pli":"vakkaṅgehi arindama; ","html":"<span class='verse-line'>{}</span>"},"ja511:26.3":{"pli":"Koñcā mayūrā diviyā, ","html":"<span class='verse-line'>{}</span>"},"ja511:26.4":{"pli":"kolaṭṭhimadhusāḷikā; ","html":"<span class='verse-line'>{}</span>"},"ja511:26.5":{"pli":"Kūjitā haṃsapūgehi, ","html":"<span class='verse-line'>{}</span>"},"ja511:26.6":{"pli":"kokilettha pabodhare. ","html":"<span class='verse-line'>{}</span></p>"},"ja511:27.1":{"pli":"Ambettha vippasākhaggā, ","html":"<p><span class='verse-line'>{}</span>"},"ja511:27.2":{"pli":"palālakhalasannibhā; ","html":"<span class='verse-line'>{}</span>"},"ja511:27.3":{"pli":"Kosambasaḷalā nīpā, ","html":"<span class='verse-line'>{}</span>"},"ja511:27.4":{"pli":"pakkatālavilambino”. ","html":"<span class='verse-line'>{}</span></p>"},"ja511:28.1":{"pli":"“Mālī tiriṭī kāyūrī, ","html":"<p><span class='verse-line'>{}</span>"},"ja511:28.2":{"pli":"aṅgadī candanussado; ","html":"<span class='verse-line'>{}</span>"},"ja511:28.3":{"pli":"Rattiṃ tvaṃ paricāresi, ","html":"<span class='verse-line'>{}</span>"},"ja511:28.4":{"pli":"divā vedesi vedanaṃ. ","html":"<span class='verse-line'>{}</span></p>"},"ja511:29.1":{"pli":"Soḷasitthisahassāni, ","html":"<p><span class='verse-line'>{}</span>"},"ja511:29.2":{"pli":"yā temā paricārikā; ","html":"<span class='verse-line'>{}</span>"},"ja511:29.3":{"pli":"Evaṃ mahānubhāvosi, ","html":"<span class='verse-line'>{}</span>"},"ja511:29.4":{"pli":"abbhuto lomahaṃsano. ","html":"<span class='verse-line'>{}</span></p>"},"ja511:30.1":{"pli":"Kiṃ kammamakarī pubbe, ","html":"<p><span class='verse-line'>{}</span>"},"ja511:30.2":{"pli":"pāpaṃ attadukhāvahaṃ; ","html":"<span class='verse-line'>{}</span>"},"ja511:30.3":{"pli":"Yaṃ karitvā manussesu, ","html":"<span class='verse-line'>{}</span>"},"ja511:30.4":{"pli":"piṭṭhimaṃsāni khādasi”. ","html":"<span class='verse-line'>{}</span></p>"},"ja511:31.1":{"pli":"“Ajjhenāni paṭiggayha, ","html":"<p><span class='verse-line'>{}</span>"},"ja511:31.2":{"pli":"kāmesu gadhito ahaṃ; ","html":"<span class='verse-line'>{}</span>"},"ja511:31.3":{"pli":"Acariṃ dīghamaddhānaṃ, ","html":"<span class='verse-line'>{}</span>"},"ja511:31.4":{"pli":"paresaṃ ahitāyahaṃ. ","html":"<span class='verse-line'>{}</span></p>"},"ja511:32.1":{"pli":"Yo piṭṭhimaṃsiko hoti, ","html":"<p><span class='verse-line'>{}</span>"},"ja511:32.2":{"pli":"evaṃ ukkacca khādati; ","html":"<span class='verse-line'>{}</span>"},"ja511:32.3":{"pli":"Yathāhaṃ ajja khādāmi, ","html":"<span class='verse-line'>{}</span>"},"ja511:32.4":{"pli":"piṭṭhimaṃsāni attano”ti. ","html":"<span class='verse-line'>{}</span></p></blockquote>"},"ja511:33.1":{"pli":"Kiṃchandajātakaṃ paṭhamaṃ. ","html":"<p class='endsutta'>{}</p></article>"}},"ja512":{"ja512:0.1":{"pli":"Jātaka ","html":"<article id='ja512'><header><ul><li class='division'>{}</li>"},"ja512:0.2":{"pli":"Tiṃsanipāta ","html":"<li>{}</li>"},"ja512:0.3":{"pli":"Kiṃchandavagga ","html":"<li>{}</li></ul>"},"ja512:0.4":{"pli":"2. Kumbhajātaka ","html":"<h1 class='sutta-title'>{}</h1></header>"},"ja512:1.1":{"pli":"“Ko pāturāsī tidivā nabhamhi, ","html":"<blockquote class='gatha'><p><span class='verse-line'>{}</span>"},"ja512:1.2":{"pli":"Obhāsayaṃ saṃvariṃ candimāva; ","html":"<span class='verse-line'>{}</span>"},"ja512:1.3":{"pli":"Gattehi te rasmiyo niccharanti, ","html":"<span class='verse-line'>{}</span>"},"ja512:1.4":{"pli":"Sateratā vijjurivantalikkhe. ","html":"<span class='verse-line'>{}</span></p>"},"ja512:2.1":{"pli":"So chinnavātaṃ kamasī aghamhi, ","html":"<p><span class='verse-line'>{}</span>"},"ja512:2.2":{"pli":"Vehāyasaṃ gacchasi tiṭṭhasī ca; ","html":"<span class='verse-line'>{}</span>"},"ja512:2.3":{"pli":"Iddhī nu te vatthukatā subhāvitā, ","html":"<span class='verse-line'>{}</span>"},"ja512:2.4":{"pli":"Anaddhagūnaṃ api devatānaṃ. ","html":"<span class='verse-line'>{}</span></p>"},"ja512:3.1":{"pli":"Vehāyasaṃ gammamāgamma tiṭṭhasi, ","html":"<p><span class='verse-line'>{}</span>"},"ja512:3.2":{"pli":"Kumbhaṃ kiṇāthāti yametamatthaṃ; ","html":"<span class='verse-line'>{}</span>"},"ja512:3.3":{"pli":"Ko vā tuvaṃ kissa vā tāya kumbho, ","html":"<span class='verse-line'>{}</span>"},"ja512:3.4":{"pli":"Akkhāhi me brāhmaṇa etamatthaṃ”. ","html":"<span class='verse-line'>{}</span></p>"},"ja512:4.1":{"pli":"“Na sappikumbho napi telakumbho, ","html":"<p><span class='verse-line'>{}</span>"},"ja512:4.2":{"pli":"Na phāṇitassa na madhussa kumbho; ","html":"<span class='verse-line'>{}</span>"},"ja512:4.3":{"pli":"Kumbhassa vajjāni anappakāni, ","html":"<span class='verse-line'>{}</span>"},"ja512:4.4":{"pli":"Dose bahū kumbhagate suṇātha. ","html":"<span class='verse-line'>{}</span></p>"},"ja512:5.1":{"pli":"Gaḷeyya yaṃ pitvā pate papātaṃ, ","html":"<p><span class='verse-line'>{}</span>"},"ja512:5.2":{"pli":"Sobbhaṃ guhaṃ candaniyoḷigallaṃ; ","html":"<span class='verse-line'>{}</span>"},"ja512:5.3":{"pli":"Bahumpi bhuñjeyya abhojaneyyaṃ, ","html":"<span class='verse-line'>{}</span>"},"ja512:5.4":{"pli":"Tassā puṇṇaṃ kumbhamimaṃ kiṇātha. ","html":"<span class='verse-line'>{}</span></p>"},"ja512:6.1":{"pli":"Yaṃ pitva cittasmimanesamāno, ","html":"<p><span class='verse-line'>{}</span>"},"ja512:6.2":{"pli":"Āhiṇḍatī goriva bhakkhasādī; ","html":"<span class='verse-line'>{}</span>"},"ja512:6.3":{"pli":"Anāthamāno upagāyati naccati ca, ","html":"<span class='verse-line'>{}</span>"},"ja512:6.4":{"pli":"Tassā puṇṇaṃ kumbhamimaṃ kiṇātha. ","html":"<span class='verse-line'>{}</span></p>"},"ja512:7.1":{"pli":"Yaṃ ve pivitvā acelova naggo, ","html":"<p><span class='verse-line'>{}</span>"},"ja512:7.2":{"pli":"Careyya gāme visikhantarāni; ","html":"<span class='verse-line'>{}</span>"},"ja512:7.3":{"pli":"Sammūḷhacitto ativelasāyī, ","html":"<span class='verse-line'>{}</span>"},"ja512:7.4":{"pli":"Tassā puṇṇaṃ kumbhamimaṃ kiṇātha. ","html":"<span class='verse-line'>{}</span></p>"},"ja512:8.1":{"pli":"Yaṃ pitva uṭṭhāya pavedhamāno, ","html":"<p><span class='verse-line'>{}</span>"},"ja512:8.2":{"pli":"Sīsañca bāhuñca pacālayanto; ","html":"<span class='verse-line'>{}</span>"},"ja512:8.3":{"pli":"So naccatī dārukaṭallakova, ","html":"<span class='verse-line'>{}</span>"},"ja512:8.4":{"pli":"Tassā puṇṇaṃ kumbhamimaṃ kiṇātha. ","html":"<span class='verse-line'>{}</span></p>"},"ja512:9.1":{"pli":"Yaṃ ve pivitvā aggidaḍḍhā sayanti, ","html":"<p><span class='verse-line'>{}</span>"},"ja512:9.2":{"pli":"Atho sigālehipi khāditāse; ","html":"<span class='verse-line'>{}</span>"},"ja512:9.3":{"pli":"Bandhaṃ vadhaṃ bhogajāniñcupenti, ","html":"<span class='verse-line'>{}</span>"},"ja512:9.4":{"pli":"Tassā puṇṇaṃ kumbhamimaṃ kiṇātha. ","html":"<span class='verse-line'>{}</span></p>"},"ja512:10.1":{"pli":"Yaṃ pitva bhāseyya abhāsaneyyaṃ, ","html":"<p><span class='verse-line'>{}</span>"},"ja512:10.2":{"pli":"Sabhāyamāsīno apetavattho; ","html":"<span class='verse-line'>{}</span>"},"ja512:10.3":{"pli":"Sammakkhito vantagato byasanno, ","html":"<span class='verse-line'>{}</span>"},"ja512:10.4":{"pli":"Tassā puṇṇaṃ kumbhamimaṃ kiṇātha. ","html":"<span class='verse-line'>{}</span></p>"},"ja512:11.1":{"pli":"Yaṃ ve pivitvā ukkaṭṭho āvilakkho, ","html":"<p><span class='verse-line'>{}</span>"},"ja512:11.2":{"pli":"Mameva sabbā pathavīti maññe; ","html":"<span class='verse-line'>{}</span>"},"ja512:11.3":{"pli":"Na me samo cāturantopi rājā, ","html":"<span class='verse-line'>{}</span>"},"ja512:11.4":{"pli":"Tassā puṇṇaṃ kumbhamimaṃ kiṇātha. ","html":"<span class='verse-line'>{}</span></p>"},"ja512:12.1":{"pli":"Mānātimānā kalahāni pesuṇī, ","html":"<p><span class='verse-line'>{}</span>"},"ja512:12.2":{"pli":"Dubbaṇṇinī naggayinī palāyinī; ","html":"<span class='verse-line'>{}</span>"},"ja512:12.3":{"pli":"Corāna dhuttāna gatī niketo, ","html":"<span class='verse-line'>{}</span>"},"ja512:12.4":{"pli":"Tassā puṇṇaṃ kumbhamimaṃ kiṇātha. ","html":"<span class='verse-line'>{}</span></p>"},"ja512:13.1":{"pli":"Iddhāni phītāni kulāni assu, ","html":"<p><span class='verse-line'>{}</span>"},"ja512:13.2":{"pli":"Anekasāhassadhanāni loke; ","html":"<span class='verse-line'>{}</span>"},"ja512:13.3":{"pli":"Ucchinnadāyajjakatānimāya, ","html":"<span class='verse-line'>{}</span>"},"ja512:13.4":{"pli":"Tassā puṇṇaṃ kumbhamimaṃ kiṇātha. ","html":"<span class='verse-line'>{}</span></p>"},"ja512:14.1":{"pli":"Dhaññaṃ dhanaṃ rajataṃ jātarūpaṃ, ","html":"<p><span class='verse-line'>{}</span>"},"ja512:14.2":{"pli":"Khettaṃ gavaṃ yattha vināsayanti; ","html":"<span class='verse-line'>{}</span>"},"ja512:14.3":{"pli":"Ucchedanī vittavataṃ kulānaṃ, ","html":"<span class='verse-line'>{}</span>"},"ja512:14.4":{"pli":"Tassā puṇṇaṃ kumbhamimaṃ kiṇātha. ","html":"<span class='verse-line'>{}</span></p>"},"ja512:15.1":{"pli":"Yaṃ ve pitvā dittarūpova poso, ","html":"<p><span class='verse-line'>{}</span>"},"ja512:15.2":{"pli":"Akkosati mātaraṃ pitarañca; ","html":"<span class='verse-line'>{}</span>"},"ja512:15.3":{"pli":"Sassumpi gaṇheyya athopi suṇhaṃ, ","html":"<span class='verse-line'>{}</span>"},"ja512:15.4":{"pli":"Tassā puṇṇaṃ kumbhamimaṃ kiṇātha. ","html":"<span class='verse-line'>{}</span></p>"},"ja512:16.1":{"pli":"Yaṃ ve pitvā dittarūpāva nārī, ","html":"<p><span class='verse-line'>{}</span>"},"ja512:16.2":{"pli":"Akkosatī sasuraṃ sāmikañca; ","html":"<span class='verse-line'>{}</span>"},"ja512:16.3":{"pli":"Dāsampi gaṇhe paricārakampi, ","html":"<span class='verse-line'>{}</span>"},"ja512:16.4":{"pli":"Tassā puṇṇaṃ kumbhamimaṃ kiṇātha. ","html":"<span class='verse-line'>{}</span></p>"},"ja512:17.1":{"pli":"Yaṃ ve pivitvāna haneyya poso, ","html":"<p><span class='verse-line'>{}</span>"},"ja512:17.2":{"pli":"Dhamme ṭhitaṃ samaṇaṃ brāhmaṇaṃ vā; ","html":"<span class='verse-line'>{}</span>"},"ja512:17.3":{"pli":"Gacche apāyampi tatonidānaṃ, ","html":"<span class='verse-line'>{}</span>"},"ja512:17.4":{"pli":"Tassā puṇṇaṃ kumbhamimaṃ kiṇātha. ","html":"<span class='verse-line'>{}</span></p>"},"ja512:18.1":{"pli":"Yaṃ ve pivitvā duccaritaṃ caranti, ","html":"<p><span class='verse-line'>{}</span>"},"ja512:18.2":{"pli":"Kāyena vācāya ca cetasā ca; ","html":"<span class='verse-line'>{}</span>"},"ja512:18.3":{"pli":"Nirayaṃ vajanti duccaritaṃ caritvā, ","html":"<span class='verse-line'>{}</span>"},"ja512:18.4":{"pli":"Tassā puṇṇaṃ kumbhamimaṃ kiṇātha. ","html":"<span class='verse-line'>{}</span></p>"},"ja512:19.1":{"pli":"Yaṃ yācamānā na labhanti pubbe, ","html":"<p><span class='verse-line'>{}</span>"},"ja512:19.2":{"pli":"Bahuṃ hiraññampi pariccajantā; ","html":"<span class='verse-line'>{}</span>"},"ja512:19.3":{"pli":"So taṃ pivitvā alikaṃ bhaṇāti, ","html":"<span class='verse-line'>{}</span>"},"ja512:19.4":{"pli":"Tassā puṇṇaṃ kumbhamimaṃ kiṇātha. ","html":"<span class='verse-line'>{}</span></p>"},"ja512:20.1":{"pli":"Yaṃ ve pitvā pesane pesiyanto, ","html":"<p><span class='verse-line'>{}</span>"},"ja512:20.2":{"pli":"Accāyike karaṇīyamhi jāte; ","html":"<span class='verse-line'>{}</span>"},"ja512:20.3":{"pli":"Atthampi so nappajānāti vutto, ","html":"<span class='verse-line'>{}</span>"},"ja512:20.4":{"pli":"Tassā puṇṇaṃ kumbhamimaṃ kiṇātha. ","html":"<span class='verse-line'>{}</span></p>"},"ja512:21.1":{"pli":"Hirīmanāpi ahirīkabhāvaṃ, ","html":"<p><span class='verse-line'>{}</span>"},"ja512:21.2":{"pli":"Pātuṃ karonti madanāya mattā; ","html":"<span class='verse-line'>{}</span>"},"ja512:21.3":{"pli":"Dhīrāpi santā bahukaṃ bhaṇanti, ","html":"<span class='verse-line'>{}</span>"},"ja512:21.4":{"pli":"Tassā puṇṇaṃ kumbhamimaṃ kiṇātha. ","html":"<span class='verse-line'>{}</span></p>"},"ja512:22.1":{"pli":"Yaṃ ve pitvā ekathūpā sayanti, ","html":"<p><span class='verse-line'>{}</span>"},"ja512:22.2":{"pli":"Anāsakā thaṇḍiladukkhaseyyaṃ; ","html":"<span class='verse-line'>{}</span>"},"ja512:22.3":{"pli":"Dubbaṇṇiyaṃ āyasakyañcupenti, ","html":"<span class='verse-line'>{}</span>"},"ja512:22.4":{"pli":"Tassā puṇṇaṃ kumbhamimaṃ kiṇātha. ","html":"<span class='verse-line'>{}</span></p>"},"ja512:23.1":{"pli":"Yaṃ ve pitvā pattakhandhā sayanti, ","html":"<p><span class='verse-line'>{}</span>"},"ja512:23.2":{"pli":"Gāvo kuṭahatāva na hi vāruṇiyā; ","html":"<span class='verse-line'>{}</span>"},"ja512:23.3":{"pli":"Vego narena susahoriva, ","html":"<span class='verse-line'>{}</span>"},"ja512:23.4":{"pli":"Tassā puṇṇaṃ kumbhamimaṃ kiṇātha. ","html":"<span class='verse-line'>{}</span></p>"},"ja512:24.1":{"pli":"Yaṃ manussā vivajjenti, ","html":"<p><span class='verse-line'>{}</span>"},"ja512:24.2":{"pli":"sappaṃ ghoravisamiva; ","html":"<span class='verse-line'>{}</span>"},"ja512:24.3":{"pli":"Taṃ loke visasamānaṃ, ","html":"<span class='verse-line'>{}</span>"},"ja512:24.4":{"pli":"ko naro pātumarahati. ","html":"<span class='verse-line'>{}</span></p>"},"ja512:25.1":{"pli":"Yaṃ ve pitvā andhakaveṇḍaputtā, ","html":"<p><span class='verse-line'>{}</span>"},"ja512:25.2":{"pli":"Samuddatīre paricārayantā; ","html":"<span class='verse-line'>{}</span>"},"ja512:25.3":{"pli":"Upakkamuṃ musalehaññamaññaṃ, ","html":"<span class='verse-line'>{}</span>"},"ja512:25.4":{"pli":"Tassā puṇṇaṃ kumbhamimaṃ kiṇātha. ","html":"<span class='verse-line'>{}</span></p>"},"ja512:26.1":{"pli":"Yaṃ ve pitvā pubbadevā pamattā, ","html":"<p><span class='verse-line'>{}</span>"},"ja512:26.2":{"pli":"Tidivā cutā sassatiyā samāya; ","html":"<span class='verse-line'>{}</span>"},"ja512:26.3":{"pli":"Taṃ tādisaṃ majjamimaṃ niratthakaṃ, ","html":"<span class='verse-line'>{}</span>"},"ja512:26.4":{"pli":"Jānaṃ mahārāja kathaṃ piveyya. ","html":"<span class='verse-line'>{}</span></p>"},"ja512:27.1":{"pli":"Nayimasmiṃ kumbhasmiṃ dadhi vā madhu vā, ","html":"<p><span class='verse-line'>{}</span>"},"ja512:27.2":{"pli":"Evaṃ abhiññāya kiṇāhi rāja; ","html":"<span class='verse-line'>{}</span>"},"ja512:27.3":{"pli":"Evañhimaṃ kumbhagatā mayā te, ","html":"<span class='verse-line'>{}</span>"},"ja512:27.4":{"pli":"Akkhātarūpaṃ tava sabbamitta”. ","html":"<span class='verse-line'>{}</span></p>"},"ja512:28.1":{"pli":"“Na me pitā vā athavāpi mātā, ","html":"<p><span class='verse-line'>{}</span>"},"ja512:28.2":{"pli":"Etādisā yādisako tuvaṃsi; ","html":"<span class='verse-line'>{}</span>"},"ja512:28.3":{"pli":"Hitānukampī paramatthakāmo, ","html":"<span class='verse-line'>{}</span>"},"ja512:28.4":{"pli":"Sohaṃ karissaṃ vacanaṃ tavajja. ","html":"<span class='verse-line'>{}</span></p>"},"ja512:29.1":{"pli":"Dadāmi te gāmavarāni pañca, ","html":"<p><span class='verse-line'>{}</span>"},"ja512:29.2":{"pli":"Dāsīsataṃ satta gavaṃsatāni; ","html":"<span class='verse-line'>{}</span>"},"ja512:29.3":{"pli":"Ājaññayutte ca rathe dasa ime, ","html":"<span class='verse-line'>{}</span>"},"ja512:29.4":{"pli":"Ācariyo hosi mamatthakāmo”. ","html":"<span class='verse-line'>{}</span></p>"},"ja512:30.1":{"pli":"“Taveva dāsīsatamatthu rāja, ","html":"<p><span class='verse-line'>{}</span>"},"ja512:30.2":{"pli":"Gāmā ca gāvo ca taveva hontu; ","html":"<span class='verse-line'>{}</span>"},"ja512:30.3":{"pli":"Ājaññayuttā ca rathā taveva, ","html":"<span class='verse-line'>{}</span>"},"ja512:30.4":{"pli":"Sakkohamasmī tidasānamindo. ","html":"<span class='verse-line'>{}</span></p>"},"ja512:31.1":{"pli":"Maṃsodanaṃ sappipāyāsaṃ bhuñja, ","html":"<p><span class='verse-line'>{}</span>"},"ja512:31.2":{"pli":"Khādassu ca tvaṃ madhumāsapūve; ","html":"<span class='verse-line'>{}</span>"},"ja512:31.3":{"pli":"Evaṃ tuvaṃ dhammarato janinda, ","html":"<span class='verse-line'>{}</span>"},"ja512:31.4":{"pli":"Anindito saggamupehi ṭhānan”ti. ","html":"<span class='verse-line'>{}</span></p></blockquote>"},"ja512:32.1":{"pli":"Kumbhajātakaṃ dutiyaṃ. ","html":"<p class='endsutta'>{}</p></article>"}},"ja513":{"ja513:0.1":{"pli":"Jātaka ","html":"<article id='ja513'><header><ul><li class='division'>{}</li>"},"ja513:0.2":{"pli":"Tiṃsanipāta ","html":"<li>{}</li>"},"ja513:0.3":{"pli":"Kiṃchandavagga ","html":"<li>{}</li></ul>"},"ja513:0.4":{"pli":"3. Jayaddisajātaka ","html":"<h1 class='sutta-title'>{}</h1></header>"},"ja513:1.1":{"pli":"“Cirassaṃ vata me udapādi ajja, ","html":"<blockquote class='gatha'><p><span class='verse-line'>{}</span>"},"ja513:1.2":{"pli":"Bhakkho mahā sattamibhattakāle; ","html":"<span class='verse-line'>{}</span>"},"ja513:1.3":{"pli":"Kutosi ko vāsi tadiṅgha brūhi, ","html":"<span class='verse-line'>{}</span>"},"ja513:1.4":{"pli":"Ācikkha jātiṃ vidito yathāsi”. ","html":"<span class='verse-line'>{}</span></p>"},"ja513:2.1":{"pli":"“Pañcālarājā migavaṃ paviṭṭho, ","html":"<p><span class='verse-line'>{}</span>"},"ja513:2.2":{"pli":"Jayaddiso nāma yadissuto te; ","html":"<span class='verse-line'>{}</span>"},"ja513:2.3":{"pli":"Carāmi kacchāni vanāni cāhaṃ, ","html":"<span class='verse-line'>{}</span>"},"ja513:2.4":{"pli":"Pasadaṃ imaṃ khāda mamajja muñca”. ","html":"<span class='verse-line'>{}</span></p>"},"ja513:3.1":{"pli":"“Seneva tvaṃ paṇasi sassamāno, ","html":"<p><span class='verse-line'>{}</span>"},"ja513:3.2":{"pli":"Mamesa bhakkho pasado yaṃ vadesi; ","html":"<span class='verse-line'>{}</span>"},"ja513:3.3":{"pli":"Taṃ khādiyāna pasadaṃ jighaññaṃ, ","html":"<span class='verse-line'>{}</span>"},"ja513:3.4":{"pli":"Khādissaṃ pacchā na vilāpakālo”. ","html":"<span class='verse-line'>{}</span></p>"},"ja513:4.1":{"pli":"“Na catthi mokkho mama nikkayena, ","html":"<p><span class='verse-line'>{}</span>"},"ja513:4.2":{"pli":"Gantvāna paccāgamanāya paṇhe; ","html":"<span class='verse-line'>{}</span>"},"ja513:4.3":{"pli":"Taṃ saṅgaraṃ brāhmaṇassappadāya, ","html":"<span class='verse-line'>{}</span>"},"ja513:4.4":{"pli":"Saccānurakkhī punarāvajissaṃ”. ","html":"<span class='verse-line'>{}</span></p>"},"ja513:5.1":{"pli":"“Kiṃ kammajātaṃ anutappate tvaṃ, ","html":"<p><span class='verse-line'>{}</span>"},"ja513:5.2":{"pli":"Pattaṃ samīpaṃ maraṇassa rāja; ","html":"<span class='verse-line'>{}</span>"},"ja513:5.3":{"pli":"Ācikkha me taṃ api sakkuṇemu, ","html":"<span class='verse-line'>{}</span>"},"ja513:5.4":{"pli":"Anujānituṃ āgamanāya paṇhe”. ","html":"<span class='verse-line'>{}</span></p>"},"ja513:6.1":{"pli":"“Katā mayā brāhmaṇassa dhanāsā, ","html":"<p><span class='verse-line'>{}</span>"},"ja513:6.2":{"pli":"Taṃ saṅgaraṃ paṭimukkaṃ na muttaṃ; ","html":"<span class='verse-line'>{}</span>"},"ja513:6.3":{"pli":"Taṃ saṅgaraṃ brāhmaṇassappadāya, ","html":"<span class='verse-line'>{}</span>"},"ja513:6.4":{"pli":"Saccānurakkhī punarāvajissaṃ”. ","html":"<span class='verse-line'>{}</span></p>"},"ja513:7.1":{"pli":"“Yā te katā brāhmaṇassa dhanāsā, ","html":"<p><span class='verse-line'>{}</span>"},"ja513:7.2":{"pli":"Taṃ saṅgaraṃ paṭimukkaṃ na muttaṃ; ","html":"<span class='verse-line'>{}</span>"},"ja513:7.3":{"pli":"Taṃ saṅgaraṃ brāhmaṇassappadāya, ","html":"<span class='verse-line'>{}</span>"},"ja513:7.4":{"pli":"Saccānurakkhī punarāvajassu”. ","html":"<span class='verse-line'>{}</span></p>"},"ja513:8.1":{"pli":"Mutto ca so porisādassa hatthā, ","html":"<p><span class='verse-line'>{}</span>"},"ja513:8.2":{"pli":"Gantvā sakaṃ mandiraṃ kāmakāmī; ","html":"<span class='verse-line'>{}</span>"},"ja513:8.3":{"pli":"Taṃ saṅgaraṃ brāhmaṇassappadāya, ","html":"<span class='verse-line'>{}</span>"},"ja513:8.4":{"pli":"Āmantayī puttamalīnasattaṃ. ","html":"<span class='verse-line'>{}</span></p>"},"ja513:9.1":{"pli":"“Ajjeva rajjaṃ abhisiñcayassu, ","html":"<p><span class='verse-line'>{}</span>"},"ja513:9.2":{"pli":"Dhammaṃ cara sesu paresu cāpi; ","html":"<span class='verse-line'>{}</span>"},"ja513:9.3":{"pli":"Adhammakāro ca te māhu raṭṭhe, ","html":"<span class='verse-line'>{}</span>"},"ja513:9.4":{"pli":"Gacchāmahaṃ porisādassa ñatte”. ","html":"<span class='verse-line'>{}</span></p>"},"ja513:10.1":{"pli":"“Kiṃ kamma kubbaṃ tava deva pāva, ","html":"<p><span class='verse-line'>{}</span>"},"ja513:10.2":{"pli":"Nārādhayī taṃ tadicchāmi sotuṃ; ","html":"<span class='verse-line'>{}</span>"},"ja513:10.3":{"pli":"Yamajja rajjamhi udassaye tuvaṃ, ","html":"<span class='verse-line'>{}</span>"},"ja513:10.4":{"pli":"Rajjampi niccheyyaṃ tayā vināhaṃ”. ","html":"<span class='verse-line'>{}</span></p>"},"ja513:11.1":{"pli":"“Na kammunā vā vacasā va tāta, ","html":"<p><span class='verse-line'>{}</span>"},"ja513:11.2":{"pli":"Aparādhitohaṃ tuviyaṃ sarāmi; ","html":"<span class='verse-line'>{}</span>"},"ja513:11.3":{"pli":"Sandhiñca katvā purisādakena, ","html":"<span class='verse-line'>{}</span>"},"ja513:11.4":{"pli":"Saccānurakkhī punāhaṃ gamissaṃ”. ","html":"<span class='verse-line'>{}</span></p>"},"ja513:12.1":{"pli":"“Ahaṃ gamissāmi idheva hohi, ","html":"<p><span class='verse-line'>{}</span>"},"ja513:12.2":{"pli":"Natthi tato jīvato vippamokkho; ","html":"<span class='verse-line'>{}</span>"},"ja513:12.3":{"pli":"Sace tuvaṃ gacchasiyeva rāja, ","html":"<span class='verse-line'>{}</span>"},"ja513:12.4":{"pli":"Ahampi gacchāmi ubho na homa”. ","html":"<span class='verse-line'>{}</span></p>"},"ja513:13.1":{"pli":"“Addhā hi tāta satānesa dhammo, ","html":"<p><span class='verse-line'>{}</span>"},"ja513:13.2":{"pli":"Maraṇā ca me dukkhataraṃ tadassa; ","html":"<span class='verse-line'>{}</span>"},"ja513:13.3":{"pli":"Kammāsapādo taṃ yadā pacitvā, ","html":"<span class='verse-line'>{}</span>"},"ja513:13.4":{"pli":"Pasayha khāde bhidā rukkhasūle”. ","html":"<span class='verse-line'>{}</span></p>"},"ja513:14.1":{"pli":"“Pāṇena te pāṇamahaṃ nimissaṃ, ","html":"<p><span class='verse-line'>{}</span>"},"ja513:14.2":{"pli":"Mā tvaṃ agā porisādassa ñatte; ","html":"<span class='verse-line'>{}</span>"},"ja513:14.3":{"pli":"Etañca te pāṇamahaṃ nimissaṃ, ","html":"<span class='verse-line'>{}</span>"},"ja513:14.4":{"pli":"Tasmā mataṃ jīvitassa vaṇṇemi”. ","html":"<span class='verse-line'>{}</span></p>"},"ja513:15.1":{"pli":"Tato have dhitimā rājaputto, ","html":"<p><span class='verse-line'>{}</span>"},"ja513:15.2":{"pli":"Vanditvā mātu ca pitu ca pāde; ","html":"<span class='verse-line'>{}</span>"},"ja513:15.3":{"pli":"Dukhinissa mātā nipatā pathabyā, ","html":"<span class='verse-line'>{}</span>"},"ja513:15.4":{"pli":"Pitāssa paggayha bhujāni kandati. ","html":"<span class='verse-line'>{}</span></p>"},"ja513:16.1":{"pli":"Taṃ gacchantaṃ tāva pitā viditvā, ","html":"<p><span class='verse-line'>{}</span>"},"ja513:16.2":{"pli":"Parammukho vandati pañjalīko; ","html":"<span class='verse-line'>{}</span>"},"ja513:16.3":{"pli":"“Somo ca rājā varuṇo ca rājā, ","html":"<span class='verse-line'>{}</span>"},"ja513:16.4":{"pli":"Pajāpatī candimā sūriyo ca; ","html":"<span class='verse-line'>{}</span>"},"ja513:16.5":{"pli":"Etehi gutto purisādakamhā, ","html":"<span class='verse-line'>{}</span>"},"ja513:16.6":{"pli":"Anuññāto sotthi paccehi tāta”. ","html":"<span class='verse-line'>{}</span></p>"},"ja513:17.1":{"pli":"“Yaṃ daṇḍakirañño gatassa mātā, ","html":"<p><span class='verse-line'>{}</span>"},"ja513:17.2":{"pli":"Rāmassakāsi sotthānaṃ suguttā; ","html":"<span class='verse-line'>{}</span>"},"ja513:17.3":{"pli":"Taṃ te ahaṃ sotthānaṃ karomi, ","html":"<span class='verse-line'>{}</span>"},"ja513:17.4":{"pli":"Etena saccena sarantu devā; ","html":"<span class='verse-line'>{}</span>"},"ja513:17.5":{"pli":"Anuññāto sotthi paccehi putta”. ","html":"<span class='verse-line'>{}</span></p>"},"ja513:18.1":{"pli":"“Āvī raho vāpi manopadosaṃ, ","html":"<p><span class='verse-line'>{}</span>"},"ja513:18.2":{"pli":"Nāhaṃ sare jātu malīnasatte; ","html":"<span class='verse-line'>{}</span>"},"ja513:18.3":{"pli":"Etena saccena sarantu devā, ","html":"<span class='verse-line'>{}</span>"},"ja513:18.4":{"pli":"Anuññāto sotthi paccehi bhātika”. ","html":"<span class='verse-line'>{}</span></p>"},"ja513:19.1":{"pli":"“Yasmā ca me anadhimanosi sāmi, ","html":"<p><span class='verse-line'>{}</span>"},"ja513:19.2":{"pli":"Na cāpi me manasā appiyosi; ","html":"<span class='verse-line'>{}</span>"},"ja513:19.3":{"pli":"Etena saccena sarantu devā, ","html":"<span class='verse-line'>{}</span>"},"ja513:19.4":{"pli":"Anuññāto sotthi paccehi sāmi”. ","html":"<span class='verse-line'>{}</span></p>"},"ja513:20.1":{"pli":"“Brahā ujū cārumukho kutosi, ","html":"<p><span class='verse-line'>{}</span>"},"ja513:20.2":{"pli":"Na maṃ pajānāsi vane vasantaṃ; ","html":"<span class='verse-line'>{}</span>"},"ja513:20.3":{"pli":"Luddaṃ maṃ ñatvā ‘purisādako’ti, ","html":"<span class='verse-line'>{}</span>"},"ja513:20.4":{"pli":"Ko sotthimājānamidhāvajeyya”. ","html":"<span class='verse-line'>{}</span></p>"},"ja513:21.1":{"pli":"“Jānāmi ludda purisādako tvaṃ, ","html":"<p><span class='verse-line'>{}</span>"},"ja513:21.2":{"pli":"Na taṃ na jānāmi vane vasantaṃ; ","html":"<span class='verse-line'>{}</span>"},"ja513:21.3":{"pli":"Ahañca puttosmi jayaddisassa, ","html":"<span class='verse-line'>{}</span>"},"ja513:21.4":{"pli":"Mamajja khāda pituno pamokkhā”. ","html":"<span class='verse-line'>{}</span></p>"},"ja513:22.1":{"pli":"“Jānāmi puttoti jayaddisassa, ","html":"<p><span class='verse-line'>{}</span>"},"ja513:22.2":{"pli":"Tathā hi vo mukhavaṇṇo ubhinnaṃ; ","html":"<span class='verse-line'>{}</span>"},"ja513:22.3":{"pli":"Sudukkaraññeva kataṃ tavedaṃ, ","html":"<span class='verse-line'>{}</span>"},"ja513:22.4":{"pli":"Yo mattumicche pituno pamokkhā”. ","html":"<span class='verse-line'>{}</span></p>"},"ja513:23.1":{"pli":"“Na dukkaraṃ kiñci mahettha maññe, ","html":"<p><span class='verse-line'>{}</span>"},"ja513:23.2":{"pli":"Yo mattumicche pituno pamokkhā; ","html":"<span class='verse-line'>{}</span>"},"ja513:23.3":{"pli":"Mātu ca hetu paraloka gantvā, ","html":"<span class='verse-line'>{}</span>"},"ja513:23.4":{"pli":"Sukhena saggena ca sampayutto”. ","html":"<span class='verse-line'>{}</span></p>"},"ja513:24.1":{"pli":"“Ahañca kho attano pāpakiriyaṃ, ","html":"<p><span class='verse-line'>{}</span>"},"ja513:24.2":{"pli":"Āvī raho vāpi sare na jātu; ","html":"<span class='verse-line'>{}</span>"},"ja513:24.3":{"pli":"Saṅkhātajātīmaraṇohamasmi, ","html":"<span class='verse-line'>{}</span>"},"ja513:24.4":{"pli":"Yatheva me idha tathā parattha. ","html":"<span class='verse-line'>{}</span></p>"},"ja513:25.1":{"pli":"Khādajja maṃ dāni mahānubhāva, ","html":"<p><span class='verse-line'>{}</span>"},"ja513:25.2":{"pli":"Karassu kiccāni imaṃ sarīraṃ; ","html":"<span class='verse-line'>{}</span>"},"ja513:25.3":{"pli":"Rukkhassa vā te papatāmi aggā, ","html":"<span class='verse-line'>{}</span>"},"ja513:25.4":{"pli":"Chādayamāno mayhaṃ tvamadesi maṃsaṃ”. ","html":"<span class='verse-line'>{}</span></p>"},"ja513:26.1":{"pli":"“Idañca te ruccati rājaputta, ","html":"<p><span class='verse-line'>{}</span>"},"ja513:26.2":{"pli":"Cajesi pāṇaṃ pituno pamokkhā; ","html":"<span class='verse-line'>{}</span>"},"ja513:26.3":{"pli":"Tasmā hi so tvaṃ taramānarūpo, ","html":"<span class='verse-line'>{}</span>"},"ja513:26.4":{"pli":"Sambhañja kaṭṭhāni jalehi aggiṃ”. ","html":"<span class='verse-line'>{}</span></p>"},"ja513:27.1":{"pli":"Tato have dhitimā rājaputto, ","html":"<p><span class='verse-line'>{}</span>"},"ja513:27.2":{"pli":"Dāruṃ samāhatvā mahantamaggiṃ; ","html":"<span class='verse-line'>{}</span>"},"ja513:27.3":{"pli":"Sandīpayitvā paṭivedayittha, ","html":"<span class='verse-line'>{}</span>"},"ja513:27.4":{"pli":"“Ādīpito dāni mahāyamaggi”. ","html":"<span class='verse-line'>{}</span></p>"},"ja513:28.1":{"pli":"“Khādajja maṃ dāni pasayhakāri, ","html":"<p><span class='verse-line'>{}</span>"},"ja513:28.2":{"pli":"Kiṃ maṃ muhuṃ pekkhasi haṭṭhalomo; ","html":"<span class='verse-line'>{}</span>"},"ja513:28.3":{"pli":"Tathā tathā tuyhamahaṃ karomi, ","html":"<span class='verse-line'>{}</span>"},"ja513:28.4":{"pli":"Yathā yathā maṃ chādayamāno adesi”. ","html":"<span class='verse-line'>{}</span></p>"},"ja513:29.1":{"pli":"“Ko tādisaṃ arahati khāditāye, ","html":"<p><span class='verse-line'>{}</span>"},"ja513:29.2":{"pli":"Dhamme ṭhitaṃ saccavādiṃ vadaññuṃ; ","html":"<span class='verse-line'>{}</span>"},"ja513:29.3":{"pli":"Muddhāpi tassa viphaleyya sattadhā, ","html":"<span class='verse-line'>{}</span>"},"ja513:29.4":{"pli":"Yo tādisaṃ saccavādiṃ adeyya”. ","html":"<span class='verse-line'>{}</span></p>"},"ja513:30.1":{"pli":"“Idañhi so brāhmaṇaṃ maññamāno, ","html":"<p><span class='verse-line'>{}</span>"},"ja513:30.2":{"pli":"Saso avāsesi sake sarīre; ","html":"<span class='verse-line'>{}</span>"},"ja513:30.3":{"pli":"Teneva so candimā devaputto, ","html":"<span class='verse-line'>{}</span>"},"ja513:30.4":{"pli":"Sasatthuto kāmaduhajja yakkha”. ","html":"<span class='verse-line'>{}</span></p>"},"ja513:31.1":{"pli":"“Cando yathā rāhumukhā pamutto, ","html":"<p><span class='verse-line'>{}</span>"},"ja513:31.2":{"pli":"Virocate pannaraseva bhāṇumā; ","html":"<span class='verse-line'>{}</span>"},"ja513:31.3":{"pli":"Evaṃ tuvaṃ porisādā pamutto, ","html":"<span class='verse-line'>{}</span>"},"ja513:31.4":{"pli":"Viroca kapile mahānubhāva; ","html":"<span class='verse-line'>{}</span>"},"ja513:31.5":{"pli":"Āmodayaṃ pitaraṃ mātarañca, ","html":"<span class='verse-line'>{}</span>"},"ja513:31.6":{"pli":"Sabbo ca te nandatu ñātipakkho”. ","html":"<span class='verse-line'>{}</span></p>"},"ja513:32.1":{"pli":"Tato have dhitimā rājaputto, ","html":"<p><span class='verse-line'>{}</span>"},"ja513:32.2":{"pli":"Katañjalī pariyāya porisādaṃ; ","html":"<span class='verse-line'>{}</span>"},"ja513:32.3":{"pli":"Anuññāto sotthi sukhī arogo, ","html":"<span class='verse-line'>{}</span>"},"ja513:32.4":{"pli":"Paccāgamā kapilamalīnasatto. ","html":"<span class='verse-line'>{}</span></p>"},"ja513:33.1":{"pli":"Taṃ negamā jānapadā ca sabbe, ","html":"<p><span class='verse-line'>{}</span>"},"ja513:33.2":{"pli":"Hatthārohā rathikā pattikā ca; ","html":"<span class='verse-line'>{}</span>"},"ja513:33.3":{"pli":"Namassamānā pañjalikā upāgamuṃ, ","html":"<span class='verse-line'>{}</span>"},"ja513:33.4":{"pli":"“Namatthu te dukkarakārakosī”ti. ","html":"<span class='verse-line'>{}</span></p></blockquote>"},"ja513:34.1":{"pli":"Jayaddisajātakaṃ tatiyaṃ. ","html":"<p class='endsutta'>{}</p></article>"}}}