{"ja530":{"ja530:0.1":{"pli":"Jātaka ","html":"<article id='ja530'><header><ul><li class='division'>{}</li>"},"ja530:0.2":{"pli":"Saṭṭhinipāta ","html":"<li>{}</li>"},"ja530:0.3":{"pli":"Soṇakavagga ","html":"<li>{}</li></ul>"},"ja530:0.4":{"pli":"2. Saṅkiccajātaka ","html":"<h1 class='sutta-title'>{}</h1></header>"},"ja530:1.1":{"pli":"Disvā nisinnaṃ rājānaṃ, ","html":"<blockquote class='gatha'><p><span class='verse-line'>{}</span>"},"ja530:1.2":{"pli":"brahmadattaṃ rathesabhaṃ; ","html":"<span class='verse-line'>{}</span>"},"ja530:1.3":{"pli":"Athassa paṭivedesi, ","html":"<span class='verse-line'>{}</span>"},"ja530:1.4":{"pli":"“yassāsi anukampako. ","html":"<span class='verse-line'>{}</span></p>"},"ja530:2.1":{"pli":"Saṅkiccāyaṃ anuppatto, ","html":"<p><span class='verse-line'>{}</span>"},"ja530:2.2":{"pli":"isīnaṃ sādhusammato; ","html":"<span class='verse-line'>{}</span>"},"ja530:2.3":{"pli":"Taramānarūpo niyyāhi, ","html":"<span class='verse-line'>{}</span>"},"ja530:2.4":{"pli":"khippaṃ passa mahesinaṃ”. ","html":"<span class='verse-line'>{}</span></p>"},"ja530:3.1":{"pli":"Tato ca rājā taramāno, ","html":"<p><span class='verse-line'>{}</span>"},"ja530:3.2":{"pli":"yuttamāruyha sandanaṃ; ","html":"<span class='verse-line'>{}</span>"},"ja530:3.3":{"pli":"Mittāmaccaparibyūḷho, ","html":"<span class='verse-line'>{}</span>"},"ja530:3.4":{"pli":"agamāsi rathesabho. ","html":"<span class='verse-line'>{}</span></p>"},"ja530:4.1":{"pli":"Nikkhippa pañca kakudhāni, ","html":"<p><span class='verse-line'>{}</span>"},"ja530:4.2":{"pli":"kāsīnaṃ raṭṭhavaḍḍhano; ","html":"<span class='verse-line'>{}</span>"},"ja530:4.3":{"pli":"Vālabījanimuṇhīsaṃ, ","html":"<span class='verse-line'>{}</span>"},"ja530:4.4":{"pli":"khaggaṃ chattañcupāhanaṃ. ","html":"<span class='verse-line'>{}</span></p>"},"ja530:5.1":{"pli":"Oruyha rājā yānamhā, ","html":"<p><span class='verse-line'>{}</span>"},"ja530:5.2":{"pli":"ṭhapayitvā paṭicchadaṃ; ","html":"<span class='verse-line'>{}</span>"},"ja530:5.3":{"pli":"Āsīnaṃ dāyapassasmiṃ, ","html":"<span class='verse-line'>{}</span>"},"ja530:5.4":{"pli":"saṅkiccamupasaṅkami. ","html":"<span class='verse-line'>{}</span></p>"},"ja530:6.1":{"pli":"Upasaṅkamitvā so rājā, ","html":"<p><span class='verse-line'>{}</span>"},"ja530:6.2":{"pli":"sammodi isinā saha; ","html":"<span class='verse-line'>{}</span>"},"ja530:6.3":{"pli":"Taṃ kathaṃ vītisāretvā, ","html":"<span class='verse-line'>{}</span>"},"ja530:6.4":{"pli":"ekamantaṃ upāvisi. ","html":"<span class='verse-line'>{}</span></p>"},"ja530:7.1":{"pli":"Ekamantaṃ nisinnova, ","html":"<p><span class='verse-line'>{}</span>"},"ja530:7.2":{"pli":"atha kālaṃ amaññatha; ","html":"<span class='verse-line'>{}</span>"},"ja530:7.3":{"pli":"Tato pāpāni kammāni, ","html":"<span class='verse-line'>{}</span>"},"ja530:7.4":{"pli":"pucchituṃ paṭipajjatha. ","html":"<span class='verse-line'>{}</span></p>"},"ja530:8.1":{"pli":"“Isiṃ pucchāma saṅkiccaṃ, ","html":"<p><span class='verse-line'>{}</span>"},"ja530:8.2":{"pli":"isīnaṃ sādhusammataṃ; ","html":"<span class='verse-line'>{}</span>"},"ja530:8.3":{"pli":"Āsīnaṃ dāyapassasmiṃ, ","html":"<span class='verse-line'>{}</span>"},"ja530:8.4":{"pli":"isisaṅghapurakkhataṃ. ","html":"<span class='verse-line'>{}</span></p>"},"ja530:9.1":{"pli":"Kaṃ gatiṃ pecca gacchanti, ","html":"<p><span class='verse-line'>{}</span>"},"ja530:9.2":{"pli":"narā dhammāticārino; ","html":"<span class='verse-line'>{}</span>"},"ja530:9.3":{"pli":"Aticiṇṇo mayā dhammo, ","html":"<span class='verse-line'>{}</span>"},"ja530:9.4":{"pli":"taṃ me akkhāhi pucchito”. ","html":"<span class='verse-line'>{}</span></p>"},"ja530:10.1":{"pli":"Isī avaca saṅkicco, ","html":"<p><span class='verse-line'>{}</span>"},"ja530:10.2":{"pli":"kāsīnaṃ raṭṭhavaḍḍhanaṃ; ","html":"<span class='verse-line'>{}</span>"},"ja530:10.3":{"pli":"Āsīnaṃ dāyapassasmiṃ, ","html":"<span class='verse-line'>{}</span>"},"ja530:10.4":{"pli":"“mahārāja suṇohi me. ","html":"<span class='verse-line'>{}</span></p>"},"ja530:11.1":{"pli":"Uppathena vajantassa, ","html":"<p><span class='verse-line'>{}</span>"},"ja530:11.2":{"pli":"yo maggamanusāsati; ","html":"<span class='verse-line'>{}</span>"},"ja530:11.3":{"pli":"Tassa ce vacanaṃ kayirā, ","html":"<span class='verse-line'>{}</span>"},"ja530:11.4":{"pli":"nāssa maggeyya kaṇṭako. ","html":"<span class='verse-line'>{}</span></p>"},"ja530:12.1":{"pli":"Adhammaṃ paṭipannassa, ","html":"<p><span class='verse-line'>{}</span>"},"ja530:12.2":{"pli":"yo dhammamanusāsati; ","html":"<span class='verse-line'>{}</span>"},"ja530:12.3":{"pli":"Tassa ce vacanaṃ kayirā, ","html":"<span class='verse-line'>{}</span>"},"ja530:12.4":{"pli":"na so gaccheyya duggatiṃ”. ","html":"<span class='verse-line'>{}</span></p>"},"ja530:13.1":{"pli":"“Dhammo patho mahārāja, ","html":"<p><span class='verse-line'>{}</span>"},"ja530:13.2":{"pli":"adhammo pana uppatho; ","html":"<span class='verse-line'>{}</span>"},"ja530:13.3":{"pli":"Adhammo nirayaṃ neti, ","html":"<span class='verse-line'>{}</span>"},"ja530:13.4":{"pli":"dhammo pāpeti suggatiṃ. ","html":"<span class='verse-line'>{}</span></p>"},"ja530:14.1":{"pli":"Adhammacārino rāja, ","html":"<p><span class='verse-line'>{}</span>"},"ja530:14.2":{"pli":"narā visamajīvino; ","html":"<span class='verse-line'>{}</span>"},"ja530:14.3":{"pli":"Yaṃ gatiṃ pecca gacchanti, ","html":"<span class='verse-line'>{}</span>"},"ja530:14.4":{"pli":"niraye te suṇohi me. ","html":"<span class='verse-line'>{}</span></p>"},"ja530:15.1":{"pli":"Sañjīvo kāḷasutto ca, ","html":"<p><span class='verse-line'>{}</span>"},"ja530:15.2":{"pli":"saṅghāto dve ca roruvā; ","html":"<span class='verse-line'>{}</span>"},"ja530:15.3":{"pli":"Athāparo mahāvīci, ","html":"<span class='verse-line'>{}</span>"},"ja530:15.4":{"pli":"tāpano ca patāpano. ","html":"<span class='verse-line'>{}</span></p>"},"ja530:16.1":{"pli":"Iccete aṭṭha nirayā, ","html":"<p><span class='verse-line'>{}</span>"},"ja530:16.2":{"pli":"akkhātā duratikkamā; ","html":"<span class='verse-line'>{}</span>"},"ja530:16.3":{"pli":"Ākiṇṇā luddakammehi, ","html":"<span class='verse-line'>{}</span>"},"ja530:16.4":{"pli":"paccekā soḷasussadā. ","html":"<span class='verse-line'>{}</span></p>"},"ja530:17.1":{"pli":"Kadariyatāpanā ghorā, ","html":"<p><span class='verse-line'>{}</span>"},"ja530:17.2":{"pli":"accimanto mahabbhayā; ","html":"<span class='verse-line'>{}</span>"},"ja530:17.3":{"pli":"Lomahaṃsanarūpā ca, ","html":"<span class='verse-line'>{}</span>"},"ja530:17.4":{"pli":"bhesmā paṭibhayā dukhā. ","html":"<span class='verse-line'>{}</span></p>"},"ja530:18.1":{"pli":"Catukkaṇṇā catudvārā, ","html":"<p><span class='verse-line'>{}</span>"},"ja530:18.2":{"pli":"vibhattā bhāgaso mitā; ","html":"<span class='verse-line'>{}</span>"},"ja530:18.3":{"pli":"Ayopākārapariyantā, ","html":"<span class='verse-line'>{}</span>"},"ja530:18.4":{"pli":"ayasā paṭikujjitā. ","html":"<span class='verse-line'>{}</span></p>"},"ja530:19.1":{"pli":"Tesaṃ ayomayā bhūmi, ","html":"<p><span class='verse-line'>{}</span>"},"ja530:19.2":{"pli":"jalitā tejasā yutā; ","html":"<span class='verse-line'>{}</span>"},"ja530:19.3":{"pli":"Samantā yojanasataṃ, ","html":"<span class='verse-line'>{}</span>"},"ja530:19.4":{"pli":"phuṭā tiṭṭhanti sabbadā. ","html":"<span class='verse-line'>{}</span></p>"},"ja530:20.1":{"pli":"Ete patanti niraye, ","html":"<p><span class='verse-line'>{}</span>"},"ja530:20.2":{"pli":"uddhampādā avaṃsirā; ","html":"<span class='verse-line'>{}</span>"},"ja530:20.3":{"pli":"Isīnaṃ ativattāro, ","html":"<span class='verse-line'>{}</span>"},"ja530:20.4":{"pli":"saññatānaṃ tapassinaṃ. ","html":"<span class='verse-line'>{}</span></p>"},"ja530:21.1":{"pli":"Te bhūnahuno paccanti, ","html":"<p><span class='verse-line'>{}</span>"},"ja530:21.2":{"pli":"macchā bilakatā yathā; ","html":"<span class='verse-line'>{}</span>"},"ja530:21.3":{"pli":"Saṃvacchare asaṅkheyye, ","html":"<span class='verse-line'>{}</span>"},"ja530:21.4":{"pli":"narā kibbisakārino. ","html":"<span class='verse-line'>{}</span></p>"},"ja530:22.1":{"pli":"Ḍayhamānena gattena, ","html":"<p><span class='verse-line'>{}</span>"},"ja530:22.2":{"pli":"niccaṃ santarabāhiraṃ; ","html":"<span class='verse-line'>{}</span>"},"ja530:22.3":{"pli":"Nirayā nādhigacchanti, ","html":"<span class='verse-line'>{}</span>"},"ja530:22.4":{"pli":"dvāraṃ nikkhamanesino. ","html":"<span class='verse-line'>{}</span></p>"},"ja530:23.1":{"pli":"Puratthimena dhāvanti, ","html":"<p><span class='verse-line'>{}</span>"},"ja530:23.2":{"pli":"tato dhāvanti pacchato; ","html":"<span class='verse-line'>{}</span>"},"ja530:23.3":{"pli":"Uttarenapi dhāvanti, ","html":"<span class='verse-line'>{}</span>"},"ja530:23.4":{"pli":"tato dhāvanti dakkhiṇaṃ; ","html":"<span class='verse-line'>{}</span>"},"ja530:23.5":{"pli":"Yaṃ yañhi dvāraṃ gacchanti, ","html":"<span class='verse-line'>{}</span>"},"ja530:23.6":{"pli":"taṃ tadeva pidhīyare. ","html":"<span class='verse-line'>{}</span></p>"},"ja530:24.1":{"pli":"Bahūni vassasahassāni, ","html":"<p><span class='verse-line'>{}</span>"},"ja530:24.2":{"pli":"janā nirayagāmino; ","html":"<span class='verse-line'>{}</span>"},"ja530:24.3":{"pli":"Bāhā paggayha kandanti, ","html":"<span class='verse-line'>{}</span>"},"ja530:24.4":{"pli":"patvā dukkhaṃ anappakaṃ. ","html":"<span class='verse-line'>{}</span></p>"},"ja530:25.1":{"pli":"Āsīvisaṃva kupitaṃ, ","html":"<p><span class='verse-line'>{}</span>"},"ja530:25.2":{"pli":"tejassiṃ duratikkamaṃ; ","html":"<span class='verse-line'>{}</span>"},"ja530:25.3":{"pli":"Na sādhurūpe āsīde, ","html":"<span class='verse-line'>{}</span>"},"ja530:25.4":{"pli":"saññatānaṃ tapassinaṃ. ","html":"<span class='verse-line'>{}</span></p>"},"ja530:26.1":{"pli":"Atikāyo mahissāso, ","html":"<p><span class='verse-line'>{}</span>"},"ja530:26.2":{"pli":"ajjuno kekakādhipo; ","html":"<span class='verse-line'>{}</span>"},"ja530:26.3":{"pli":"Sahassabāhu ucchinno, ","html":"<span class='verse-line'>{}</span>"},"ja530:26.4":{"pli":"isimāsajja gotamaṃ. ","html":"<span class='verse-line'>{}</span></p>"},"ja530:27.1":{"pli":"Arajaṃ rajasā vacchaṃ, ","html":"<p><span class='verse-line'>{}</span>"},"ja530:27.2":{"pli":"Kisaṃ avakiriya daṇḍakī; ","html":"<span class='verse-line'>{}</span>"},"ja530:27.3":{"pli":"Tālova mūlato chinno, ","html":"<span class='verse-line'>{}</span>"},"ja530:27.4":{"pli":"Sa rājā vibhavaṅgato. ","html":"<span class='verse-line'>{}</span></p>"},"ja530:28.1":{"pli":"Upahacca manaṃ majjho, ","html":"<p><span class='verse-line'>{}</span>"},"ja530:28.2":{"pli":"mātaṅgasmiṃ yasassine; ","html":"<span class='verse-line'>{}</span>"},"ja530:28.3":{"pli":"Sapārisajjo ucchinno, ","html":"<span class='verse-line'>{}</span>"},"ja530:28.4":{"pli":"majjhāraññaṃ tadā ahu. ","html":"<span class='verse-line'>{}</span></p>"},"ja530:29.1":{"pli":"Kaṇhadīpāyanāsajja, ","html":"<p><span class='verse-line'>{}</span>"},"ja530:29.2":{"pli":"Isiṃ andhakaveṇḍayo; ","html":"<span class='verse-line'>{}</span>"},"ja530:29.3":{"pli":"Aññoññaṃ musalā hantvā, ","html":"<span class='verse-line'>{}</span>"},"ja530:29.4":{"pli":"Sampattā yamasādhanaṃ. ","html":"<span class='verse-line'>{}</span></p>"},"ja530:30.1":{"pli":"Athāyaṃ isinā satto, ","html":"<p><span class='verse-line'>{}</span>"},"ja530:30.2":{"pli":"antalikkhacaro pure; ","html":"<span class='verse-line'>{}</span>"},"ja530:30.3":{"pli":"Pāvekkhi pathaviṃ cecco, ","html":"<span class='verse-line'>{}</span>"},"ja530:30.4":{"pli":"hīnatto pattapariyāyaṃ. ","html":"<span class='verse-line'>{}</span></p>"},"ja530:31.1":{"pli":"Tasmā hi chandāgamanaṃ, ","html":"<p><span class='verse-line'>{}</span>"},"ja530:31.2":{"pli":"nappasaṃsanti paṇḍitā; ","html":"<span class='verse-line'>{}</span>"},"ja530:31.3":{"pli":"Aduṭṭhacitto bhāseyya, ","html":"<span class='verse-line'>{}</span>"},"ja530:31.4":{"pli":"giraṃ saccūpasaṃhitaṃ. ","html":"<span class='verse-line'>{}</span></p>"},"ja530:32.1":{"pli":"Manasā ce paduṭṭhena, ","html":"<p><span class='verse-line'>{}</span>"},"ja530:32.2":{"pli":"yo naro pekkhate muniṃ; ","html":"<span class='verse-line'>{}</span>"},"ja530:32.3":{"pli":"Vijjācaraṇasampannaṃ, ","html":"<span class='verse-line'>{}</span>"},"ja530:32.4":{"pli":"gantā so nirayaṃ adho. ","html":"<span class='verse-line'>{}</span></p>"},"ja530:33.1":{"pli":"Ye vuḍḍhe paribhāsanti, ","html":"<p><span class='verse-line'>{}</span>"},"ja530:33.2":{"pli":"pharusūpakkamā janā; ","html":"<span class='verse-line'>{}</span>"},"ja530:33.3":{"pli":"Anapaccā adāyādā, ","html":"<span class='verse-line'>{}</span>"},"ja530:33.4":{"pli":"tālavatthu bhavanti te. ","html":"<span class='verse-line'>{}</span></p>"},"ja530:34.1":{"pli":"Yo ca pabbajitaṃ hanti, ","html":"<p><span class='verse-line'>{}</span>"},"ja530:34.2":{"pli":"katakiccaṃ mahesinaṃ; ","html":"<span class='verse-line'>{}</span>"},"ja530:34.3":{"pli":"Sa kāḷasutte niraye, ","html":"<span class='verse-line'>{}</span>"},"ja530:34.4":{"pli":"cirarattāya paccati. ","html":"<span class='verse-line'>{}</span></p>"},"ja530:35.1":{"pli":"Yo ca rājā adhammaṭṭho, ","html":"<p><span class='verse-line'>{}</span>"},"ja530:35.2":{"pli":"raṭṭhaviddhaṃsano mago; ","html":"<span class='verse-line'>{}</span>"},"ja530:35.3":{"pli":"Tāpayitvā janapadaṃ, ","html":"<span class='verse-line'>{}</span>"},"ja530:35.4":{"pli":"tāpane pecca paccati. ","html":"<span class='verse-line'>{}</span></p>"},"ja530:36.1":{"pli":"So ca vassasahassāni, ","html":"<p><span class='verse-line'>{}</span>"},"ja530:36.2":{"pli":"sataṃ dibbāni paccati; ","html":"<span class='verse-line'>{}</span>"},"ja530:36.3":{"pli":"Accisaṅghapareto so, ","html":"<span class='verse-line'>{}</span>"},"ja530:36.4":{"pli":"dukkhaṃ vedeti vedanaṃ. ","html":"<span class='verse-line'>{}</span></p>"},"ja530:37.1":{"pli":"Tassa aggisikhā kāyā, ","html":"<p><span class='verse-line'>{}</span>"},"ja530:37.2":{"pli":"niccharanti pabhassarā; ","html":"<span class='verse-line'>{}</span>"},"ja530:37.3":{"pli":"Tejobhakkhassa gattāni, ","html":"<span class='verse-line'>{}</span>"},"ja530:37.4":{"pli":"lomehi ca nakhehi ca. ","html":"<span class='verse-line'>{}</span></p>"},"ja530:38.1":{"pli":"Ḍayhamānena gattena, ","html":"<p><span class='verse-line'>{}</span>"},"ja530:38.2":{"pli":"niccaṃ santarabāhiraṃ; ","html":"<span class='verse-line'>{}</span>"},"ja530:38.3":{"pli":"Dukkhābhitunno nadati, ","html":"<span class='verse-line'>{}</span>"},"ja530:38.4":{"pli":"nāgo tuttaṭṭito yathā. ","html":"<span class='verse-line'>{}</span></p>"},"ja530:39.1":{"pli":"Yo lobhā pitaraṃ hanti, ","html":"<p><span class='verse-line'>{}</span>"},"ja530:39.2":{"pli":"dosā vā purisādhamo; ","html":"<span class='verse-line'>{}</span>"},"ja530:39.3":{"pli":"Sa kāḷasutte niraye, ","html":"<span class='verse-line'>{}</span>"},"ja530:39.4":{"pli":"cirarattāya paccati. ","html":"<span class='verse-line'>{}</span></p>"},"ja530:40.1":{"pli":"Sa tādiso paccati lohakumbhiyaṃ, ","html":"<p><span class='verse-line'>{}</span>"},"ja530:40.2":{"pli":"Pakkañca sattīhi hananti nittacaṃ; ","html":"<span class='verse-line'>{}</span>"},"ja530:40.3":{"pli":"Andhaṃ karitvā muttakarīsabhakkhaṃ, ","html":"<span class='verse-line'>{}</span>"},"ja530:40.4":{"pli":"Khāre nimujjanti tathāvidhaṃ naraṃ. ","html":"<span class='verse-line'>{}</span></p>"},"ja530:41.1":{"pli":"Tattaṃ pakkuthitamayoguḷañca, ","html":"<p><span class='verse-line'>{}</span>"},"ja530:41.2":{"pli":"Dīghe ca phāle cirarattatāpite; ","html":"<span class='verse-line'>{}</span>"},"ja530:41.3":{"pli":"Vikkhambhamādāya vibandharajjubhi, ","html":"<span class='verse-line'>{}</span>"},"ja530:41.4":{"pli":"Vivaṭe mukhe sampavisanti rakkhasā. ","html":"<span class='verse-line'>{}</span></p>"},"ja530:42.1":{"pli":"Sāmā ca soṇā sabalā ca gijjhā, ","html":"<p><span class='verse-line'>{}</span>"},"ja530:42.2":{"pli":"Kākoḷasaṅghā ca dijā ayomukhā; ","html":"<span class='verse-line'>{}</span>"},"ja530:42.3":{"pli":"Saṅgamma khādanti vipphandamānaṃ, ","html":"<span class='verse-line'>{}</span>"},"ja530:42.4":{"pli":"Jivhaṃ vibhajja vighāsaṃ salohitaṃ. ","html":"<span class='verse-line'>{}</span></p>"},"ja530:43.1":{"pli":"Taṃ daḍḍhatālaṃ paribhinnagattaṃ, ","html":"<p><span class='verse-line'>{}</span>"},"ja530:43.2":{"pli":"Nippothayantā anuvicaranti rakkhasā; ","html":"<span class='verse-line'>{}</span>"},"ja530:43.3":{"pli":"Ratī hi nesaṃ dukhino panītare, ","html":"<span class='verse-line'>{}</span>"},"ja530:43.4":{"pli":"Etādisasmiṃ niraye vasanti; ","html":"<span class='verse-line'>{}</span>"},"ja530:43.5":{"pli":"Ye keci loke idha pettighātino. ","html":"<span class='verse-line'>{}</span></p>"},"ja530:44.1":{"pli":"Putto ca mātaraṃ hantvā, ","html":"<p><span class='verse-line'>{}</span>"},"ja530:44.2":{"pli":"ito gantvā yamakkhayaṃ; ","html":"<span class='verse-line'>{}</span>"},"ja530:44.3":{"pli":"Bhusamāpajjate dukkhaṃ, ","html":"<span class='verse-line'>{}</span>"},"ja530:44.4":{"pli":"attakammaphalūpago. ","html":"<span class='verse-line'>{}</span></p>"},"ja530:45.1":{"pli":"Amanussā atibalā, ","html":"<p><span class='verse-line'>{}</span>"},"ja530:45.2":{"pli":"hantāraṃ janayantiyā; ","html":"<span class='verse-line'>{}</span>"},"ja530:45.3":{"pli":"Ayomayehi vālehi, ","html":"<span class='verse-line'>{}</span>"},"ja530:45.4":{"pli":"pīḷayanti punappunaṃ. ","html":"<span class='verse-line'>{}</span></p>"},"ja530:46.1":{"pli":"Tamassavaṃ sakā gattā, ","html":"<p><span class='verse-line'>{}</span>"},"ja530:46.2":{"pli":"rudhiraṃ attasambhavaṃ; ","html":"<span class='verse-line'>{}</span>"},"ja530:46.3":{"pli":"Tambalohavilīnaṃva, ","html":"<span class='verse-line'>{}</span>"},"ja530:46.4":{"pli":"tattaṃ pāyenti mattighaṃ. ","html":"<span class='verse-line'>{}</span></p>"},"ja530:47.1":{"pli":"Jigucchaṃ kuṇapaṃ pūtiṃ, ","html":"<p><span class='verse-line'>{}</span>"},"ja530:47.2":{"pli":"Duggandhaṃ gūthakaddamaṃ; ","html":"<span class='verse-line'>{}</span>"},"ja530:47.3":{"pli":"Pubbalohitasaṅkāsaṃ, ","html":"<span class='verse-line'>{}</span>"},"ja530:47.4":{"pli":"Rahadamogayha tiṭṭhati. ","html":"<span class='verse-line'>{}</span></p>"},"ja530:48.1":{"pli":"Tamenaṃ kimayo tattha, ","html":"<p><span class='verse-line'>{}</span>"},"ja530:48.2":{"pli":"atikāyā ayomukhā; ","html":"<span class='verse-line'>{}</span>"},"ja530:48.3":{"pli":"Chaviṃ bhetvāna khādanti, ","html":"<span class='verse-line'>{}</span>"},"ja530:48.4":{"pli":"saṅgiddhā maṃsalohite. ","html":"<span class='verse-line'>{}</span></p>"},"ja530:49.1":{"pli":"So ca taṃ nirayaṃ patto, ","html":"<p><span class='verse-line'>{}</span>"},"ja530:49.2":{"pli":"nimuggo sataporisaṃ; ","html":"<span class='verse-line'>{}</span>"},"ja530:49.3":{"pli":"Pūtikaṃ kuṇapaṃ vāti, ","html":"<span class='verse-line'>{}</span>"},"ja530:49.4":{"pli":"samantā satayojanaṃ. ","html":"<span class='verse-line'>{}</span></p>"},"ja530:50.1":{"pli":"Cakkhumāpi hi cakkhūhi, ","html":"<p><span class='verse-line'>{}</span>"},"ja530:50.2":{"pli":"tena gandhena jīyati; ","html":"<span class='verse-line'>{}</span>"},"ja530:50.3":{"pli":"Etādisaṃ brahmadatta, ","html":"<span class='verse-line'>{}</span>"},"ja530:50.4":{"pli":"mātugho labhate dukhaṃ. ","html":"<span class='verse-line'>{}</span></p>"},"ja530:51.1":{"pli":"Khuradhāramanukkamma, ","html":"<p><span class='verse-line'>{}</span>"},"ja530:51.2":{"pli":"tikkhaṃ durabhisambhavaṃ; ","html":"<span class='verse-line'>{}</span>"},"ja530:51.3":{"pli":"Patanti gabbhapātiyo, ","html":"<span class='verse-line'>{}</span>"},"ja530:51.4":{"pli":"duggaṃ vetaraṇiṃ nadiṃ. ","html":"<span class='verse-line'>{}</span></p>"},"ja530:52.1":{"pli":"Ayomayā simbaliyo, ","html":"<p><span class='verse-line'>{}</span>"},"ja530:52.2":{"pli":"soḷasaṅgulakaṇṭakā; ","html":"<span class='verse-line'>{}</span>"},"ja530:52.3":{"pli":"Ubhato abhilambanti, ","html":"<span class='verse-line'>{}</span>"},"ja530:52.4":{"pli":"duggaṃ vetaraṇiṃ nadiṃ. ","html":"<span class='verse-line'>{}</span></p>"},"ja530:53.1":{"pli":"Te accimanto tiṭṭhanti, ","html":"<p><span class='verse-line'>{}</span>"},"ja530:53.2":{"pli":"aggikkhandhāva ārakā; ","html":"<span class='verse-line'>{}</span>"},"ja530:53.3":{"pli":"Ādittā jātavedena, ","html":"<span class='verse-line'>{}</span>"},"ja530:53.4":{"pli":"uddhaṃ yojanamuggatā. ","html":"<span class='verse-line'>{}</span></p>"},"ja530:54.1":{"pli":"Ete vajanti niraye, ","html":"<p><span class='verse-line'>{}</span>"},"ja530:54.2":{"pli":"tatte tikhiṇakaṇṭake; ","html":"<span class='verse-line'>{}</span>"},"ja530:54.3":{"pli":"Nāriyo ca aticārā, ","html":"<span class='verse-line'>{}</span>"},"ja530:54.4":{"pli":"narā ca paradāragū. ","html":"<span class='verse-line'>{}</span></p>"},"ja530:55.1":{"pli":"Te patanti adhokkhandhā, ","html":"<p><span class='verse-line'>{}</span>"},"ja530:55.2":{"pli":"vivattā vihatā puthū; ","html":"<span class='verse-line'>{}</span>"},"ja530:55.3":{"pli":"Sayanti vinividdhaṅgā, ","html":"<span class='verse-line'>{}</span>"},"ja530:55.4":{"pli":"dīghaṃ jagganti sabbadā. ","html":"<span class='verse-line'>{}</span></p>"},"ja530:56.1":{"pli":"Tato ratyā vivasāne, ","html":"<p><span class='verse-line'>{}</span>"},"ja530:56.2":{"pli":"mahatiṃ pabbatūpamaṃ; ","html":"<span class='verse-line'>{}</span>"},"ja530:56.3":{"pli":"Lohakumbhiṃ pavajjanti, ","html":"<span class='verse-line'>{}</span>"},"ja530:56.4":{"pli":"tattaṃ aggisamūdakaṃ. ","html":"<span class='verse-line'>{}</span></p>"},"ja530:57.1":{"pli":"Evaṃ divā ca ratto ca, ","html":"<p><span class='verse-line'>{}</span>"},"ja530:57.2":{"pli":"dussīlā mohapārutā; ","html":"<span class='verse-line'>{}</span>"},"ja530:57.3":{"pli":"Anubhonti sakaṃ kammaṃ, ","html":"<span class='verse-line'>{}</span>"},"ja530:57.4":{"pli":"pubbe dukkaṭamattano. ","html":"<span class='verse-line'>{}</span></p>"},"ja530:58.1":{"pli":"Yā ca bhariyā dhanakkītā, ","html":"<p><span class='verse-line'>{}</span>"},"ja530:58.2":{"pli":"sāmikaṃ atimaññati; ","html":"<span class='verse-line'>{}</span>"},"ja530:58.3":{"pli":"Sassuṃ vā sasuraṃ vāpi, ","html":"<span class='verse-line'>{}</span>"},"ja530:58.4":{"pli":"jeṭṭhaṃ vāpi nanandaraṃ. ","html":"<span class='verse-line'>{}</span></p>"},"ja530:59.1":{"pli":"Tassā vaṅkena jivhaggaṃ, ","html":"<p><span class='verse-line'>{}</span>"},"ja530:59.2":{"pli":"nibbahanti sabandhanaṃ; ","html":"<span class='verse-line'>{}</span>"},"ja530:59.3":{"pli":"Sa byāmamattaṃ kiminaṃ, ","html":"<span class='verse-line'>{}</span>"},"ja530:59.4":{"pli":"jivhaṃ passati attani; ","html":"<span class='verse-line'>{}</span>"},"ja530:59.5":{"pli":"Viññāpetuṃ na sakkoti, ","html":"<span class='verse-line'>{}</span>"},"ja530:59.6":{"pli":"tāpane pecca paccati. ","html":"<span class='verse-line'>{}</span></p>"},"ja530:60.1":{"pli":"Orabbhikā sūkarikā, ","html":"<p><span class='verse-line'>{}</span>"},"ja530:60.2":{"pli":"macchikā migabandhakā; ","html":"<span class='verse-line'>{}</span>"},"ja530:60.3":{"pli":"Corā goghātakā luddā, ","html":"<span class='verse-line'>{}</span>"},"ja530:60.4":{"pli":"avaṇṇe vaṇṇakārakā. ","html":"<span class='verse-line'>{}</span></p>"},"ja530:61.1":{"pli":"Sattīhi lohakūṭehi, ","html":"<p><span class='verse-line'>{}</span>"},"ja530:61.2":{"pli":"nettiṃsehi usūhi ca; ","html":"<span class='verse-line'>{}</span>"},"ja530:61.3":{"pli":"Haññamānā khāranadiṃ, ","html":"<span class='verse-line'>{}</span>"},"ja530:61.4":{"pli":"papatanti avaṃsirā. ","html":"<span class='verse-line'>{}</span></p>"},"ja530:62.1":{"pli":"Sāyaṃ pāto kūṭakārī, ","html":"<p><span class='verse-line'>{}</span>"},"ja530:62.2":{"pli":"ayokūṭehi haññati; ","html":"<span class='verse-line'>{}</span>"},"ja530:62.3":{"pli":"Tato vantaṃ durattānaṃ, ","html":"<span class='verse-line'>{}</span>"},"ja530:62.4":{"pli":"paresaṃ bhuñjare sadā. ","html":"<span class='verse-line'>{}</span></p>"},"ja530:63.1":{"pli":"Dhaṅkā bheraṇḍakā gijjhā, ","html":"<p><span class='verse-line'>{}</span>"},"ja530:63.2":{"pli":"kākoḷā ca ayomukhā; ","html":"<span class='verse-line'>{}</span>"},"ja530:63.3":{"pli":"Vipphandamānaṃ khādanti, ","html":"<span class='verse-line'>{}</span>"},"ja530:63.4":{"pli":"naraṃ kibbisakārakaṃ. ","html":"<span class='verse-line'>{}</span></p>"},"ja530:64.1":{"pli":"Ye migena migaṃ hanti, ","html":"<p><span class='verse-line'>{}</span>"},"ja530:64.2":{"pli":"pakkhiṃ vā pana pakkhinā; ","html":"<span class='verse-line'>{}</span>"},"ja530:64.3":{"pli":"Asanto rajasā channā, ","html":"<span class='verse-line'>{}</span>"},"ja530:64.4":{"pli":"gantā te nirayussadaṃ. ","html":"<span class='verse-line'>{}</span></p>"},"ja530:65.1":{"pli":"Santo ca uddhaṃ gacchanti, ","html":"<p><span class='verse-line'>{}</span>"},"ja530:65.2":{"pli":"suciṇṇenidha kammunā; ","html":"<span class='verse-line'>{}</span>"},"ja530:65.3":{"pli":"Suciṇṇassa phalaṃ passa, ","html":"<span class='verse-line'>{}</span>"},"ja530:65.4":{"pli":"saindā devā sabrahmakā. ","html":"<span class='verse-line'>{}</span></p>"},"ja530:66.1":{"pli":"Taṃ taṃ brūmi mahārāja, ","html":"<p><span class='verse-line'>{}</span>"},"ja530:66.2":{"pli":"Dhammaṃ raṭṭhapatī cara; ","html":"<span class='verse-line'>{}</span>"},"ja530:66.3":{"pli":"Tathā rāja carāhi dhammaṃ, ","html":"<span class='verse-line'>{}</span>"},"ja530:66.4":{"pli":"Yathā taṃ suciṇṇaṃ nānutappeyya pacchā”ti. ","html":"<span class='verse-line'>{}</span></p></blockquote>"},"ja530:67.1":{"pli":"Saṅkiccajātakaṃ dutiyaṃ. ","html":"<p class='endsutta'>{}</p>"},"ja530:68.1":{"pli":"Saṭṭhinipātaṃ niṭṭhitaṃ. ","html":"<p class='endsection'>{}</p>"},"ja530:69.1":{"pli":"Tassuddānaṃ ","html":"<p class='uddana-intro'>{}</p>"},"ja530:70.1":{"pli":"Atha saṭṭhinipātamhi, ","html":"<blockquote class='uddanagatha'><p><span class='verse-line'>{}</span>"},"ja530:70.2":{"pli":"Suṇātha mama bhāsitaṃ; ","html":"<span class='verse-line'>{}</span>"},"ja530:70.3":{"pli":"Jātakasavhayano pavaro, ","html":"<span class='verse-line'>{}</span>"},"ja530:70.4":{"pli":"Soṇakaarindamasavhayano; ","html":"<span class='verse-line'>{}</span>"},"ja530:70.5":{"pli":"Tathā vuttarathesabhakiccavaroti. ","html":"<span class='verse-line'>{}</span></p></blockquote></article>"}}}