{"ja438":{"ja438:0.1":{"pli":"Jātaka ","html":"<article id='ja438'><header><ul><li class='division'>{}</li>"},"ja438:0.2":{"pli":"Navakanipāta ","html":"<li>{}</li>"},"ja438:0.3":{"pli":"Gijjhavagga ","html":"<li>{}</li></ul>"},"ja438:0.4":{"pli":"12. Daddarajātaka ","html":"<h1 class='sutta-title'>{}</h1></header>"},"ja438:1.1":{"pli":"“Yo te puttake akhādi, ","html":"<blockquote class='gatha'><p><span class='verse-line'>{}</span>"},"ja438:1.2":{"pli":"dinnabhatto adūsake; ","html":"<span class='verse-line'>{}</span>"},"ja438:1.3":{"pli":"Tasmiṃ dāṭhaṃ nipātehi, ","html":"<span class='verse-line'>{}</span>"},"ja438:1.4":{"pli":"mā te muccittha jīvato”. ","html":"<span class='verse-line'>{}</span></p>"},"ja438:2.1":{"pli":"“Ākiṇṇaluddo puriso, ","html":"<p><span class='verse-line'>{}</span>"},"ja438:2.2":{"pli":"dhāticelaṃva makkhito; ","html":"<span class='verse-line'>{}</span>"},"ja438:2.3":{"pli":"Padesaṃ taṃ na passāmi, ","html":"<span class='verse-line'>{}</span>"},"ja438:2.4":{"pli":"yattha dāṭhaṃ nipātaye. ","html":"<span class='verse-line'>{}</span></p>"},"ja438:3.1":{"pli":"Akataññussa posassa, ","html":"<p><span class='verse-line'>{}</span>"},"ja438:3.2":{"pli":"niccaṃ vivaradassino; ","html":"<span class='verse-line'>{}</span>"},"ja438:3.3":{"pli":"Sabbañce pathaviṃ dajjā, ","html":"<span class='verse-line'>{}</span>"},"ja438:3.4":{"pli":"neva naṃ abhirādhaye”. ","html":"<span class='verse-line'>{}</span></p>"},"ja438:4.1":{"pli":"“Kiṃ nu subāhu taramānarūpo, ","html":"<p><span class='verse-line'>{}</span>"},"ja438:4.2":{"pli":"Paccāgatosi saha māṇavena; ","html":"<span class='verse-line'>{}</span>"},"ja438:4.3":{"pli":"Kiṃ kiccamatthaṃ idhamatthi tuyhaṃ, ","html":"<span class='verse-line'>{}</span>"},"ja438:4.4":{"pli":"Akkhāhi me pucchito etamatthaṃ”. ","html":"<span class='verse-line'>{}</span></p>"},"ja438:5.1":{"pli":"“Yo te sakhā daddaro sādhurūpo, ","html":"<p><span class='verse-line'>{}</span>"},"ja438:5.2":{"pli":"Tassa vadhaṃ parisaṅkāmi ajja; ","html":"<span class='verse-line'>{}</span>"},"ja438:5.3":{"pli":"Purisassa kammāyatanāni sutvā, ","html":"<span class='verse-line'>{}</span>"},"ja438:5.4":{"pli":"Nāhaṃ sukhiṃ daddaraṃ ajja maññe”. ","html":"<span class='verse-line'>{}</span></p>"},"ja438:6.1":{"pli":"“Kānissa kammāyatanāni assu, ","html":"<p><span class='verse-line'>{}</span>"},"ja438:6.2":{"pli":"Purisassa vuttisamodhānatāya; ","html":"<span class='verse-line'>{}</span>"},"ja438:6.3":{"pli":"Kaṃ vā paṭiññaṃ purisassa sutvā, ","html":"<span class='verse-line'>{}</span>"},"ja438:6.4":{"pli":"Parisaṅkasi daddaraṃ māṇavena”. ","html":"<span class='verse-line'>{}</span></p>"},"ja438:7.1":{"pli":"“Ciṇṇā kaliṅgā caritā vaṇijjā, ","html":"<p><span class='verse-line'>{}</span>"},"ja438:7.2":{"pli":"Vettācaro saṅkupathopi ciṇṇo; ","html":"<span class='verse-line'>{}</span>"},"ja438:7.3":{"pli":"Naṭehi ciṇṇaṃ saha vākurehi, ","html":"<span class='verse-line'>{}</span>"},"ja438:7.4":{"pli":"Daṇḍena yuddhampi samajjamajjhe. ","html":"<span class='verse-line'>{}</span></p>"},"ja438:8.1":{"pli":"Baddhā kulīkā mitamāḷhakena, ","html":"<p><span class='verse-line'>{}</span>"},"ja438:8.2":{"pli":"Akkhā jitā saṃyamo abbhatīto; ","html":"<span class='verse-line'>{}</span>"},"ja438:8.3":{"pli":"Abbāhitaṃ pubbakaṃ aḍḍharattaṃ, ","html":"<span class='verse-line'>{}</span>"},"ja438:8.4":{"pli":"Hatthā daḍḍhā piṇḍapaṭiggahena. ","html":"<span class='verse-line'>{}</span></p>"},"ja438:9.1":{"pli":"Tānissa kammāyatanāni assu, ","html":"<p><span class='verse-line'>{}</span>"},"ja438:9.2":{"pli":"Purisassa vuttisamodhānatāya; ","html":"<span class='verse-line'>{}</span>"},"ja438:9.3":{"pli":"Yathā ayaṃ dissati lomapiṇḍo, ","html":"<span class='verse-line'>{}</span>"},"ja438:9.4":{"pli":"Gāvo hatā kiṃ pana daddarassā”ti. ","html":"<span class='verse-line'>{}</span></p></blockquote>"},"ja438:10.1":{"pli":"Daddarajātakaṃ dvādasamaṃ. ","html":"<p class='endsutta'>{}</p>"},"ja438:11.1":{"pli":"Navakanipātaṃ niṭṭhitaṃ. ","html":"<p class='endsection'>{}</p>"},"ja438:12.1":{"pli":"Tassuddānaṃ ","html":"<p class='uddana-intro'>{}</p>"},"ja438:13.1":{"pli":"Varagijjha samajjana haṃsavaro, ","html":"<blockquote class='uddanagatha'><p><span class='verse-line'>{}</span>"},"ja438:13.2":{"pli":"Nidhisavhaya hārita pāṭaliko; ","html":"<span class='verse-line'>{}</span>"},"ja438:13.3":{"pli":"Ajarāmara dhaṅka titikkha kuto, ","html":"<span class='verse-line'>{}</span>"},"ja438:13.4":{"pli":"Atha dvādasa pekkhana daddaribhīti. ","html":"<span class='verse-line'>{}</span></p></blockquote></article>"}},"ja439":{"ja439:0.1":{"pli":"Jātaka ","html":"<article id='ja439'><header><ul><li class='division'>{}</li>"},"ja439:0.2":{"pli":"Dasakanipāta ","html":"<li>{}</li>"},"ja439:0.3":{"pli":"Catudvāravagga ","html":"<li>{}</li></ul>"},"ja439:0.4":{"pli":"1. Catudvārajātaka ","html":"<h1 class='sutta-title'>{}</h1></header>"},"ja439:1.1":{"pli":"“Catudvāramidaṃ nagaraṃ, ","html":"<blockquote class='gatha'><p><span class='verse-line'>{}</span>"},"ja439:1.2":{"pli":"āyasaṃ daḷhapākāraṃ; ","html":"<span class='verse-line'>{}</span>"},"ja439:1.3":{"pli":"Oruddhapaṭiruddhosmi, ","html":"<span class='verse-line'>{}</span>"},"ja439:1.4":{"pli":"kiṃ pāpaṃ pakataṃ mayā”. ","html":"<span class='verse-line'>{}</span></p>"},"ja439:2.1":{"pli":"“Sabbe apihitā dvārā, ","html":"<p><span class='verse-line'>{}</span>"},"ja439:2.2":{"pli":"oruddhosmi yathā dijo; ","html":"<span class='verse-line'>{}</span>"},"ja439:2.3":{"pli":"Kimādhikaraṇaṃ yakkha, ","html":"<span class='verse-line'>{}</span>"},"ja439:2.4":{"pli":"cakkābhinihato ahaṃ. ","html":"<span class='verse-line'>{}</span></p>"},"ja439:3.1":{"pli":"Laddhā satasahassāni, ","html":"<p><span class='verse-line'>{}</span>"},"ja439:3.2":{"pli":"atirekāni vīsati; ","html":"<span class='verse-line'>{}</span>"},"ja439:3.3":{"pli":"Anukampakānaṃ ñātīnaṃ, ","html":"<span class='verse-line'>{}</span>"},"ja439:3.4":{"pli":"vacanaṃ samma nākari. ","html":"<span class='verse-line'>{}</span></p>"},"ja439:4.1":{"pli":"Laṅghiṃ samuddaṃ pakkhandi, ","html":"<p><span class='verse-line'>{}</span>"},"ja439:4.2":{"pli":"sāgaraṃ appasiddhikaṃ; ","html":"<span class='verse-line'>{}</span>"},"ja439:4.3":{"pli":"Catubbhi aṭṭhajjhagamā, ","html":"<span class='verse-line'>{}</span>"},"ja439:4.4":{"pli":"aṭṭhāhipi ca soḷasa. ","html":"<span class='verse-line'>{}</span></p>"},"ja439:5.1":{"pli":"Soḷasāhi ca bāttiṃsa, ","html":"<p><span class='verse-line'>{}</span>"},"ja439:5.2":{"pli":"atricchaṃ cakkamāsado; ","html":"<span class='verse-line'>{}</span>"},"ja439:5.3":{"pli":"Icchāhatassa posassa, ","html":"<span class='verse-line'>{}</span>"},"ja439:5.4":{"pli":"cakkaṃ bhamati matthake. ","html":"<span class='verse-line'>{}</span></p>"},"ja439:6.1":{"pli":"Uparivisālā duppūrā, ","html":"<p><span class='verse-line'>{}</span>"},"ja439:6.2":{"pli":"icchā visaṭagāminī; ","html":"<span class='verse-line'>{}</span>"},"ja439:6.3":{"pli":"Ye ca taṃ anugijjhanti, ","html":"<span class='verse-line'>{}</span>"},"ja439:6.4":{"pli":"te honti cakkadhārino. ","html":"<span class='verse-line'>{}</span></p>"},"ja439:7.1":{"pli":"Bahubhaṇḍaṃ avahāya, ","html":"<p><span class='verse-line'>{}</span>"},"ja439:7.2":{"pli":"maggaṃ appaṭivekkhiya; ","html":"<span class='verse-line'>{}</span>"},"ja439:7.3":{"pli":"Yesañcetaṃ asaṅkhātaṃ, ","html":"<span class='verse-line'>{}</span>"},"ja439:7.4":{"pli":"te honti cakkadhārino. ","html":"<span class='verse-line'>{}</span></p>"},"ja439:8.1":{"pli":"Kammaṃ samekkhe vipulañca bhogaṃ, ","html":"<p><span class='verse-line'>{}</span>"},"ja439:8.2":{"pli":"Icchaṃ na seveyya anatthasaṃhitaṃ; ","html":"<span class='verse-line'>{}</span>"},"ja439:8.3":{"pli":"Kareyya vākyaṃ anukampakānaṃ, ","html":"<span class='verse-line'>{}</span>"},"ja439:8.4":{"pli":"Taṃ tādisaṃ nātivatteyya cakkaṃ”. ","html":"<span class='verse-line'>{}</span></p>"},"ja439:9.1":{"pli":"“Kīvaciraṃ nu me yakkha, ","html":"<p><span class='verse-line'>{}</span>"},"ja439:9.2":{"pli":"cakkaṃ sirasi ṭhassati; ","html":"<span class='verse-line'>{}</span>"},"ja439:9.3":{"pli":"Kati vassasahassāni, ","html":"<span class='verse-line'>{}</span>"},"ja439:9.4":{"pli":"taṃ me akkhāhi pucchito”. ","html":"<span class='verse-line'>{}</span></p>"},"ja439:10.1":{"pli":"“Atisaro paccasaro, ","html":"<p><span class='verse-line'>{}</span>"},"ja439:10.2":{"pli":"mittavinda suṇohi me; ","html":"<span class='verse-line'>{}</span>"},"ja439:10.3":{"pli":"Cakkaṃ te sirasi māviddhaṃ, ","html":"<span class='verse-line'>{}</span>"},"ja439:10.4":{"pli":"na taṃ jīvaṃ pamokkhasī”ti. ","html":"<span class='verse-line'>{}</span></p></blockquote>"},"ja439:11.1":{"pli":"Catudvārajātakaṃ paṭhamaṃ. ","html":"<p class='endsutta'>{}</p></article>"}},"ja44":{"ja44:0.1":{"pli":"Jātaka ","eng":"Stories of Past Lives 44 ","html":"<article id='ja44'><header><ul><li class='division'>{}</li>"},"ja44:0.2":{"pli":"Ekakanipāta ","eng":"The Book of the Ones ","html":"<li>{}</li>"},"ja44:0.3":{"pli":"Atthakāmavagga ","eng":"Wanting to Help ","html":"<li>{}</li></ul>"},"ja44:0.4":{"pli":"4. Makasajātaka ","eng":"The Mosquito: a past life story ","html":"<h1 class='sutta-title'>{}</h1></header>"},"ja44:1.1":{"pli":"“Seyyo amitto matiyā upeto, ","eng":"Better is a considerate foe ","html":"<blockquote class='gatha'><p><span class='verse-line'>{}</span>","comm":"When the carpenter asked his son to rid him of a troublesome mosquito on his scalp, he did not think he would do it with an axe. "},"ja44:1.2":{"pli":"Na tveva mitto mativippahīno; ","eng":"than an inconsiderate friend. ","html":"<span class='verse-line'>{}</span>"},"ja44:1.3":{"pli":"Makasaṃ vadhissanti hi eḷamūgo, ","eng":"Thinking, “I shall kill the mosquito”, ","html":"<span class='verse-line'>{}</span>","comm":"For text’s <i lang='pi' translate='no'>vadhissanti</i> read <i lang='pi' translate='no'>vadhissaṁ’ti</i>, reflexive future singular. "},"ja44:1.4":{"pli":"Putto pitu abbhidā uttamaṅgan”ti. ","eng":"the idiot son split open his father’s head. ","html":"<span class='verse-line'>{}</span></p></blockquote>"},"ja44:2.1":{"pli":"Makasajātakaṃ catutthaṃ. ","html":"<p class='endsutta'>{}</p></article>"}},"ja440":{"ja440:0.1":{"pli":"Jātaka ","html":"<article id='ja440'><header><ul><li class='division'>{}</li>"},"ja440:0.2":{"pli":"Dasakanipāta ","html":"<li>{}</li>"},"ja440:0.3":{"pli":"Catudvāravagga ","html":"<li>{}</li></ul>"},"ja440:0.4":{"pli":"2. Kaṇhajātaka ","html":"<h1 class='sutta-title'>{}</h1></header>"},"ja440:1.1":{"pli":"“Kaṇho vatāyaṃ puriso, ","html":"<blockquote class='gatha'><p><span class='verse-line'>{}</span>"},"ja440:1.2":{"pli":"kaṇhaṃ bhuñjati bhojanaṃ; ","html":"<span class='verse-line'>{}</span>"},"ja440:1.3":{"pli":"Kaṇhe bhūmipadesasmiṃ, ","html":"<span class='verse-line'>{}</span>"},"ja440:1.4":{"pli":"na mayhaṃ manaso piyo”. ","html":"<span class='verse-line'>{}</span></p>"},"ja440:2.1":{"pli":"“Na kaṇho tacasā hoti, ","html":"<p><span class='verse-line'>{}</span>"},"ja440:2.2":{"pli":"antosāro hi brāhmaṇo; ","html":"<span class='verse-line'>{}</span>"},"ja440:2.3":{"pli":"Yasmiṃ pāpāni kammāni, ","html":"<span class='verse-line'>{}</span>"},"ja440:2.4":{"pli":"sa ve kaṇho sujampati”. ","html":"<span class='verse-line'>{}</span></p>"},"ja440:3.1":{"pli":"“Etasmiṃ te sulapite, ","html":"<p><span class='verse-line'>{}</span>"},"ja440:3.2":{"pli":"patirūpe subhāsite; ","html":"<span class='verse-line'>{}</span>"},"ja440:3.3":{"pli":"Varaṃ brāhmaṇa te dammi, ","html":"<span class='verse-line'>{}</span>"},"ja440:3.4":{"pli":"yaṃ kiñci manasicchasi”. ","html":"<span class='verse-line'>{}</span></p>"},"ja440:4.1":{"pli":"“Varañce me ado sakka, ","html":"<p><span class='verse-line'>{}</span>"},"ja440:4.2":{"pli":"sabbabhūtānamissara; ","html":"<span class='verse-line'>{}</span>"},"ja440:4.3":{"pli":"Sunikkodhaṃ suniddosaṃ, ","html":"<span class='verse-line'>{}</span>"},"ja440:4.4":{"pli":"nillobhaṃ vuttimattano; ","html":"<span class='verse-line'>{}</span>"},"ja440:4.5":{"pli":"Nisnehamabhikaṅkhāmi, ","html":"<span class='verse-line'>{}</span>"},"ja440:4.6":{"pli":"ete me caturo vare”. ","html":"<span class='verse-line'>{}</span></p>"},"ja440:5.1":{"pli":"“Kiṃ nu kodhe vā dose vā, ","html":"<p><span class='verse-line'>{}</span>"},"ja440:5.2":{"pli":"lobhe snehe ca brāhmaṇa; ","html":"<span class='verse-line'>{}</span>"},"ja440:5.3":{"pli":"Ādīnavaṃ tvaṃ passasi, ","html":"<span class='verse-line'>{}</span>"},"ja440:5.4":{"pli":"taṃ me akkhāhi pucchito”. ","html":"<span class='verse-line'>{}</span></p>"},"ja440:6.1":{"pli":"“Appo hutvā bahu hoti, ","html":"<p><span class='verse-line'>{}</span>"},"ja440:6.2":{"pli":"vaḍḍhate so akhantijo; ","html":"<span class='verse-line'>{}</span>"},"ja440:6.3":{"pli":"Āsaṅgī bahupāyāso, ","html":"<span class='verse-line'>{}</span>"},"ja440:6.4":{"pli":"tasmā kodhaṃ na rocaye. ","html":"<span class='verse-line'>{}</span></p>"},"ja440:7.1":{"pli":"Duṭṭhassa pharusā vācā, ","html":"<p><span class='verse-line'>{}</span>"},"ja440:7.2":{"pli":"parāmāso anantarā; ","html":"<span class='verse-line'>{}</span>"},"ja440:7.3":{"pli":"Tato pāṇi tato daṇḍo, ","html":"<span class='verse-line'>{}</span>"},"ja440:7.4":{"pli":"satthassa paramā gati; ","html":"<span class='verse-line'>{}</span>"},"ja440:7.5":{"pli":"Doso kodhasamuṭṭhāno, ","html":"<span class='verse-line'>{}</span>"},"ja440:7.6":{"pli":"tasmā dosaṃ na rocaye. ","html":"<span class='verse-line'>{}</span></p>"},"ja440:8.1":{"pli":"Ālopa sāhasākārā, ","html":"<p><span class='verse-line'>{}</span>"},"ja440:8.2":{"pli":"nikatī vañcanāni ca; ","html":"<span class='verse-line'>{}</span>"},"ja440:8.3":{"pli":"Dissanti lobhadhammesu, ","html":"<span class='verse-line'>{}</span>"},"ja440:8.4":{"pli":"tasmā lobhaṃ na rocaye. ","html":"<span class='verse-line'>{}</span></p>"},"ja440:9.1":{"pli":"Snehasaṅgathitā ganthā, ","html":"<p><span class='verse-line'>{}</span>"},"ja440:9.2":{"pli":"senti manomayā puthū; ","html":"<span class='verse-line'>{}</span>"},"ja440:9.3":{"pli":"Te bhusaṃ upatāpenti, ","html":"<span class='verse-line'>{}</span>"},"ja440:9.4":{"pli":"tasmā snehaṃ na rocaye”. ","html":"<span class='verse-line'>{}</span></p>"},"ja440:10.1":{"pli":"“Etasmiṃ te sulapite, ","html":"<p><span class='verse-line'>{}</span>"},"ja440:10.2":{"pli":"patirūpe subhāsite; ","html":"<span class='verse-line'>{}</span>"},"ja440:10.3":{"pli":"Varaṃ brāhmaṇa te dammi, ","html":"<span class='verse-line'>{}</span>"},"ja440:10.4":{"pli":"yaṃ kiñci manasicchasi”. ","html":"<span class='verse-line'>{}</span></p>"},"ja440:11.1":{"pli":"“Varañce me ado sakka, ","html":"<p><span class='verse-line'>{}</span>"},"ja440:11.2":{"pli":"sabbabhūtānamissara; ","html":"<span class='verse-line'>{}</span>"},"ja440:11.3":{"pli":"Araññe me viharato, ","html":"<span class='verse-line'>{}</span>"},"ja440:11.4":{"pli":"niccaṃ ekavihārino; ","html":"<span class='verse-line'>{}</span>"},"ja440:11.5":{"pli":"Ābādhā mā uppajjeyyuṃ, ","html":"<span class='verse-line'>{}</span>"},"ja440:11.6":{"pli":"antarāyakarā bhusā”. ","html":"<span class='verse-line'>{}</span></p>"},"ja440:12.1":{"pli":"“Etasmiṃ te sulapite, ","html":"<p><span class='verse-line'>{}</span>"},"ja440:12.2":{"pli":"patirūpe subhāsite; ","html":"<span class='verse-line'>{}</span>"},"ja440:12.3":{"pli":"Varaṃ brāhmaṇa te dammi, ","html":"<span class='verse-line'>{}</span>"},"ja440:12.4":{"pli":"yaṃ kiñci manasicchasi”. ","html":"<span class='verse-line'>{}</span></p>"},"ja440:13.1":{"pli":"“Varañce me ado sakka, ","html":"<p><span class='verse-line'>{}</span>"},"ja440:13.2":{"pli":"sabbabhūtānamissara; ","html":"<span class='verse-line'>{}</span>"},"ja440:13.3":{"pli":"Na mano vā sarīraṃ vā, ","html":"<span class='verse-line'>{}</span>"},"ja440:13.4":{"pli":"maṃ-kate sakka kassaci; ","html":"<span class='verse-line'>{}</span>"},"ja440:13.5":{"pli":"Kadāci upahaññetha, ","html":"<span class='verse-line'>{}</span>"},"ja440:13.6":{"pli":"etaṃ sakka varaṃ vare”ti. ","html":"<span class='verse-line'>{}</span></p></blockquote>"},"ja440:14.1":{"pli":"Kaṇhajātakaṃ dutiyaṃ. ","html":"<p class='endsutta'>{}</p></article>"}},"ja441":{"ja441:0.1":{"pli":"Jātaka ","html":"<article id='ja441'><header><ul><li class='division'>{}</li>"},"ja441:0.2":{"pli":"Dasakanipāta ","html":"<li>{}</li>"},"ja441:0.3":{"pli":"Catudvāravagga ","html":"<li>{}</li></ul>"},"ja441:0.4":{"pli":"3. Catuposathiyajātaka ","html":"<h1 class='sutta-title'>{}</h1></header>"},"ja441:1.1":{"pli":"“Yo kopaneyye na karoti kopaṃ, ","html":"<blockquote class='gatha'><p><span class='verse-line'>{}</span>"},"ja441:1.2":{"pli":"Na kujjhati sappuriso kadāci; ","html":"<span class='verse-line'>{}</span>"},"ja441:1.3":{"pli":"Kuddhopi so nāvikaroti kopaṃ, ","html":"<span class='verse-line'>{}</span>"},"ja441:1.4":{"pli":"Taṃ ve naraṃ samaṇamāhu loke”. ","html":"<span class='verse-line'>{}</span></p>"},"ja441:2.1":{"pli":"“Ūnūdaro yo sahate jighacchaṃ, ","html":"<p><span class='verse-line'>{}</span>"},"ja441:2.2":{"pli":"Danto tapassī mitapānabhojano; ","html":"<span class='verse-line'>{}</span>"},"ja441:2.3":{"pli":"Āhārahetu na karoti pāpaṃ, ","html":"<span class='verse-line'>{}</span>"},"ja441:2.4":{"pli":"Taṃ ve naraṃ samaṇamāhu loke”. ","html":"<span class='verse-line'>{}</span></p>"},"ja441:3.1":{"pli":"“Khiḍḍaṃ ratiṃ vippajahitvāna sabbaṃ, ","html":"<p><span class='verse-line'>{}</span>"},"ja441:3.2":{"pli":"Na cālikaṃ bhāsasi kiñci loke; ","html":"<span class='verse-line'>{}</span>"},"ja441:3.3":{"pli":"Vibhūsaṭṭhānā virato methunasmā, ","html":"<span class='verse-line'>{}</span>"},"ja441:3.4":{"pli":"Taṃ ve naraṃ samaṇamāhu loke”. ","html":"<span class='verse-line'>{}</span></p>"},"ja441:4.1":{"pli":"“Pariggahaṃ lobhadhammañca sabbaṃ, ","html":"<p><span class='verse-line'>{}</span>"},"ja441:4.2":{"pli":"Yo ve pariññāya pariccajeti; ","html":"<span class='verse-line'>{}</span>"},"ja441:4.3":{"pli":"Dantaṃ ṭhitattaṃ amamaṃ nirāsaṃ, ","html":"<span class='verse-line'>{}</span>"},"ja441:4.4":{"pli":"Taṃ ve naraṃ samaṇamāhu loke”. ","html":"<span class='verse-line'>{}</span></p>"},"ja441:5.1":{"pli":"“Pucchāma kattāramanomapaññaṃ, ","html":"<p><span class='verse-line'>{}</span>"},"ja441:5.2":{"pli":"Kathāsu no viggaho atthi jāto; ","html":"<span class='verse-line'>{}</span>"},"ja441:5.3":{"pli":"Chindajja kaṅkhaṃ vicikicchitāni, ","html":"<span class='verse-line'>{}</span>"},"ja441:5.4":{"pli":"Tadajja kaṅkhaṃ vitaremu sabbe”. ","html":"<span class='verse-line'>{}</span></p>"},"ja441:6.1":{"pli":"“Ye paṇḍitā atthadasā bhavanti, ","html":"<p><span class='verse-line'>{}</span>"},"ja441:6.2":{"pli":"Bhāsanti te yoniso tattha kāle; ","html":"<span class='verse-line'>{}</span>"},"ja441:6.3":{"pli":"Kathaṃ nu kathānaṃ abhāsitānaṃ, ","html":"<span class='verse-line'>{}</span>"},"ja441:6.4":{"pli":"Atthaṃ nayeyyuṃ kusalā janindā. ","html":"<span class='verse-line'>{}</span></p>"},"ja441:7.1":{"pli":"Kathaṃ have bhāsati nāgarājā, ","html":"<p><span class='verse-line'>{}</span>"},"ja441:7.2":{"pli":"Garuḷo pana venateyyo kimāha; ","html":"<span class='verse-line'>{}</span>"},"ja441:7.3":{"pli":"Gandhabbarājā pana kiṃ vadesi, ","html":"<span class='verse-line'>{}</span>"},"ja441:7.4":{"pli":"Kathaṃ pana kurūnaṃ rājaseṭṭho”. ","html":"<span class='verse-line'>{}</span></p>"},"ja441:8.1":{"pli":"“Khantiṃ have bhāsati nāgarājā, ","html":"<p><span class='verse-line'>{}</span>"},"ja441:8.2":{"pli":"Appāhāraṃ garuḷo venateyyo; ","html":"<span class='verse-line'>{}</span>"},"ja441:8.3":{"pli":"Gandhabbarājā rativippahānaṃ, ","html":"<span class='verse-line'>{}</span>"},"ja441:8.4":{"pli":"Akiñcanaṃ kurūnaṃ rājaseṭṭho”. ","html":"<span class='verse-line'>{}</span></p>"},"ja441:9.1":{"pli":"“Sabbāni etāni subhāsitāni, ","html":"<p><span class='verse-line'>{}</span>"},"ja441:9.2":{"pli":"Na hettha dubbhāsitamatthi kiñci; ","html":"<span class='verse-line'>{}</span>"},"ja441:9.3":{"pli":"Yasmiñca etāni patiṭṭhitāni, ","html":"<span class='verse-line'>{}</span>"},"ja441:9.4":{"pli":"Arāva nābhyā susamohitāni; ","html":"<span class='verse-line'>{}</span>"},"ja441:9.5":{"pli":"Catubbhi dhammehi samaṅgibhūtaṃ, ","html":"<span class='verse-line'>{}</span>"},"ja441:9.6":{"pli":"Taṃ ve naraṃ samaṇamāhu loke”. ","html":"<span class='verse-line'>{}</span></p>"},"ja441:10.1":{"pli":"“Tuvañhi seṭṭho tvamanuttarosi, ","html":"<p><span class='verse-line'>{}</span>"},"ja441:10.2":{"pli":"Tvaṃ dhammagū dhammavidū sumedho; ","html":"<span class='verse-line'>{}</span>"},"ja441:10.3":{"pli":"Paññāya pañhaṃ samadhiggahetvā, ","html":"<span class='verse-line'>{}</span>"},"ja441:10.4":{"pli":"Acchecchi dhīro vicikicchitāni; ","html":"<span class='verse-line'>{}</span>"},"ja441:10.5":{"pli":"Acchecchi kaṅkhaṃ vicikicchitāni, ","html":"<span class='verse-line'>{}</span>"},"ja441:10.6":{"pli":"Cundo yathā nāgadantaṃ kharena. ","html":"<span class='verse-line'>{}</span></p>"},"ja441:11.1":{"pli":"Nīluppalābhaṃ vimalaṃ anagghaṃ, ","html":"<p><span class='verse-line'>{}</span>"},"ja441:11.2":{"pli":"Vatthaṃ idaṃ dhūmasamānavaṇṇaṃ; ","html":"<span class='verse-line'>{}</span>"},"ja441:11.3":{"pli":"Pañhassa veyyākaraṇena tuṭṭho, ","html":"<span class='verse-line'>{}</span>"},"ja441:11.4":{"pli":"Dadāmi te dhammapūjāya dhīra. ","html":"<span class='verse-line'>{}</span></p>"},"ja441:12.1":{"pli":"Suvaṇṇamālaṃ satapattaphullitaṃ, ","html":"<p><span class='verse-line'>{}</span>"},"ja441:12.2":{"pli":"Sakesaraṃ ratnasahassamaṇḍitaṃ; ","html":"<span class='verse-line'>{}</span>"},"ja441:12.3":{"pli":"Pañhassa veyyākaraṇena tuṭṭho, ","html":"<span class='verse-line'>{}</span>"},"ja441:12.4":{"pli":"Dadāmi te dhammapūjāya dhīra. ","html":"<span class='verse-line'>{}</span></p>"},"ja441:13.1":{"pli":"Maṇiṃ anagghaṃ ruciraṃ pabhassaraṃ, ","html":"<p><span class='verse-line'>{}</span>"},"ja441:13.2":{"pli":"Kaṇṭhāvasattaṃ maṇibhūsitaṃ me; ","html":"<span class='verse-line'>{}</span>"},"ja441:13.3":{"pli":"Pañhassa veyyākaraṇena tuṭṭho, ","html":"<span class='verse-line'>{}</span>"},"ja441:13.4":{"pli":"Dadāmi te dhammapūjāya dhīra. ","html":"<span class='verse-line'>{}</span></p>"},"ja441:14.1":{"pli":"Gavaṃ sahassaṃ usabhañca nāgaṃ, ","html":"<p><span class='verse-line'>{}</span>"},"ja441:14.2":{"pli":"Ājaññayutte ca rathe dasa ime; ","html":"<span class='verse-line'>{}</span>"},"ja441:14.3":{"pli":"Pañhassa veyyākaraṇena tuṭṭho, ","html":"<span class='verse-line'>{}</span>"},"ja441:14.4":{"pli":"Dadāmi te gāmavarāni soḷasa”. ","html":"<span class='verse-line'>{}</span></p>"},"ja441:15.1":{"pli":"“Sāriputto tadā nāgo, ","html":"<p><span class='verse-line'>{}</span>"},"ja441:15.2":{"pli":"supaṇṇo pana kolito; ","html":"<span class='verse-line'>{}</span>"},"ja441:15.3":{"pli":"Gandhabbarājā anuruddho, ","html":"<span class='verse-line'>{}</span>"},"ja441:15.4":{"pli":"rājā ānandapaṇḍito; ","html":"<span class='verse-line'>{}</span>"},"ja441:15.5":{"pli":"Vidhuro bodhisatto ca, ","html":"<span class='verse-line'>{}</span>"},"ja441:15.6":{"pli":"evaṃ dhāretha jātakan”ti. ","html":"<span class='verse-line'>{}</span></p></blockquote>"},"ja441:16.1":{"pli":"Catuposathiyajātakaṃ tatiyaṃ. ","html":"<p class='endsutta'>{}</p></article>"}},"ja442":{"ja442:0.1":{"pli":"Jātaka ","html":"<article id='ja442'><header><ul><li class='division'>{}</li>"},"ja442:0.2":{"pli":"Dasakanipāta ","html":"<li>{}</li>"},"ja442:0.3":{"pli":"Catudvāravagga ","html":"<li>{}</li></ul>"},"ja442:0.4":{"pli":"4. Saṅkhajātaka ","html":"<h1 class='sutta-title'>{}</h1></header>"},"ja442:1.1":{"pli":"“Bahussuto sutadhammosi saṅkha, ","html":"<blockquote class='gatha'><p><span class='verse-line'>{}</span>"},"ja442:1.2":{"pli":"Diṭṭhā tayā samaṇabrāhmaṇā ca; ","html":"<span class='verse-line'>{}</span>"},"ja442:1.3":{"pli":"Athakkhaṇe dassayase vilāpaṃ, ","html":"<span class='verse-line'>{}</span>"},"ja442:1.4":{"pli":"Añño nu ko te paṭimantako mayā”. ","html":"<span class='verse-line'>{}</span></p>"},"ja442:2.1":{"pli":"“Subbhū subhā suppaṭimukkakambu, ","html":"<p><span class='verse-line'>{}</span>"},"ja442:2.2":{"pli":"Paggayha sovaṇṇamayāya pātiyā; ","html":"<span class='verse-line'>{}</span>"},"ja442:2.3":{"pli":"‘Bhuñjassu bhattaṃ’ iti maṃ vadeti, ","html":"<span class='verse-line'>{}</span>"},"ja442:2.4":{"pli":"Saddhāvittā ","html":"<span class='verse-line'>{}</span>"},"ja442:2.5":{"pli":"Tamahaṃ noti brūmi”. ","html":"<span class='verse-line'>{}</span></p>"},"ja442:3.1":{"pli":"“Etādisaṃ brāhmaṇa disvāna yakkhaṃ, ","html":"<p><span class='verse-line'>{}</span>"},"ja442:3.2":{"pli":"Puccheyya poso sukhamāsisāno; ","html":"<span class='verse-line'>{}</span>"},"ja442:3.3":{"pli":"Uṭṭhehi naṃ pañjalikābhipuccha, ","html":"<span class='verse-line'>{}</span>"},"ja442:3.4":{"pli":"Devī nusi tvaṃ uda mānusī nu”. ","html":"<span class='verse-line'>{}</span></p>"},"ja442:4.1":{"pli":"“Yaṃ tvaṃ sukhenābhisamekkhase maṃ, ","html":"<p><span class='verse-line'>{}</span>"},"ja442:4.2":{"pli":"Bhuñjassu bhattaṃ iti maṃ vadesi; ","html":"<span class='verse-line'>{}</span>"},"ja442:4.3":{"pli":"Pucchāmi taṃ nāri mahānubhāve, ","html":"<span class='verse-line'>{}</span>"},"ja442:4.4":{"pli":"Devī nusi tvaṃ uda mānusī nu”. ","html":"<span class='verse-line'>{}</span></p>"},"ja442:5.1":{"pli":"“Devī ahaṃ saṅkha mahānubhāvā, ","html":"<p><span class='verse-line'>{}</span>"},"ja442:5.2":{"pli":"Idhāgatā sāgaravārimajjhe; ","html":"<span class='verse-line'>{}</span>"},"ja442:5.3":{"pli":"Anukampikā no ca paduṭṭhacittā, ","html":"<span class='verse-line'>{}</span>"},"ja442:5.4":{"pli":"Taveva atthāya idhāgatāsmi. ","html":"<span class='verse-line'>{}</span></p>"},"ja442:6.1":{"pli":"Idhannapānaṃ sayanāsanañca, ","html":"<p><span class='verse-line'>{}</span>"},"ja442:6.2":{"pli":"Yānāni nānāvividhāni saṅkha; ","html":"<span class='verse-line'>{}</span>"},"ja442:6.3":{"pli":"Sabbassa tyāhaṃ paṭipādayāmi, ","html":"<span class='verse-line'>{}</span>"},"ja442:6.4":{"pli":"Yaṃ kiñci tuyhaṃ manasābhipatthitaṃ”. ","html":"<span class='verse-line'>{}</span></p>"},"ja442:7.1":{"pli":"“Yaṃ kiñci yiṭṭhañca hutañca mayhaṃ, ","html":"<p><span class='verse-line'>{}</span>"},"ja442:7.2":{"pli":"Sabbassa no issarā tvaṃ sugatte; ","html":"<span class='verse-line'>{}</span>"},"ja442:7.3":{"pli":"Susoṇi subbhamu suvilaggamajjhe, ","html":"<span class='verse-line'>{}</span>"},"ja442:7.4":{"pli":"Kissa me kammassa ayaṃ vipāko”. ","html":"<span class='verse-line'>{}</span></p>"},"ja442:8.1":{"pli":"“Ghamme pathe brāhmaṇa ekabhikkhuṃ, ","html":"<p><span class='verse-line'>{}</span>"},"ja442:8.2":{"pli":"Ugghaṭṭapādaṃ tasitaṃ kilantaṃ; ","html":"<span class='verse-line'>{}</span>"},"ja442:8.3":{"pli":"Paṭipādayī saṅkha upāhanāni, ","html":"<span class='verse-line'>{}</span>"},"ja442:8.4":{"pli":"Sā dakkhiṇā kāmaduhā tavajja”. ","html":"<span class='verse-line'>{}</span></p>"},"ja442:9.1":{"pli":"“Sā hotu nāvā phalakūpapannā, ","html":"<p><span class='verse-line'>{}</span>"},"ja442:9.2":{"pli":"Anavassutā erakavātayuttā; ","html":"<span class='verse-line'>{}</span>"},"ja442:9.3":{"pli":"Aññassa yānassa na hettha bhūmi, ","html":"<span class='verse-line'>{}</span>"},"ja442:9.4":{"pli":"Ajjeva maṃ moḷiniṃ pāpayassu”. ","html":"<span class='verse-line'>{}</span></p>"},"ja442:10.1":{"pli":"“Sā tattha vittā sumanā patītā, ","html":"<p><span class='verse-line'>{}</span>"},"ja442:10.2":{"pli":"Nāvaṃ sucittaṃ abhinimminitvā; ","html":"<span class='verse-line'>{}</span>"},"ja442:10.3":{"pli":"Ādāya saṅkhaṃ purisena saddhiṃ, ","html":"<span class='verse-line'>{}</span>"},"ja442:10.4":{"pli":"Upānayī nagaraṃ sādhuramman”ti. ","html":"<span class='verse-line'>{}</span></p></blockquote>"},"ja442:11.1":{"pli":"Saṅkhajātakaṃ catutthaṃ. ","html":"<p class='endsutta'>{}</p></article>"}},"ja443":{"ja443:0.1":{"pli":"Jātaka ","html":"<article id='ja443'><header><ul><li class='division'>{}</li>"},"ja443:0.2":{"pli":"Dasakanipāta ","html":"<li>{}</li>"},"ja443:0.3":{"pli":"Catudvāravagga ","html":"<li>{}</li></ul>"},"ja443:0.4":{"pli":"5. Cūḷabodhijātaka ","html":"<h1 class='sutta-title'>{}</h1></header>"},"ja443:1.1":{"pli":"“Yo te imaṃ visālakkhiṃ, ","html":"<blockquote class='gatha'><p><span class='verse-line'>{}</span>"},"ja443:1.2":{"pli":"piyaṃ sammhitabhāsiniṃ; ","html":"<span class='verse-line'>{}</span>"},"ja443:1.3":{"pli":"Ādāya balā gaccheyya, ","html":"<span class='verse-line'>{}</span>"},"ja443:1.4":{"pli":"kiṃ nu kayirāsi brāhmaṇa”. ","html":"<span class='verse-line'>{}</span></p>"},"ja443:2.1":{"pli":"“Uppajje me na mucceyya, ","html":"<p><span class='verse-line'>{}</span>"},"ja443:2.2":{"pli":"na me mucceyya jīvato; ","html":"<span class='verse-line'>{}</span>"},"ja443:2.3":{"pli":"Rajaṃva vipulā vuṭṭhi, ","html":"<span class='verse-line'>{}</span>"},"ja443:2.4":{"pli":"khippameva nivāraye”. ","html":"<span class='verse-line'>{}</span></p>"},"ja443:3.1":{"pli":"“Yannu pubbe vikatthittho, ","html":"<p><span class='verse-line'>{}</span>"},"ja443:3.2":{"pli":"balamhiva apassito; ","html":"<span class='verse-line'>{}</span>"},"ja443:3.3":{"pli":"Svajja tuṇhikato dāni, ","html":"<span class='verse-line'>{}</span>"},"ja443:3.4":{"pli":"saṅghāṭiṃ sibbamacchasi”. ","html":"<span class='verse-line'>{}</span></p>"},"ja443:4.1":{"pli":"“Uppajji me na muccittha, ","html":"<p><span class='verse-line'>{}</span>"},"ja443:4.2":{"pli":"na me muccittha jīvato; ","html":"<span class='verse-line'>{}</span>"},"ja443:4.3":{"pli":"Rajaṃva vipulā vuṭṭhi, ","html":"<span class='verse-line'>{}</span>"},"ja443:4.4":{"pli":"khippameva nivārayiṃ”. ","html":"<span class='verse-line'>{}</span></p>"},"ja443:5.1":{"pli":"“Kiṃ te uppajji no mucci, ","html":"<p><span class='verse-line'>{}</span>"},"ja443:5.2":{"pli":"kiṃ te na mucci jīvato; ","html":"<span class='verse-line'>{}</span>"},"ja443:5.3":{"pli":"Rajaṃva vipulā vuṭṭhi, ","html":"<span class='verse-line'>{}</span>"},"ja443:5.4":{"pli":"katamaṃ tvaṃ nivārayi”. ","html":"<span class='verse-line'>{}</span></p>"},"ja443:6.1":{"pli":"“Yamhi jāte na passati, ","html":"<p><span class='verse-line'>{}</span>"},"ja443:6.2":{"pli":"ajāte sādhu passati; ","html":"<span class='verse-line'>{}</span>"},"ja443:6.3":{"pli":"So me uppajji no mucci, ","html":"<span class='verse-line'>{}</span>"},"ja443:6.4":{"pli":"kodho dummedhagocaro. ","html":"<span class='verse-line'>{}</span></p>"},"ja443:7.1":{"pli":"Yena jātena nandanti, ","html":"<p><span class='verse-line'>{}</span>"},"ja443:7.2":{"pli":"amittā dukkhamesino; ","html":"<span class='verse-line'>{}</span>"},"ja443:7.3":{"pli":"So me uppajji no mucci, ","html":"<span class='verse-line'>{}</span>"},"ja443:7.4":{"pli":"kodho dummedhagocaro. ","html":"<span class='verse-line'>{}</span></p>"},"ja443:8.1":{"pli":"Yasmiñca jāyamānamhi, ","html":"<p><span class='verse-line'>{}</span>"},"ja443:8.2":{"pli":"sadatthaṃ nāvabujjhati; ","html":"<span class='verse-line'>{}</span>"},"ja443:8.3":{"pli":"So me uppajji no mucci, ","html":"<span class='verse-line'>{}</span>"},"ja443:8.4":{"pli":"kodho dummedhagocaro. ","html":"<span class='verse-line'>{}</span></p>"},"ja443:9.1":{"pli":"Yenābhibhūto kusalaṃ jahāti, ","html":"<p><span class='verse-line'>{}</span>"},"ja443:9.2":{"pli":"Parakkare vipulañcāpi atthaṃ; ","html":"<span class='verse-line'>{}</span>"},"ja443:9.3":{"pli":"Sa bhīmaseno balavā pamaddī, ","html":"<span class='verse-line'>{}</span>"},"ja443:9.4":{"pli":"Kodho mahārāja na me amuccatha. ","html":"<span class='verse-line'>{}</span></p>"},"ja443:10.1":{"pli":"Kaṭṭhasmiṃ matthamānasmiṃ, ","html":"<p><span class='verse-line'>{}</span>"},"ja443:10.2":{"pli":"Pāvako nāma jāyati; ","html":"<span class='verse-line'>{}</span>"},"ja443:10.3":{"pli":"Tameva kaṭṭhaṃ ḍahati, ","html":"<span class='verse-line'>{}</span>"},"ja443:10.4":{"pli":"Yasmā so jāyate gini. ","html":"<span class='verse-line'>{}</span></p>"},"ja443:11.1":{"pli":"Evaṃ mandassa posassa, ","html":"<p><span class='verse-line'>{}</span>"},"ja443:11.2":{"pli":"bālassa avijānato; ","html":"<span class='verse-line'>{}</span>"},"ja443:11.3":{"pli":"Sārambhā jāyate kodho, ","html":"<span class='verse-line'>{}</span>"},"ja443:11.4":{"pli":"sopi teneva ḍayhati. ","html":"<span class='verse-line'>{}</span></p>"},"ja443:12.1":{"pli":"Aggīva tiṇakaṭṭhasmiṃ, ","html":"<p><span class='verse-line'>{}</span>"},"ja443:12.2":{"pli":"kodho yassa pavaḍḍhati; ","html":"<span class='verse-line'>{}</span>"},"ja443:12.3":{"pli":"Nihīyati tassa yaso, ","html":"<span class='verse-line'>{}</span>"},"ja443:12.4":{"pli":"kāḷapakkheva candimā. ","html":"<span class='verse-line'>{}</span></p>"},"ja443:13.1":{"pli":"Anedho dhūmaketūva, ","html":"<p><span class='verse-line'>{}</span>"},"ja443:13.2":{"pli":"kodho yassūpasammati; ","html":"<span class='verse-line'>{}</span>"},"ja443:13.3":{"pli":"Āpūrati tassa yaso, ","html":"<span class='verse-line'>{}</span>"},"ja443:13.4":{"pli":"sukkapakkheva candimā”ti. ","html":"<span class='verse-line'>{}</span></p></blockquote>"},"ja443:14.1":{"pli":"Cūḷabodhijātakaṃ pañcamaṃ. ","html":"<p class='endsutta'>{}</p></article>"}},"ja444":{"ja444:0.1":{"pli":"Jātaka ","html":"<article id='ja444'><header><ul><li class='division'>{}</li>"},"ja444:0.2":{"pli":"Dasakanipāta ","html":"<li>{}</li>"},"ja444:0.3":{"pli":"Catudvāravagga ","html":"<li>{}</li></ul>"},"ja444:0.4":{"pli":"6. Kaṇhadīpāyanajātaka ","html":"<h1 class='sutta-title'>{}</h1></header>"},"ja444:1.1":{"pli":"“Sattāhamevāhaṃ pasannacitto, ","html":"<blockquote class='gatha'><p><span class='verse-line'>{}</span>"},"ja444:1.2":{"pli":"Puññatthiko ācariṃ brahmacariyaṃ; ","html":"<span class='verse-line'>{}</span>"},"ja444:1.3":{"pli":"Athāparaṃ yaṃ caritaṃ mamedaṃ, ","html":"<span class='verse-line'>{}</span>"},"ja444:1.4":{"pli":"Vassāni paññāsa samādhikāni; ","html":"<span class='verse-line'>{}</span>"},"ja444:1.5":{"pli":"Akāmakovāpi ahaṃ carāmi, ","html":"<span class='verse-line'>{}</span>"},"ja444:1.6":{"pli":"Etena saccena suvatthi hotu; ","html":"<span class='verse-line'>{}</span>"},"ja444:1.7":{"pli":"Hataṃ visaṃ jīvatu yaññadatto”. ","html":"<span class='verse-line'>{}</span></p>"},"ja444:2.1":{"pli":"“Yasmā dānaṃ nābhinandiṃ kadāci, ","html":"<p><span class='verse-line'>{}</span>"},"ja444:2.2":{"pli":"Disvānahaṃ atithiṃ vāsakāle; ","html":"<span class='verse-line'>{}</span>"},"ja444:2.3":{"pli":"Na cāpi me appiyataṃ aveduṃ, ","html":"<span class='verse-line'>{}</span>"},"ja444:2.4":{"pli":"Bahussutā samaṇabrāhmaṇā ca”. ","html":"<span class='verse-line'>{}</span>"},"ja444:2.5":{"pli":"Akāmakovāpi ahaṃ dadāmi, ","html":"<span class='verse-line'>{}</span>"},"ja444:2.6":{"pli":"Etena saccena suvatthi hotu; ","html":"<span class='verse-line'>{}</span>"},"ja444:2.7":{"pli":"Hataṃ visaṃ jīvatu yaññadatto. ","html":"<span class='verse-line'>{}</span></p>"},"ja444:3.1":{"pli":"“Āsīviso tāta pahūtatejo, ","html":"<p><span class='verse-line'>{}</span>"},"ja444:3.2":{"pli":"Yo taṃ adaṃsī sacarā udicca; ","html":"<span class='verse-line'>{}</span>"},"ja444:3.3":{"pli":"Tasmiñca me appiyatāya ajja, ","html":"<span class='verse-line'>{}</span>"},"ja444:3.4":{"pli":"Pitari ca te natthi koci viseso; ","html":"<span class='verse-line'>{}</span>"},"ja444:3.5":{"pli":"Etena saccena suvatthi hotu, ","html":"<span class='verse-line'>{}</span>"},"ja444:3.6":{"pli":"Hataṃ visaṃ jīvatu yaññadatto”. ","html":"<span class='verse-line'>{}</span></p>"},"ja444:4.1":{"pli":"“Santā dantāyeva paribbajanti, ","html":"<p><span class='verse-line'>{}</span>"},"ja444:4.2":{"pli":"Aññatra kaṇhā natthākāmarūpā; ","html":"<span class='verse-line'>{}</span>"},"ja444:4.3":{"pli":"Dīpāyana kissa jigucchamāno, ","html":"<span class='verse-line'>{}</span>"},"ja444:4.4":{"pli":"Akāmako carasi brahmacariyaṃ”. ","html":"<span class='verse-line'>{}</span></p>"},"ja444:5.1":{"pli":"“Saddhāya nikkhamma punaṃ nivatto, ","html":"<p><span class='verse-line'>{}</span>"},"ja444:5.2":{"pli":"So eḷamūgova bālo vatāyaṃ; ","html":"<span class='verse-line'>{}</span>"},"ja444:5.3":{"pli":"Etassa vādassa jigucchamāno, ","html":"<span class='verse-line'>{}</span>"},"ja444:5.4":{"pli":"Akāmako carāmi brahmacariyaṃ; ","html":"<span class='verse-line'>{}</span>"},"ja444:5.5":{"pli":"Viññuppasatthañca satañca ṭhānaṃ, ","html":"<span class='verse-line'>{}</span>"},"ja444:5.6":{"pli":"Evampahaṃ puññakaro bhavāmi”. ","html":"<span class='verse-line'>{}</span></p>"},"ja444:6.1":{"pli":"“Samaṇe tuvaṃ brāhmaṇe addhike ca, ","html":"<p><span class='verse-line'>{}</span>"},"ja444:6.2":{"pli":"Santappayāsi annapānena bhikkhaṃ; ","html":"<span class='verse-line'>{}</span>"},"ja444:6.3":{"pli":"Opānabhūtaṃva gharaṃ tava yidaṃ, ","html":"<span class='verse-line'>{}</span>"},"ja444:6.4":{"pli":"Annena pānena upetarūpaṃ; ","html":"<span class='verse-line'>{}</span>"},"ja444:6.5":{"pli":"Atha kissa vādassa jigucchamāno, ","html":"<span class='verse-line'>{}</span>"},"ja444:6.6":{"pli":"Akāmako dānamimaṃ dadāsi”. ","html":"<span class='verse-line'>{}</span></p>"},"ja444:7.1":{"pli":"“Pitaro ca me āsuṃ pitāmahā ca, ","html":"<p><span class='verse-line'>{}</span>"},"ja444:7.2":{"pli":"Saddhā ahuṃ dānapatī vadaññū; ","html":"<span class='verse-line'>{}</span>"},"ja444:7.3":{"pli":"Taṃ kullavattaṃ anuvattamāno, ","html":"<span class='verse-line'>{}</span>"},"ja444:7.4":{"pli":"Māhaṃ kule antimagandhano ahuṃ; ","html":"<span class='verse-line'>{}</span>"},"ja444:7.5":{"pli":"Etassa vādassa jigucchamāno, ","html":"<span class='verse-line'>{}</span>"},"ja444:7.6":{"pli":"Akāmako dānamimaṃ dadāmi”. ","html":"<span class='verse-line'>{}</span></p>"},"ja444:8.1":{"pli":"“Dahariṃ kumāriṃ asamatthapaññaṃ, ","html":"<p><span class='verse-line'>{}</span>"},"ja444:8.2":{"pli":"Yaṃ tānayiṃ ñātikulā sugatte; ","html":"<span class='verse-line'>{}</span>"},"ja444:8.3":{"pli":"Na cāpi me appiyataṃ avedi, ","html":"<span class='verse-line'>{}</span>"},"ja444:8.4":{"pli":"Aññatra kāmā paricārayantā; ","html":"<span class='verse-line'>{}</span>"},"ja444:8.5":{"pli":"Atha kena vaṇṇena mayā te bhoti, ","html":"<span class='verse-line'>{}</span>"},"ja444:8.6":{"pli":"Saṃvāsadhammo ahu evarūpo”. ","html":"<span class='verse-line'>{}</span></p>"},"ja444:9.1":{"pli":"“Ārā dūre nayidha kadāci atthi, ","html":"<p><span class='verse-line'>{}</span>"},"ja444:9.2":{"pli":"Paramparā nāma kule imasmiṃ; ","html":"<span class='verse-line'>{}</span>"},"ja444:9.3":{"pli":"Taṃ kullavattaṃ anuvattamānā, ","html":"<span class='verse-line'>{}</span>"},"ja444:9.4":{"pli":"Māhaṃ kule antimagandhinī ahuṃ; ","html":"<span class='verse-line'>{}</span>"},"ja444:9.5":{"pli":"Etassa vādassa jigucchamānā, ","html":"<span class='verse-line'>{}</span>"},"ja444:9.6":{"pli":"Akāmikā paddhacarāmhi tuyhaṃ”. ","html":"<span class='verse-line'>{}</span></p>"},"ja444:10.1":{"pli":"“Maṇḍabya bhāsiṃ yamabhāsaneyyaṃ, ","html":"<p><span class='verse-line'>{}</span>"},"ja444:10.2":{"pli":"Taṃ khamyataṃ puttakahetu majja; ","html":"<span class='verse-line'>{}</span>"},"ja444:10.3":{"pli":"Puttapemā na idha paratthi kiñci, ","html":"<span class='verse-line'>{}</span>"},"ja444:10.4":{"pli":"So no ayaṃ jīvati yaññadatto”ti. ","html":"<span class='verse-line'>{}</span></p></blockquote>"},"ja444:11.1":{"pli":"Kaṇhadīpāyanajātakaṃ chaṭṭhaṃ. ","html":"<p class='endsutta'>{}</p></article>"}},"ja445":{"ja445:0.1":{"pli":"Jātaka ","html":"<article id='ja445'><header><ul><li class='division'>{}</li>"},"ja445:0.2":{"pli":"Dasakanipāta ","html":"<li>{}</li>"},"ja445:0.3":{"pli":"Catudvāravagga ","html":"<li>{}</li></ul>"},"ja445:0.4":{"pli":"7. Nigrodhajātaka ","html":"<h1 class='sutta-title'>{}</h1></header>"},"ja445:1.1":{"pli":"“Na vāhametaṃ jānāmi, ","html":"<blockquote class='gatha'><p><span class='verse-line'>{}</span>"},"ja445:1.2":{"pli":"ko vāyaṃ kassa vāti vā; ","html":"<span class='verse-line'>{}</span>"},"ja445:1.3":{"pli":"Yathā sākho cari evaṃ, ","html":"<span class='verse-line'>{}</span>"},"ja445:1.4":{"pli":"nigrodha kinti maññasi. ","html":"<span class='verse-line'>{}</span></p>"},"ja445:2.1":{"pli":"Tato galavinītena, ","html":"<p><span class='verse-line'>{}</span>"},"ja445:2.2":{"pli":"purisā nīhariṃsu maṃ; ","html":"<span class='verse-line'>{}</span>"},"ja445:2.3":{"pli":"Datvā mukhapahārāni, ","html":"<span class='verse-line'>{}</span>"},"ja445:2.4":{"pli":"sākhassa vacanaṅkarā. ","html":"<span class='verse-line'>{}</span></p>"},"ja445:3.1":{"pli":"Etādisaṃ dummatinā, ","html":"<p><span class='verse-line'>{}</span>"},"ja445:3.2":{"pli":"akataññuna dubbhinā; ","html":"<span class='verse-line'>{}</span>"},"ja445:3.3":{"pli":"Kataṃ anariyaṃ sākhena, ","html":"<span class='verse-line'>{}</span>"},"ja445:3.4":{"pli":"sakhinā te janādhipa”. ","html":"<span class='verse-line'>{}</span></p>"},"ja445:4.1":{"pli":"“Na vāhametaṃ jānāmi, ","html":"<p><span class='verse-line'>{}</span>"},"ja445:4.2":{"pli":"napi me koci saṃsati; ","html":"<span class='verse-line'>{}</span>"},"ja445:4.3":{"pli":"Yaṃ me tvaṃ samma akkhāsi, ","html":"<span class='verse-line'>{}</span>"},"ja445:4.4":{"pli":"sākhena kāraṇaṃ kataṃ. ","html":"<span class='verse-line'>{}</span></p>"},"ja445:5.1":{"pli":"Sakhīnaṃ sājīvakaro, ","html":"<p><span class='verse-line'>{}</span>"},"ja445:5.2":{"pli":"mama sākhassa cūbhayaṃ; ","html":"<span class='verse-line'>{}</span>"},"ja445:5.3":{"pli":"Tvaṃ nosissariyaṃ dātā, ","html":"<span class='verse-line'>{}</span>"},"ja445:5.4":{"pli":"manussesu mahantataṃ; ","html":"<span class='verse-line'>{}</span>"},"ja445:5.5":{"pli":"Tayāmā labbhitā iddhī, ","html":"<span class='verse-line'>{}</span>"},"ja445:5.6":{"pli":"ettha me natthi saṃsayo. ","html":"<span class='verse-line'>{}</span></p>"},"ja445:6.1":{"pli":"Yathāpi bījamaggimhi, ","html":"<p><span class='verse-line'>{}</span>"},"ja445:6.2":{"pli":"ḍayhati na virūhati; ","html":"<span class='verse-line'>{}</span>"},"ja445:6.3":{"pli":"Evaṃ kataṃ asappurise, ","html":"<span class='verse-line'>{}</span>"},"ja445:6.4":{"pli":"nassati na virūhati. ","html":"<span class='verse-line'>{}</span></p>"},"ja445:7.1":{"pli":"Kataññumhi ca posamhi, ","html":"<p><span class='verse-line'>{}</span>"},"ja445:7.2":{"pli":"Sīlavante ariyavuttine; ","html":"<span class='verse-line'>{}</span>"},"ja445:7.3":{"pli":"Sukhette viya bījāni, ","html":"<span class='verse-line'>{}</span>"},"ja445:7.4":{"pli":"Kataṃ tamhi na nassati”. ","html":"<span class='verse-line'>{}</span></p>"},"ja445:8.1":{"pli":"“Imaṃ jammaṃ nekatikaṃ, ","html":"<p><span class='verse-line'>{}</span>"},"ja445:8.2":{"pli":"asappurisacintakaṃ; ","html":"<span class='verse-line'>{}</span>"},"ja445:8.3":{"pli":"Hanantu sākhaṃ sattīhi, ","html":"<span class='verse-line'>{}</span>"},"ja445:8.4":{"pli":"nāssa icchāmi jīvitaṃ”. ","html":"<span class='verse-line'>{}</span></p>"},"ja445:9.1":{"pli":"“Khamatassa mahārāja, ","html":"<p><span class='verse-line'>{}</span>"},"ja445:9.2":{"pli":"Pāṇā na paṭiānayā; ","html":"<span class='verse-line'>{}</span>"},"ja445:9.3":{"pli":"Khama deva asappurisassa, ","html":"<span class='verse-line'>{}</span>"},"ja445:9.4":{"pli":"Nāssa icchāmahaṃ vadhaṃ”. ","html":"<span class='verse-line'>{}</span></p>"},"ja445:10.1":{"pli":"“Nigrodhameva seveyya, ","html":"<p><span class='verse-line'>{}</span>"},"ja445:10.2":{"pli":"na sākhamupasaṃvase; ","html":"<span class='verse-line'>{}</span>"},"ja445:10.3":{"pli":"Nigrodhasmiṃ mataṃ seyyo, ","html":"<span class='verse-line'>{}</span>"},"ja445:10.4":{"pli":"yañce sākhasmi jīvitan”ti. ","html":"<span class='verse-line'>{}</span></p></blockquote>"},"ja445:11.1":{"pli":"Nigrodhajātakaṃ sattamaṃ. ","html":"<p class='endsutta'>{}</p></article>"}}}