{"ja531":{"ja531:0.1":{"pli":"Jātaka ","html":"<article id='ja531'><header><ul><li class='division'>{}</li>"},"ja531:0.2":{"pli":"Sattatinipāta ","html":"<li>{}</li>"},"ja531:0.3":{"pli":"Kusavagga ","html":"<li>{}</li></ul>"},"ja531:0.4":{"pli":"1. Kusajātaka ","html":"<h1 class='sutta-title'>{}</h1></header>"},"ja531:1.1":{"pli":"“Idaṃ te raṭṭhaṃ sadhanaṃ sayoggaṃ, ","html":"<blockquote class='gatha'><p><span class='verse-line'>{}</span>"},"ja531:1.2":{"pli":"Sakāyuraṃ sabbakāmūpapannaṃ; ","html":"<span class='verse-line'>{}</span>"},"ja531:1.3":{"pli":"Idaṃ te rajjaṃ anusāsa amma, ","html":"<span class='verse-line'>{}</span>"},"ja531:1.4":{"pli":"Gacchāmahaṃ yattha piyā pabhāvatī”. ","html":"<span class='verse-line'>{}</span></p>"},"ja531:2.1":{"pli":"“Anujjubhūtena haraṃ mahantaṃ, ","html":"<p><span class='verse-line'>{}</span>"},"ja531:2.2":{"pli":"Divā ca ratto ca nisīthakāle; ","html":"<span class='verse-line'>{}</span>"},"ja531:2.3":{"pli":"Paṭigaccha tvaṃ khippaṃ kusāvatiṃ kusa, ","html":"<span class='verse-line'>{}</span>"},"ja531:2.4":{"pli":"Nicchāmi dubbaṇṇamahaṃ vasantaṃ”. ","html":"<span class='verse-line'>{}</span></p>"},"ja531:3.1":{"pli":"“Nāhaṃ gamissāmi ito kusāvatiṃ, ","html":"<p><span class='verse-line'>{}</span>"},"ja531:3.2":{"pli":"Pabhāvatī vaṇṇapalobhito tava; ","html":"<span class='verse-line'>{}</span>"},"ja531:3.3":{"pli":"Ramāmi maddassa niketaramme, ","html":"<span class='verse-line'>{}</span>"},"ja531:3.4":{"pli":"Hitvāna raṭṭhaṃ tava dassane rato. ","html":"<span class='verse-line'>{}</span></p>"},"ja531:4.1":{"pli":"Pabhāvatī vaṇṇapalobhito tava, ","html":"<p><span class='verse-line'>{}</span>"},"ja531:4.2":{"pli":"Sammūḷharūpo vicarāmi mediniṃ; ","html":"<span class='verse-line'>{}</span>"},"ja531:4.3":{"pli":"Disaṃ na jānāmi kutomhi āgato, ","html":"<span class='verse-line'>{}</span>"},"ja531:4.4":{"pli":"Tayamhi matto migamandalocane. ","html":"<span class='verse-line'>{}</span></p>"},"ja531:5.1":{"pli":"Suvaṇṇacīravasane, ","html":"<p><span class='verse-line'>{}</span>"},"ja531:5.2":{"pli":"jātarūpasumekhale; ","html":"<span class='verse-line'>{}</span>"},"ja531:5.3":{"pli":"Sussoṇi tava kāmā hi, ","html":"<span class='verse-line'>{}</span>"},"ja531:5.4":{"pli":"nāhaṃ rajjena matthiko”. ","html":"<span class='verse-line'>{}</span></p>"},"ja531:6.1":{"pli":"“Abbhūti tassa bho hoti, ","html":"<p><span class='verse-line'>{}</span>"},"ja531:6.2":{"pli":"yo anicchantamicchati; ","html":"<span class='verse-line'>{}</span>"},"ja531:6.3":{"pli":"Akāmaṃ rāja kāmesi, ","html":"<span class='verse-line'>{}</span>"},"ja531:6.4":{"pli":"akantaṃ kantumicchasi”. ","html":"<span class='verse-line'>{}</span></p>"},"ja531:7.1":{"pli":"“Akāmaṃ vā sakāmaṃ vā, ","html":"<p><span class='verse-line'>{}</span>"},"ja531:7.2":{"pli":"yo naro labhate piyaṃ; ","html":"<span class='verse-line'>{}</span>"},"ja531:7.3":{"pli":"Lābhamettha pasaṃsāma, ","html":"<span class='verse-line'>{}</span>"},"ja531:7.4":{"pli":"alābho tattha pāpako”. ","html":"<span class='verse-line'>{}</span></p>"},"ja531:8.1":{"pli":"“Pāsāṇasāraṃ khaṇasi, ","html":"<p><span class='verse-line'>{}</span>"},"ja531:8.2":{"pli":"kaṇikārassa dārunā; ","html":"<span class='verse-line'>{}</span>"},"ja531:8.3":{"pli":"Vātaṃ jālena bādhesi, ","html":"<span class='verse-line'>{}</span>"},"ja531:8.4":{"pli":"yo anicchantamicchasi”. ","html":"<span class='verse-line'>{}</span></p>"},"ja531:9.1":{"pli":"“Pāsāṇo nūna te hadaye, ","html":"<p><span class='verse-line'>{}</span>"},"ja531:9.2":{"pli":"ohito mudulakkhaṇe; ","html":"<span class='verse-line'>{}</span>"},"ja531:9.3":{"pli":"Yo te sātaṃ na vindāmi, ","html":"<span class='verse-line'>{}</span>"},"ja531:9.4":{"pli":"tirojanapadāgato. ","html":"<span class='verse-line'>{}</span></p>"},"ja531:10.1":{"pli":"Yadā maṃ bhakuṭiṃ katvā, ","html":"<p><span class='verse-line'>{}</span>"},"ja531:10.2":{"pli":"rājaputtī udikkhati; ","html":"<span class='verse-line'>{}</span>"},"ja531:10.3":{"pli":"Āḷāriko tadā homi, ","html":"<span class='verse-line'>{}</span>"},"ja531:10.4":{"pli":"rañño maddassantepure. ","html":"<span class='verse-line'>{}</span></p>"},"ja531:11.1":{"pli":"Yadā umhayamānā maṃ, ","html":"<p><span class='verse-line'>{}</span>"},"ja531:11.2":{"pli":"rājaputtī udikkhati; ","html":"<span class='verse-line'>{}</span>"},"ja531:11.3":{"pli":"Nāḷāriko tadā homi, ","html":"<span class='verse-line'>{}</span>"},"ja531:11.4":{"pli":"rājā homi tadā kuso”. ","html":"<span class='verse-line'>{}</span></p>"},"ja531:12.1":{"pli":"“Sace hi vacanaṃ saccaṃ, ","html":"<p><span class='verse-line'>{}</span>"},"ja531:12.2":{"pli":"nemittānaṃ bhavissati; ","html":"<span class='verse-line'>{}</span>"},"ja531:12.3":{"pli":"Neva me tvaṃ patī assa, ","html":"<span class='verse-line'>{}</span>"},"ja531:12.4":{"pli":"kāmaṃ chindantu sattadhā”. ","html":"<span class='verse-line'>{}</span></p>"},"ja531:13.1":{"pli":"“Sace hi vacanaṃ saccaṃ, ","html":"<p><span class='verse-line'>{}</span>"},"ja531:13.2":{"pli":"aññesaṃ yadi vā mamaṃ; ","html":"<span class='verse-line'>{}</span>"},"ja531:13.3":{"pli":"Neva tuyhaṃ patī atthi, ","html":"<span class='verse-line'>{}</span>"},"ja531:13.4":{"pli":"añño sīhassarā kusā”. ","html":"<span class='verse-line'>{}</span></p>"},"ja531:14.1":{"pli":"“Nekkhaṃ gīvaṃ te kāressaṃ, ","html":"<p><span class='verse-line'>{}</span>"},"ja531:14.2":{"pli":"patvā khujje kusāvatiṃ; ","html":"<span class='verse-line'>{}</span>"},"ja531:14.3":{"pli":"Sace maṃ nāganāsūrū, ","html":"<span class='verse-line'>{}</span>"},"ja531:14.4":{"pli":"olokeyya pabhāvatī. ","html":"<span class='verse-line'>{}</span></p>"},"ja531:15.1":{"pli":"Nekkhaṃ gīvaṃ te kāressaṃ, ","html":"<p><span class='verse-line'>{}</span>"},"ja531:15.2":{"pli":"patvā khujje kusāvatiṃ; ","html":"<span class='verse-line'>{}</span>"},"ja531:15.3":{"pli":"Sace maṃ nāganāsūrū, ","html":"<span class='verse-line'>{}</span>"},"ja531:15.4":{"pli":"ālapeyya pabhāvatī. ","html":"<span class='verse-line'>{}</span></p>"},"ja531:16.1":{"pli":"Nekkhaṃ gīvaṃ te kāressaṃ, ","html":"<p><span class='verse-line'>{}</span>"},"ja531:16.2":{"pli":"patvā khujje kusāvatiṃ; ","html":"<span class='verse-line'>{}</span>"},"ja531:16.3":{"pli":"Sace maṃ nāganāsūrū, ","html":"<span class='verse-line'>{}</span>"},"ja531:16.4":{"pli":"umhāyeyya pabhāvatī. ","html":"<span class='verse-line'>{}</span></p>"},"ja531:17.1":{"pli":"Nekkhaṃ gīvaṃ te kāressaṃ, ","html":"<p><span class='verse-line'>{}</span>"},"ja531:17.2":{"pli":"patvā khujje kusāvatiṃ; ","html":"<span class='verse-line'>{}</span>"},"ja531:17.3":{"pli":"Sace maṃ nāganāsūrū, ","html":"<span class='verse-line'>{}</span>"},"ja531:17.4":{"pli":"pamhāyeyya pabhāvatī. ","html":"<span class='verse-line'>{}</span></p>"},"ja531:18.1":{"pli":"Nekkhaṃ gīvaṃ te kāressaṃ, ","html":"<p><span class='verse-line'>{}</span>"},"ja531:18.2":{"pli":"patvā khujje kusāvatiṃ; ","html":"<span class='verse-line'>{}</span>"},"ja531:18.3":{"pli":"Sace maṃ nāganāsūrū, ","html":"<span class='verse-line'>{}</span>"},"ja531:18.4":{"pli":"pāṇīhi upasamphuse”. ","html":"<span class='verse-line'>{}</span></p>"},"ja531:19.1":{"pli":"“Na hi nūnāyaṃ rājaputtī, ","html":"<p><span class='verse-line'>{}</span>"},"ja531:19.2":{"pli":"kuse sātampi vindati; ","html":"<span class='verse-line'>{}</span>"},"ja531:19.3":{"pli":"Āḷārike bhate pose, ","html":"<span class='verse-line'>{}</span>"},"ja531:19.4":{"pli":"vetanena anatthike”. ","html":"<span class='verse-line'>{}</span></p>"},"ja531:20.1":{"pli":"“Na hi nūnāyaṃ sā khujjā, ","html":"<p><span class='verse-line'>{}</span>"},"ja531:20.2":{"pli":"labhati jivhāya chedanaṃ; ","html":"<span class='verse-line'>{}</span>"},"ja531:20.3":{"pli":"Sunisitena satthena, ","html":"<span class='verse-line'>{}</span>"},"ja531:20.4":{"pli":"evaṃ dubbhāsitaṃ bhaṇaṃ”. ","html":"<span class='verse-line'>{}</span></p>"},"ja531:21.1":{"pli":"“Mā naṃ rūpena pāmesi, ","html":"<p><span class='verse-line'>{}</span>"},"ja531:21.2":{"pli":"ārohena pabhāvati; ","html":"<span class='verse-line'>{}</span>"},"ja531:21.3":{"pli":"Mahāyasoti katvāna, ","html":"<span class='verse-line'>{}</span>"},"ja531:21.4":{"pli":"karassu rucire piyaṃ. ","html":"<span class='verse-line'>{}</span></p>"},"ja531:22.1":{"pli":"Mā naṃ rūpena pāmesi, ","html":"<p><span class='verse-line'>{}</span>"},"ja531:22.2":{"pli":"ārohena pabhāvati; ","html":"<span class='verse-line'>{}</span>"},"ja531:22.3":{"pli":"Mahaddhanoti katvāna, ","html":"<span class='verse-line'>{}</span>"},"ja531:22.4":{"pli":"karassu rucire piyaṃ. ","html":"<span class='verse-line'>{}</span></p>"},"ja531:23.1":{"pli":"Mā naṃ rūpena pāmesi, ","html":"<p><span class='verse-line'>{}</span>"},"ja531:23.2":{"pli":"ārohena pabhāvati; ","html":"<span class='verse-line'>{}</span>"},"ja531:23.3":{"pli":"Mahabbaloti katvāna, ","html":"<span class='verse-line'>{}</span>"},"ja531:23.4":{"pli":"karassu rucire piyaṃ. ","html":"<span class='verse-line'>{}</span></p>"},"ja531:24.1":{"pli":"Mā naṃ rūpena pāmesi, ","html":"<p><span class='verse-line'>{}</span>"},"ja531:24.2":{"pli":"ārohena pabhāvati; ","html":"<span class='verse-line'>{}</span>"},"ja531:24.3":{"pli":"Mahāraṭṭhoti katvāna, ","html":"<span class='verse-line'>{}</span>"},"ja531:24.4":{"pli":"karassu rucire piyaṃ. ","html":"<span class='verse-line'>{}</span></p>"},"ja531:25.1":{"pli":"Mā naṃ rūpena pāmesi, ","html":"<p><span class='verse-line'>{}</span>"},"ja531:25.2":{"pli":"ārohena pabhāvati; ","html":"<span class='verse-line'>{}</span>"},"ja531:25.3":{"pli":"Mahārājāti katvāna, ","html":"<span class='verse-line'>{}</span>"},"ja531:25.4":{"pli":"karassu rucire piyaṃ. ","html":"<span class='verse-line'>{}</span></p>"},"ja531:26.1":{"pli":"Mā naṃ rūpena pāmesi, ","html":"<p><span class='verse-line'>{}</span>"},"ja531:26.2":{"pli":"ārohena pabhāvati; ","html":"<span class='verse-line'>{}</span>"},"ja531:26.3":{"pli":"Sīhassaroti katvāna, ","html":"<span class='verse-line'>{}</span>"},"ja531:26.4":{"pli":"karassu rucire piyaṃ. ","html":"<span class='verse-line'>{}</span></p>"},"ja531:27.1":{"pli":"Mā naṃ rūpena pāmesi, ","html":"<p><span class='verse-line'>{}</span>"},"ja531:27.2":{"pli":"ārohena pabhāvati; ","html":"<span class='verse-line'>{}</span>"},"ja531:27.3":{"pli":"Vaggussaroti katvāna, ","html":"<span class='verse-line'>{}</span>"},"ja531:27.4":{"pli":"karassu rucire piyaṃ. ","html":"<span class='verse-line'>{}</span></p>"},"ja531:28.1":{"pli":"Mā naṃ rūpena pāmesi, ","html":"<p><span class='verse-line'>{}</span>"},"ja531:28.2":{"pli":"ārohena pabhāvati; ","html":"<span class='verse-line'>{}</span>"},"ja531:28.3":{"pli":"Bindussaroti katvāna, ","html":"<span class='verse-line'>{}</span>"},"ja531:28.4":{"pli":"karassu rucire piyaṃ. ","html":"<span class='verse-line'>{}</span></p>"},"ja531:29.1":{"pli":"Mā naṃ rūpena pāmesi, ","html":"<p><span class='verse-line'>{}</span>"},"ja531:29.2":{"pli":"ārohena pabhāvati; ","html":"<span class='verse-line'>{}</span>"},"ja531:29.3":{"pli":"Mañjussaroti katvāna, ","html":"<span class='verse-line'>{}</span>"},"ja531:29.4":{"pli":"karassu rucire piyaṃ. ","html":"<span class='verse-line'>{}</span></p>"},"ja531:30.1":{"pli":"Mā naṃ rūpena pāmesi, ","html":"<p><span class='verse-line'>{}</span>"},"ja531:30.2":{"pli":"ārohena pabhāvati; ","html":"<span class='verse-line'>{}</span>"},"ja531:30.3":{"pli":"Madhussaroti katvāna, ","html":"<span class='verse-line'>{}</span>"},"ja531:30.4":{"pli":"karassu rucire piyaṃ. ","html":"<span class='verse-line'>{}</span></p>"},"ja531:31.1":{"pli":"Mā naṃ rūpena pāmesi, ","html":"<p><span class='verse-line'>{}</span>"},"ja531:31.2":{"pli":"ārohena pabhāvati; ","html":"<span class='verse-line'>{}</span>"},"ja531:31.3":{"pli":"Satasippoti katvāna, ","html":"<span class='verse-line'>{}</span>"},"ja531:31.4":{"pli":"karassu rucire piyaṃ. ","html":"<span class='verse-line'>{}</span></p>"},"ja531:32.1":{"pli":"Mā naṃ rūpena pāmesi, ","html":"<p><span class='verse-line'>{}</span>"},"ja531:32.2":{"pli":"ārohena pabhāvati; ","html":"<span class='verse-line'>{}</span>"},"ja531:32.3":{"pli":"Khattiyotipi katvāna, ","html":"<span class='verse-line'>{}</span>"},"ja531:32.4":{"pli":"karassu rucire piyaṃ. ","html":"<span class='verse-line'>{}</span></p>"},"ja531:33.1":{"pli":"Mā naṃ rūpena pāmesi, ","html":"<p><span class='verse-line'>{}</span>"},"ja531:33.2":{"pli":"ārohena pabhāvati; ","html":"<span class='verse-line'>{}</span>"},"ja531:33.3":{"pli":"Kusarājāti katvāna, ","html":"<span class='verse-line'>{}</span>"},"ja531:33.4":{"pli":"karassu rucire piyaṃ”. ","html":"<span class='verse-line'>{}</span></p>"},"ja531:34.1":{"pli":"“Ete nāgā upatthaddhā, ","html":"<p><span class='verse-line'>{}</span>"},"ja531:34.2":{"pli":"sabbe tiṭṭhanti vammitā; ","html":"<span class='verse-line'>{}</span>"},"ja531:34.3":{"pli":"Purā maddanti pākāraṃ, ","html":"<span class='verse-line'>{}</span>"},"ja531:34.4":{"pli":"ānentetaṃ pabhāvatiṃ”. ","html":"<span class='verse-line'>{}</span></p>"},"ja531:35.1":{"pli":"“Satta bile karitvāna, ","html":"<p><span class='verse-line'>{}</span>"},"ja531:35.2":{"pli":"ahametaṃ pabhāvatiṃ; ","html":"<span class='verse-line'>{}</span>"},"ja531:35.3":{"pli":"Khattiyānaṃ padassāmi, ","html":"<span class='verse-line'>{}</span>"},"ja531:35.4":{"pli":"ye maṃ hantuṃ idhāgatā”. ","html":"<span class='verse-line'>{}</span></p>"},"ja531:36.1":{"pli":"“Avuṭṭhahi rājaputtī, ","html":"<p><span class='verse-line'>{}</span>"},"ja531:36.2":{"pli":"sāmā koseyyavāsinī; ","html":"<span class='verse-line'>{}</span>"},"ja531:36.3":{"pli":"Assupuṇṇehi nettehi, ","html":"<span class='verse-line'>{}</span>"},"ja531:36.4":{"pli":"dāsīgaṇapurakkhatā”. ","html":"<span class='verse-line'>{}</span></p>"},"ja531:37.1":{"pli":"“Taṃ nūna kakkūpanisevitaṃ mukhaṃ, ","html":"<p><span class='verse-line'>{}</span>"},"ja531:37.2":{"pli":"Ādāsadantātharupaccavekkhitaṃ; ","html":"<span class='verse-line'>{}</span>"},"ja531:37.3":{"pli":"Subhaṃ sunettaṃ virajaṃ anaṅgaṇaṃ, ","html":"<span class='verse-line'>{}</span>"},"ja531:37.4":{"pli":"Chuddhaṃ vane ṭhassati khattiyehi. ","html":"<span class='verse-line'>{}</span></p>"},"ja531:38.1":{"pli":"Te nūna me asite vellitagge, ","html":"<p><span class='verse-line'>{}</span>"},"ja531:38.2":{"pli":"Kese mudū candanasāralitte; ","html":"<span class='verse-line'>{}</span>"},"ja531:38.3":{"pli":"Samākule sīvathikāya majjhe, ","html":"<span class='verse-line'>{}</span>"},"ja531:38.4":{"pli":"Pādehi gijjhā parikaḍḍhissanti. ","html":"<span class='verse-line'>{}</span></p>"},"ja531:39.1":{"pli":"Tā nūna me tambanakhā sulomā, ","html":"<p><span class='verse-line'>{}</span>"},"ja531:39.2":{"pli":"Bāhā mudū candanasāralittā; ","html":"<span class='verse-line'>{}</span>"},"ja531:39.3":{"pli":"Chinnā vane ujjhitā khattiyehi, ","html":"<span class='verse-line'>{}</span>"},"ja531:39.4":{"pli":"Gayha dhaṅko gacchati yenakāmaṃ. ","html":"<span class='verse-line'>{}</span></p>"},"ja531:40.1":{"pli":"Te nūna tālūpanibhe alambe, ","html":"<p><span class='verse-line'>{}</span>"},"ja531:40.2":{"pli":"Nisevite kāsikacandanena; ","html":"<span class='verse-line'>{}</span>"},"ja531:40.3":{"pli":"Thanesu me lambissati siṅgālo, ","html":"<span class='verse-line'>{}</span>"},"ja531:40.4":{"pli":"Mātūva putto taruṇo tanūjo. ","html":"<span class='verse-line'>{}</span></p>"},"ja531:41.1":{"pli":"Taṃ nūna soṇiṃ puthulaṃ sukoṭṭitaṃ, ","html":"<p><span class='verse-line'>{}</span>"},"ja531:41.2":{"pli":"Nisevitaṃ kañcanamekhalāhi; ","html":"<span class='verse-line'>{}</span>"},"ja531:41.3":{"pli":"Chinnaṃ vane khattiyehī avatthaṃ, ","html":"<span class='verse-line'>{}</span>"},"ja531:41.4":{"pli":"Siṅgālasaṅghā parikaḍḍhissanti. ","html":"<span class='verse-line'>{}</span></p>"},"ja531:42.1":{"pli":"Soṇā dhaṅkā siṅgālā ca, ","html":"<p><span class='verse-line'>{}</span>"},"ja531:42.2":{"pli":"ye caññe santi dāṭhino; ","html":"<span class='verse-line'>{}</span>"},"ja531:42.3":{"pli":"Ajarā nūna hessanti, ","html":"<span class='verse-line'>{}</span>"},"ja531:42.4":{"pli":"bhakkhayitvā pabhāvatiṃ. ","html":"<span class='verse-line'>{}</span></p>"},"ja531:43.1":{"pli":"Sace maṃsāni hariṃsu, ","html":"<p><span class='verse-line'>{}</span>"},"ja531:43.2":{"pli":"khattiyā dūragāmino; ","html":"<span class='verse-line'>{}</span>"},"ja531:43.3":{"pli":"Aṭṭhīni amma yācitvā, ","html":"<span class='verse-line'>{}</span>"},"ja531:43.4":{"pli":"anupathe dahātha naṃ. ","html":"<span class='verse-line'>{}</span></p>"},"ja531:44.1":{"pli":"Khettāni amma kāretvā, ","html":"<p><span class='verse-line'>{}</span>"},"ja531:44.2":{"pli":"kaṇikārettha ropaya; ","html":"<span class='verse-line'>{}</span>"},"ja531:44.3":{"pli":"Yadā te pupphitā assu, ","html":"<span class='verse-line'>{}</span>"},"ja531:44.4":{"pli":"hemantānaṃ himaccaye; ","html":"<span class='verse-line'>{}</span>"},"ja531:44.5":{"pli":"Sareyyātha mamaṃ amma, ","html":"<span class='verse-line'>{}</span>"},"ja531:44.6":{"pli":"evaṃvaṇṇā pabhāvatī”. ","html":"<span class='verse-line'>{}</span></p>"},"ja531:45.1":{"pli":"“Tassā mātā udaṭṭhāsi, ","html":"<p><span class='verse-line'>{}</span>"},"ja531:45.2":{"pli":"khattiyā devavaṇṇinī; ","html":"<span class='verse-line'>{}</span>"},"ja531:45.3":{"pli":"Disvā asiñca sūnañca, ","html":"<span class='verse-line'>{}</span>"},"ja531:45.4":{"pli":"rañño maddassantepure”. ","html":"<span class='verse-line'>{}</span></p>"},"ja531:46.1":{"pli":"“Iminā nūna asinā, ","html":"<p><span class='verse-line'>{}</span>"},"ja531:46.2":{"pli":"susaññaṃ tanumajjhimaṃ; ","html":"<span class='verse-line'>{}</span>"},"ja531:46.3":{"pli":"Dhītaraṃ madda hantvāna, ","html":"<span class='verse-line'>{}</span>"},"ja531:46.4":{"pli":"khattiyānaṃ padassasi. ","html":"<span class='verse-line'>{}</span></p>"},"ja531:47.1":{"pli":"Na me akāsi vacanaṃ, ","html":"<p><span class='verse-line'>{}</span>"},"ja531:47.2":{"pli":"atthakāmāya puttike; ","html":"<span class='verse-line'>{}</span>"},"ja531:47.3":{"pli":"Sājja lohitasañchannā, ","html":"<span class='verse-line'>{}</span>"},"ja531:47.4":{"pli":"gacchasi yamasādhanaṃ. ","html":"<span class='verse-line'>{}</span></p>"},"ja531:48.1":{"pli":"Evamāpajjatī poso, ","html":"<p><span class='verse-line'>{}</span>"},"ja531:48.2":{"pli":"pāpiyañca nigacchati; ","html":"<span class='verse-line'>{}</span>"},"ja531:48.3":{"pli":"Yo ve hitānaṃ vacanaṃ, ","html":"<span class='verse-line'>{}</span>"},"ja531:48.4":{"pli":"na karoti atthadassinaṃ. ","html":"<span class='verse-line'>{}</span></p>"},"ja531:49.1":{"pli":"Sace ca ajja dhāresi, ","html":"<p><span class='verse-line'>{}</span>"},"ja531:49.2":{"pli":"kumāraṃ cārudassanaṃ; ","html":"<span class='verse-line'>{}</span>"},"ja531:49.3":{"pli":"Kusena jātaṃ khattiyaṃ, ","html":"<span class='verse-line'>{}</span>"},"ja531:49.4":{"pli":"suvaṇṇamaṇimekhalaṃ; ","html":"<span class='verse-line'>{}</span>"},"ja531:49.5":{"pli":"Pūjitaṃ ñātisaṅghehi, ","html":"<span class='verse-line'>{}</span>"},"ja531:49.6":{"pli":"na gacchasi yamakkhayaṃ. ","html":"<span class='verse-line'>{}</span></p>"},"ja531:50.1":{"pli":"Yatthassu bherī nadati, ","html":"<p><span class='verse-line'>{}</span>"},"ja531:50.2":{"pli":"kuñjaro ca nikūjati; ","html":"<span class='verse-line'>{}</span>"},"ja531:50.3":{"pli":"Khattiyānaṃ kule bhadde, ","html":"<span class='verse-line'>{}</span>"},"ja531:50.4":{"pli":"kiṃ nu sukhataraṃ tato. ","html":"<span class='verse-line'>{}</span></p>"},"ja531:51.1":{"pli":"Asso ca sisati dvāre, ","html":"<p><span class='verse-line'>{}</span>"},"ja531:51.2":{"pli":"kumāro uparodati; ","html":"<span class='verse-line'>{}</span>"},"ja531:51.3":{"pli":"Khattiyānaṃ kule bhadde, ","html":"<span class='verse-line'>{}</span>"},"ja531:51.4":{"pli":"kiṃ nu sukhataraṃ tato. ","html":"<span class='verse-line'>{}</span></p>"},"ja531:52.1":{"pli":"Mayūrakoñcābhirude, ","html":"<p><span class='verse-line'>{}</span>"},"ja531:52.2":{"pli":"kokilābhinikūjite; ","html":"<span class='verse-line'>{}</span>"},"ja531:52.3":{"pli":"Khattiyānaṃ kule bhadde, ","html":"<span class='verse-line'>{}</span>"},"ja531:52.4":{"pli":"kiṃ nu sukhataraṃ tato”. ","html":"<span class='verse-line'>{}</span></p>"},"ja531:53.1":{"pli":"“Kahaṃ nu so sattumaddano, ","html":"<p><span class='verse-line'>{}</span>"},"ja531:53.2":{"pli":"pararaṭṭhappamaddano; ","html":"<span class='verse-line'>{}</span>"},"ja531:53.3":{"pli":"Kuso soḷārapaññāṇo, ","html":"<span class='verse-line'>{}</span>"},"ja531:53.4":{"pli":"yo no dukkhā pamocaye”. ","html":"<span class='verse-line'>{}</span></p>"},"ja531:54.1":{"pli":"“Idheva so sattumaddano, ","html":"<p><span class='verse-line'>{}</span>"},"ja531:54.2":{"pli":"pararaṭṭhappamaddano; ","html":"<span class='verse-line'>{}</span>"},"ja531:54.3":{"pli":"Kuso soḷārapaññāṇo, ","html":"<span class='verse-line'>{}</span>"},"ja531:54.4":{"pli":"yo te sabbe vadhissati”. ","html":"<span class='verse-line'>{}</span></p>"},"ja531:55.1":{"pli":"“Ummattikā nu bhaṇasi, ","html":"<p><span class='verse-line'>{}</span>"},"ja531:55.2":{"pli":"Andhabālā pabhāsasi; ","html":"<span class='verse-line'>{}</span>"},"ja531:55.3":{"pli":"Kuso ce āgato assa, ","html":"<span class='verse-line'>{}</span>"},"ja531:55.4":{"pli":"Kiṃ na jānemu taṃ mayaṃ”. ","html":"<span class='verse-line'>{}</span></p>"},"ja531:56.1":{"pli":"“Eso āḷāriko poso, ","html":"<p><span class='verse-line'>{}</span>"},"ja531:56.2":{"pli":"kumārīpuramantare; ","html":"<span class='verse-line'>{}</span>"},"ja531:56.3":{"pli":"Daḷhaṃ katvāna saṃvelliṃ, ","html":"<span class='verse-line'>{}</span>"},"ja531:56.4":{"pli":"kumbhiṃ dhovati oṇato”. ","html":"<span class='verse-line'>{}</span></p>"},"ja531:57.1":{"pli":"“Veṇī tvamasi caṇḍālī, ","html":"<p><span class='verse-line'>{}</span>"},"ja531:57.2":{"pli":"adūsi kulagandhinī; ","html":"<span class='verse-line'>{}</span>"},"ja531:57.3":{"pli":"Kathaṃ maddakule jātā, ","html":"<span class='verse-line'>{}</span>"},"ja531:57.4":{"pli":"dāsaṃ kayirāsi kāmukaṃ”. ","html":"<span class='verse-line'>{}</span></p>"},"ja531:58.1":{"pli":"“Namhi veṇī na caṇḍālī, ","html":"<p><span class='verse-line'>{}</span>"},"ja531:58.2":{"pli":"na camhi kulagandhinī; ","html":"<span class='verse-line'>{}</span>"},"ja531:58.3":{"pli":"Okkākaputto bhaddante, ","html":"<span class='verse-line'>{}</span>"},"ja531:58.4":{"pli":"tvaṃ nu dāsoti maññasi”. ","html":"<span class='verse-line'>{}</span></p>"},"ja531:59.1":{"pli":"“Yo brāhmaṇasahassāni, ","html":"<p><span class='verse-line'>{}</span>"},"ja531:59.2":{"pli":"sadā bhojeti vīsatiṃ; ","html":"<span class='verse-line'>{}</span>"},"ja531:59.3":{"pli":"Okkākaputto bhaddante, ","html":"<span class='verse-line'>{}</span>"},"ja531:59.4":{"pli":"tvaṃ nu dāsoti maññasi. ","html":"<span class='verse-line'>{}</span></p>"},"ja531:60.1":{"pli":"Yassa nāgasahassāni, ","html":"<p><span class='verse-line'>{}</span>"},"ja531:60.2":{"pli":"sadā yojenti vīsatiṃ; ","html":"<span class='verse-line'>{}</span>"},"ja531:60.3":{"pli":"Okkākaputto bhaddante, ","html":"<span class='verse-line'>{}</span>"},"ja531:60.4":{"pli":"tvaṃ nu dāsoti maññasi. ","html":"<span class='verse-line'>{}</span></p>"},"ja531:61.1":{"pli":"Yassa assasahassāni, ","html":"<p><span class='verse-line'>{}</span>"},"ja531:61.2":{"pli":"sadā yojenti vīsatiṃ; ","html":"<span class='verse-line'>{}</span>"},"ja531:61.3":{"pli":"Okkākaputto bhaddante, ","html":"<span class='verse-line'>{}</span>"},"ja531:61.4":{"pli":"tvaṃ nu dāsoti maññasi. ","html":"<span class='verse-line'>{}</span></p>"},"ja531:62.1":{"pli":"Yassa rathasahassāni, ","html":"<p><span class='verse-line'>{}</span>"},"ja531:62.2":{"pli":"sadā yojenti vīsatiṃ; ","html":"<span class='verse-line'>{}</span>"},"ja531:62.3":{"pli":"Okkākaputto bhaddante, ","html":"<span class='verse-line'>{}</span>"},"ja531:62.4":{"pli":"tvaṃ nu dāsoti maññasi. ","html":"<span class='verse-line'>{}</span></p>"},"ja531:63.1":{"pli":"Yassa usabhasahassāni, ","html":"<p><span class='verse-line'>{}</span>"},"ja531:63.2":{"pli":"sadā yojenti vīsatiṃ; ","html":"<span class='verse-line'>{}</span>"},"ja531:63.3":{"pli":"Okkākaputto bhaddante, ","html":"<span class='verse-line'>{}</span>"},"ja531:63.4":{"pli":"tvaṃ nu dāsoti maññasi. ","html":"<span class='verse-line'>{}</span></p>"},"ja531:64.1":{"pli":"Yassa dhenusahassāni, ","html":"<p><span class='verse-line'>{}</span>"},"ja531:64.2":{"pli":"sadā duhanti vīsatiṃ; ","html":"<span class='verse-line'>{}</span>"},"ja531:64.3":{"pli":"Okkākaputto bhaddante, ","html":"<span class='verse-line'>{}</span>"},"ja531:64.4":{"pli":"tvaṃ nu dāsoti maññasi”. ","html":"<span class='verse-line'>{}</span></p>"},"ja531:65.1":{"pli":"“Taggha te dukkaṭaṃ bāle, ","html":"<p><span class='verse-line'>{}</span>"},"ja531:65.2":{"pli":"yaṃ khattiyaṃ mahabbalaṃ; ","html":"<span class='verse-line'>{}</span>"},"ja531:65.3":{"pli":"Nāgaṃ maṇḍūkavaṇṇena, ","html":"<span class='verse-line'>{}</span>"},"ja531:65.4":{"pli":"na naṃ akkhāsidhāgataṃ”. ","html":"<span class='verse-line'>{}</span></p>"},"ja531:66.1":{"pli":"“Aparādhaṃ mahārāja, ","html":"<p><span class='verse-line'>{}</span>"},"ja531:66.2":{"pli":"tvaṃ no khama rathesabha; ","html":"<span class='verse-line'>{}</span>"},"ja531:66.3":{"pli":"Yaṃ taṃ aññātavesena, ","html":"<span class='verse-line'>{}</span>"},"ja531:66.4":{"pli":"nāññāsimhā idhāgataṃ”. ","html":"<span class='verse-line'>{}</span></p>"},"ja531:67.1":{"pli":"“Mādisassa na taṃ channaṃ, ","html":"<p><span class='verse-line'>{}</span>"},"ja531:67.2":{"pli":"yohaṃ āḷāriko bhave; ","html":"<span class='verse-line'>{}</span>"},"ja531:67.3":{"pli":"Tvaññeva me pasīdassu, ","html":"<span class='verse-line'>{}</span>"},"ja531:67.4":{"pli":"natthi te deva dukkaṭaṃ”. ","html":"<span class='verse-line'>{}</span></p>"},"ja531:68.1":{"pli":"“Gaccha bāle khamāpehi, ","html":"<p><span class='verse-line'>{}</span>"},"ja531:68.2":{"pli":"kusarājaṃ mahabbalaṃ; ","html":"<span class='verse-line'>{}</span>"},"ja531:68.3":{"pli":"Khamāpito kuso rājā, ","html":"<span class='verse-line'>{}</span>"},"ja531:68.4":{"pli":"so te dassati jīvitaṃ”. ","html":"<span class='verse-line'>{}</span></p>"},"ja531:69.1":{"pli":"“Pitussa vacanaṃ sutvā, ","html":"<p><span class='verse-line'>{}</span>"},"ja531:69.2":{"pli":"devavaṇṇī pabhāvatī; ","html":"<span class='verse-line'>{}</span>"},"ja531:69.3":{"pli":"Sirasā aggahī pāde, ","html":"<span class='verse-line'>{}</span>"},"ja531:69.4":{"pli":"kusarājaṃ mahabbalaṃ”. ","html":"<span class='verse-line'>{}</span></p>"},"ja531:70.1":{"pli":"“Yāmā ratyo atikkantā, ","html":"<p><span class='verse-line'>{}</span>"},"ja531:70.2":{"pli":"tāmā deva tayā vinā; ","html":"<span class='verse-line'>{}</span>"},"ja531:70.3":{"pli":"Vande te sirasā pāde, ","html":"<span class='verse-line'>{}</span>"},"ja531:70.4":{"pli":"mā me kujjha rathesabha. ","html":"<span class='verse-line'>{}</span></p>"},"ja531:71.1":{"pli":"Sabbaṃ te paṭijānāmi, ","html":"<p><span class='verse-line'>{}</span>"},"ja531:71.2":{"pli":"mahārāja suṇohi me; ","html":"<span class='verse-line'>{}</span>"},"ja531:71.3":{"pli":"Na cāpi appiyaṃ tuyhaṃ, ","html":"<span class='verse-line'>{}</span>"},"ja531:71.4":{"pli":"kareyyāmi ahaṃ puna. ","html":"<span class='verse-line'>{}</span></p>"},"ja531:72.1":{"pli":"Evañce yācamānāya, ","html":"<p><span class='verse-line'>{}</span>"},"ja531:72.2":{"pli":"vacanaṃ me na kāhasi; ","html":"<span class='verse-line'>{}</span>"},"ja531:72.3":{"pli":"Idāni maṃ tāto hantvā, ","html":"<span class='verse-line'>{}</span>"},"ja531:72.4":{"pli":"khattiyānaṃ padassati”. ","html":"<span class='verse-line'>{}</span></p>"},"ja531:73.1":{"pli":"“Evaṃ te yācamānāya, ","html":"<p><span class='verse-line'>{}</span>"},"ja531:73.2":{"pli":"kiṃ na kāhāmi te vaco; ","html":"<span class='verse-line'>{}</span>"},"ja531:73.3":{"pli":"Vikuddho tyasmi kalyāṇi, ","html":"<span class='verse-line'>{}</span>"},"ja531:73.4":{"pli":"mā tvaṃ bhāyi pabhāvati. ","html":"<span class='verse-line'>{}</span></p>"},"ja531:74.1":{"pli":"Sabbaṃ te paṭijānāmi, ","html":"<p><span class='verse-line'>{}</span>"},"ja531:74.2":{"pli":"rājaputti suṇohi me; ","html":"<span class='verse-line'>{}</span>"},"ja531:74.3":{"pli":"Na cāpi appiyaṃ tuyhaṃ, ","html":"<span class='verse-line'>{}</span>"},"ja531:74.4":{"pli":"kareyyāmi ahaṃ puna. ","html":"<span class='verse-line'>{}</span></p>"},"ja531:75.1":{"pli":"Tava kāmā hi sussoṇi, ","html":"<p><span class='verse-line'>{}</span>"},"ja531:75.2":{"pli":"pahu dukkhaṃ titikkhisaṃ; ","html":"<span class='verse-line'>{}</span>"},"ja531:75.3":{"pli":"Bahuṃ maddakulaṃ hantvā, ","html":"<span class='verse-line'>{}</span>"},"ja531:75.4":{"pli":"nayituṃ taṃ pabhāvati”. ","html":"<span class='verse-line'>{}</span></p>"},"ja531:76.1":{"pli":"“Yojayantu rathe asse, ","html":"<p><span class='verse-line'>{}</span>"},"ja531:76.2":{"pli":"nānācitte samāhite; ","html":"<span class='verse-line'>{}</span>"},"ja531:76.3":{"pli":"Atha dakkhatha me vegaṃ, ","html":"<span class='verse-line'>{}</span>"},"ja531:76.4":{"pli":"vidhamantassa sattavo”. ","html":"<span class='verse-line'>{}</span></p>"},"ja531:77.1":{"pli":"“Tañca tattha udikkhiṃsu, ","html":"<p><span class='verse-line'>{}</span>"},"ja531:77.2":{"pli":"rañño maddassantepure; ","html":"<span class='verse-line'>{}</span>"},"ja531:77.3":{"pli":"Vijambhamānaṃ sīhaṃva, ","html":"<span class='verse-line'>{}</span>"},"ja531:77.4":{"pli":"phoṭentaṃ diguṇaṃ bhujaṃ. ","html":"<span class='verse-line'>{}</span></p>"},"ja531:78.1":{"pli":"Hatthikkhandhañca āruyha, ","html":"<p><span class='verse-line'>{}</span>"},"ja531:78.2":{"pli":"āropetvā pabhāvatiṃ; ","html":"<span class='verse-line'>{}</span>"},"ja531:78.3":{"pli":"Saṅgāmaṃ otaritvāna, ","html":"<span class='verse-line'>{}</span>"},"ja531:78.4":{"pli":"sīhanādaṃ nadī kuso. ","html":"<span class='verse-line'>{}</span></p>"},"ja531:79.1":{"pli":"Tassa taṃ nadato sutvā, ","html":"<p><span class='verse-line'>{}</span>"},"ja531:79.2":{"pli":"sīhassevitare migā; ","html":"<span class='verse-line'>{}</span>"},"ja531:79.3":{"pli":"Khattiyā vipalāyiṃsu, ","html":"<span class='verse-line'>{}</span>"},"ja531:79.4":{"pli":"kusasaddabhayaṭṭitā. ","html":"<span class='verse-line'>{}</span></p>"},"ja531:80.1":{"pli":"Hatthārohā anīkaṭṭhā, ","html":"<p><span class='verse-line'>{}</span>"},"ja531:80.2":{"pli":"rathikā pattikārakā; ","html":"<span class='verse-line'>{}</span>"},"ja531:80.3":{"pli":"Aññamaññassa chindanti, ","html":"<span class='verse-line'>{}</span>"},"ja531:80.4":{"pli":"kusasaddabhayaṭṭitā. ","html":"<span class='verse-line'>{}</span></p>"},"ja531:81.1":{"pli":"Tasmiṃ saṅgāmasīsasmiṃ, ","html":"<p><span class='verse-line'>{}</span>"},"ja531:81.2":{"pli":"passitvā haṭṭhamānaso; ","html":"<span class='verse-line'>{}</span>"},"ja531:81.3":{"pli":"Kusassa rañño devindo, ","html":"<span class='verse-line'>{}</span>"},"ja531:81.4":{"pli":"adā verocanaṃ maṇiṃ. ","html":"<span class='verse-line'>{}</span></p>"},"ja531:82.1":{"pli":"So taṃ vijitvā saṅgāmaṃ, ","html":"<p><span class='verse-line'>{}</span>"},"ja531:82.2":{"pli":"laddhā verocanaṃ maṇiṃ; ","html":"<span class='verse-line'>{}</span>"},"ja531:82.3":{"pli":"Hatthikkhandhagato rājā, ","html":"<span class='verse-line'>{}</span>"},"ja531:82.4":{"pli":"pāvekkhi nagaraṃ puraṃ. ","html":"<span class='verse-line'>{}</span></p>"},"ja531:83.1":{"pli":"Jīvaggāhaṃ gahetvāna, ","html":"<p><span class='verse-line'>{}</span>"},"ja531:83.2":{"pli":"bandhitvā satta khattiye; ","html":"<span class='verse-line'>{}</span>"},"ja531:83.3":{"pli":"Sasurassupanāmesi, ","html":"<span class='verse-line'>{}</span>"},"ja531:83.4":{"pli":"ime te deva sattavo. ","html":"<span class='verse-line'>{}</span></p>"},"ja531:84.1":{"pli":"Sabbeva te vasaṃ gatā, ","html":"<p><span class='verse-line'>{}</span>"},"ja531:84.2":{"pli":"amittā vihatā tava; ","html":"<span class='verse-line'>{}</span>"},"ja531:84.3":{"pli":"Kāmaṃ karohi te tayā, ","html":"<span class='verse-line'>{}</span>"},"ja531:84.4":{"pli":"muñca vā te hanassu vā”. ","html":"<span class='verse-line'>{}</span></p>"},"ja531:85.1":{"pli":"“Tuyheva sattavo ete, ","html":"<p><span class='verse-line'>{}</span>"},"ja531:85.2":{"pli":"na hi te mayha sattavo; ","html":"<span class='verse-line'>{}</span>"},"ja531:85.3":{"pli":"Tvaññeva no mahārāja, ","html":"<span class='verse-line'>{}</span>"},"ja531:85.4":{"pli":"muñca vā te hanassu vā”. ","html":"<span class='verse-line'>{}</span></p>"},"ja531:86.1":{"pli":"“Imā te dhītaro satta, ","html":"<p><span class='verse-line'>{}</span>"},"ja531:86.2":{"pli":"devakaññūpamā subhā; ","html":"<span class='verse-line'>{}</span>"},"ja531:86.3":{"pli":"Dadāhi nesaṃ ekekaṃ, ","html":"<span class='verse-line'>{}</span>"},"ja531:86.4":{"pli":"hontu jāmātaro tava”. ","html":"<span class='verse-line'>{}</span></p>"},"ja531:87.1":{"pli":"“Amhākañceva tāsañca, ","html":"<p><span class='verse-line'>{}</span>"},"ja531:87.2":{"pli":"tvaṃ no sabbesamissaro; ","html":"<span class='verse-line'>{}</span>"},"ja531:87.3":{"pli":"Tvaññeva no mahārāja, ","html":"<span class='verse-line'>{}</span>"},"ja531:87.4":{"pli":"dehi nesaṃ yadicchasi”. ","html":"<span class='verse-line'>{}</span></p>"},"ja531:88.1":{"pli":"Ekamekassa ekekaṃ, ","html":"<p><span class='verse-line'>{}</span>"},"ja531:88.2":{"pli":"adā sīhassaro kuso; ","html":"<span class='verse-line'>{}</span>"},"ja531:88.3":{"pli":"Khattiyānaṃ tadā tesaṃ, ","html":"<span class='verse-line'>{}</span>"},"ja531:88.4":{"pli":"rañño maddassa dhītaro. ","html":"<span class='verse-line'>{}</span></p>"},"ja531:89.1":{"pli":"Pīṇitā tena lābhena, ","html":"<p><span class='verse-line'>{}</span>"},"ja531:89.2":{"pli":"tuṭṭhā sīhassare kuse; ","html":"<span class='verse-line'>{}</span>"},"ja531:89.3":{"pli":"Sakaraṭṭhāni pāyiṃsu, ","html":"<span class='verse-line'>{}</span>"},"ja531:89.4":{"pli":"khattiyā satta tāvade. ","html":"<span class='verse-line'>{}</span></p>"},"ja531:90.1":{"pli":"Pabhāvatiñca ādāya, ","html":"<p><span class='verse-line'>{}</span>"},"ja531:90.2":{"pli":"maṇiṃ verocanaṃ subhaṃ; ","html":"<span class='verse-line'>{}</span>"},"ja531:90.3":{"pli":"Kusāvatiṃ kuso rājā, ","html":"<span class='verse-line'>{}</span>"},"ja531:90.4":{"pli":"agamāsi mahabbalo. ","html":"<span class='verse-line'>{}</span></p>"},"ja531:91.1":{"pli":"Tyassu ekarathe yantā, ","html":"<p><span class='verse-line'>{}</span>"},"ja531:91.2":{"pli":"pavisantā kusāvatiṃ; ","html":"<span class='verse-line'>{}</span>"},"ja531:91.3":{"pli":"Samānā vaṇṇarūpena, ","html":"<span class='verse-line'>{}</span>"},"ja531:91.4":{"pli":"nāññamaññātirocisuṃ. ","html":"<span class='verse-line'>{}</span></p>"},"ja531:92.1":{"pli":"Mātā puttena saṅgacchi, ","html":"<p><span class='verse-line'>{}</span>"},"ja531:92.2":{"pli":"ubhayo ca jayampatī; ","html":"<span class='verse-line'>{}</span>"},"ja531:92.3":{"pli":"Samaggā te tadā āsuṃ, ","html":"<span class='verse-line'>{}</span>"},"ja531:92.4":{"pli":"phītaṃ dharaṇimāvasunti. ","html":"<span class='verse-line'>{}</span></p></blockquote>"},"ja531:93.1":{"pli":"Kusajātakaṃ paṭhamaṃ. ","html":"<p class='endsutta'>{}</p></article>"}}}