{"ja543":{"ja543:0.1":{"pli":"Jātaka ","html":"<article id='ja543'><header><ul><li class='division'>{}</li>"},"ja543:0.2":{"pli":"Mahānipāta ","html":"<li>{}</li>"},"ja543:0.3":{"pli":"Mūgapakkhavagga ","html":"<li>{}</li></ul>"},"ja543:0.4":{"pli":"6. Bhūridattajātaka ","html":"<h1 class='sutta-title'>{}</h1></header>"},"ja543:1.1":{"pli":"“Yaṃ kiñci ratanaṃ atthi, ","html":"<blockquote class='gatha'><p><span class='verse-line'>{}</span>"},"ja543:1.2":{"pli":"dhataraṭṭhanivesane; ","html":"<span class='verse-line'>{}</span>"},"ja543:1.3":{"pli":"Sabbāni te upayantu, ","html":"<span class='verse-line'>{}</span>"},"ja543:1.4":{"pli":"dhītaraṃ dehi rājino”. ","html":"<span class='verse-line'>{}</span></p>"},"ja543:2.1":{"pli":"“Na no vivāho nāgehi, ","html":"<p><span class='verse-line'>{}</span>"},"ja543:2.2":{"pli":"katapubbo kudācanaṃ; ","html":"<span class='verse-line'>{}</span>"},"ja543:2.3":{"pli":"Taṃ vivāhaṃ asaṃyuttaṃ, ","html":"<span class='verse-line'>{}</span>"},"ja543:2.4":{"pli":"kathaṃ amhe karomase”. ","html":"<span class='verse-line'>{}</span></p>"},"ja543:3.1":{"pli":"“Jīvitaṃ nūna te cattaṃ, ","html":"<p><span class='verse-line'>{}</span>"},"ja543:3.2":{"pli":"raṭṭhaṃ vā manujādhipa; ","html":"<span class='verse-line'>{}</span>"},"ja543:3.3":{"pli":"Na hi nāge kupitamhi, ","html":"<span class='verse-line'>{}</span>"},"ja543:3.4":{"pli":"ciraṃ jīvanti tādisā. ","html":"<span class='verse-line'>{}</span></p>"},"ja543:4.1":{"pli":"Yo tvaṃ deva manussosi, ","html":"<p><span class='verse-line'>{}</span>"},"ja543:4.2":{"pli":"iddhimantaṃ aniddhimā; ","html":"<span class='verse-line'>{}</span>"},"ja543:4.3":{"pli":"Varuṇassa niyaṃputtaṃ, ","html":"<span class='verse-line'>{}</span>"},"ja543:4.4":{"pli":"yāmunaṃ atimaññasi”. ","html":"<span class='verse-line'>{}</span></p>"},"ja543:5.1":{"pli":"“Nātimaññāmi rājānaṃ, ","html":"<p><span class='verse-line'>{}</span>"},"ja543:5.2":{"pli":"dhataraṭṭhaṃ yasassinaṃ; ","html":"<span class='verse-line'>{}</span>"},"ja543:5.3":{"pli":"Dhataraṭṭho hi nāgānaṃ, ","html":"<span class='verse-line'>{}</span>"},"ja543:5.4":{"pli":"bahūnamapi issaro. ","html":"<span class='verse-line'>{}</span></p>"},"ja543:6.1":{"pli":"Ahi mahānubhāvopi, ","html":"<p><span class='verse-line'>{}</span>"},"ja543:6.2":{"pli":"na me dhītaramāraho; ","html":"<span class='verse-line'>{}</span>"},"ja543:6.3":{"pli":"Khattiyo ca videhānaṃ, ","html":"<span class='verse-line'>{}</span>"},"ja543:6.4":{"pli":"abhijātā samuddajā”. ","html":"<span class='verse-line'>{}</span></p>"},"ja543:7.1":{"pli":"“Kambalassatarā uṭṭhentu, ","html":"<p><span class='verse-line'>{}</span>"},"ja543:7.2":{"pli":"sabbe nāge nivedaya; ","html":"<span class='verse-line'>{}</span>"},"ja543:7.3":{"pli":"Bārāṇasiṃ pavajjantu, ","html":"<span class='verse-line'>{}</span>"},"ja543:7.4":{"pli":"mā ca kañci viheṭhayuṃ”. ","html":"<span class='verse-line'>{}</span></p>"},"ja543:8.1":{"pli":"“Nivesanesu sobbhesu, ","html":"<p><span class='verse-line'>{}</span>"},"ja543:8.2":{"pli":"rathiyā caccaresu ca; ","html":"<span class='verse-line'>{}</span>"},"ja543:8.3":{"pli":"Rukkhaggesu ca lambantu, ","html":"<span class='verse-line'>{}</span>"},"ja543:8.4":{"pli":"vitatā toraṇesu ca. ","html":"<span class='verse-line'>{}</span></p>"},"ja543:9.1":{"pli":"Ahampi sabbasetena, ","html":"<p><span class='verse-line'>{}</span>"},"ja543:9.2":{"pli":"mahatā sumahaṃ puraṃ; ","html":"<span class='verse-line'>{}</span>"},"ja543:9.3":{"pli":"Parikkhipissaṃ bhogehi, ","html":"<span class='verse-line'>{}</span>"},"ja543:9.4":{"pli":"kāsīnaṃ janayaṃ bhayaṃ”. ","html":"<span class='verse-line'>{}</span></p>"},"ja543:10.1":{"pli":"Tassa taṃ vacanaṃ sutvā, ","html":"<p><span class='verse-line'>{}</span>"},"ja543:10.2":{"pli":"uragānekavaṇṇino; ","html":"<span class='verse-line'>{}</span>"},"ja543:10.3":{"pli":"Bārāṇasiṃ pavajjiṃsu, ","html":"<span class='verse-line'>{}</span>"},"ja543:10.4":{"pli":"na ca kañci viheṭhayuṃ. ","html":"<span class='verse-line'>{}</span></p>"},"ja543:11.1":{"pli":"Nivesanesu sobbhesu, ","html":"<p><span class='verse-line'>{}</span>"},"ja543:11.2":{"pli":"rathiyā caccaresu ca; ","html":"<span class='verse-line'>{}</span>"},"ja543:11.3":{"pli":"Rukkhaggesu ca lambiṃsu, ","html":"<span class='verse-line'>{}</span>"},"ja543:11.4":{"pli":"vitatā toraṇesu ca. ","html":"<span class='verse-line'>{}</span></p>"},"ja543:12.1":{"pli":"Tesu disvāna lambante, ","html":"<p><span class='verse-line'>{}</span>"},"ja543:12.2":{"pli":"puthū kandiṃsu nāriyo; ","html":"<span class='verse-line'>{}</span>"},"ja543:12.3":{"pli":"Nāge soṇḍikate disvā, ","html":"<span class='verse-line'>{}</span>"},"ja543:12.4":{"pli":"passasante muhuṃ muhuṃ. ","html":"<span class='verse-line'>{}</span></p>"},"ja543:13.1":{"pli":"Bārāṇasī pabyathitā, ","html":"<p><span class='verse-line'>{}</span>"},"ja543:13.2":{"pli":"āturā samapajjatha; ","html":"<span class='verse-line'>{}</span>"},"ja543:13.3":{"pli":"Bāhā paggayha pakkanduṃ, ","html":"<span class='verse-line'>{}</span>"},"ja543:13.4":{"pli":"“dhītaraṃ dehi rājino”. ","html":"<span class='verse-line'>{}</span></p></blockquote>"},"ja543:14.1":{"pli":"(…) ","html":"<p class='endsection'>{}</p>"},"ja543:15.1":{"pli":"“Pupphābhihārassa vanassa majjhe, ","html":"<blockquote class='gatha'><p><span class='verse-line'>{}</span>"},"ja543:15.2":{"pli":"Ko lohitakkho vitatantaraṃso; ","html":"<span class='verse-line'>{}</span>"},"ja543:15.3":{"pli":"Kā kambukāyūradharā suvatthā, ","html":"<span class='verse-line'>{}</span>"},"ja543:15.4":{"pli":"Tiṭṭhanti nāriyo dasa vandamānā. ","html":"<span class='verse-line'>{}</span></p>"},"ja543:16.1":{"pli":"Ko tvaṃ brahābāhu vanassa majjhe, ","html":"<p><span class='verse-line'>{}</span>"},"ja543:16.2":{"pli":"Virocasi ghatasittova aggi; ","html":"<span class='verse-line'>{}</span>"},"ja543:16.3":{"pli":"Mahesakkho aññatarosi yakkho, ","html":"<span class='verse-line'>{}</span>"},"ja543:16.4":{"pli":"Udāhu nāgosi mahānubhāvo”. ","html":"<span class='verse-line'>{}</span></p>"},"ja543:17.1":{"pli":"“Nāgohamasmi iddhimā, ","html":"<p><span class='verse-line'>{}</span>"},"ja543:17.2":{"pli":"tejassī duratikkamo; ","html":"<span class='verse-line'>{}</span>"},"ja543:17.3":{"pli":"Ḍaṃseyyaṃ tejasā kuddho, ","html":"<span class='verse-line'>{}</span>"},"ja543:17.4":{"pli":"phītaṃ janapadaṃ api. ","html":"<span class='verse-line'>{}</span></p>"},"ja543:18.1":{"pli":"Samuddajā hi me mātā, ","html":"<p><span class='verse-line'>{}</span>"},"ja543:18.2":{"pli":"dhataraṭṭho ca me pitā; ","html":"<span class='verse-line'>{}</span>"},"ja543:18.3":{"pli":"Sudassanakaniṭṭhosmi, ","html":"<span class='verse-line'>{}</span>"},"ja543:18.4":{"pli":"bhūridattoti maṃ vidū. ","html":"<span class='verse-line'>{}</span></p>"},"ja543:19.1":{"pli":"Yaṃ gambhīraṃ sadāvaṭṭaṃ, ","html":"<p><span class='verse-line'>{}</span>"},"ja543:19.2":{"pli":"rahadaṃ bhismaṃ pekkhasi; ","html":"<span class='verse-line'>{}</span>"},"ja543:19.3":{"pli":"Esa dibyo mamāvāso, ","html":"<span class='verse-line'>{}</span>"},"ja543:19.4":{"pli":"anekasataporiso. ","html":"<span class='verse-line'>{}</span></p>"},"ja543:20.1":{"pli":"Mayūrakoñcābhirudaṃ, ","html":"<p><span class='verse-line'>{}</span>"},"ja543:20.2":{"pli":"nīlodaṃ vanamajjhato; ","html":"<span class='verse-line'>{}</span>"},"ja543:20.3":{"pli":"Yamunaṃ pavisa mā bhīto, ","html":"<span class='verse-line'>{}</span>"},"ja543:20.4":{"pli":"khemaṃ vattavataṃ sivaṃ. ","html":"<span class='verse-line'>{}</span></p>"},"ja543:21.1":{"pli":"Tattha patto sānucaro, ","html":"<p><span class='verse-line'>{}</span>"},"ja543:21.2":{"pli":"saha puttena brāhmaṇa; ","html":"<span class='verse-line'>{}</span>"},"ja543:21.3":{"pli":"Pūjito mayhaṃ kāmehi, ","html":"<span class='verse-line'>{}</span>"},"ja543:21.4":{"pli":"sukhaṃ brāhmaṇa vacchasi”. ","html":"<span class='verse-line'>{}</span></p>"},"ja543:22.1":{"pli":"“Samā samantaparito, ","html":"<p><span class='verse-line'>{}</span>"},"ja543:22.2":{"pli":"pahūtatagarā mahī; ","html":"<span class='verse-line'>{}</span>"},"ja543:22.3":{"pli":"Indagopakasañchannā, ","html":"<span class='verse-line'>{}</span>"},"ja543:22.4":{"pli":"sobhati harituttamā. ","html":"<span class='verse-line'>{}</span></p>"},"ja543:23.1":{"pli":"Rammāni vanacetyāni, ","html":"<p><span class='verse-line'>{}</span>"},"ja543:23.2":{"pli":"rammā haṃsūpakūjitā; ","html":"<span class='verse-line'>{}</span>"},"ja543:23.3":{"pli":"Opupphāpadmā tiṭṭhanti, ","html":"<span class='verse-line'>{}</span>"},"ja543:23.4":{"pli":"pokkharañño sunimmitā. ","html":"<span class='verse-line'>{}</span></p>"},"ja543:24.1":{"pli":"Aṭṭhaṃsā sukatā thambhā, ","html":"<p><span class='verse-line'>{}</span>"},"ja543:24.2":{"pli":"sabbe veḷuriyāmayā; ","html":"<span class='verse-line'>{}</span>"},"ja543:24.3":{"pli":"Sahassathambhā pāsādā, ","html":"<span class='verse-line'>{}</span>"},"ja543:24.4":{"pli":"pūrā kaññāhi jotare. ","html":"<span class='verse-line'>{}</span></p>"},"ja543:25.1":{"pli":"Vimānaṃ upapannosi, ","html":"<p><span class='verse-line'>{}</span>"},"ja543:25.2":{"pli":"dibyaṃ puññehi attano; ","html":"<span class='verse-line'>{}</span>"},"ja543:25.3":{"pli":"Asambādhaṃ sivaṃ rammaṃ, ","html":"<span class='verse-line'>{}</span>"},"ja543:25.4":{"pli":"accantasukhasaṃhitaṃ. ","html":"<span class='verse-line'>{}</span></p>"},"ja543:26.1":{"pli":"Maññe sahassanettassa, ","html":"<p><span class='verse-line'>{}</span>"},"ja543:26.2":{"pli":"vimānaṃ nābhikaṅkhasi; ","html":"<span class='verse-line'>{}</span>"},"ja543:26.3":{"pli":"Iddhī hi tyāyaṃ vipulā, ","html":"<span class='verse-line'>{}</span>"},"ja543:26.4":{"pli":"sakkasseva jutīmato”. ","html":"<span class='verse-line'>{}</span></p>"},"ja543:27.1":{"pli":"“Manasāpi na pattabbo, ","html":"<p><span class='verse-line'>{}</span>"},"ja543:27.2":{"pli":"ānubhāvo jutīmato; ","html":"<span class='verse-line'>{}</span>"},"ja543:27.3":{"pli":"Paricārayamānānaṃ, ","html":"<span class='verse-line'>{}</span>"},"ja543:27.4":{"pli":"saindānaṃ vasavattinaṃ. ","html":"<span class='verse-line'>{}</span></p>"},"ja543:28.1":{"pli":"Taṃ vimānaṃ abhijjhāya, ","html":"<p><span class='verse-line'>{}</span>"},"ja543:28.2":{"pli":"amarānaṃ sukhesinaṃ; ","html":"<span class='verse-line'>{}</span>"},"ja543:28.3":{"pli":"Uposathaṃ upavasanto, ","html":"<span class='verse-line'>{}</span>"},"ja543:28.4":{"pli":"semi vammikamuddhani”. ","html":"<span class='verse-line'>{}</span></p>"},"ja543:29.1":{"pli":"“Ahañca migamesāno, ","html":"<p><span class='verse-line'>{}</span>"},"ja543:29.2":{"pli":"saputto pāvisiṃ vanaṃ; ","html":"<span class='verse-line'>{}</span>"},"ja543:29.3":{"pli":"Taṃ maṃ mataṃ vā jīvaṃ vā, ","html":"<span class='verse-line'>{}</span>"},"ja543:29.4":{"pli":"nābhivedenti ñātakā. ","html":"<span class='verse-line'>{}</span></p>"},"ja543:30.1":{"pli":"Āmantaye bhūridattaṃ, ","html":"<p><span class='verse-line'>{}</span>"},"ja543:30.2":{"pli":"kāsiputtaṃ yasassinaṃ; ","html":"<span class='verse-line'>{}</span>"},"ja543:30.3":{"pli":"Tayā no samanuññātā, ","html":"<span class='verse-line'>{}</span>"},"ja543:30.4":{"pli":"api passemu ñātake”. ","html":"<span class='verse-line'>{}</span></p>"},"ja543:31.1":{"pli":"“Eso hi vata me chando, ","html":"<p><span class='verse-line'>{}</span>"},"ja543:31.2":{"pli":"yaṃ vasesi mamantike; ","html":"<span class='verse-line'>{}</span>"},"ja543:31.3":{"pli":"Na hi etādisā kāmā, ","html":"<span class='verse-line'>{}</span>"},"ja543:31.4":{"pli":"sulabhā honti mānuse. ","html":"<span class='verse-line'>{}</span></p>"},"ja543:32.1":{"pli":"Sace tvaṃ nicchase vatthuṃ, ","html":"<p><span class='verse-line'>{}</span>"},"ja543:32.2":{"pli":"mama kāmehi pūjito; ","html":"<span class='verse-line'>{}</span>"},"ja543:32.3":{"pli":"Mayā tvaṃ samanuññāto, ","html":"<span class='verse-line'>{}</span>"},"ja543:32.4":{"pli":"sotthiṃ passāhi ñātake”. ","html":"<span class='verse-line'>{}</span></p>"},"ja543:33.1":{"pli":"“Dhārayimaṃ maṇiṃ dibyaṃ, ","html":"<p><span class='verse-line'>{}</span>"},"ja543:33.2":{"pli":"pasuṃ putte ca vindati; ","html":"<span class='verse-line'>{}</span>"},"ja543:33.3":{"pli":"Arogo sukhito hoti, ","html":"<span class='verse-line'>{}</span>"},"ja543:33.4":{"pli":"gacchevādāya brāhmaṇa”. ","html":"<span class='verse-line'>{}</span></p>"},"ja543:34.1":{"pli":"“Kusalaṃ paṭinandāmi, ","html":"<p><span class='verse-line'>{}</span>"},"ja543:34.2":{"pli":"bhūridatta vaco tava; ","html":"<span class='verse-line'>{}</span>"},"ja543:34.3":{"pli":"Pabbajissāmi jiṇṇosmi, ","html":"<span class='verse-line'>{}</span>"},"ja543:34.4":{"pli":"na kāme abhipatthaye”. ","html":"<span class='verse-line'>{}</span></p>"},"ja543:35.1":{"pli":"“Brahmacariyassa ce bhaṅgo, ","html":"<p><span class='verse-line'>{}</span>"},"ja543:35.2":{"pli":"hoti bhogehi kāriyaṃ; ","html":"<span class='verse-line'>{}</span>"},"ja543:35.3":{"pli":"Avikampamāno eyyāsi, ","html":"<span class='verse-line'>{}</span>"},"ja543:35.4":{"pli":"bahuṃ dassāmi te dhanaṃ”. ","html":"<span class='verse-line'>{}</span></p>"},"ja543:36.1":{"pli":"“Kusalaṃ paṭinandāmi, ","html":"<p><span class='verse-line'>{}</span>"},"ja543:36.2":{"pli":"bhūridatta vaco tava; ","html":"<span class='verse-line'>{}</span>"},"ja543:36.3":{"pli":"Punapi āgamissāmi, ","html":"<span class='verse-line'>{}</span>"},"ja543:36.4":{"pli":"sace attho bhavissati”. ","html":"<span class='verse-line'>{}</span></p>"},"ja543:37.1":{"pli":"Idaṃ vatvā bhūridatto, ","html":"<p><span class='verse-line'>{}</span>"},"ja543:37.2":{"pli":"Pesesi caturo jane; ","html":"<span class='verse-line'>{}</span>"},"ja543:37.3":{"pli":"“Etha gacchatha uṭṭhetha, ","html":"<span class='verse-line'>{}</span>"},"ja543:37.4":{"pli":"Khippaṃ pāpetha brāhmaṇaṃ”. ","html":"<span class='verse-line'>{}</span></p>"},"ja543:38.1":{"pli":"Tassa taṃ vacanaṃ sutvā, ","html":"<p><span class='verse-line'>{}</span>"},"ja543:38.2":{"pli":"uṭṭhāya caturo janā; ","html":"<span class='verse-line'>{}</span>"},"ja543:38.3":{"pli":"Pesitā bhūridattena, ","html":"<span class='verse-line'>{}</span>"},"ja543:38.4":{"pli":"khippaṃ pāpesu brāhmaṇaṃ. ","html":"<span class='verse-line'>{}</span></p></blockquote>"},"ja543:39.1":{"pli":"(…) ","html":"<p class='endsection'>{}</p>"},"ja543:40.1":{"pli":"“Maṇiṃ paggayha maṅgalyaṃ, ","html":"<blockquote class='gatha'><p><span class='verse-line'>{}</span>"},"ja543:40.2":{"pli":"sādhuvittaṃ manoramaṃ; ","html":"<span class='verse-line'>{}</span>"},"ja543:40.3":{"pli":"Selaṃ byañjanasampannaṃ, ","html":"<span class='verse-line'>{}</span>"},"ja543:40.4":{"pli":"ko imaṃ maṇimajjhagā”. ","html":"<span class='verse-line'>{}</span></p>"},"ja543:41.1":{"pli":"“Lohitakkhasahassāhi, ","html":"<p><span class='verse-line'>{}</span>"},"ja543:41.2":{"pli":"samantā parivāritaṃ; ","html":"<span class='verse-line'>{}</span>"},"ja543:41.3":{"pli":"Ajja kālaṃ pathaṃ gacchaṃ, ","html":"<span class='verse-line'>{}</span>"},"ja543:41.4":{"pli":"ajjhagāhaṃ maṇiṃ imaṃ”. ","html":"<span class='verse-line'>{}</span></p>"},"ja543:42.1":{"pli":"“Sūpaciṇṇo ayaṃ selo, ","html":"<p><span class='verse-line'>{}</span>"},"ja543:42.2":{"pli":"accito mānito sadā; ","html":"<span class='verse-line'>{}</span>"},"ja543:42.3":{"pli":"Sudhārito sunikkhitto, ","html":"<span class='verse-line'>{}</span>"},"ja543:42.4":{"pli":"sabbatthamabhisādhaye. ","html":"<span class='verse-line'>{}</span></p>"},"ja543:43.1":{"pli":"Upacāravipannassa, ","html":"<p><span class='verse-line'>{}</span>"},"ja543:43.2":{"pli":"nikkhepe dhāraṇāya vā; ","html":"<span class='verse-line'>{}</span>"},"ja543:43.3":{"pli":"Ayaṃ selo vināsāya, ","html":"<span class='verse-line'>{}</span>"},"ja543:43.4":{"pli":"pariciṇṇo ayoniso. ","html":"<span class='verse-line'>{}</span></p>"},"ja543:44.1":{"pli":"Na imaṃ akusalo dibyaṃ, ","html":"<p><span class='verse-line'>{}</span>"},"ja543:44.2":{"pli":"maṇiṃ dhāretumāraho; ","html":"<span class='verse-line'>{}</span>"},"ja543:44.3":{"pli":"Paṭipajja sataṃ nikkhaṃ, ","html":"<span class='verse-line'>{}</span>"},"ja543:44.4":{"pli":"dehimaṃ ratanaṃ mama”. ","html":"<span class='verse-line'>{}</span></p>"},"ja543:45.1":{"pli":"“Na ca myāyaṃ maṇī keyyo, ","html":"<p><span class='verse-line'>{}</span>"},"ja543:45.2":{"pli":"gohi vā ratanehi vā; ","html":"<span class='verse-line'>{}</span>"},"ja543:45.3":{"pli":"Selo byañjanasampanno, ","html":"<span class='verse-line'>{}</span>"},"ja543:45.4":{"pli":"neva keyyo maṇī mama”. ","html":"<span class='verse-line'>{}</span></p>"},"ja543:46.1":{"pli":"“No ce tayā maṇī keyyo, ","html":"<p><span class='verse-line'>{}</span>"},"ja543:46.2":{"pli":"gohi vā ratanehi vā; ","html":"<span class='verse-line'>{}</span>"},"ja543:46.3":{"pli":"Atha kena maṇī keyyo, ","html":"<span class='verse-line'>{}</span>"},"ja543:46.4":{"pli":"taṃ me akkhāhi pucchito”. ","html":"<span class='verse-line'>{}</span></p>"},"ja543:47.1":{"pli":"“Yo me saṃse mahānāgaṃ, ","html":"<p><span class='verse-line'>{}</span>"},"ja543:47.2":{"pli":"tejassiṃ duratikkamaṃ; ","html":"<span class='verse-line'>{}</span>"},"ja543:47.3":{"pli":"Tassa dajjaṃ imaṃ selaṃ, ","html":"<span class='verse-line'>{}</span>"},"ja543:47.4":{"pli":"jalantamiva tejasā”. ","html":"<span class='verse-line'>{}</span></p>"},"ja543:48.1":{"pli":"“Ko nu brāhmaṇavaṇṇena, ","html":"<p><span class='verse-line'>{}</span>"},"ja543:48.2":{"pli":"supaṇṇo patataṃ varo; ","html":"<span class='verse-line'>{}</span>"},"ja543:48.3":{"pli":"Nāgaṃ jigīsamanvesi, ","html":"<span class='verse-line'>{}</span>"},"ja543:48.4":{"pli":"anvesaṃ bhakkhamattano”. ","html":"<span class='verse-line'>{}</span></p>"},"ja543:49.1":{"pli":"“Nāhaṃ dijādhipo homi, ","html":"<p><span class='verse-line'>{}</span>"},"ja543:49.2":{"pli":"na diṭṭho garuḷo mayā; ","html":"<span class='verse-line'>{}</span>"},"ja543:49.3":{"pli":"Āsīvisena vittoti, ","html":"<span class='verse-line'>{}</span>"},"ja543:49.4":{"pli":"vajjo brāhmaṇa maṃ vidū”. ","html":"<span class='verse-line'>{}</span></p>"},"ja543:50.1":{"pli":"“Kiṃ nu tuyhaṃ balaṃ atthi, ","html":"<p><span class='verse-line'>{}</span>"},"ja543:50.2":{"pli":"kiṃ sippaṃ vijjate tava; ","html":"<span class='verse-line'>{}</span>"},"ja543:50.3":{"pli":"Kismiṃ vā tvaṃ paratthaddho, ","html":"<span class='verse-line'>{}</span>"},"ja543:50.4":{"pli":"uragaṃ nāpacāyasi”. ","html":"<span class='verse-line'>{}</span></p>"},"ja543:51.1":{"pli":"“Āraññikassa isino, ","html":"<p><span class='verse-line'>{}</span>"},"ja543:51.2":{"pli":"cirarattaṃ tapassino; ","html":"<span class='verse-line'>{}</span>"},"ja543:51.3":{"pli":"Supaṇṇo kosiyassakkhā, ","html":"<span class='verse-line'>{}</span>"},"ja543:51.4":{"pli":"visavijjaṃ anuttaraṃ. ","html":"<span class='verse-line'>{}</span></p>"},"ja543:52.1":{"pli":"Taṃ bhāvitattaññataraṃ, ","html":"<p><span class='verse-line'>{}</span>"},"ja543:52.2":{"pli":"sammantaṃ pabbatantare; ","html":"<span class='verse-line'>{}</span>"},"ja543:52.3":{"pli":"Sakkaccaṃ taṃ upaṭṭhāsiṃ, ","html":"<span class='verse-line'>{}</span>"},"ja543:52.4":{"pli":"rattindivamatandito. ","html":"<span class='verse-line'>{}</span></p>"},"ja543:53.1":{"pli":"So tadā pariciṇṇo me, ","html":"<p><span class='verse-line'>{}</span>"},"ja543:53.2":{"pli":"vattavā brahmacariyavā; ","html":"<span class='verse-line'>{}</span>"},"ja543:53.3":{"pli":"Dibbaṃ pātukarī mantaṃ, ","html":"<span class='verse-line'>{}</span>"},"ja543:53.4":{"pli":"kāmasā bhagavā mama. ","html":"<span class='verse-line'>{}</span></p>"},"ja543:54.1":{"pli":"Tyāhaṃ mante paratthaddho, ","html":"<p><span class='verse-line'>{}</span>"},"ja543:54.2":{"pli":"nāhaṃ bhāyāmi bhoginaṃ; ","html":"<span class='verse-line'>{}</span>"},"ja543:54.3":{"pli":"Ācariyo visaghātānaṃ, ","html":"<span class='verse-line'>{}</span>"},"ja543:54.4":{"pli":"alampānoti maṃ vidū”. ","html":"<span class='verse-line'>{}</span></p>"},"ja543:55.1":{"pli":"“Gaṇhāmase maṇiṃ tāta, ","html":"<p><span class='verse-line'>{}</span>"},"ja543:55.2":{"pli":"somadatta vijānahi; ","html":"<span class='verse-line'>{}</span>"},"ja543:55.3":{"pli":"Mā daṇḍena siriṃ pattaṃ, ","html":"<span class='verse-line'>{}</span>"},"ja543:55.4":{"pli":"kāmasā pajahimhase”. ","html":"<span class='verse-line'>{}</span></p>"},"ja543:56.1":{"pli":"“Sakaṃ nivesanaṃ pattaṃ, ","html":"<p><span class='verse-line'>{}</span>"},"ja543:56.2":{"pli":"yo taṃ brāhmaṇa pūjayi; ","html":"<span class='verse-line'>{}</span>"},"ja543:56.3":{"pli":"Evaṃ kalyāṇakārissa, ","html":"<span class='verse-line'>{}</span>"},"ja543:56.4":{"pli":"kiṃ mohā dubbhimicchasi. ","html":"<span class='verse-line'>{}</span></p>"},"ja543:57.1":{"pli":"Sace tvaṃ dhanakāmosi, ","html":"<p><span class='verse-line'>{}</span>"},"ja543:57.2":{"pli":"bhūridatto padassati; ","html":"<span class='verse-line'>{}</span>"},"ja543:57.3":{"pli":"Tameva gantvā yācassu, ","html":"<span class='verse-line'>{}</span>"},"ja543:57.4":{"pli":"bahuṃ dassati te dhanaṃ”. ","html":"<span class='verse-line'>{}</span></p>"},"ja543:58.1":{"pli":"“Hatthagataṃ pattagataṃ, ","html":"<p><span class='verse-line'>{}</span>"},"ja543:58.2":{"pli":"nikiṇṇaṃ khādituṃ varaṃ; ","html":"<span class='verse-line'>{}</span>"},"ja543:58.3":{"pli":"Mā no sandiṭṭhiko attho, ","html":"<span class='verse-line'>{}</span>"},"ja543:58.4":{"pli":"somadatta upaccagā”. ","html":"<span class='verse-line'>{}</span></p>"},"ja543:59.1":{"pli":"“Paccati niraye ghore, ","html":"<p><span class='verse-line'>{}</span>"},"ja543:59.2":{"pli":"mahissamapi vivarati; ","html":"<span class='verse-line'>{}</span>"},"ja543:59.3":{"pli":"Mittadubbhī hitaccāgī, ","html":"<span class='verse-line'>{}</span>"},"ja543:59.4":{"pli":"jīvarevāpi sussati. ","html":"<span class='verse-line'>{}</span></p>"},"ja543:60.1":{"pli":"Sace tvaṃ dhanakāmosi, ","html":"<p><span class='verse-line'>{}</span>"},"ja543:60.2":{"pli":"bhūridatto padassati; ","html":"<span class='verse-line'>{}</span>"},"ja543:60.3":{"pli":"Maññe attakataṃ veraṃ, ","html":"<span class='verse-line'>{}</span>"},"ja543:60.4":{"pli":"naciraṃ vedayissasi”. ","html":"<span class='verse-line'>{}</span></p>"},"ja543:61.1":{"pli":"“Mahāyaññaṃ yajitvāna, ","html":"<p><span class='verse-line'>{}</span>"},"ja543:61.2":{"pli":"evaṃ sujjhanti brāhmaṇā; ","html":"<span class='verse-line'>{}</span>"},"ja543:61.3":{"pli":"Mahāyaññaṃ yajissāma, ","html":"<span class='verse-line'>{}</span>"},"ja543:61.4":{"pli":"evaṃ mokkhāma pāpakā”. ","html":"<span class='verse-line'>{}</span></p>"},"ja543:62.1":{"pli":"“Handa dāni apāyāmi, ","html":"<p><span class='verse-line'>{}</span>"},"ja543:62.2":{"pli":"nāhaṃ ajja tayā saha; ","html":"<span class='verse-line'>{}</span>"},"ja543:62.3":{"pli":"Padampekaṃ na gaccheyyaṃ, ","html":"<span class='verse-line'>{}</span>"},"ja543:62.4":{"pli":"evaṃ kibbisakārinā”. ","html":"<span class='verse-line'>{}</span></p>"},"ja543:63.1":{"pli":"Idaṃ vatvāna pitaraṃ, ","html":"<p><span class='verse-line'>{}</span>"},"ja543:63.2":{"pli":"somadatto bahussuto; ","html":"<span class='verse-line'>{}</span>"},"ja543:63.3":{"pli":"Ujjhāpetvāna bhūtāni, ","html":"<span class='verse-line'>{}</span>"},"ja543:63.4":{"pli":"tamhā ṭhānā apakkami. ","html":"<span class='verse-line'>{}</span></p>"},"ja543:64.1":{"pli":"“Gaṇhāhetaṃ mahānāgaṃ, ","html":"<p><span class='verse-line'>{}</span>"},"ja543:64.2":{"pli":"āharetaṃ maṇiṃ mama; ","html":"<span class='verse-line'>{}</span>"},"ja543:64.3":{"pli":"Indagopakavaṇṇābho, ","html":"<span class='verse-line'>{}</span>"},"ja543:64.4":{"pli":"yassa lohitako siro. ","html":"<span class='verse-line'>{}</span></p>"},"ja543:65.1":{"pli":"Kappāsapicurāsīva, ","html":"<p><span class='verse-line'>{}</span>"},"ja543:65.2":{"pli":"eso kāyo padissati; ","html":"<span class='verse-line'>{}</span>"},"ja543:65.3":{"pli":"Vammikaggagato seti, ","html":"<span class='verse-line'>{}</span>"},"ja543:65.4":{"pli":"taṃ tvaṃ gaṇhāhi brāhmaṇa”. ","html":"<span class='verse-line'>{}</span></p>"},"ja543:66.1":{"pli":"Athosadhehi dibbehi, ","html":"<p><span class='verse-line'>{}</span>"},"ja543:66.2":{"pli":"jappaṃ mantapadāni ca; ","html":"<span class='verse-line'>{}</span>"},"ja543:66.3":{"pli":"Evaṃ taṃ asakkhi satthuṃ, ","html":"<span class='verse-line'>{}</span>"},"ja543:66.4":{"pli":"katvā parittamattano. ","html":"<span class='verse-line'>{}</span></p></blockquote>"},"ja543:67.1":{"pli":"(…) ","html":"<p class='endsection'>{}</p>"},"ja543:68.1":{"pli":"“Mamaṃ disvāna āyantaṃ, ","html":"<blockquote class='gatha'><p><span class='verse-line'>{}</span>"},"ja543:68.2":{"pli":"sabbakāmasamiddhinaṃ; ","html":"<span class='verse-line'>{}</span>"},"ja543:68.3":{"pli":"Indriyāni ahaṭṭhāni, ","html":"<span class='verse-line'>{}</span>"},"ja543:68.4":{"pli":"sāvaṃ jātaṃ mukhaṃ tava. ","html":"<span class='verse-line'>{}</span></p>"},"ja543:69.1":{"pli":"Padmaṃ yathā hatthagataṃ, ","html":"<p><span class='verse-line'>{}</span>"},"ja543:69.2":{"pli":"Pāṇinā parimadditaṃ; ","html":"<span class='verse-line'>{}</span>"},"ja543:69.3":{"pli":"Sāvaṃ jātaṃ mukhaṃ tuyhaṃ, ","html":"<span class='verse-line'>{}</span>"},"ja543:69.4":{"pli":"Mamaṃ disvāna edisaṃ. ","html":"<span class='verse-line'>{}</span></p>"},"ja543:70.1":{"pli":"Kacci nu te nābhisasi, ","html":"<p><span class='verse-line'>{}</span>"},"ja543:70.2":{"pli":"kacci te atthi vedanā; ","html":"<span class='verse-line'>{}</span>"},"ja543:70.3":{"pli":"Yena sāvaṃ mukhaṃ tuyhaṃ, ","html":"<span class='verse-line'>{}</span>"},"ja543:70.4":{"pli":"mamaṃ disvāna āgataṃ”. ","html":"<span class='verse-line'>{}</span></p>"},"ja543:71.1":{"pli":"“Supinaṃ tāta addakkhiṃ, ","html":"<p><span class='verse-line'>{}</span>"},"ja543:71.2":{"pli":"ito māsaṃ adhogataṃ; ","html":"<span class='verse-line'>{}</span>"},"ja543:71.3":{"pli":"Dakkhiṇaṃ viya me bāhuṃ, ","html":"<span class='verse-line'>{}</span>"},"ja543:71.4":{"pli":"chetvā ruhiramakkhitaṃ; ","html":"<span class='verse-line'>{}</span>"},"ja543:71.5":{"pli":"Puriso ādāya pakkāmi, ","html":"<span class='verse-line'>{}</span>"},"ja543:71.6":{"pli":"mama rodantiyā sati. ","html":"<span class='verse-line'>{}</span></p>"},"ja543:72.1":{"pli":"Yatohaṃ supinamaddakkhiṃ, ","html":"<p><span class='verse-line'>{}</span>"},"ja543:72.2":{"pli":"sudassana vijānahi; ","html":"<span class='verse-line'>{}</span>"},"ja543:72.3":{"pli":"Tato divā vā rattiṃ vā, ","html":"<span class='verse-line'>{}</span>"},"ja543:72.4":{"pli":"sukhaṃ me nopalabbhati”. ","html":"<span class='verse-line'>{}</span></p>"},"ja543:73.1":{"pli":"“Yaṃ pubbe parivāriṃsu, ","html":"<p><span class='verse-line'>{}</span>"},"ja543:73.2":{"pli":"kaññā ruciraviggahā; ","html":"<span class='verse-line'>{}</span>"},"ja543:73.3":{"pli":"Hemajālapaṭicchannā, ","html":"<span class='verse-line'>{}</span>"},"ja543:73.4":{"pli":"bhūridatto na dissati. ","html":"<span class='verse-line'>{}</span></p>"},"ja543:74.1":{"pli":"Yaṃ pubbe parivāriṃsu, ","html":"<p><span class='verse-line'>{}</span>"},"ja543:74.2":{"pli":"nettiṃsavaradhārino; ","html":"<span class='verse-line'>{}</span>"},"ja543:74.3":{"pli":"Kaṇikārāva samphullā, ","html":"<span class='verse-line'>{}</span>"},"ja543:74.4":{"pli":"bhūridatto na dissati. ","html":"<span class='verse-line'>{}</span></p>"},"ja543:75.1":{"pli":"Handa dāni gamissāma, ","html":"<p><span class='verse-line'>{}</span>"},"ja543:75.2":{"pli":"bhūridattanivesanaṃ; ","html":"<span class='verse-line'>{}</span>"},"ja543:75.3":{"pli":"Dhammaṭṭhaṃ sīlasampannaṃ, ","html":"<span class='verse-line'>{}</span>"},"ja543:75.4":{"pli":"passāma tava bhātaraṃ”. ","html":"<span class='verse-line'>{}</span></p>"},"ja543:76.1":{"pli":"Tañca disvāna āyantiṃ, ","html":"<p><span class='verse-line'>{}</span>"},"ja543:76.2":{"pli":"bhūridattassa mātaraṃ; ","html":"<span class='verse-line'>{}</span>"},"ja543:76.3":{"pli":"Bāhā paggayha pakkanduṃ, ","html":"<span class='verse-line'>{}</span>"},"ja543:76.4":{"pli":"bhūridattassa nāriyo. ","html":"<span class='verse-line'>{}</span></p>"},"ja543:77.1":{"pli":"“Puttaṃ teyye na jānāma, ","html":"<p><span class='verse-line'>{}</span>"},"ja543:77.2":{"pli":"ito māsaṃ adhogataṃ; ","html":"<span class='verse-line'>{}</span>"},"ja543:77.3":{"pli":"Mataṃ vā yadi vā jīvaṃ, ","html":"<span class='verse-line'>{}</span>"},"ja543:77.4":{"pli":"bhūridattaṃ yasassinaṃ. ","html":"<span class='verse-line'>{}</span></p>"},"ja543:78.1":{"pli":"Sakuṇī hataputtāva, ","html":"<p><span class='verse-line'>{}</span>"},"ja543:78.2":{"pli":"suññaṃ disvā kulāvakaṃ; ","html":"<span class='verse-line'>{}</span>"},"ja543:78.3":{"pli":"Ciraṃ dukkhena jhāyissaṃ, ","html":"<span class='verse-line'>{}</span>"},"ja543:78.4":{"pli":"bhūridattaṃ apassatī. ","html":"<span class='verse-line'>{}</span></p>"},"ja543:79.1":{"pli":"Kurarī hatachāpāva, ","html":"<p><span class='verse-line'>{}</span>"},"ja543:79.2":{"pli":"suññaṃ disvā kulāvakaṃ; ","html":"<span class='verse-line'>{}</span>"},"ja543:79.3":{"pli":"Ciraṃ dukkhena jhāyissaṃ, ","html":"<span class='verse-line'>{}</span>"},"ja543:79.4":{"pli":"bhūridattaṃ apassatī. ","html":"<span class='verse-line'>{}</span></p>"},"ja543:80.1":{"pli":"Sā nūna cakkavākīva, ","html":"<p><span class='verse-line'>{}</span>"},"ja543:80.2":{"pli":"pallalasmiṃ anodake; ","html":"<span class='verse-line'>{}</span>"},"ja543:80.3":{"pli":"Ciraṃ dukkhena jhāyissaṃ, ","html":"<span class='verse-line'>{}</span>"},"ja543:80.4":{"pli":"bhūridattaṃ apassatī. ","html":"<span class='verse-line'>{}</span></p>"},"ja543:81.1":{"pli":"Kammārānaṃ yathā ukkā, ","html":"<p><span class='verse-line'>{}</span>"},"ja543:81.2":{"pli":"anto jhāyati no bahi; ","html":"<span class='verse-line'>{}</span>"},"ja543:81.3":{"pli":"Evaṃ jhāyāmi sokena, ","html":"<span class='verse-line'>{}</span>"},"ja543:81.4":{"pli":"bhūridattaṃ apassatī”. ","html":"<span class='verse-line'>{}</span></p>"},"ja543:82.1":{"pli":"Sālāva sampamathitā, ","html":"<p><span class='verse-line'>{}</span>"},"ja543:82.2":{"pli":"mālutena pamadditā; ","html":"<span class='verse-line'>{}</span>"},"ja543:82.3":{"pli":"Senti puttā ca dārā ca, ","html":"<span class='verse-line'>{}</span>"},"ja543:82.4":{"pli":"bhūridattanivesane. ","html":"<span class='verse-line'>{}</span></p>"},"ja543:83.1":{"pli":"Idaṃ sutvāna nigghosaṃ, ","html":"<p><span class='verse-line'>{}</span>"},"ja543:83.2":{"pli":"bhūridattanivesane; ","html":"<span class='verse-line'>{}</span>"},"ja543:83.3":{"pli":"Ariṭṭho ca subhogo ca, ","html":"<span class='verse-line'>{}</span>"},"ja543:83.4":{"pli":"padhāviṃsu anantarā. ","html":"<span class='verse-line'>{}</span></p>"},"ja543:84.1":{"pli":"“Amma assāsa mā soci, ","html":"<p><span class='verse-line'>{}</span>"},"ja543:84.2":{"pli":"evaṃdhammā hi pāṇino; ","html":"<span class='verse-line'>{}</span>"},"ja543:84.3":{"pli":"Cavanti upapajjanti, ","html":"<span class='verse-line'>{}</span>"},"ja543:84.4":{"pli":"esassa pariṇāmitā”. ","html":"<span class='verse-line'>{}</span></p>"},"ja543:85.1":{"pli":"“Ahampi tāta jānāmi, ","html":"<p><span class='verse-line'>{}</span>"},"ja543:85.2":{"pli":"evaṃdhammā hi pāṇino; ","html":"<span class='verse-line'>{}</span>"},"ja543:85.3":{"pli":"Sokena ca paretasmi, ","html":"<span class='verse-line'>{}</span>"},"ja543:85.4":{"pli":"bhūridattaṃ apassatī. ","html":"<span class='verse-line'>{}</span></p>"},"ja543:86.1":{"pli":"Ajja ce me imaṃ rattiṃ, ","html":"<p><span class='verse-line'>{}</span>"},"ja543:86.2":{"pli":"sudassana vijānahi; ","html":"<span class='verse-line'>{}</span>"},"ja543:86.3":{"pli":"Bhūridattaṃ apassantī, ","html":"<span class='verse-line'>{}</span>"},"ja543:86.4":{"pli":"maññe hissāmi jīvitaṃ”. ","html":"<span class='verse-line'>{}</span></p>"},"ja543:87.1":{"pli":"“Amma assāsa mā soci, ","html":"<p><span class='verse-line'>{}</span>"},"ja543:87.2":{"pli":"ānayissāma bhātaraṃ; ","html":"<span class='verse-line'>{}</span>"},"ja543:87.3":{"pli":"Disodisaṃ gamissāma, ","html":"<span class='verse-line'>{}</span>"},"ja543:87.4":{"pli":"bhātupariyesanaṃ caraṃ. ","html":"<span class='verse-line'>{}</span></p>"},"ja543:88.1":{"pli":"Pabbate giriduggesu, ","html":"<p><span class='verse-line'>{}</span>"},"ja543:88.2":{"pli":"gāmesu nigamesu ca; ","html":"<span class='verse-line'>{}</span>"},"ja543:88.3":{"pli":"Orena sattarattassa, ","html":"<span class='verse-line'>{}</span>"},"ja543:88.4":{"pli":"bhātaraṃ passa āgataṃ”. ","html":"<span class='verse-line'>{}</span></p>"},"ja543:89.1":{"pli":"“Hatthā pamutto urago, ","html":"<p><span class='verse-line'>{}</span>"},"ja543:89.2":{"pli":"pāde te nipatī bhusaṃ; ","html":"<span class='verse-line'>{}</span>"},"ja543:89.3":{"pli":"Kacci nu taṃ ḍaṃsī tāta, ","html":"<span class='verse-line'>{}</span>"},"ja543:89.4":{"pli":"mā bhāyi sukhito bhava”. ","html":"<span class='verse-line'>{}</span></p>"},"ja543:90.1":{"pli":"“Neva mayhaṃ ayaṃ nāgo, ","html":"<p><span class='verse-line'>{}</span>"},"ja543:90.2":{"pli":"alaṃ dukkhāya kāyaci; ","html":"<span class='verse-line'>{}</span>"},"ja543:90.3":{"pli":"Yāvatatthi ahiggāho, ","html":"<span class='verse-line'>{}</span>"},"ja543:90.4":{"pli":"mayā bhiyyo na vijjati”. ","html":"<span class='verse-line'>{}</span></p>"},"ja543:91.1":{"pli":"“Ko nu brāhmaṇavaṇṇena, ","html":"<p><span class='verse-line'>{}</span>"},"ja543:91.2":{"pli":"ditto parisamāgato; ","html":"<span class='verse-line'>{}</span>"},"ja543:91.3":{"pli":"Avhāyantu suyuddhena, ","html":"<span class='verse-line'>{}</span>"},"ja543:91.4":{"pli":"suṇantu parisā mama”. ","html":"<span class='verse-line'>{}</span></p>"},"ja543:92.1":{"pli":"“Tvaṃ maṃ nāgena ālampa, ","html":"<p><span class='verse-line'>{}</span>"},"ja543:92.2":{"pli":"ahaṃ maṇḍūkachāpiyā; ","html":"<span class='verse-line'>{}</span>"},"ja543:92.3":{"pli":"Hotu no abbhutaṃ tattha, ","html":"<span class='verse-line'>{}</span>"},"ja543:92.4":{"pli":"ā sahassehi pañcahi”. ","html":"<span class='verse-line'>{}</span></p>"},"ja543:93.1":{"pli":"“Ahañhi vasumā aḍḍho, ","html":"<p><span class='verse-line'>{}</span>"},"ja543:93.2":{"pli":"tvaṃ daliddosi māṇava; ","html":"<span class='verse-line'>{}</span>"},"ja543:93.3":{"pli":"Ko nu te pāṭibhogatthi, ","html":"<span class='verse-line'>{}</span>"},"ja543:93.4":{"pli":"upajūtañca kiṃ siyā. ","html":"<span class='verse-line'>{}</span></p>"},"ja543:94.1":{"pli":"Upajūtañca me assa, ","html":"<p><span class='verse-line'>{}</span>"},"ja543:94.2":{"pli":"pāṭibhogo ca tādiso; ","html":"<span class='verse-line'>{}</span>"},"ja543:94.3":{"pli":"Hotu no abbhutaṃ tattha, ","html":"<span class='verse-line'>{}</span>"},"ja543:94.4":{"pli":"ā sahassehi pañcahi”. ","html":"<span class='verse-line'>{}</span></p>"},"ja543:95.1":{"pli":"“Suṇohi me mahārāja, ","html":"<p><span class='verse-line'>{}</span>"},"ja543:95.2":{"pli":"vacanaṃ bhaddamatthu te; ","html":"<span class='verse-line'>{}</span>"},"ja543:95.3":{"pli":"Pañcannaṃ me sahassānaṃ, ","html":"<span class='verse-line'>{}</span>"},"ja543:95.4":{"pli":"pāṭibhogo hi kittima”. ","html":"<span class='verse-line'>{}</span></p>"},"ja543:96.1":{"pli":"“Pettikaṃ vā iṇaṃ hoti, ","html":"<p><span class='verse-line'>{}</span>"},"ja543:96.2":{"pli":"Yaṃ vā hoti sayaṅkataṃ; ","html":"<span class='verse-line'>{}</span>"},"ja543:96.3":{"pli":"Kiṃ tvaṃ evaṃ bahuṃ mayhaṃ, ","html":"<span class='verse-line'>{}</span>"},"ja543:96.4":{"pli":"Dhanaṃ yācasi brāhmaṇa”. ","html":"<span class='verse-line'>{}</span></p>"},"ja543:97.1":{"pli":"“Alampāno hi nāgena, ","html":"<p><span class='verse-line'>{}</span>"},"ja543:97.2":{"pli":"mamaṃ abhijigīsati; ","html":"<span class='verse-line'>{}</span>"},"ja543:97.3":{"pli":"Ahaṃ maṇḍūkachāpiyā, ","html":"<span class='verse-line'>{}</span>"},"ja543:97.4":{"pli":"ḍaṃsayissāmi brāhmaṇaṃ. ","html":"<span class='verse-line'>{}</span></p>"},"ja543:98.1":{"pli":"Taṃ tvaṃ daṭṭhuṃ mahārāja, ","html":"<p><span class='verse-line'>{}</span>"},"ja543:98.2":{"pli":"ajja raṭṭhābhivaḍḍhana; ","html":"<span class='verse-line'>{}</span>"},"ja543:98.3":{"pli":"Khattasaṅghaparibyūḷho, ","html":"<span class='verse-line'>{}</span>"},"ja543:98.4":{"pli":"niyyāhi ahidassanaṃ”. ","html":"<span class='verse-line'>{}</span></p>"},"ja543:99.1":{"pli":"“Neva taṃ atimaññāmi, ","html":"<p><span class='verse-line'>{}</span>"},"ja543:99.2":{"pli":"sippavādena māṇava; ","html":"<span class='verse-line'>{}</span>"},"ja543:99.3":{"pli":"Atimattosi sippena, ","html":"<span class='verse-line'>{}</span>"},"ja543:99.4":{"pli":"uragaṃ nāpacāyasi”. ","html":"<span class='verse-line'>{}</span></p>"},"ja543:100.1":{"pli":"“Ahampi nātimaññāmi, ","html":"<p><span class='verse-line'>{}</span>"},"ja543:100.2":{"pli":"sippavādena brāhmaṇa; ","html":"<span class='verse-line'>{}</span>"},"ja543:100.3":{"pli":"Avisena ca nāgena, ","html":"<span class='verse-line'>{}</span>"},"ja543:100.4":{"pli":"bhusaṃ vañcayase janaṃ. ","html":"<span class='verse-line'>{}</span></p>"},"ja543:101.1":{"pli":"Evañcetaṃ jano jaññā, ","html":"<p><span class='verse-line'>{}</span>"},"ja543:101.2":{"pli":"Yathā jānāmi taṃ ahaṃ; ","html":"<span class='verse-line'>{}</span>"},"ja543:101.3":{"pli":"Na tvaṃ labhasi ālampa, ","html":"<span class='verse-line'>{}</span>"},"ja543:101.4":{"pli":"Bhusamuṭṭhiṃ kuto dhanaṃ”. ","html":"<span class='verse-line'>{}</span></p>"},"ja543:102.1":{"pli":"“Kharājino jaṭī dummī, ","html":"<p><span class='verse-line'>{}</span>"},"ja543:102.2":{"pli":"ditto parisamāgato; ","html":"<span class='verse-line'>{}</span>"},"ja543:102.3":{"pli":"Yo tvaṃ evaṃ gataṃ nāgaṃ, ","html":"<span class='verse-line'>{}</span>"},"ja543:102.4":{"pli":"aviso atimaññasi. ","html":"<span class='verse-line'>{}</span></p>"},"ja543:103.1":{"pli":"Āsajja kho naṃ jaññāsi, ","html":"<p><span class='verse-line'>{}</span>"},"ja543:103.2":{"pli":"puṇṇaṃ uggassa tejaso; ","html":"<span class='verse-line'>{}</span>"},"ja543:103.3":{"pli":"Maññe taṃ bhasmarāsiṃva, ","html":"<span class='verse-line'>{}</span>"},"ja543:103.4":{"pli":"khippameso karissati”. ","html":"<span class='verse-line'>{}</span></p>"},"ja543:104.1":{"pli":"“Siyā visaṃ siluttassa, ","html":"<p><span class='verse-line'>{}</span>"},"ja543:104.2":{"pli":"deḍḍubhassa silābhuno; ","html":"<span class='verse-line'>{}</span>"},"ja543:104.3":{"pli":"Neva lohitasīsassa, ","html":"<span class='verse-line'>{}</span>"},"ja543:104.4":{"pli":"visaṃ nāgassa vijjati”. ","html":"<span class='verse-line'>{}</span></p>"},"ja543:105.1":{"pli":"“Sutametaṃ arahataṃ, ","html":"<p><span class='verse-line'>{}</span>"},"ja543:105.2":{"pli":"saññatānaṃ tapassinaṃ; ","html":"<span class='verse-line'>{}</span>"},"ja543:105.3":{"pli":"Idha dānāni datvāna, ","html":"<span class='verse-line'>{}</span>"},"ja543:105.4":{"pli":"saggaṃ gacchanti dāyakā; ","html":"<span class='verse-line'>{}</span>"},"ja543:105.5":{"pli":"Jīvanto dehi dānāni, ","html":"<span class='verse-line'>{}</span>"},"ja543:105.6":{"pli":"yadi te atthi dātave. ","html":"<span class='verse-line'>{}</span></p>"},"ja543:106.1":{"pli":"Ayaṃ nāgo mahiddhiko, ","html":"<p><span class='verse-line'>{}</span>"},"ja543:106.2":{"pli":"tejassī duratikkamo; ","html":"<span class='verse-line'>{}</span>"},"ja543:106.3":{"pli":"Tena taṃ ḍaṃsayissāmi, ","html":"<span class='verse-line'>{}</span>"},"ja543:106.4":{"pli":"so taṃ bhasmaṃ karissati”. ","html":"<span class='verse-line'>{}</span></p>"},"ja543:107.1":{"pli":"“Mayāpetaṃ sutaṃ samma, ","html":"<p><span class='verse-line'>{}</span>"},"ja543:107.2":{"pli":"saññatānaṃ tapassinaṃ; ","html":"<span class='verse-line'>{}</span>"},"ja543:107.3":{"pli":"Idha dānāni datvāna, ","html":"<span class='verse-line'>{}</span>"},"ja543:107.4":{"pli":"saggaṃ gacchanti dāyakā; ","html":"<span class='verse-line'>{}</span>"},"ja543:107.5":{"pli":"Tvameva dehi jīvanto, ","html":"<span class='verse-line'>{}</span>"},"ja543:107.6":{"pli":"yadi te atthi dātave. ","html":"<span class='verse-line'>{}</span></p>"},"ja543:108.1":{"pli":"Ayaṃ ajamukhī nāma, ","html":"<p><span class='verse-line'>{}</span>"},"ja543:108.2":{"pli":"puṇṇā uggassa tejaso; ","html":"<span class='verse-line'>{}</span>"},"ja543:108.3":{"pli":"Tāya taṃ ḍaṃsayissāmi, ","html":"<span class='verse-line'>{}</span>"},"ja543:108.4":{"pli":"sā taṃ bhasmaṃ karissati. ","html":"<span class='verse-line'>{}</span></p>"},"ja543:109.1":{"pli":"Yā dhītā dhataraṭṭhassa, ","html":"<p><span class='verse-line'>{}</span>"},"ja543:109.2":{"pli":"vemātā bhaginī mama; ","html":"<span class='verse-line'>{}</span>"},"ja543:109.3":{"pli":"Sā taṃ ḍaṃsatvajamukhī, ","html":"<span class='verse-line'>{}</span>"},"ja543:109.4":{"pli":"puṇṇā uggassa tejaso. ","html":"<span class='verse-line'>{}</span></p>"},"ja543:110.1":{"pli":"Chamāyañce nisiñcissaṃ, ","html":"<p><span class='verse-line'>{}</span>"},"ja543:110.2":{"pli":"brahmadatta vijānahi; ","html":"<span class='verse-line'>{}</span>"},"ja543:110.3":{"pli":"Tiṇalatāni osadhyo, ","html":"<span class='verse-line'>{}</span>"},"ja543:110.4":{"pli":"ussusseyyuṃ asaṃsayaṃ. ","html":"<span class='verse-line'>{}</span></p>"},"ja543:111.1":{"pli":"Uddhañce pātayissāmi, ","html":"<p><span class='verse-line'>{}</span>"},"ja543:111.2":{"pli":"brahmadatta vijānahi; ","html":"<span class='verse-line'>{}</span>"},"ja543:111.3":{"pli":"Satta vassāniyaṃ devo, ","html":"<span class='verse-line'>{}</span>"},"ja543:111.4":{"pli":"na vasse na himaṃ pate. ","html":"<span class='verse-line'>{}</span></p>"},"ja543:112.1":{"pli":"Udake ce nisiñcissaṃ, ","html":"<p><span class='verse-line'>{}</span>"},"ja543:112.2":{"pli":"brahmadatta vijānahi; ","html":"<span class='verse-line'>{}</span>"},"ja543:112.3":{"pli":"Yāvantodakajā pāṇā, ","html":"<span class='verse-line'>{}</span>"},"ja543:112.4":{"pli":"mareyyuṃ macchakacchapā”. ","html":"<span class='verse-line'>{}</span></p></blockquote>"},"ja543:113.1":{"pli":"(…) ","html":"<p class='endsection'>{}</p>"},"ja543:114.1":{"pli":"“Lokyaṃ sajantaṃ udakaṃ, ","html":"<blockquote class='gatha'><p><span class='verse-line'>{}</span>"},"ja543:114.2":{"pli":"payāgasmiṃ patiṭṭhitaṃ; ","html":"<span class='verse-line'>{}</span>"},"ja543:114.3":{"pli":"Komaṃ ajjhoharī bhūto, ","html":"<span class='verse-line'>{}</span>"},"ja543:114.4":{"pli":"ogāḷhaṃ yamunaṃ nadiṃ”. ","html":"<span class='verse-line'>{}</span></p>"},"ja543:115.1":{"pli":"“Yadesa lokādhipatī yasassī, ","html":"<p><span class='verse-line'>{}</span>"},"ja543:115.2":{"pli":"Bārāṇasiṃ pakriya samantato; ","html":"<span class='verse-line'>{}</span>"},"ja543:115.3":{"pli":"Tassāha putto uragūsabhassa, ","html":"<span class='verse-line'>{}</span>"},"ja543:115.4":{"pli":"Subhogoti maṃ brāhmaṇa vedayanti”. ","html":"<span class='verse-line'>{}</span></p>"},"ja543:116.1":{"pli":"“Sace hi putto uragūsabhassa, ","html":"<p><span class='verse-line'>{}</span>"},"ja543:116.2":{"pli":"Kāsissa rañño amarādhipassa; ","html":"<span class='verse-line'>{}</span>"},"ja543:116.3":{"pli":"Mahesakkho aññataro pitā te, ","html":"<span class='verse-line'>{}</span>"},"ja543:116.4":{"pli":"Maccesu mātā pana te atulyā; ","html":"<span class='verse-line'>{}</span>"},"ja543:116.5":{"pli":"Na tādiso arahati brāhmaṇassa, ","html":"<span class='verse-line'>{}</span>"},"ja543:116.6":{"pli":"Dāsampi ohārituṃ mahānubhāvo”. ","html":"<span class='verse-line'>{}</span></p>"},"ja543:117.1":{"pli":"“Rukkhaṃ nissāya vijjhittho, ","html":"<p><span class='verse-line'>{}</span>"},"ja543:117.2":{"pli":"eṇeyyaṃ pātumāgataṃ; ","html":"<span class='verse-line'>{}</span>"},"ja543:117.3":{"pli":"So viddho dūramacari, ","html":"<span class='verse-line'>{}</span>"},"ja543:117.4":{"pli":"saravegena sīghavā. ","html":"<span class='verse-line'>{}</span></p>"},"ja543:118.1":{"pli":"Taṃ tvaṃ patitamaddakkhi, ","html":"<p><span class='verse-line'>{}</span>"},"ja543:118.2":{"pli":"araññasmiṃ brahāvane; ","html":"<span class='verse-line'>{}</span>"},"ja543:118.3":{"pli":"Sa maṃsakājamādāya, ","html":"<span class='verse-line'>{}</span>"},"ja543:118.4":{"pli":"sāyaṃ nigrodhupāgami. ","html":"<span class='verse-line'>{}</span></p>"},"ja543:119.1":{"pli":"Sukasāḷikasaṅghuṭṭhaṃ, ","html":"<p><span class='verse-line'>{}</span>"},"ja543:119.2":{"pli":"piṅgalaṃ santhatāyutaṃ; ","html":"<span class='verse-line'>{}</span>"},"ja543:119.3":{"pli":"Kokilābhirudaṃ rammaṃ, ","html":"<span class='verse-line'>{}</span>"},"ja543:119.4":{"pli":"dhuvaṃ haritasaddalaṃ. ","html":"<span class='verse-line'>{}</span></p>"},"ja543:120.1":{"pli":"Tattha te so pāturahu, ","html":"<p><span class='verse-line'>{}</span>"},"ja543:120.2":{"pli":"iddhiyā yasasā jalaṃ; ","html":"<span class='verse-line'>{}</span>"},"ja543:120.3":{"pli":"Mahānubhāvo bhātā me, ","html":"<span class='verse-line'>{}</span>"},"ja543:120.4":{"pli":"kaññāhi parivārito. ","html":"<span class='verse-line'>{}</span></p>"},"ja543:121.1":{"pli":"So tena pariciṇṇo tvaṃ, ","html":"<p><span class='verse-line'>{}</span>"},"ja543:121.2":{"pli":"sabbakāmehi tappito; ","html":"<span class='verse-line'>{}</span>"},"ja543:121.3":{"pli":"Aduṭṭhassa tuvaṃ dubbhi, ","html":"<span class='verse-line'>{}</span>"},"ja543:121.4":{"pli":"taṃ te veraṃ idhāgataṃ. ","html":"<span class='verse-line'>{}</span></p>"},"ja543:122.1":{"pli":"Khippaṃ gīvaṃ pasārehi, ","html":"<p><span class='verse-line'>{}</span>"},"ja543:122.2":{"pli":"na te dassāmi jīvitaṃ; ","html":"<span class='verse-line'>{}</span>"},"ja543:122.3":{"pli":"Bhātu parisaraṃ veraṃ, ","html":"<span class='verse-line'>{}</span>"},"ja543:122.4":{"pli":"chedayissāmi te siraṃ”. ","html":"<span class='verse-line'>{}</span></p>"},"ja543:123.1":{"pli":"“Ajjhāyako yācayogī, ","html":"<p><span class='verse-line'>{}</span>"},"ja543:123.2":{"pli":"āhutaggi ca brāhmaṇo; ","html":"<span class='verse-line'>{}</span>"},"ja543:123.3":{"pli":"Etehi tīhi ṭhānehi, ","html":"<span class='verse-line'>{}</span>"},"ja543:123.4":{"pli":"avajjho hoti brāhmaṇo”. ","html":"<span class='verse-line'>{}</span></p>"},"ja543:124.1":{"pli":"“Yaṃ pūraṃ dhataraṭṭhassa, ","html":"<p><span class='verse-line'>{}</span>"},"ja543:124.2":{"pli":"ogāḷhaṃ yamunaṃ nadiṃ; ","html":"<span class='verse-line'>{}</span>"},"ja543:124.3":{"pli":"Jotate sabbasovaṇṇaṃ, ","html":"<span class='verse-line'>{}</span>"},"ja543:124.4":{"pli":"girimāhacca yāmunaṃ. ","html":"<span class='verse-line'>{}</span></p>"},"ja543:125.1":{"pli":"Tattha te purisabyagghā, ","html":"<p><span class='verse-line'>{}</span>"},"ja543:125.2":{"pli":"sodariyā mama bhātaro; ","html":"<span class='verse-line'>{}</span>"},"ja543:125.3":{"pli":"Yathā te tattha vakkhanti, ","html":"<span class='verse-line'>{}</span>"},"ja543:125.4":{"pli":"tathā hessasi brāhmaṇa”. ","html":"<span class='verse-line'>{}</span></p></blockquote>"},"ja543:126.1":{"pli":"(…) ","html":"<p class='endsection'>{}</p>"},"ja543:127.1":{"pli":"“Anittarā ittarasampayuttā, ","html":"<blockquote class='gatha'><p><span class='verse-line'>{}</span>"},"ja543:127.2":{"pli":"Yaññā ca vedā ca subhoga loke; ","html":"<span class='verse-line'>{}</span>"},"ja543:127.3":{"pli":"Tadaggarayhañhi vinindamāno, ","html":"<span class='verse-line'>{}</span>"},"ja543:127.4":{"pli":"Jahāti vittañca satañca dhammaṃ. ","html":"<span class='verse-line'>{}</span></p>"},"ja543:128.1":{"pli":"Ajjhenamariyā pathaviṃ janindā, ","html":"<p><span class='verse-line'>{}</span>"},"ja543:128.2":{"pli":"Vessā kasiṃ pāricariyañca suddā; ","html":"<span class='verse-line'>{}</span>"},"ja543:128.3":{"pli":"Upāgu paccekaṃ yathāpadesaṃ, ","html":"<span class='verse-line'>{}</span>"},"ja543:128.4":{"pli":"Katāhu ete vasināti āhu. ","html":"<span class='verse-line'>{}</span></p>"},"ja543:129.1":{"pli":"Dhātā vidhātā varuṇo kuvero, ","html":"<p><span class='verse-line'>{}</span>"},"ja543:129.2":{"pli":"Somo yamo candimā vāyu sūriyo; ","html":"<span class='verse-line'>{}</span>"},"ja543:129.3":{"pli":"Etepi yaññaṃ puthuso yajitvā, ","html":"<span class='verse-line'>{}</span>"},"ja543:129.4":{"pli":"Ajjhāyakānaṃ atho sabbakāme. ","html":"<span class='verse-line'>{}</span></p>"},"ja543:130.1":{"pli":"Vikāsitā cāpasatāni pañca, ","html":"<p><span class='verse-line'>{}</span>"},"ja543:130.2":{"pli":"Yo ajjuno balavā bhīmaseno; ","html":"<span class='verse-line'>{}</span>"},"ja543:130.3":{"pli":"Sahassabāhu asamo pathabyā, ","html":"<span class='verse-line'>{}</span>"},"ja543:130.4":{"pli":"Sopi tadā mādahi jātavedaṃ. ","html":"<span class='verse-line'>{}</span></p>"},"ja543:131.1":{"pli":"Yo brāhmaṇe bhojayi dīgharattaṃ, ","html":"<p><span class='verse-line'>{}</span>"},"ja543:131.2":{"pli":"Annena pānena yathānubhāvaṃ; ","html":"<span class='verse-line'>{}</span>"},"ja543:131.3":{"pli":"Pasannacitto anumodamāno, ","html":"<span class='verse-line'>{}</span>"},"ja543:131.4":{"pli":"Subhoga devaññataro ahosi. ","html":"<span class='verse-line'>{}</span></p>"},"ja543:132.1":{"pli":"Mahāsanaṃ devamanomavaṇṇaṃ, ","html":"<p><span class='verse-line'>{}</span>"},"ja543:132.2":{"pli":"Yo sappinā asakkhi bhojetumaggiṃ; ","html":"<span class='verse-line'>{}</span>"},"ja543:132.3":{"pli":"Sa yaññatantaṃ varato yajitvā, ","html":"<span class='verse-line'>{}</span>"},"ja543:132.4":{"pli":"Dibbaṃ gatiṃ mucalindajjhagacchi. ","html":"<span class='verse-line'>{}</span></p>"},"ja543:133.1":{"pli":"Mahānubhāvo vassasahassajīvī, ","html":"<p><span class='verse-line'>{}</span>"},"ja543:133.2":{"pli":"Yo pabbajī dassaneyyo uḷāro; ","html":"<span class='verse-line'>{}</span>"},"ja543:133.3":{"pli":"Hitvā apariyanta raṭṭhaṃ sasenaṃ, ","html":"<span class='verse-line'>{}</span>"},"ja543:133.4":{"pli":"Rājā dudīpopi jagāma saggaṃ. ","html":"<span class='verse-line'>{}</span></p>"},"ja543:134.1":{"pli":"Yo sāgarantaṃ sāgaro vijitvā, ","html":"<p><span class='verse-line'>{}</span>"},"ja543:134.2":{"pli":"Yūpaṃ subhaṃ soṇṇamayaṃ uḷāraṃ; ","html":"<span class='verse-line'>{}</span>"},"ja543:134.3":{"pli":"Ussesi vessānaramādahāno, ","html":"<span class='verse-line'>{}</span>"},"ja543:134.4":{"pli":"Subhoga devaññataro ahosi. ","html":"<span class='verse-line'>{}</span></p>"},"ja543:135.1":{"pli":"Yassānubhāvena subhoga gaṅgā, ","html":"<p><span class='verse-line'>{}</span>"},"ja543:135.2":{"pli":"Pavattatha dadhisannisinnaṃ samuddaṃ; ","html":"<span class='verse-line'>{}</span>"},"ja543:135.3":{"pli":"Salomapādo paricariya maggiṃ, ","html":"<span class='verse-line'>{}</span>"},"ja543:135.4":{"pli":"Aṅgo sahassakkhapurajjhagacchi. ","html":"<span class='verse-line'>{}</span></p>"},"ja543:136.1":{"pli":"Mahiddhiko devavaro yasassī, ","html":"<p><span class='verse-line'>{}</span>"},"ja543:136.2":{"pli":"Senāpati tidive vāsavassa; ","html":"<span class='verse-line'>{}</span>"},"ja543:136.3":{"pli":"So somayāgena malaṃ vihantvā, ","html":"<span class='verse-line'>{}</span>"},"ja543:136.4":{"pli":"Subhoga devaññataro ahosi. ","html":"<span class='verse-line'>{}</span></p>"},"ja543:137.1":{"pli":"Akārayi lokamimaṃ parañca, ","html":"<p><span class='verse-line'>{}</span>"},"ja543:137.2":{"pli":"Bhāgīrathiṃ himavantañca gijjhaṃ; ","html":"<span class='verse-line'>{}</span>"},"ja543:137.3":{"pli":"Yo iddhimā devavaro yasassī, ","html":"<span class='verse-line'>{}</span>"},"ja543:137.4":{"pli":"Sopi tadā ādahi jātavedaṃ. ","html":"<span class='verse-line'>{}</span></p>"},"ja543:138.1":{"pli":"Mālāgirī himavā yo ca gijjho, ","html":"<p><span class='verse-line'>{}</span>"},"ja543:138.2":{"pli":"Sudassano nisabho kuveru; ","html":"<span class='verse-line'>{}</span>"},"ja543:138.3":{"pli":"Ete ca aññe ca nagā mahantā, ","html":"<span class='verse-line'>{}</span>"},"ja543:138.4":{"pli":"Cityā katā yaññakarehi māhu. ","html":"<span class='verse-line'>{}</span></p>"},"ja543:139.1":{"pli":"Ajjhāyakaṃ mantaguṇūpapannaṃ, ","html":"<p><span class='verse-line'>{}</span>"},"ja543:139.2":{"pli":"Tapassinaṃ yācayogotidhāhu; ","html":"<span class='verse-line'>{}</span>"},"ja543:139.3":{"pli":"Tīre samuddassudakaṃ sajantaṃ, ","html":"<span class='verse-line'>{}</span>"},"ja543:139.4":{"pli":"Taṃ sāgarojjhohari tenapeyyo. ","html":"<span class='verse-line'>{}</span></p>"},"ja543:140.1":{"pli":"Āyāgavatthūni puthū pathabyā, ","html":"<p><span class='verse-line'>{}</span>"},"ja543:140.2":{"pli":"Saṃvijjanti brāhmaṇā vāsavassa; ","html":"<span class='verse-line'>{}</span>"},"ja543:140.3":{"pli":"Purimaṃ disaṃ pacchimaṃ dakkhiṇuttaraṃ, ","html":"<span class='verse-line'>{}</span>"},"ja543:140.4":{"pli":"Saṃvijjamānā janayanti vedaṃ”. ","html":"<span class='verse-line'>{}</span></p>"},"ja543:141.1":{"pli":"“Kalī hi dhīrāna kaṭaṃ magānaṃ, ","html":"<p><span class='verse-line'>{}</span>"},"ja543:141.2":{"pli":"Bhavanti vedajjhagatānariṭṭha; ","html":"<span class='verse-line'>{}</span>"},"ja543:141.3":{"pli":"Marīcidhammaṃ asamekkhitattā, ","html":"<span class='verse-line'>{}</span>"},"ja543:141.4":{"pli":"Māyāguṇā nātivahanti paññaṃ. ","html":"<span class='verse-line'>{}</span></p>"},"ja543:142.1":{"pli":"Vedā na tāṇāya bhavanti dassa, ","html":"<p><span class='verse-line'>{}</span>"},"ja543:142.2":{"pli":"Mittadduno bhūnahuno narassa; ","html":"<span class='verse-line'>{}</span>"},"ja543:142.3":{"pli":"Na tāyate pariciṇṇo ca aggi, ","html":"<span class='verse-line'>{}</span>"},"ja543:142.4":{"pli":"Dosantaraṃ maccamanariyakammaṃ. ","html":"<span class='verse-line'>{}</span></p>"},"ja543:143.1":{"pli":"Sabbañca maccā sadhanaṃ sabhogaṃ, ","html":"<p><span class='verse-line'>{}</span>"},"ja543:143.2":{"pli":"Ādīpitaṃ dāru tiṇena missaṃ; ","html":"<span class='verse-line'>{}</span>"},"ja543:143.3":{"pli":"Dahaṃ na tappe asamatthatejo, ","html":"<span class='verse-line'>{}</span>"},"ja543:143.4":{"pli":"Ko taṃ subhikkhaṃ dvirasaññu kayirā. ","html":"<span class='verse-line'>{}</span></p>"},"ja543:144.1":{"pli":"Yathāpi khīraṃ vipariṇāmadhammaṃ, ","html":"<p><span class='verse-line'>{}</span>"},"ja543:144.2":{"pli":"Dadhi bhavitvā navanītampi hoti; ","html":"<span class='verse-line'>{}</span>"},"ja543:144.3":{"pli":"Evampi aggi vipariṇāmadhammo, ","html":"<span class='verse-line'>{}</span>"},"ja543:144.4":{"pli":"Tejo samorohatī yogayutto. ","html":"<span class='verse-line'>{}</span></p>"},"ja543:145.1":{"pli":"Na dissatī aggimanuppaviṭṭho, ","html":"<p><span class='verse-line'>{}</span>"},"ja543:145.2":{"pli":"Sukkhesu kaṭṭhesu navesu cāpi; ","html":"<span class='verse-line'>{}</span>"},"ja543:145.3":{"pli":"Nāmatthamāno araṇīnarena, ","html":"<span class='verse-line'>{}</span>"},"ja543:145.4":{"pli":"Nākammunā jāyati jātavedo. ","html":"<span class='verse-line'>{}</span></p>"},"ja543:146.1":{"pli":"Sace hi aggi antarato vaseyya, ","html":"<p><span class='verse-line'>{}</span>"},"ja543:146.2":{"pli":"Sukkhesu kaṭṭhesu navesu cāpi; ","html":"<span class='verse-line'>{}</span>"},"ja543:146.3":{"pli":"Sabbāni susseyyu vanāni loke, ","html":"<span class='verse-line'>{}</span>"},"ja543:146.4":{"pli":"Sukkhāni kaṭṭhāni ca pajjaleyyuṃ. ","html":"<span class='verse-line'>{}</span></p>"},"ja543:147.1":{"pli":"Karoti ce dārutiṇena puññaṃ, ","html":"<p><span class='verse-line'>{}</span>"},"ja543:147.2":{"pli":"Bhojaṃ naro dhūmasikhiṃ patāpavaṃ; ","html":"<span class='verse-line'>{}</span>"},"ja543:147.3":{"pli":"Aṅgārikā loṇakarā ca sūdā, ","html":"<span class='verse-line'>{}</span>"},"ja543:147.4":{"pli":"Sarīradāhāpi kareyyu puññaṃ. ","html":"<span class='verse-line'>{}</span></p>"},"ja543:148.1":{"pli":"Atha ce hi ete na karonti puññaṃ, ","html":"<p><span class='verse-line'>{}</span>"},"ja543:148.2":{"pli":"Ajjhenamaggiṃ idha tappayitvā; ","html":"<span class='verse-line'>{}</span>"},"ja543:148.3":{"pli":"Na koci lokasmiṃ karoti puññaṃ, ","html":"<span class='verse-line'>{}</span>"},"ja543:148.4":{"pli":"Bhojaṃ naro dhūmasikhiṃ patāpavaṃ. ","html":"<span class='verse-line'>{}</span></p>"},"ja543:149.1":{"pli":"Kathañhi lokāpacito samāno, ","html":"<p><span class='verse-line'>{}</span>"},"ja543:149.2":{"pli":"Amanuññagandhaṃ bahūnaṃ akantaṃ; ","html":"<span class='verse-line'>{}</span>"},"ja543:149.3":{"pli":"Yadeva maccā parivajjayanti, ","html":"<span class='verse-line'>{}</span>"},"ja543:149.4":{"pli":"Tadappasatthaṃ dvirasaññu bhuñje. ","html":"<span class='verse-line'>{}</span></p>"},"ja543:150.1":{"pli":"Sikhimpi devesu vadanti heke, ","html":"<p><span class='verse-line'>{}</span>"},"ja543:150.2":{"pli":"Āpaṃ milakkhū pana devamāhu; ","html":"<span class='verse-line'>{}</span>"},"ja543:150.3":{"pli":"Sabbeva ete vitathaṃ bhaṇanti, ","html":"<span class='verse-line'>{}</span>"},"ja543:150.4":{"pli":"Aggī na devaññataro na cāpo. ","html":"<span class='verse-line'>{}</span></p>"},"ja543:151.1":{"pli":"Anindriyabaddhamasaññakāyaṃ, ","html":"<p><span class='verse-line'>{}</span>"},"ja543:151.2":{"pli":"Vessānaraṃ kammakaraṃ pajānaṃ; ","html":"<span class='verse-line'>{}</span>"},"ja543:151.3":{"pli":"Paricariya maggiṃ sugatiṃ kathaṃ vaje, ","html":"<span class='verse-line'>{}</span>"},"ja543:151.4":{"pli":"Pāpāni kammāni pakubbamāno. ","html":"<span class='verse-line'>{}</span></p>"},"ja543:152.1":{"pli":"Sabbābhibhū tāhudha jīvikatthā, ","html":"<p><span class='verse-line'>{}</span>"},"ja543:152.2":{"pli":"Aggissa brahmā paricārakoti; ","html":"<span class='verse-line'>{}</span>"},"ja543:152.3":{"pli":"Sabbānubhāvī ca vasī kimatthaṃ, ","html":"<span class='verse-line'>{}</span>"},"ja543:152.4":{"pli":"Animmito nimmitaṃ vanditassa. ","html":"<span class='verse-line'>{}</span></p>"},"ja543:153.1":{"pli":"Hassaṃ anijjhānakhamaṃ atacchaṃ, ","html":"<p><span class='verse-line'>{}</span>"},"ja543:153.2":{"pli":"Sakkārahetu pakiriṃsu pubbe; ","html":"<span class='verse-line'>{}</span>"},"ja543:153.3":{"pli":"Te lābhasakkāre apātubhonte, ","html":"<span class='verse-line'>{}</span>"},"ja543:153.4":{"pli":"Sandhāpitā jantubhi santidhammaṃ. ","html":"<span class='verse-line'>{}</span></p>"},"ja543:154.1":{"pli":"Ajjhenamariyā pathaviṃ janindā, ","html":"<p><span class='verse-line'>{}</span>"},"ja543:154.2":{"pli":"Vessā kasiṃ pāricariyañca suddā; ","html":"<span class='verse-line'>{}</span>"},"ja543:154.3":{"pli":"Upāgu paccekaṃ yathāpadesaṃ, ","html":"<span class='verse-line'>{}</span>"},"ja543:154.4":{"pli":"Katāhu ete vasināti āhu. ","html":"<span class='verse-line'>{}</span></p>"},"ja543:155.1":{"pli":"Etañca saccaṃ vacanaṃ bhaveyya, ","html":"<p><span class='verse-line'>{}</span>"},"ja543:155.2":{"pli":"Yathā idaṃ bhāsitaṃ brāhmaṇehi; ","html":"<span class='verse-line'>{}</span>"},"ja543:155.3":{"pli":"Nākhattiyo jātu labhetha rajjaṃ, ","html":"<span class='verse-line'>{}</span>"},"ja543:155.4":{"pli":"Nābrāhmaṇo mantapadāni sikkhe; ","html":"<span class='verse-line'>{}</span>"},"ja543:155.5":{"pli":"Nāññatra vessehi kasiṃ kareyya, ","html":"<span class='verse-line'>{}</span>"},"ja543:155.6":{"pli":"Suddo na mucce parapesanāya. ","html":"<span class='verse-line'>{}</span></p>"},"ja543:156.1":{"pli":"Yasmā ca etaṃ vacanaṃ abhūtaṃ, ","html":"<p><span class='verse-line'>{}</span>"},"ja543:156.2":{"pli":"Musāvime odariyā bhaṇanti; ","html":"<span class='verse-line'>{}</span>"},"ja543:156.3":{"pli":"Tadappapaññā abhisaddahanti, ","html":"<span class='verse-line'>{}</span>"},"ja543:156.4":{"pli":"Passanti taṃ paṇḍitā attanāva. ","html":"<span class='verse-line'>{}</span></p>"},"ja543:157.1":{"pli":"Khatyā hi vessānaṃ baliṃ haranti, ","html":"<p><span class='verse-line'>{}</span>"},"ja543:157.2":{"pli":"Ādāya satthāni caranti brāhmaṇā; ","html":"<span class='verse-line'>{}</span>"},"ja543:157.3":{"pli":"Taṃ tādisaṃ saṅkhubhitaṃ pabhinnaṃ, ","html":"<span class='verse-line'>{}</span>"},"ja543:157.4":{"pli":"Kasmā brahmā nujju karoti lokaṃ. ","html":"<span class='verse-line'>{}</span></p>"},"ja543:158.1":{"pli":"Sace hi so issaro sabbaloke, ","html":"<p><span class='verse-line'>{}</span>"},"ja543:158.2":{"pli":"Brahmā bahūbhūtapatī pajānaṃ; ","html":"<span class='verse-line'>{}</span>"},"ja543:158.3":{"pli":"Kiṃ sabbalokaṃ vidahī alakkhiṃ, ","html":"<span class='verse-line'>{}</span>"},"ja543:158.4":{"pli":"Kiṃ sabbalokaṃ na sukhiṃ akāsi. ","html":"<span class='verse-line'>{}</span></p>"},"ja543:159.1":{"pli":"Sace hi so issaro sabbaloke, ","html":"<p><span class='verse-line'>{}</span>"},"ja543:159.2":{"pli":"Brahmā bahūbhūtapatī pajānaṃ; ","html":"<span class='verse-line'>{}</span>"},"ja543:159.3":{"pli":"Māyā musāvajjamadena cāpi, ","html":"<span class='verse-line'>{}</span>"},"ja543:159.4":{"pli":"Lokaṃ adhammena kimatthamakāri. ","html":"<span class='verse-line'>{}</span></p>"},"ja543:160.1":{"pli":"Sace hi so issaro sabbaloke, ","html":"<p><span class='verse-line'>{}</span>"},"ja543:160.2":{"pli":"Brahmā bahūbhūtapatī pajānaṃ; ","html":"<span class='verse-line'>{}</span>"},"ja543:160.3":{"pli":"Adhammiko bhūtapatī ariṭṭha, ","html":"<span class='verse-line'>{}</span>"},"ja543:160.4":{"pli":"Dhamme sati yo vidahī adhammaṃ. ","html":"<span class='verse-line'>{}</span></p>"},"ja543:161.1":{"pli":"Kīṭā paṭaṅgā uragā ca bhekā, ","html":"<p><span class='verse-line'>{}</span>"},"ja543:161.2":{"pli":"Hantvā kimī sujjhati makkhikā ca; ","html":"<span class='verse-line'>{}</span>"},"ja543:161.3":{"pli":"Etepi dhammā anariyarūpā, ","html":"<span class='verse-line'>{}</span>"},"ja543:161.4":{"pli":"Kambojakānaṃ vitathā bahūnaṃ. ","html":"<span class='verse-line'>{}</span></p>"},"ja543:162.1":{"pli":"Sace hi so sujjhati yo hanāti, ","html":"<p><span class='verse-line'>{}</span>"},"ja543:162.2":{"pli":"Hatopi so saggamupeti ṭhānaṃ; ","html":"<span class='verse-line'>{}</span>"},"ja543:162.3":{"pli":"Bhovādi bhovādina mārayeyyuṃ, ","html":"<span class='verse-line'>{}</span>"},"ja543:162.4":{"pli":"Ye cāpi tesaṃ abhisaddaheyyuṃ. ","html":"<span class='verse-line'>{}</span></p>"},"ja543:163.1":{"pli":"Neva migā na pasū nopi gāvo, ","html":"<p><span class='verse-line'>{}</span>"},"ja543:163.2":{"pli":"Āyācanti attavadhāya keci; ","html":"<span class='verse-line'>{}</span>"},"ja543:163.3":{"pli":"Vipphandamāne idha jīvikatthā, ","html":"<span class='verse-line'>{}</span>"},"ja543:163.4":{"pli":"Yaññesu pāṇe pasumārabhanti. ","html":"<span class='verse-line'>{}</span></p>"},"ja543:164.1":{"pli":"Yūpussane pasubandhe ca bālā, ","html":"<p><span class='verse-line'>{}</span>"},"ja543:164.2":{"pli":"Cittehi vaṇṇehi mukhaṃ nayanti; ","html":"<span class='verse-line'>{}</span>"},"ja543:164.3":{"pli":"Ayaṃ te yūpo kāmaduho parattha, ","html":"<span class='verse-line'>{}</span>"},"ja543:164.4":{"pli":"Bhavissati sassato samparāye. ","html":"<span class='verse-line'>{}</span></p>"},"ja543:165.1":{"pli":"Sace ca yūpe maṇisaṅkhamuttaṃ, ","html":"<p><span class='verse-line'>{}</span>"},"ja543:165.2":{"pli":"Dhaññaṃ dhanaṃ rajataṃ jātarūpaṃ; ","html":"<span class='verse-line'>{}</span>"},"ja543:165.3":{"pli":"Sukkhesu kaṭṭhesu navesu cāpi, ","html":"<span class='verse-line'>{}</span>"},"ja543:165.4":{"pli":"Sace duhe tidive sabbakāme; ","html":"<span class='verse-line'>{}</span>"},"ja543:165.5":{"pli":"Tevijjasaṅghāva puthū yajeyyuṃ, ","html":"<span class='verse-line'>{}</span>"},"ja543:165.6":{"pli":"Abrāhmaṇaṃ kañci na yājayeyyuṃ. ","html":"<span class='verse-line'>{}</span></p>"},"ja543:166.1":{"pli":"Kuto ca yūpe maṇisaṅkhamuttaṃ, ","html":"<p><span class='verse-line'>{}</span>"},"ja543:166.2":{"pli":"Dhaññaṃ dhanaṃ rajataṃ jātarūpaṃ; ","html":"<span class='verse-line'>{}</span>"},"ja543:166.3":{"pli":"Sukkhesu kaṭṭhesu navesu cāpi, ","html":"<span class='verse-line'>{}</span>"},"ja543:166.4":{"pli":"Kuto duhe tidive sabbakāme. ","html":"<span class='verse-line'>{}</span></p>"},"ja543:167.1":{"pli":"Saṭhā ca luddā ca paluddhabālā, ","html":"<p><span class='verse-line'>{}</span>"},"ja543:167.2":{"pli":"Cittehi vaṇṇehi mukhaṃ nayanti; ","html":"<span class='verse-line'>{}</span>"},"ja543:167.3":{"pli":"Ādāya aggiṃ mama dehi vittaṃ, ","html":"<span class='verse-line'>{}</span>"},"ja543:167.4":{"pli":"Tato sukhī hohisi sabbakāme. ","html":"<span class='verse-line'>{}</span></p>"},"ja543:168.1":{"pli":"Tamaggihuttaṃ saraṇaṃ pavissa, ","html":"<p><span class='verse-line'>{}</span>"},"ja543:168.2":{"pli":"Cittehi vaṇṇehi mukhaṃ nayanti; ","html":"<span class='verse-line'>{}</span>"},"ja543:168.3":{"pli":"Oropayitvā kesamassuṃ nakhañca, ","html":"<span class='verse-line'>{}</span>"},"ja543:168.4":{"pli":"Vedehi vittaṃ atigāḷhayanti. ","html":"<span class='verse-line'>{}</span></p>"},"ja543:169.1":{"pli":"Kākā ulūkaṃva raho labhitvā, ","html":"<p><span class='verse-line'>{}</span>"},"ja543:169.2":{"pli":"Ekaṃ samānaṃ bahukā samecca; ","html":"<span class='verse-line'>{}</span>"},"ja543:169.3":{"pli":"Annāni bhutvā kuhakā kuhitvā, ","html":"<span class='verse-line'>{}</span>"},"ja543:169.4":{"pli":"Muṇḍaṃ karitvā yaññapathossajanti. ","html":"<span class='verse-line'>{}</span></p>"},"ja543:170.1":{"pli":"Evañhi so vañcito brāhmaṇehi, ","html":"<p><span class='verse-line'>{}</span>"},"ja543:170.2":{"pli":"Eko samāno bahukā samecca; ","html":"<span class='verse-line'>{}</span>"},"ja543:170.3":{"pli":"Te yogayogena vilumpamānā, ","html":"<span class='verse-line'>{}</span>"},"ja543:170.4":{"pli":"Diṭṭhaṃ adiṭṭhena dhanaṃ haranti. ","html":"<span class='verse-line'>{}</span></p>"},"ja543:171.1":{"pli":"Akāsiyā rājūhivānusiṭṭhā, ","html":"<p><span class='verse-line'>{}</span>"},"ja543:171.2":{"pli":"Tadassa ādāya dhanaṃ haranti; ","html":"<span class='verse-line'>{}</span>"},"ja543:171.3":{"pli":"Te tādisā corasamā asantā, ","html":"<span class='verse-line'>{}</span>"},"ja543:171.4":{"pli":"Vajjhā na haññanti ariṭṭha loke. ","html":"<span class='verse-line'>{}</span></p>"},"ja543:172.1":{"pli":"Indassa bāhārasi dakkhiṇāti, ","html":"<p><span class='verse-line'>{}</span>"},"ja543:172.2":{"pli":"Yaññesu chindanti palāsayaṭṭhiṃ; ","html":"<span class='verse-line'>{}</span>"},"ja543:172.3":{"pli":"Tañcepi saccaṃ maghavā chinnabāhu, ","html":"<span class='verse-line'>{}</span>"},"ja543:172.4":{"pli":"Kenassa indo asure jināti. ","html":"<span class='verse-line'>{}</span></p>"},"ja543:173.1":{"pli":"Tañceva tucchaṃ maghavā samaṅgī, ","html":"<p><span class='verse-line'>{}</span>"},"ja543:173.2":{"pli":"Hantā avajjho paramo sa devo; ","html":"<span class='verse-line'>{}</span>"},"ja543:173.3":{"pli":"Mantā ime brāhmaṇā tuccharūpā, ","html":"<span class='verse-line'>{}</span>"},"ja543:173.4":{"pli":"Sandiṭṭhikā vañcanā esa loke. ","html":"<span class='verse-line'>{}</span></p>"},"ja543:174.1":{"pli":"Mālāgiri himavā yo ca gijjho, ","html":"<p><span class='verse-line'>{}</span>"},"ja543:174.2":{"pli":"Sudassano nisabho kuveru; ","html":"<span class='verse-line'>{}</span>"},"ja543:174.3":{"pli":"Ete ca aññe ca nagā mahantā, ","html":"<span class='verse-line'>{}</span>"},"ja543:174.4":{"pli":"Cityā katā yaññakarehi māhu. ","html":"<span class='verse-line'>{}</span></p>"},"ja543:175.1":{"pli":"Yathāpakārāni hi iṭṭhakāni, ","html":"<p><span class='verse-line'>{}</span>"},"ja543:175.2":{"pli":"Cityā katā yaññakarehi māhu; ","html":"<span class='verse-line'>{}</span>"},"ja543:175.3":{"pli":"Na pabbatā honti tathāpakārā, ","html":"<span class='verse-line'>{}</span>"},"ja543:175.4":{"pli":"Aññā disā acalā tiṭṭhaselā. ","html":"<span class='verse-line'>{}</span></p>"},"ja543:176.1":{"pli":"Na iṭṭhakā honti silā cirena, ","html":"<p><span class='verse-line'>{}</span>"},"ja543:176.2":{"pli":"Na tattha sañjāyati ayo na lohaṃ; ","html":"<span class='verse-line'>{}</span>"},"ja543:176.3":{"pli":"Yaññañca etaṃ parivaṇṇayantā, ","html":"<span class='verse-line'>{}</span>"},"ja543:176.4":{"pli":"Cityā katā yaññakarehi māhu. ","html":"<span class='verse-line'>{}</span></p>"},"ja543:177.1":{"pli":"Ajjhāyakaṃ mantaguṇūpapannaṃ, ","html":"<p><span class='verse-line'>{}</span>"},"ja543:177.2":{"pli":"Tapassinaṃ yācayogotidhāhu; ","html":"<span class='verse-line'>{}</span>"},"ja543:177.3":{"pli":"Tīre samuddassudakaṃ sajantaṃ, ","html":"<span class='verse-line'>{}</span>"},"ja543:177.4":{"pli":"Taṃ sāgarojjhohari tenapeyyo. ","html":"<span class='verse-line'>{}</span></p>"},"ja543:178.1":{"pli":"Parosahassampi samantavede, ","html":"<p><span class='verse-line'>{}</span>"},"ja543:178.2":{"pli":"Mantūpapanne nadiyo vahanti; ","html":"<span class='verse-line'>{}</span>"},"ja543:178.3":{"pli":"Na tena byāpannarasūdakā na, ","html":"<span class='verse-line'>{}</span>"},"ja543:178.4":{"pli":"Kasmā samuddo atulo apeyyo. ","html":"<span class='verse-line'>{}</span></p>"},"ja543:179.1":{"pli":"Ye keci kūpā idha jīvaloke, ","html":"<p><span class='verse-line'>{}</span>"},"ja543:179.2":{"pli":"Loṇūdakā kūpakhaṇehi khātā; ","html":"<span class='verse-line'>{}</span>"},"ja543:179.3":{"pli":"Na brāhmaṇajjhoharaṇena tesu, ","html":"<span class='verse-line'>{}</span>"},"ja543:179.4":{"pli":"Āpo apeyyo dvirasaññu māhu. ","html":"<span class='verse-line'>{}</span></p>"},"ja543:180.1":{"pli":"Pure puratthā kā kassa bhariyā, ","html":"<p><span class='verse-line'>{}</span>"},"ja543:180.2":{"pli":"Mano manussaṃ ajanesi pubbe; ","html":"<span class='verse-line'>{}</span>"},"ja543:180.3":{"pli":"Tenāpi dhammena na koci hīno, ","html":"<span class='verse-line'>{}</span>"},"ja543:180.4":{"pli":"Evampi vosaggavibhaṅgamāhu. ","html":"<span class='verse-line'>{}</span></p>"},"ja543:181.1":{"pli":"Caṇḍālaputtopi adhicca vede, ","html":"<p><span class='verse-line'>{}</span>"},"ja543:181.2":{"pli":"Bhāseyya mante kusalo matīmā; ","html":"<span class='verse-line'>{}</span>"},"ja543:181.3":{"pli":"Na tassa muddhāpi phaleyya sattadhā, ","html":"<span class='verse-line'>{}</span>"},"ja543:181.4":{"pli":"Mantā ime attavadhāya katā. ","html":"<span class='verse-line'>{}</span></p>"},"ja543:182.1":{"pli":"Vācākatā giddhikatā gahītā, ","html":"<p><span class='verse-line'>{}</span>"},"ja543:182.2":{"pli":"Dummocayā kabyapathānupannā; ","html":"<span class='verse-line'>{}</span>"},"ja543:182.3":{"pli":"Bālāna cittaṃ visame niviṭṭhaṃ, ","html":"<span class='verse-line'>{}</span>"},"ja543:182.4":{"pli":"Tadappapaññā abhisaddahanti. ","html":"<span class='verse-line'>{}</span></p>"},"ja543:183.1":{"pli":"Sīhassa byagghassa ca dīpino ca, ","html":"<p><span class='verse-line'>{}</span>"},"ja543:183.2":{"pli":"Na vijjatī porisiyaṃ balena; ","html":"<span class='verse-line'>{}</span>"},"ja543:183.3":{"pli":"Manussabhāvo ca gavaṃva pekkho, ","html":"<span class='verse-line'>{}</span>"},"ja543:183.4":{"pli":"Jātī hi tesaṃ asamā samānā. ","html":"<span class='verse-line'>{}</span></p>"},"ja543:184.1":{"pli":"Sace ca rājā pathaviṃ vijitvā, ","html":"<p><span class='verse-line'>{}</span>"},"ja543:184.2":{"pli":"Sajīvavā assavapārisajjo; ","html":"<span class='verse-line'>{}</span>"},"ja543:184.3":{"pli":"Sayameva so sattusaṅghaṃ vijeyya, ","html":"<span class='verse-line'>{}</span>"},"ja543:184.4":{"pli":"Tassappajā niccasukhī bhaveyya. ","html":"<span class='verse-line'>{}</span></p>"},"ja543:185.1":{"pli":"Khattiyamantā ca tayo ca vedā, ","html":"<p><span class='verse-line'>{}</span>"},"ja543:185.2":{"pli":"Atthena ete samakā bhavanti; ","html":"<span class='verse-line'>{}</span>"},"ja543:185.3":{"pli":"Tesañca atthaṃ avinicchinitvā, ","html":"<span class='verse-line'>{}</span>"},"ja543:185.4":{"pli":"Na bujjhatī oghapathaṃva channaṃ. ","html":"<span class='verse-line'>{}</span></p>"},"ja543:186.1":{"pli":"Khattiyamantā ca tayo ca vedā, ","html":"<p><span class='verse-line'>{}</span>"},"ja543:186.2":{"pli":"Atthena ete samakā bhavanti; ","html":"<span class='verse-line'>{}</span>"},"ja543:186.3":{"pli":"Lābho alābho ayaso yaso ca, ","html":"<span class='verse-line'>{}</span>"},"ja543:186.4":{"pli":"Sabbeva tesaṃ catunnañca dhammā. ","html":"<span class='verse-line'>{}</span></p>"},"ja543:187.1":{"pli":"Yathāpi ibbhā dhanadhaññahetu, ","html":"<p><span class='verse-line'>{}</span>"},"ja543:187.2":{"pli":"Kammāni karonti puthū pathabyā; ","html":"<span class='verse-line'>{}</span>"},"ja543:187.3":{"pli":"Tevijjasaṅghā ca tatheva ajja, ","html":"<span class='verse-line'>{}</span>"},"ja543:187.4":{"pli":"Kammāni karonti puthū pathabyā. ","html":"<span class='verse-line'>{}</span></p>"},"ja543:188.1":{"pli":"Ibbhehi ye te samakā bhavanti, ","html":"<p><span class='verse-line'>{}</span>"},"ja543:188.2":{"pli":"Niccussukā kāmaguṇesu yuttā; ","html":"<span class='verse-line'>{}</span>"},"ja543:188.3":{"pli":"Kammāni karonti puthū pathabyā, ","html":"<span class='verse-line'>{}</span>"},"ja543:188.4":{"pli":"Tadappapaññā dvirasaññurā te”. ","html":"<span class='verse-line'>{}</span></p></blockquote>"},"ja543:189.1":{"pli":"(…) ","html":"<p class='endsection'>{}</p>"},"ja543:190.1":{"pli":"“Kassa bherī mudiṅgā ca, ","html":"<blockquote class='gatha'><p><span class='verse-line'>{}</span>"},"ja543:190.2":{"pli":"saṅkhāpaṇavadindimā; ","html":"<span class='verse-line'>{}</span>"},"ja543:190.3":{"pli":"Purato paṭipannāni, ","html":"<span class='verse-line'>{}</span>"},"ja543:190.4":{"pli":"hāsayantā rathesabhaṃ. ","html":"<span class='verse-line'>{}</span></p>"},"ja543:191.1":{"pli":"Kassa kañcanapaṭṭena, ","html":"<p><span class='verse-line'>{}</span>"},"ja543:191.2":{"pli":"puthunā vijjuvaṇṇinā; ","html":"<span class='verse-line'>{}</span>"},"ja543:191.3":{"pli":"Yuvā kalāpasannaddho, ","html":"<span class='verse-line'>{}</span>"},"ja543:191.4":{"pli":"ko eti siriyā jalaṃ. ","html":"<span class='verse-line'>{}</span></p>"},"ja543:192.1":{"pli":"Ukkāmukhapahaṭṭhaṃva, ","html":"<p><span class='verse-line'>{}</span>"},"ja543:192.2":{"pli":"khadiraṅgārasannibhaṃ; ","html":"<span class='verse-line'>{}</span>"},"ja543:192.3":{"pli":"Mukhañca rucirā bhāti, ","html":"<span class='verse-line'>{}</span>"},"ja543:192.4":{"pli":"ko eti siriyā jalaṃ. ","html":"<span class='verse-line'>{}</span></p>"},"ja543:193.1":{"pli":"Kassa jambonadaṃ chattaṃ, ","html":"<p><span class='verse-line'>{}</span>"},"ja543:193.2":{"pli":"sasalākaṃ manoramaṃ; ","html":"<span class='verse-line'>{}</span>"},"ja543:193.3":{"pli":"Ādiccaraṃsāvaraṇaṃ, ","html":"<span class='verse-line'>{}</span>"},"ja543:193.4":{"pli":"ko eti siriyā jalaṃ. ","html":"<span class='verse-line'>{}</span></p>"},"ja543:194.1":{"pli":"Kassa aṅgaṃ pariggayha, ","html":"<p><span class='verse-line'>{}</span>"},"ja543:194.2":{"pli":"vālabījanimuttamaṃ; ","html":"<span class='verse-line'>{}</span>"},"ja543:194.3":{"pli":"Ubhato varapuññassa, ","html":"<span class='verse-line'>{}</span>"},"ja543:194.4":{"pli":"muddhani uparūpari. ","html":"<span class='verse-line'>{}</span></p>"},"ja543:195.1":{"pli":"Kassa pekhuṇahatthāni, ","html":"<p><span class='verse-line'>{}</span>"},"ja543:195.2":{"pli":"citrāni ca mudūni ca; ","html":"<span class='verse-line'>{}</span>"},"ja543:195.3":{"pli":"Kañcanamaṇidaṇḍāni, ","html":"<span class='verse-line'>{}</span>"},"ja543:195.4":{"pli":"caranti dubhato mukhaṃ. ","html":"<span class='verse-line'>{}</span></p>"},"ja543:196.1":{"pli":"Khadiraṅgāravaṇṇābhā, ","html":"<p><span class='verse-line'>{}</span>"},"ja543:196.2":{"pli":"ukkāmukhapahaṃsitā; ","html":"<span class='verse-line'>{}</span>"},"ja543:196.3":{"pli":"Kassete kuṇḍalā vaggū, ","html":"<span class='verse-line'>{}</span>"},"ja543:196.4":{"pli":"sobhanti dubhato mukhaṃ. ","html":"<span class='verse-line'>{}</span></p>"},"ja543:197.1":{"pli":"Kassa vātena chupitā, ","html":"<p><span class='verse-line'>{}</span>"},"ja543:197.2":{"pli":"niddhantā mudukāḷakā; ","html":"<span class='verse-line'>{}</span>"},"ja543:197.3":{"pli":"Sobhayanti nalāṭantaṃ, ","html":"<span class='verse-line'>{}</span>"},"ja543:197.4":{"pli":"nabhā vijjurivuggatā. ","html":"<span class='verse-line'>{}</span></p>"},"ja543:198.1":{"pli":"Kassa etāni akkhīni, ","html":"<p><span class='verse-line'>{}</span>"},"ja543:198.2":{"pli":"āyatāni puthūni ca; ","html":"<span class='verse-line'>{}</span>"},"ja543:198.3":{"pli":"Ko sobhati visālakkho, ","html":"<span class='verse-line'>{}</span>"},"ja543:198.4":{"pli":"kassetaṃ uṇṇajaṃ mukhaṃ. ","html":"<span class='verse-line'>{}</span></p>"},"ja543:199.1":{"pli":"Kassete lapanajātā, ","html":"<p><span class='verse-line'>{}</span>"},"ja543:199.2":{"pli":"suddhā saṅkhavarūpamā; ","html":"<span class='verse-line'>{}</span>"},"ja543:199.3":{"pli":"Bhāsamānassa sobhanti, ","html":"<span class='verse-line'>{}</span>"},"ja543:199.4":{"pli":"dantā kuppilasādisā. ","html":"<span class='verse-line'>{}</span></p>"},"ja543:200.1":{"pli":"Kassa lākhārasasamā, ","html":"<p><span class='verse-line'>{}</span>"},"ja543:200.2":{"pli":"hatthapādā sukhedhitā; ","html":"<span class='verse-line'>{}</span>"},"ja543:200.3":{"pli":"Ko so bimboṭṭhasampanno, ","html":"<span class='verse-line'>{}</span>"},"ja543:200.4":{"pli":"divā sūriyova bhāsati. ","html":"<span class='verse-line'>{}</span></p>"},"ja543:201.1":{"pli":"Himaccaye himavati, ","html":"<p><span class='verse-line'>{}</span>"},"ja543:201.2":{"pli":"mahāsālova pupphito; ","html":"<span class='verse-line'>{}</span>"},"ja543:201.3":{"pli":"Ko so odātapāvāro, ","html":"<span class='verse-line'>{}</span>"},"ja543:201.4":{"pli":"jayaṃ indova sobhati. ","html":"<span class='verse-line'>{}</span></p>"},"ja543:202.1":{"pli":"Suvaṇṇapīḷakākiṇṇaṃ, ","html":"<p><span class='verse-line'>{}</span>"},"ja543:202.2":{"pli":"maṇidaṇḍavicittakaṃ; ","html":"<span class='verse-line'>{}</span>"},"ja543:202.3":{"pli":"Ko so parisamogayha, ","html":"<span class='verse-line'>{}</span>"},"ja543:202.4":{"pli":"īsaṃ khaggaṃ pamuñcati. ","html":"<span class='verse-line'>{}</span></p>"},"ja543:203.1":{"pli":"Suvaṇṇavikatā cittā, ","html":"<p><span class='verse-line'>{}</span>"},"ja543:203.2":{"pli":"sukatā cittasibbanā; ","html":"<span class='verse-line'>{}</span>"},"ja543:203.3":{"pli":"Ko so omuñcate pādā, ","html":"<span class='verse-line'>{}</span>"},"ja543:203.4":{"pli":"namo katvā mahesino”. ","html":"<span class='verse-line'>{}</span></p>"},"ja543:204.1":{"pli":"“Dhataraṭṭhā hi te nāgā, ","html":"<p><span class='verse-line'>{}</span>"},"ja543:204.2":{"pli":"iddhimanto yasassino; ","html":"<span class='verse-line'>{}</span>"},"ja543:204.3":{"pli":"Samuddajāya uppannā, ","html":"<span class='verse-line'>{}</span>"},"ja543:204.4":{"pli":"nāgā ete mahiddhikā”ti. ","html":"<span class='verse-line'>{}</span></p></blockquote>"},"ja543:205.1":{"pli":"Bhūridattajātakaṃ chaṭṭhaṃ. ","html":"<p class='endsutta'>{}</p></article>"}}}