{"ja428":{"ja428:0.1":{"pli":"Jātaka ","html":"<article id='ja428'><header><ul><li class='division'>{}</li>"},"ja428:0.2":{"pli":"Navakanipāta ","html":"<li>{}</li>"},"ja428:0.3":{"pli":"Gijjhavagga ","html":"<li>{}</li></ul>"},"ja428:0.4":{"pli":"2. Kosambiyajātaka ","html":"<h1 class='sutta-title'>{}</h1></header>"},"ja428:1.1":{"pli":"“Puthusaddo samajano, ","html":"<blockquote class='gatha'><p><span class='verse-line'>{}</span>"},"ja428:1.2":{"pli":"na bālo koci maññatha; ","html":"<span class='verse-line'>{}</span>"},"ja428:1.3":{"pli":"Saṅghasmiṃ bhijjamānasmiṃ, ","html":"<span class='verse-line'>{}</span>"},"ja428:1.4":{"pli":"nāññaṃ bhiyyo amaññaruṃ. ","html":"<span class='verse-line'>{}</span></p>"},"ja428:2.1":{"pli":"Parimuṭṭhā paṇḍitābhāsā, ","html":"<p><span class='verse-line'>{}</span>"},"ja428:2.2":{"pli":"vācāgocarabhāṇino; ","html":"<span class='verse-line'>{}</span>"},"ja428:2.3":{"pli":"Yāvicchanti mukhāyāmaṃ, ","html":"<span class='verse-line'>{}</span>"},"ja428:2.4":{"pli":"yena nītā na taṃ vidū. ","html":"<span class='verse-line'>{}</span></p>"},"ja428:3.1":{"pli":"Akkocchi maṃ avadhi maṃ, ","html":"<p><span class='verse-line'>{}</span>"},"ja428:3.2":{"pli":"ajini maṃ ahāsi me; ","html":"<span class='verse-line'>{}</span>"},"ja428:3.3":{"pli":"Ye ca taṃ upanayhanti, ","html":"<span class='verse-line'>{}</span>"},"ja428:3.4":{"pli":"veraṃ tesaṃ na sammati. ","html":"<span class='verse-line'>{}</span></p>"},"ja428:4.1":{"pli":"Akkocchi maṃ avadhi maṃ, ","html":"<p><span class='verse-line'>{}</span>"},"ja428:4.2":{"pli":"ajini maṃ ahāsi me; ","html":"<span class='verse-line'>{}</span>"},"ja428:4.3":{"pli":"Ye ca taṃ nupanayhanti, ","html":"<span class='verse-line'>{}</span>"},"ja428:4.4":{"pli":"veraṃ tesūpasammati. ","html":"<span class='verse-line'>{}</span></p>"},"ja428:5.1":{"pli":"Na hi verena verāni, ","html":"<p><span class='verse-line'>{}</span>"},"ja428:5.2":{"pli":"sammantīdha kudācanaṃ; ","html":"<span class='verse-line'>{}</span>"},"ja428:5.3":{"pli":"Averena ca sammanti, ","html":"<span class='verse-line'>{}</span>"},"ja428:5.4":{"pli":"esa dhammo sanantano. ","html":"<span class='verse-line'>{}</span></p>"},"ja428:6.1":{"pli":"Pare ca na vijānanti, ","html":"<p><span class='verse-line'>{}</span>"},"ja428:6.2":{"pli":"mayamettha yamāmase; ","html":"<span class='verse-line'>{}</span>"},"ja428:6.3":{"pli":"Ye ca tattha vijānanti, ","html":"<span class='verse-line'>{}</span>"},"ja428:6.4":{"pli":"tato sammanti medhagā. ","html":"<span class='verse-line'>{}</span></p>"},"ja428:7.1":{"pli":"Aṭṭhicchinnā pāṇaharā, ","html":"<p><span class='verse-line'>{}</span>"},"ja428:7.2":{"pli":"gavāssa dhanahārino; ","html":"<span class='verse-line'>{}</span>"},"ja428:7.3":{"pli":"Raṭṭhaṃ vilumpamānānaṃ, ","html":"<span class='verse-line'>{}</span>"},"ja428:7.4":{"pli":"tesampi hoti saṅgati; ","html":"<span class='verse-line'>{}</span>"},"ja428:7.5":{"pli":"Kasmā tumhāka no siyā. ","html":"<span class='verse-line'>{}</span></p>"},"ja428:8.1":{"pli":"Sace labhetha nipakaṃ sahāyaṃ, ","html":"<p><span class='verse-line'>{}</span>"},"ja428:8.2":{"pli":"Saddhiṃ caraṃ sādhuvihāridhīraṃ; ","html":"<span class='verse-line'>{}</span>"},"ja428:8.3":{"pli":"Abhibhuyya sabbāni parissayāni, ","html":"<span class='verse-line'>{}</span>"},"ja428:8.4":{"pli":"Careyya tenattamano satīmā. ","html":"<span class='verse-line'>{}</span></p>"},"ja428:9.1":{"pli":"No ce labhetha nipakaṃ sahāyaṃ, ","html":"<p><span class='verse-line'>{}</span>"},"ja428:9.2":{"pli":"Saddhiṃ caraṃ sādhuvihāridhīraṃ; ","html":"<span class='verse-line'>{}</span>"},"ja428:9.3":{"pli":"Rājāva raṭṭhaṃ vijitaṃ pahāya, ","html":"<span class='verse-line'>{}</span>"},"ja428:9.4":{"pli":"Eko care mātaṅgaraññeva nāgo. ","html":"<span class='verse-line'>{}</span></p>"},"ja428:10.1":{"pli":"Ekassa caritaṃ seyyo, ","html":"<p><span class='verse-line'>{}</span>"},"ja428:10.2":{"pli":"Natthi bāle sahāyatā; ","html":"<span class='verse-line'>{}</span>"},"ja428:10.3":{"pli":"Eko care na pāpāni kayirā, ","html":"<span class='verse-line'>{}</span>"},"ja428:10.4":{"pli":"Appossukko mātaṅgaraññeva nāgo”ti. ","html":"<span class='verse-line'>{}</span></p></blockquote>"},"ja428:11.1":{"pli":"Kosambiyajātakaṃ dutiyaṃ. ","html":"<p class='endsutta'>{}</p></article>"}},"ja429":{"ja429:0.1":{"pli":"Jātaka ","html":"<article id='ja429'><header><ul><li class='division'>{}</li>"},"ja429:0.2":{"pli":"Navakanipāta ","html":"<li>{}</li>"},"ja429:0.3":{"pli":"Gijjhavagga ","html":"<li>{}</li></ul>"},"ja429:0.4":{"pli":"3. Mahāsuvajātaka ","html":"<h1 class='sutta-title'>{}</h1></header>"},"ja429:1.1":{"pli":"“Dumo yadā hoti phalūpapanno, ","html":"<blockquote class='gatha'><p><span class='verse-line'>{}</span>"},"ja429:1.2":{"pli":"Bhuñjanti naṃ vihaṅgamā sampatantā; ","html":"<span class='verse-line'>{}</span>"},"ja429:1.3":{"pli":"Khīṇanti ñatvāna dumaṃ phalaccaye, ","html":"<span class='verse-line'>{}</span>"},"ja429:1.4":{"pli":"Disodisaṃ yanti tato vihaṅgamā. ","html":"<span class='verse-line'>{}</span></p>"},"ja429:2.1":{"pli":"Cara cārikaṃ lohitatuṇḍa māmari, ","html":"<p><span class='verse-line'>{}</span>"},"ja429:2.2":{"pli":"Kiṃ tvaṃ suva sukkhadumamhi jhāyasi; ","html":"<span class='verse-line'>{}</span>"},"ja429:2.3":{"pli":"Tadiṅgha maṃ brūhi vasantasannibha, ","html":"<span class='verse-line'>{}</span>"},"ja429:2.4":{"pli":"Kasmā suva sukkhadumaṃ na riñcasi”. ","html":"<span class='verse-line'>{}</span></p>"},"ja429:3.1":{"pli":"“Ye ve sakhīnaṃ sakhāro bhavanti, ","html":"<p><span class='verse-line'>{}</span>"},"ja429:3.2":{"pli":"Pāṇaccaye dukkhasukhesu haṃsa; ","html":"<span class='verse-line'>{}</span>"},"ja429:3.3":{"pli":"Khīṇaṃ akhīṇampi na taṃ jahanti, ","html":"<span class='verse-line'>{}</span>"},"ja429:3.4":{"pli":"Santo sataṃ dhammamanussarantā. ","html":"<span class='verse-line'>{}</span></p>"},"ja429:4.1":{"pli":"Sohaṃ sataṃ aññatarosmi haṃsa, ","html":"<p><span class='verse-line'>{}</span>"},"ja429:4.2":{"pli":"Ñātī ca me hoti sakhā ca rukkho; ","html":"<span class='verse-line'>{}</span>"},"ja429:4.3":{"pli":"Taṃ nussahe jīvikattho pahātuṃ, ","html":"<span class='verse-line'>{}</span>"},"ja429:4.4":{"pli":"Khīṇanti ñatvāna na hesa dhammo”. ","html":"<span class='verse-line'>{}</span></p>"},"ja429:5.1":{"pli":"“Sādhu sakkhi kataṃ hoti, ","html":"<p><span class='verse-line'>{}</span>"},"ja429:5.2":{"pli":"metti saṃsati santhavo; ","html":"<span class='verse-line'>{}</span>"},"ja429:5.3":{"pli":"Sacetaṃ dhammaṃ rocesi, ","html":"<span class='verse-line'>{}</span>"},"ja429:5.4":{"pli":"pāsaṃsosi vijānataṃ. ","html":"<span class='verse-line'>{}</span></p>"},"ja429:6.1":{"pli":"So te suva varaṃ dammi, ","html":"<p><span class='verse-line'>{}</span>"},"ja429:6.2":{"pli":"pattayāna vihaṅgama; ","html":"<span class='verse-line'>{}</span>"},"ja429:6.3":{"pli":"Varaṃ varassu vakkaṅga, ","html":"<span class='verse-line'>{}</span>"},"ja429:6.4":{"pli":"yaṃ kiñci manasicchasi”. ","html":"<span class='verse-line'>{}</span></p>"},"ja429:7.1":{"pli":"“Varañca me haṃsa bhavaṃ dadeyya, ","html":"<p><span class='verse-line'>{}</span>"},"ja429:7.2":{"pli":"Ayañca rukkho punarāyuṃ labhetha; ","html":"<span class='verse-line'>{}</span>"},"ja429:7.3":{"pli":"So sākhavā phalimā saṃvirūḷho, ","html":"<span class='verse-line'>{}</span>"},"ja429:7.4":{"pli":"Madhutthiko tiṭṭhatu sobhamāno”. ","html":"<span class='verse-line'>{}</span></p>"},"ja429:8.1":{"pli":"“Taṃ passa samma phalimaṃ uḷāraṃ, ","html":"<p><span class='verse-line'>{}</span>"},"ja429:8.2":{"pli":"Sahāva te hotu udumbarena; ","html":"<span class='verse-line'>{}</span>"},"ja429:8.3":{"pli":"So sākhavā phalimā saṃvirūḷho, ","html":"<span class='verse-line'>{}</span>"},"ja429:8.4":{"pli":"Madhutthiko tiṭṭhatu sobhamāno”. ","html":"<span class='verse-line'>{}</span></p>"},"ja429:9.1":{"pli":"“Evaṃ sakka sukhī hohi, ","html":"<p><span class='verse-line'>{}</span>"},"ja429:9.2":{"pli":"saha sabbehi ñātibhi; ","html":"<span class='verse-line'>{}</span>"},"ja429:9.3":{"pli":"Yathāhamajja sukhito, ","html":"<span class='verse-line'>{}</span>"},"ja429:9.4":{"pli":"disvāna saphalaṃ dumaṃ”. ","html":"<span class='verse-line'>{}</span></p>"},"ja429:10.1":{"pli":"“Suvassa ca varaṃ datvā, ","html":"<p><span class='verse-line'>{}</span>"},"ja429:10.2":{"pli":"katvāna saphalaṃ dumaṃ; ","html":"<span class='verse-line'>{}</span>"},"ja429:10.3":{"pli":"Pakkāmi saha bhariyāya, ","html":"<span class='verse-line'>{}</span>"},"ja429:10.4":{"pli":"devānaṃ nandanaṃ vanan”ti. ","html":"<span class='verse-line'>{}</span></p></blockquote>"},"ja429:11.1":{"pli":"Mahāsuvajātakaṃ tatiyaṃ. ","html":"<p class='endsutta'>{}</p></article>"}},"ja43":{"ja43:0.1":{"pli":"Jātaka ","eng":"Stories of Past Lives 43 ","html":"<article id='ja43'><header><ul><li class='division'>{}</li>"},"ja43:0.2":{"pli":"Ekakanipāta ","eng":"The Book of the Ones ","html":"<li>{}</li>"},"ja43:0.3":{"pli":"Atthakāmavagga ","eng":"Wanting to Help ","html":"<li>{}</li></ul>"},"ja43:0.4":{"pli":"3. Veḷukajātaka ","eng":"The Pole Acrobat: a past life story ","html":"<h1 class='sutta-title'>{}</h1></header>"},"ja43:1.1":{"pli":"“Yo atthakāmassa hitānukampino, ","eng":"One who does not follow advice when instructed ","html":"<blockquote class='gatha'><p><span class='verse-line'>{}</span>","comm":"The commentary relates the story of an ascetic who kept a viper as a pet, despite being warned it will turn on him one day. Similar to Aesop’s fable <em>The Farmer and the Viper</em>, this story is retold in modern songs and politics. The viper was named Veḷuka because it lived in a tube of bamboo (<i lang='pi' translate='no'>veḷu</i>), and the ascetic cared for it like a father. Note, however, that the verse says nothing about a viper. "},"ja43:1.2":{"pli":"Ovajjamāno na karoti sāsanaṃ; ","eng":"by an ally who wants to help, ","html":"<span class='verse-line'>{}</span>"},"ja43:1.3":{"pli":"Evaṃ so nihato seti, ","eng":"ends up destroyed ","html":"<span class='verse-line'>{}</span>"},"ja43:1.4":{"pli":"Veḷukassa yathā pitā”ti. ","eng":"like the pole acrobat’s father. ","html":"<span class='verse-line'>{}</span></p></blockquote>","comm":"Compare <a href='https://suttacentral.net/sn42.19/en/sujato'>SN 42.19</a>, where a low-caste acrobat who engages in a dangerous balancing act with their student is protected by the fact that they listen to each others’ wise advice. There, the “pole acrobat” is <i lang='pi' translate='no'>vaṁsika</i>, whereas here it is the synonymous <i lang='pi' translate='no'>veḷuka</i>. "},"ja43:2.1":{"pli":"Veḷukajātakaṃ tatiyaṃ. ","html":"<p class='endsutta'>{}</p></article>"}},"ja430":{"ja430:0.1":{"pli":"Jātaka ","html":"<article id='ja430'><header><ul><li class='division'>{}</li>"},"ja430:0.2":{"pli":"Navakanipāta ","html":"<li>{}</li>"},"ja430:0.3":{"pli":"Gijjhavagga ","html":"<li>{}</li></ul>"},"ja430:0.4":{"pli":"4. Cūḷasuvajātaka ","html":"<h1 class='sutta-title'>{}</h1></header>"},"ja430:1.1":{"pli":"“Santi rukkhā haripattā, ","html":"<blockquote class='gatha'><p><span class='verse-line'>{}</span>"},"ja430:1.2":{"pli":"dumā nekaphalā bahū; ","html":"<span class='verse-line'>{}</span>"},"ja430:1.3":{"pli":"Kasmā nu sukkhe koḷāpe, ","html":"<span class='verse-line'>{}</span>"},"ja430:1.4":{"pli":"suvassa nirato mano”. ","html":"<span class='verse-line'>{}</span></p>"},"ja430:2.1":{"pli":"“Phalassa upabhuñjimhā, ","html":"<p><span class='verse-line'>{}</span>"},"ja430:2.2":{"pli":"nekavassagaṇe bahū; ","html":"<span class='verse-line'>{}</span>"},"ja430:2.3":{"pli":"Aphalampi viditvāna, ","html":"<span class='verse-line'>{}</span>"},"ja430:2.4":{"pli":"sāva metti yathā pure”. ","html":"<span class='verse-line'>{}</span></p>"},"ja430:3.1":{"pli":"“Sukkhañca rukkhaṃ koḷāpaṃ, ","html":"<p><span class='verse-line'>{}</span>"},"ja430:3.2":{"pli":"opattamaphalaṃ dumaṃ; ","html":"<span class='verse-line'>{}</span>"},"ja430:3.3":{"pli":"Ohāya sakuṇā yanti, ","html":"<span class='verse-line'>{}</span>"},"ja430:3.4":{"pli":"kiṃ dosaṃ passase dija”. ","html":"<span class='verse-line'>{}</span></p>"},"ja430:4.1":{"pli":"“Ye phalatthā sambhajanti, ","html":"<p><span class='verse-line'>{}</span>"},"ja430:4.2":{"pli":"aphaloti jahanti naṃ; ","html":"<span class='verse-line'>{}</span>"},"ja430:4.3":{"pli":"Attatthapaññā dummedhā, ","html":"<span class='verse-line'>{}</span>"},"ja430:4.4":{"pli":"te honti pakkhapātino”. ","html":"<span class='verse-line'>{}</span></p>"},"ja430:5.1":{"pli":"“Sādhu sakkhi kataṃ hoti, ","html":"<p><span class='verse-line'>{}</span>"},"ja430:5.2":{"pli":"metti saṃsati santhavo; ","html":"<span class='verse-line'>{}</span>"},"ja430:5.3":{"pli":"Sacetaṃ dhammaṃ rocesi, ","html":"<span class='verse-line'>{}</span>"},"ja430:5.4":{"pli":"pāsaṃsosi vijānataṃ. ","html":"<span class='verse-line'>{}</span></p>"},"ja430:6.1":{"pli":"So te suva varaṃ dammi, ","html":"<p><span class='verse-line'>{}</span>"},"ja430:6.2":{"pli":"pattayāna vihaṅgama; ","html":"<span class='verse-line'>{}</span>"},"ja430:6.3":{"pli":"Varaṃ varassu vakkaṅga, ","html":"<span class='verse-line'>{}</span>"},"ja430:6.4":{"pli":"yaṃ kiñci manasicchasi”. ","html":"<span class='verse-line'>{}</span></p>"},"ja430:7.1":{"pli":"“Api nāma naṃ passeyyaṃ, ","html":"<p><span class='verse-line'>{}</span>"},"ja430:7.2":{"pli":"sapattaṃ saphalaṃ dumaṃ; ","html":"<span class='verse-line'>{}</span>"},"ja430:7.3":{"pli":"Daliddova nidhiṃ laddhā, ","html":"<span class='verse-line'>{}</span>"},"ja430:7.4":{"pli":"nandeyyāhaṃ punappunaṃ”. ","html":"<span class='verse-line'>{}</span></p>"},"ja430:8.1":{"pli":"“Tato amatamādāya, ","html":"<p><span class='verse-line'>{}</span>"},"ja430:8.2":{"pli":"abhisiñci mahīruhaṃ; ","html":"<span class='verse-line'>{}</span>"},"ja430:8.3":{"pli":"Tassa sākhā virūhiṃsu, ","html":"<span class='verse-line'>{}</span>"},"ja430:8.4":{"pli":"sītacchāyā manoramā”. ","html":"<span class='verse-line'>{}</span></p>"},"ja430:9.1":{"pli":"“Evaṃ sakka sukhī hohi, ","html":"<p><span class='verse-line'>{}</span>"},"ja430:9.2":{"pli":"saha sabbehi ñātibhi; ","html":"<span class='verse-line'>{}</span>"},"ja430:9.3":{"pli":"Yathāhamajja sukhito, ","html":"<span class='verse-line'>{}</span>"},"ja430:9.4":{"pli":"disvāna saphalaṃ dumaṃ. ","html":"<span class='verse-line'>{}</span></p>"},"ja430:10.1":{"pli":"Suvassa ca varaṃ datvā, ","html":"<p><span class='verse-line'>{}</span>"},"ja430:10.2":{"pli":"katvāna saphalaṃ dumaṃ; ","html":"<span class='verse-line'>{}</span>"},"ja430:10.3":{"pli":"Pakkāmi saha bhariyāya, ","html":"<span class='verse-line'>{}</span>"},"ja430:10.4":{"pli":"devānaṃ nandanaṃ vanan”ti. ","html":"<span class='verse-line'>{}</span></p></blockquote>"},"ja430:11.1":{"pli":"Cūḷasuvajātakaṃ catutthaṃ. ","html":"<p class='endsutta'>{}</p></article>"}},"ja431":{"ja431:0.1":{"pli":"Jātaka ","html":"<article id='ja431'><header><ul><li class='division'>{}</li>"},"ja431:0.2":{"pli":"Navakanipāta ","html":"<li>{}</li>"},"ja431:0.3":{"pli":"Gijjhavagga ","html":"<li>{}</li></ul>"},"ja431:0.4":{"pli":"5. Haritacajātaka ","html":"<h1 class='sutta-title'>{}</h1></header>"},"ja431:1.1":{"pli":"“Sutaṃ metaṃ mahābrahme, ","html":"<blockquote class='gatha'><p><span class='verse-line'>{}</span>"},"ja431:1.2":{"pli":"kāme bhuñjati hārito; ","html":"<span class='verse-line'>{}</span>"},"ja431:1.3":{"pli":"Kaccetaṃ vacanaṃ tucchaṃ, ","html":"<span class='verse-line'>{}</span>"},"ja431:1.4":{"pli":"kacci suddho iriyyasi”. ","html":"<span class='verse-line'>{}</span></p>"},"ja431:2.1":{"pli":"“Evametaṃ mahārāja, ","html":"<p><span class='verse-line'>{}</span>"},"ja431:2.2":{"pli":"yathā te vacanaṃ sutaṃ; ","html":"<span class='verse-line'>{}</span>"},"ja431:2.3":{"pli":"Kummaggaṃ paṭipannosmi, ","html":"<span class='verse-line'>{}</span>"},"ja431:2.4":{"pli":"mohaneyyesu mucchito”. ","html":"<span class='verse-line'>{}</span></p>"},"ja431:3.1":{"pli":"“Adu paññā kimatthiyā, ","html":"<p><span class='verse-line'>{}</span>"},"ja431:3.2":{"pli":"nipuṇā sādhucintinī; ","html":"<span class='verse-line'>{}</span>"},"ja431:3.3":{"pli":"Yāya uppatitaṃ rāgaṃ, ","html":"<span class='verse-line'>{}</span>"},"ja431:3.4":{"pli":"kiṃ mano na vinodaye”. ","html":"<span class='verse-line'>{}</span></p>"},"ja431:4.1":{"pli":"“Cattārome mahārāja, ","html":"<p><span class='verse-line'>{}</span>"},"ja431:4.2":{"pli":"loke atibalā bhusā; ","html":"<span class='verse-line'>{}</span>"},"ja431:4.3":{"pli":"Rāgo doso mado moho, ","html":"<span class='verse-line'>{}</span>"},"ja431:4.4":{"pli":"yattha paññā na gādhati”. ","html":"<span class='verse-line'>{}</span></p>"},"ja431:5.1":{"pli":"“Arahā sīlasampanno, ","html":"<p><span class='verse-line'>{}</span>"},"ja431:5.2":{"pli":"suddho carati hārito; ","html":"<span class='verse-line'>{}</span>"},"ja431:5.3":{"pli":"Medhāvī paṇḍito ceva, ","html":"<span class='verse-line'>{}</span>"},"ja431:5.4":{"pli":"iti no sammato bhavaṃ”. ","html":"<span class='verse-line'>{}</span></p>"},"ja431:6.1":{"pli":"“Medhāvīnampi hiṃsanti, ","html":"<p><span class='verse-line'>{}</span>"},"ja431:6.2":{"pli":"isiṃ dhammaguṇe rataṃ; ","html":"<span class='verse-line'>{}</span>"},"ja431:6.3":{"pli":"Vitakkā pāpakā rāja, ","html":"<span class='verse-line'>{}</span>"},"ja431:6.4":{"pli":"subhā rāgūpasaṃhitā”. ","html":"<span class='verse-line'>{}</span></p>"},"ja431:7.1":{"pli":"“Uppannāyaṃ sarīrajo, ","html":"<p><span class='verse-line'>{}</span>"},"ja431:7.2":{"pli":"Rāgo vaṇṇavidūsano tava; ","html":"<span class='verse-line'>{}</span>"},"ja431:7.3":{"pli":"Taṃ pajaha bhaddamatthu te, ","html":"<span class='verse-line'>{}</span>"},"ja431:7.4":{"pli":"Bahunnāsi medhāvisammato”. ","html":"<span class='verse-line'>{}</span></p>"},"ja431:8.1":{"pli":"“Te andhakārake kāme, ","html":"<p><span class='verse-line'>{}</span>"},"ja431:8.2":{"pli":"Bahudukkhe mahāvise; ","html":"<span class='verse-line'>{}</span>"},"ja431:8.3":{"pli":"Tesaṃ mūlaṃ gavesissaṃ, ","html":"<span class='verse-line'>{}</span>"},"ja431:8.4":{"pli":"Checchaṃ rāgaṃ sabandhanaṃ”. ","html":"<span class='verse-line'>{}</span></p>"},"ja431:9.1":{"pli":"“Idaṃ vatvāna hārito, ","html":"<p><span class='verse-line'>{}</span>"},"ja431:9.2":{"pli":"isi saccaparakkamo; ","html":"<span class='verse-line'>{}</span>"},"ja431:9.3":{"pli":"Kāmarāgaṃ virājetvā, ","html":"<span class='verse-line'>{}</span>"},"ja431:9.4":{"pli":"brahmalokūpago ahū”ti. ","html":"<span class='verse-line'>{}</span></p></blockquote>"},"ja431:10.1":{"pli":"Haritacajātakaṃ pañcamaṃ. ","html":"<p class='endsutta'>{}</p></article>"}},"ja432":{"ja432:0.1":{"pli":"Jātaka ","html":"<article id='ja432'><header><ul><li class='division'>{}</li>"},"ja432:0.2":{"pli":"Navakanipāta ","html":"<li>{}</li>"},"ja432:0.3":{"pli":"Gijjhavagga ","html":"<li>{}</li></ul>"},"ja432:0.4":{"pli":"6. Padakusalamāṇavajātaka ","html":"<h1 class='sutta-title'>{}</h1></header>"},"ja432:1.1":{"pli":"“Bahussutaṃ cittakathiṃ, ","html":"<blockquote class='gatha'><p><span class='verse-line'>{}</span>"},"ja432:1.2":{"pli":"gaṅgā vahati pāṭaliṃ; ","html":"<span class='verse-line'>{}</span>"},"ja432:1.3":{"pli":"Vuyhamānaka bhaddante, ","html":"<span class='verse-line'>{}</span>"},"ja432:1.4":{"pli":"ekaṃ me dehi gāthakaṃ”. ","html":"<span class='verse-line'>{}</span></p>"},"ja432:2.1":{"pli":"“Yena siñcanti dukkhitaṃ, ","html":"<p><span class='verse-line'>{}</span>"},"ja432:2.2":{"pli":"yena siñcanti āturaṃ; ","html":"<span class='verse-line'>{}</span>"},"ja432:2.3":{"pli":"Tassa majjhe marissāmi, ","html":"<span class='verse-line'>{}</span>"},"ja432:2.4":{"pli":"jātaṃ saraṇato bhayaṃ”. ","html":"<span class='verse-line'>{}</span></p>"},"ja432:3.1":{"pli":"“Yattha bījāni rūhanti, ","html":"<p><span class='verse-line'>{}</span>"},"ja432:3.2":{"pli":"sattā yattha patiṭṭhitā; ","html":"<span class='verse-line'>{}</span>"},"ja432:3.3":{"pli":"Sā me sīsaṃ nipīḷeti, ","html":"<span class='verse-line'>{}</span>"},"ja432:3.4":{"pli":"jātaṃ saraṇato bhayaṃ”. ","html":"<span class='verse-line'>{}</span></p>"},"ja432:4.1":{"pli":"“Yena bhattāni paccanti, ","html":"<p><span class='verse-line'>{}</span>"},"ja432:4.2":{"pli":"sītaṃ yena vihaññati; ","html":"<span class='verse-line'>{}</span>"},"ja432:4.3":{"pli":"So maṃ ḍahati gattāni, ","html":"<span class='verse-line'>{}</span>"},"ja432:4.4":{"pli":"jātaṃ saraṇato bhayaṃ”. ","html":"<span class='verse-line'>{}</span></p>"},"ja432:5.1":{"pli":"“Yena bhuttena yāpenti, ","html":"<p><span class='verse-line'>{}</span>"},"ja432:5.2":{"pli":"puthū brāhmaṇakhattiyā; ","html":"<span class='verse-line'>{}</span>"},"ja432:5.3":{"pli":"So maṃ bhutto byāpādeti, ","html":"<span class='verse-line'>{}</span>"},"ja432:5.4":{"pli":"jātaṃ saraṇato bhayaṃ”. ","html":"<span class='verse-line'>{}</span></p>"},"ja432:6.1":{"pli":"“Gimhānaṃ pacchime māse, ","html":"<p><span class='verse-line'>{}</span>"},"ja432:6.2":{"pli":"vātamicchanti paṇḍitā; ","html":"<span class='verse-line'>{}</span>"},"ja432:6.3":{"pli":"So maṃ bhañjati gattāni, ","html":"<span class='verse-line'>{}</span>"},"ja432:6.4":{"pli":"jātaṃ saraṇato bhayaṃ”. ","html":"<span class='verse-line'>{}</span></p>"},"ja432:7.1":{"pli":"“Yaṃ nissitā jagatiruhaṃ, ","html":"<p><span class='verse-line'>{}</span>"},"ja432:7.2":{"pli":"svāyaṃ aggiṃ pamuñcati; ","html":"<span class='verse-line'>{}</span>"},"ja432:7.3":{"pli":"Disā bhajatha vakkaṅgā, ","html":"<span class='verse-line'>{}</span>"},"ja432:7.4":{"pli":"jātaṃ saraṇato bhayaṃ”. ","html":"<span class='verse-line'>{}</span></p>"},"ja432:8.1":{"pli":"“Yamānayiṃ somanassaṃ, ","html":"<p><span class='verse-line'>{}</span>"},"ja432:8.2":{"pli":"māliniṃ candanussadaṃ; ","html":"<span class='verse-line'>{}</span>"},"ja432:8.3":{"pli":"Sā maṃ gharā nicchubhati, ","html":"<span class='verse-line'>{}</span>"},"ja432:8.4":{"pli":"jātaṃ saraṇato bhayaṃ”. ","html":"<span class='verse-line'>{}</span></p>"},"ja432:9.1":{"pli":"“Yena jātena nandissaṃ, ","html":"<p><span class='verse-line'>{}</span>"},"ja432:9.2":{"pli":"yassa ca bhavamicchisaṃ; ","html":"<span class='verse-line'>{}</span>"},"ja432:9.3":{"pli":"So maṃ gharā nicchubhati, ","html":"<span class='verse-line'>{}</span>"},"ja432:9.4":{"pli":"jātaṃ saraṇato bhayaṃ”. ","html":"<span class='verse-line'>{}</span></p>"},"ja432:10.1":{"pli":"“Suṇantu me jānapadā, ","html":"<p><span class='verse-line'>{}</span>"},"ja432:10.2":{"pli":"negamā ca samāgatā; ","html":"<span class='verse-line'>{}</span>"},"ja432:10.3":{"pli":"Yatodakaṃ tadādittaṃ, ","html":"<span class='verse-line'>{}</span>"},"ja432:10.4":{"pli":"yato khemaṃ tato bhayaṃ. ","html":"<span class='verse-line'>{}</span></p>"},"ja432:11.1":{"pli":"Rājā vilumpate raṭṭhaṃ, ","html":"<p><span class='verse-line'>{}</span>"},"ja432:11.2":{"pli":"brāhmaṇo ca purohito; ","html":"<span class='verse-line'>{}</span>"},"ja432:11.3":{"pli":"Attaguttā viharatha, ","html":"<span class='verse-line'>{}</span>"},"ja432:11.4":{"pli":"jātaṃ saraṇato bhayan”ti. ","html":"<span class='verse-line'>{}</span></p></blockquote>"},"ja432:12.1":{"pli":"Padakusalamāṇavajātakaṃ chaṭṭhaṃ. ","html":"<p class='endsutta'>{}</p></article>"}},"ja433":{"ja433:0.1":{"pli":"Jātaka ","html":"<article id='ja433'><header><ul><li class='division'>{}</li>"},"ja433:0.2":{"pli":"Navakanipāta ","html":"<li>{}</li>"},"ja433:0.3":{"pli":"Gijjhavagga ","html":"<li>{}</li></ul>"},"ja433:0.4":{"pli":"7. Lomasakassapajātaka ","html":"<h1 class='sutta-title'>{}</h1></header>"},"ja433:1.1":{"pli":"“Assa indasamo rāja, ","html":"<blockquote class='gatha'><p><span class='verse-line'>{}</span>"},"ja433:1.2":{"pli":"accantaṃ ajarāmaro; ","html":"<span class='verse-line'>{}</span>"},"ja433:1.3":{"pli":"Sace tvaṃ yaññaṃ yājeyya, ","html":"<span class='verse-line'>{}</span>"},"ja433:1.4":{"pli":"isiṃ lomasakassapaṃ”. ","html":"<span class='verse-line'>{}</span></p>"},"ja433:2.1":{"pli":"“Sasamuddapariyāyaṃ, ","html":"<p><span class='verse-line'>{}</span>"},"ja433:2.2":{"pli":"mahiṃ sāgarakuṇḍalaṃ; ","html":"<span class='verse-line'>{}</span>"},"ja433:2.3":{"pli":"Na icche saha nindāya, ","html":"<span class='verse-line'>{}</span>"},"ja433:2.4":{"pli":"evaṃ seyya vijānahi. ","html":"<span class='verse-line'>{}</span></p>"},"ja433:3.1":{"pli":"Dhiratthu taṃ yasalābhaṃ, ","html":"<p><span class='verse-line'>{}</span>"},"ja433:3.2":{"pli":"dhanalābhañca brāhmaṇa; ","html":"<span class='verse-line'>{}</span>"},"ja433:3.3":{"pli":"Yā vutti vinipātena, ","html":"<span class='verse-line'>{}</span>"},"ja433:3.4":{"pli":"adhammacaraṇena vā. ","html":"<span class='verse-line'>{}</span></p>"},"ja433:4.1":{"pli":"Api ce pattamādāya, ","html":"<p><span class='verse-line'>{}</span>"},"ja433:4.2":{"pli":"anagāro paribbaje; ","html":"<span class='verse-line'>{}</span>"},"ja433:4.3":{"pli":"Sāyeva jīvikā seyyo, ","html":"<span class='verse-line'>{}</span>"},"ja433:4.4":{"pli":"yā cādhammena esanā. ","html":"<span class='verse-line'>{}</span></p>"},"ja433:5.1":{"pli":"Api ce pattamādāya, ","html":"<p><span class='verse-line'>{}</span>"},"ja433:5.2":{"pli":"anagāro paribbaje; ","html":"<span class='verse-line'>{}</span>"},"ja433:5.3":{"pli":"Aññaṃ ahiṃsayaṃ loke, ","html":"<span class='verse-line'>{}</span>"},"ja433:5.4":{"pli":"api rajjena taṃ varaṃ”. ","html":"<span class='verse-line'>{}</span></p>"},"ja433:6.1":{"pli":"“Balaṃ cando balaṃ suriyo, ","html":"<p><span class='verse-line'>{}</span>"},"ja433:6.2":{"pli":"balaṃ samaṇabrāhmaṇā; ","html":"<span class='verse-line'>{}</span>"},"ja433:6.3":{"pli":"Balaṃ velā samuddassa, ","html":"<span class='verse-line'>{}</span>"},"ja433:6.4":{"pli":"balātibalamitthiyo. ","html":"<span class='verse-line'>{}</span></p>"},"ja433:7.1":{"pli":"Yathā uggatapaṃ santaṃ, ","html":"<p><span class='verse-line'>{}</span>"},"ja433:7.2":{"pli":"isiṃ lomasakassapaṃ; ","html":"<span class='verse-line'>{}</span>"},"ja433:7.3":{"pli":"Pitu atthā candavatī, ","html":"<span class='verse-line'>{}</span>"},"ja433:7.4":{"pli":"vājapeyyaṃ ayājayi”. ","html":"<span class='verse-line'>{}</span></p>"},"ja433:8.1":{"pli":"“Taṃ lobhapakataṃ kammaṃ, ","html":"<p><span class='verse-line'>{}</span>"},"ja433:8.2":{"pli":"Kaṭukaṃ kāmahetukaṃ; ","html":"<span class='verse-line'>{}</span>"},"ja433:8.3":{"pli":"Tassa mūlaṃ gavesissaṃ, ","html":"<span class='verse-line'>{}</span>"},"ja433:8.4":{"pli":"Checchaṃ rāgaṃ sabandhanaṃ. ","html":"<span class='verse-line'>{}</span></p>"},"ja433:9.1":{"pli":"Dhiratthu kāme subahūpi loke, ","html":"<p><span class='verse-line'>{}</span>"},"ja433:9.2":{"pli":"Tapova seyyo kāmaguṇehi rāja; ","html":"<span class='verse-line'>{}</span>"},"ja433:9.3":{"pli":"Tapo karissāmi pahāya kāme, ","html":"<span class='verse-line'>{}</span>"},"ja433:9.4":{"pli":"Taveva raṭṭhaṃ candavatī ca hotū”ti. ","html":"<span class='verse-line'>{}</span></p></blockquote>"},"ja433:10.1":{"pli":"Lomasakassapajātakaṃ sattamaṃ. ","html":"<p class='endsutta'>{}</p></article>"}},"ja434":{"ja434:0.1":{"pli":"Jātaka ","html":"<article id='ja434'><header><ul><li class='division'>{}</li>"},"ja434:0.2":{"pli":"Navakanipāta ","html":"<li>{}</li>"},"ja434:0.3":{"pli":"Gijjhavagga ","html":"<li>{}</li></ul>"},"ja434:0.4":{"pli":"8. Cakkavākajātaka ","html":"<h1 class='sutta-title'>{}</h1></header>"},"ja434:1.1":{"pli":"“Kāsāyavatthe sakuṇe vadāmi, ","html":"<blockquote class='gatha'><p><span class='verse-line'>{}</span>"},"ja434:1.2":{"pli":"Duve duve nandamane carante; ","html":"<span class='verse-line'>{}</span>"},"ja434:1.3":{"pli":"Kaṃ aṇḍajaṃ aṇḍajā mānusesu, ","html":"<span class='verse-line'>{}</span>"},"ja434:1.4":{"pli":"Jātiṃ pasaṃsanti tadiṅgha brūtha”. ","html":"<span class='verse-line'>{}</span></p>"},"ja434:2.1":{"pli":"“Amhe manussesu manussahiṃsa, ","html":"<p><span class='verse-line'>{}</span>"},"ja434:2.2":{"pli":"Anubbate cakkavāke vadanti; ","html":"<span class='verse-line'>{}</span>"},"ja434:2.3":{"pli":"Kalyāṇabhāvamhe dijesu sammatā, ","html":"<span class='verse-line'>{}</span>"},"ja434:2.4":{"pli":"Abhirūpā vicarāma aṇṇave”. ","html":"<span class='verse-line'>{}</span>"},"ja434:2.5":{"pli":"(…) ","html":"<span class='verse-line'>{}</span></p>"},"ja434:3.1":{"pli":"“Kiṃ aṇṇave kāni phalāni bhuñje, ","html":"<p><span class='verse-line'>{}</span>"},"ja434:3.2":{"pli":"Maṃsaṃ kuto khādatha cakkavākā; ","html":"<span class='verse-line'>{}</span>"},"ja434:3.3":{"pli":"Kiṃ bhojanaṃ bhuñjatha vo anomā, ","html":"<span class='verse-line'>{}</span>"},"ja434:3.4":{"pli":"Balañca vaṇṇo ca anapparūpā”. ","html":"<span class='verse-line'>{}</span></p>"},"ja434:4.1":{"pli":"“Na aṇṇave santi phalāni dhaṅka, ","html":"<p><span class='verse-line'>{}</span>"},"ja434:4.2":{"pli":"Maṃsaṃ kuto khādituṃ cakkavāke; ","html":"<span class='verse-line'>{}</span>"},"ja434:4.3":{"pli":"Sevālabhakkhamha apāṇabhojanā, ","html":"<span class='verse-line'>{}</span>"},"ja434:4.4":{"pli":"Na ghāsahetūpi karoma pāpaṃ”. ","html":"<span class='verse-line'>{}</span></p>"},"ja434:5.1":{"pli":"“Na me idaṃ ruccati cakkavāka, ","html":"<p><span class='verse-line'>{}</span>"},"ja434:5.2":{"pli":"Asmiṃ bhave bhojanasannikāso; ","html":"<span class='verse-line'>{}</span>"},"ja434:5.3":{"pli":"Ahosi pubbe tato me aññathā, ","html":"<span class='verse-line'>{}</span>"},"ja434:5.4":{"pli":"Icceva me vimati ettha jātā. ","html":"<span class='verse-line'>{}</span></p>"},"ja434:6.1":{"pli":"Ahampi maṃsāni phalāni bhuñje, ","html":"<p><span class='verse-line'>{}</span>"},"ja434:6.2":{"pli":"Annāni ca loṇiyateliyāni; ","html":"<span class='verse-line'>{}</span>"},"ja434:6.3":{"pli":"Rasaṃ manussesu labhāmi bhottuṃ, ","html":"<span class='verse-line'>{}</span>"},"ja434:6.4":{"pli":"Sūrova saṅgāmamukhaṃ vijetvā; ","html":"<span class='verse-line'>{}</span>"},"ja434:6.5":{"pli":"Na ca me tādiso vaṇṇo, ","html":"<span class='verse-line'>{}</span>"},"ja434:6.6":{"pli":"Cakkavāka yathā tava”. ","html":"<span class='verse-line'>{}</span></p>"},"ja434:7.1":{"pli":"“Asuddhabhakkhosi khaṇānupātī, ","html":"<p><span class='verse-line'>{}</span>"},"ja434:7.2":{"pli":"Kicchena te labbhati annapānaṃ; ","html":"<span class='verse-line'>{}</span>"},"ja434:7.3":{"pli":"Na tussasī rukkhaphalehi dhaṅka, ","html":"<span class='verse-line'>{}</span>"},"ja434:7.4":{"pli":"Maṃsāni vā yāni susānamajjhe. ","html":"<span class='verse-line'>{}</span></p>"},"ja434:8.1":{"pli":"Yo sāhasena adhigamma bhoge, ","html":"<p><span class='verse-line'>{}</span>"},"ja434:8.2":{"pli":"Paribhuñjati dhaṅka khaṇānupātī; ","html":"<span class='verse-line'>{}</span>"},"ja434:8.3":{"pli":"Tato upakkosati naṃ sabhāvo, ","html":"<span class='verse-line'>{}</span>"},"ja434:8.4":{"pli":"Upakkuṭṭho vaṇṇabalaṃ jahāti. ","html":"<span class='verse-line'>{}</span></p>"},"ja434:9.1":{"pli":"Appampi ce nibbutiṃ bhuñjatī yadi, ","html":"<p><span class='verse-line'>{}</span>"},"ja434:9.2":{"pli":"Asāhasena aparūpaghātī; ","html":"<span class='verse-line'>{}</span>"},"ja434:9.3":{"pli":"Balañca vaṇṇo ca tadassa hoti, ","html":"<span class='verse-line'>{}</span>"},"ja434:9.4":{"pli":"Na hi sabbo āhāramayena vaṇṇo”ti. ","html":"<span class='verse-line'>{}</span></p></blockquote>"},"ja434:10.1":{"pli":"Cakkavākajātakaṃ aṭṭhamaṃ. ","html":"<p class='endsutta'>{}</p></article>"}},"ja435":{"ja435:0.1":{"pli":"Jātaka ","html":"<article id='ja435'><header><ul><li class='division'>{}</li>"},"ja435:0.2":{"pli":"Navakanipāta ","html":"<li>{}</li>"},"ja435:0.3":{"pli":"Gijjhavagga ","html":"<li>{}</li></ul>"},"ja435:0.4":{"pli":"9. Haliddirāgajātaka ","html":"<h1 class='sutta-title'>{}</h1></header>"},"ja435:1.1":{"pli":"“Sutitikkhaṃ araññamhi, ","html":"<blockquote class='gatha'><p><span class='verse-line'>{}</span>"},"ja435:1.2":{"pli":"pantamhi sayanāsane; ","html":"<span class='verse-line'>{}</span>"},"ja435:1.3":{"pli":"Ye ca gāme titikkhanti, ","html":"<span class='verse-line'>{}</span>"},"ja435:1.4":{"pli":"te uḷāratarā tayā”. ","html":"<span class='verse-line'>{}</span></p>"},"ja435:2.1":{"pli":"“Araññā gāmamāgamma, ","html":"<p><span class='verse-line'>{}</span>"},"ja435:2.2":{"pli":"kiṃsīlaṃ kiṃvataṃ ahaṃ; ","html":"<span class='verse-line'>{}</span>"},"ja435:2.3":{"pli":"Purisaṃ tāta seveyyaṃ, ","html":"<span class='verse-line'>{}</span>"},"ja435:2.4":{"pli":"taṃ me akkhāhi pucchito”. ","html":"<span class='verse-line'>{}</span></p>"},"ja435:3.1":{"pli":"“Yo te vissāsaye tāta, ","html":"<p><span class='verse-line'>{}</span>"},"ja435:3.2":{"pli":"vissāsañca khameyya te; ","html":"<span class='verse-line'>{}</span>"},"ja435:3.3":{"pli":"Sussūsī ca titikkhī ca, ","html":"<span class='verse-line'>{}</span>"},"ja435:3.4":{"pli":"taṃ bhajehi ito gato. ","html":"<span class='verse-line'>{}</span></p>"},"ja435:4.1":{"pli":"Yassa kāyena vācāya, ","html":"<p><span class='verse-line'>{}</span>"},"ja435:4.2":{"pli":"manasā natthi dukkaṭaṃ; ","html":"<span class='verse-line'>{}</span>"},"ja435:4.3":{"pli":"Urasīva patiṭṭhāya, ","html":"<span class='verse-line'>{}</span>"},"ja435:4.4":{"pli":"taṃ bhajehi ito gato. ","html":"<span class='verse-line'>{}</span></p>"},"ja435:5.1":{"pli":"Yo ca dhammena carati, ","html":"<p><span class='verse-line'>{}</span>"},"ja435:5.2":{"pli":"carantopi na maññati; ","html":"<span class='verse-line'>{}</span>"},"ja435:5.3":{"pli":"Visuddhakāriṃ sappaññaṃ, ","html":"<span class='verse-line'>{}</span>"},"ja435:5.4":{"pli":"taṃ bhajehi ito gato. ","html":"<span class='verse-line'>{}</span></p>"},"ja435:6.1":{"pli":"Haliddirāgaṃ kapicittaṃ, ","html":"<p><span class='verse-line'>{}</span>"},"ja435:6.2":{"pli":"purisaṃ rāgavirāginaṃ; ","html":"<span class='verse-line'>{}</span>"},"ja435:6.3":{"pli":"Tādisaṃ tāta mā sevi, ","html":"<span class='verse-line'>{}</span>"},"ja435:6.4":{"pli":"nimmanussampi ce siyā. ","html":"<span class='verse-line'>{}</span></p>"},"ja435:7.1":{"pli":"Āsīvisaṃva kupitaṃ, ","html":"<p><span class='verse-line'>{}</span>"},"ja435:7.2":{"pli":"mīḷhalittaṃ mahāpathaṃ; ","html":"<span class='verse-line'>{}</span>"},"ja435:7.3":{"pli":"Ārakā parivajjehi, ","html":"<span class='verse-line'>{}</span>"},"ja435:7.4":{"pli":"yānīva visamaṃ pathaṃ. ","html":"<span class='verse-line'>{}</span></p>"},"ja435:8.1":{"pli":"Anatthā tāta vaḍḍhanti, ","html":"<p><span class='verse-line'>{}</span>"},"ja435:8.2":{"pli":"bālaṃ accupasevato; ","html":"<span class='verse-line'>{}</span>"},"ja435:8.3":{"pli":"Māssu bālena saṅgacchi, ","html":"<span class='verse-line'>{}</span>"},"ja435:8.4":{"pli":"amitteneva sabbadā. ","html":"<span class='verse-line'>{}</span></p>"},"ja435:9.1":{"pli":"Taṃ tāhaṃ tāta yācāmi, ","html":"<p><span class='verse-line'>{}</span>"},"ja435:9.2":{"pli":"karassu vacanaṃ mama; ","html":"<span class='verse-line'>{}</span>"},"ja435:9.3":{"pli":"Māssu bālena saṅgacchi, ","html":"<span class='verse-line'>{}</span>"},"ja435:9.4":{"pli":"dukkho bālehi saṅgamo”ti. ","html":"<span class='verse-line'>{}</span></p></blockquote>"},"ja435:10.1":{"pli":"Haliddirāgajātakaṃ navamaṃ. ","html":"<p class='endsutta'>{}</p></article>"}},"ja436":{"ja436:0.1":{"pli":"Jātaka ","html":"<article id='ja436'><header><ul><li class='division'>{}</li>"},"ja436:0.2":{"pli":"Navakanipāta ","html":"<li>{}</li>"},"ja436:0.3":{"pli":"Gijjhavagga ","html":"<li>{}</li></ul>"},"ja436:0.4":{"pli":"10. Samuggajātaka ","html":"<h1 class='sutta-title'>{}</h1></header>"},"ja436:1.1":{"pli":"“Kuto nu āgacchatha bho tayo janā, ","html":"<blockquote class='gatha'><p><span class='verse-line'>{}</span>"},"ja436:1.2":{"pli":"Svāgatā etha nisīdathāsane; ","html":"<span class='verse-line'>{}</span>"},"ja436:1.3":{"pli":"Kaccittha bhonto kusalaṃ anāmayaṃ, ","html":"<span class='verse-line'>{}</span>"},"ja436:1.4":{"pli":"Cirassamabbhāgamanaṃ hi vo idha”. ","html":"<span class='verse-line'>{}</span></p>"},"ja436:2.1":{"pli":"“Ahameva eko idha majja patto, ","html":"<p><span class='verse-line'>{}</span>"},"ja436:2.2":{"pli":"Na cāpi me dutiyo koci vijjati; ","html":"<span class='verse-line'>{}</span>"},"ja436:2.3":{"pli":"Kimeva sandhāya te bhāsitaṃ ise, ","html":"<span class='verse-line'>{}</span>"},"ja436:2.4":{"pli":"‘Kuto nu āgacchatha bho tayo janā’”. ","html":"<span class='verse-line'>{}</span></p>"},"ja436:3.1":{"pli":"“Tuvañca eko bhariyā ca te piyā, ","html":"<p><span class='verse-line'>{}</span>"},"ja436:3.2":{"pli":"Samuggapakkhittanikiṇṇamantare; ","html":"<span class='verse-line'>{}</span>"},"ja436:3.3":{"pli":"Sā rakkhitā kucchigatāva te sadā, ","html":"<span class='verse-line'>{}</span>"},"ja436:3.4":{"pli":"Vāyussa puttena sahā tahiṃ ratā”. ","html":"<span class='verse-line'>{}</span></p>"},"ja436:4.1":{"pli":"“Saṃviggarūpo isinā viyākato, ","html":"<p><span class='verse-line'>{}</span>"},"ja436:4.2":{"pli":"So dānavo tattha samuggamuggili; ","html":"<span class='verse-line'>{}</span>"},"ja436:4.3":{"pli":"Addakkhi bhariyaṃ suci māladhāriniṃ, ","html":"<span class='verse-line'>{}</span>"},"ja436:4.4":{"pli":"Vāyussa puttena sahā tahiṃ rataṃ”. ","html":"<span class='verse-line'>{}</span></p>"},"ja436:5.1":{"pli":"“Sudiṭṭharūpamuggatapānuvattinā, ","html":"<p><span class='verse-line'>{}</span>"},"ja436:5.2":{"pli":"Hīnā narā ye pamadāvasaṃ gatā; ","html":"<span class='verse-line'>{}</span>"},"ja436:5.3":{"pli":"Yathā have pāṇarivettha rakkhitā, ","html":"<span class='verse-line'>{}</span>"},"ja436:5.4":{"pli":"Duṭṭhā mayī aññamabhippamodayi. ","html":"<span class='verse-line'>{}</span></p>"},"ja436:6.1":{"pli":"Divā ca ratto ca mayā upaṭṭhitā, ","html":"<p><span class='verse-line'>{}</span>"},"ja436:6.2":{"pli":"Tapassinā jotirivā vane vasaṃ; ","html":"<span class='verse-line'>{}</span>"},"ja436:6.3":{"pli":"Sā dhammamukkamma adhammamācari, ","html":"<span class='verse-line'>{}</span>"},"ja436:6.4":{"pli":"Akiriyarūpo pamadāhi santhavo. ","html":"<span class='verse-line'>{}</span></p>"},"ja436:7.1":{"pli":"Sarīramajjhamhi ṭhitātimaññahaṃ, ","html":"<p><span class='verse-line'>{}</span>"},"ja436:7.2":{"pli":"Mayhaṃ ayanti asatiṃ asaññataṃ; ","html":"<span class='verse-line'>{}</span>"},"ja436:7.3":{"pli":"Sā dhammamukkamma adhammamācari, ","html":"<span class='verse-line'>{}</span>"},"ja436:7.4":{"pli":"Akiriyarūpo pamadāhi santhavo. ","html":"<span class='verse-line'>{}</span></p>"},"ja436:8.1":{"pli":"Surakkhitaṃ meti kathaṃ nu vissase, ","html":"<p><span class='verse-line'>{}</span>"},"ja436:8.2":{"pli":"Anekacittāsu na hatthi rakkhaṇā; ","html":"<span class='verse-line'>{}</span>"},"ja436:8.3":{"pli":"Etā hi pātālapapātasannibhā, ","html":"<span class='verse-line'>{}</span>"},"ja436:8.4":{"pli":"Etthappamatto byasanaṃ nigaccha”ti. ","html":"<span class='verse-line'>{}</span></p>"},"ja436:9.1":{"pli":"“Tasmā hi te sukhino vītasokā, ","html":"<p><span class='verse-line'>{}</span>"},"ja436:9.2":{"pli":"Ye mātugāmehi caranti nissaṭā; ","html":"<span class='verse-line'>{}</span>"},"ja436:9.3":{"pli":"Etaṃ sivaṃ uttamamābhipatthayaṃ, ","html":"<span class='verse-line'>{}</span>"},"ja436:9.4":{"pli":"Na mātugāmehi kareyya santhavanti”. ","html":"<span class='verse-line'>{}</span></p></blockquote>"},"ja436:10.1":{"pli":"Samuggajātakaṃ dasamaṃ. ","html":"<p class='endsutta'>{}</p></article>"}},"ja437":{"ja437:0.1":{"pli":"Jātaka ","html":"<article id='ja437'><header><ul><li class='division'>{}</li>"},"ja437:0.2":{"pli":"Navakanipāta ","html":"<li>{}</li>"},"ja437:0.3":{"pli":"Gijjhavagga ","html":"<li>{}</li></ul>"},"ja437:0.4":{"pli":"11. Pūtimaṃsajātaka ","html":"<h1 class='sutta-title'>{}</h1></header>"},"ja437:1.1":{"pli":"“Na kho me ruccati āḷi, ","html":"<blockquote class='gatha'><p><span class='verse-line'>{}</span>"},"ja437:1.2":{"pli":"pūtimaṃsassa pekkhanā; ","html":"<span class='verse-line'>{}</span>"},"ja437:1.3":{"pli":"Etādisā sakhārasmā, ","html":"<span class='verse-line'>{}</span>"},"ja437:1.4":{"pli":"ārakā parivajjaye”. ","html":"<span class='verse-line'>{}</span></p>"},"ja437:2.1":{"pli":"“Ummattikā ayaṃ veṇī, ","html":"<p><span class='verse-line'>{}</span>"},"ja437:2.2":{"pli":"vaṇṇeti patino sakhiṃ; ","html":"<span class='verse-line'>{}</span>"},"ja437:2.3":{"pli":"Pajjhāyi paṭigacchantiṃ, ","html":"<span class='verse-line'>{}</span>"},"ja437:2.4":{"pli":"āgataṃ meṇḍamātaraṃ”. ","html":"<span class='verse-line'>{}</span></p>"},"ja437:3.1":{"pli":"“Tvaṃ khosi samma ummatto, ","html":"<p><span class='verse-line'>{}</span>"},"ja437:3.2":{"pli":"dummedho avicakkhaṇo; ","html":"<span class='verse-line'>{}</span>"},"ja437:3.3":{"pli":"Yo tvaṃ matālayaṃ katvā, ","html":"<span class='verse-line'>{}</span>"},"ja437:3.4":{"pli":"akālena vipekkhasi”. ","html":"<span class='verse-line'>{}</span></p>"},"ja437:4.1":{"pli":"“Na akāle vipekkheyya, ","html":"<p><span class='verse-line'>{}</span>"},"ja437:4.2":{"pli":"kāle pekkheyya paṇḍito; ","html":"<span class='verse-line'>{}</span>"},"ja437:4.3":{"pli":"Pūtimaṃsova pajjhāyi, ","html":"<span class='verse-line'>{}</span>"},"ja437:4.4":{"pli":"yo akāle vipekkhati”. ","html":"<span class='verse-line'>{}</span></p>"},"ja437:5.1":{"pli":"“Piyaṃ kho āḷi me hotu, ","html":"<p><span class='verse-line'>{}</span>"},"ja437:5.2":{"pli":"puṇṇapattaṃ dadāhi me; ","html":"<span class='verse-line'>{}</span>"},"ja437:5.3":{"pli":"Pati sañjīvito mayhaṃ, ","html":"<span class='verse-line'>{}</span>"},"ja437:5.4":{"pli":"eyyāsi piyapucchikā”. ","html":"<span class='verse-line'>{}</span></p>"},"ja437:6.1":{"pli":"“Piyaṃ kho āḷi te hotu, ","html":"<p><span class='verse-line'>{}</span>"},"ja437:6.2":{"pli":"puṇṇapattaṃ dadāmi te; ","html":"<span class='verse-line'>{}</span>"},"ja437:6.3":{"pli":"Mahatā parivārena, ","html":"<span class='verse-line'>{}</span>"},"ja437:6.4":{"pli":"essaṃ kayirāhi bhojanaṃ”. ","html":"<span class='verse-line'>{}</span></p>"},"ja437:7.1":{"pli":"“Kīdiso tuyhaṃ parivāro, ","html":"<p><span class='verse-line'>{}</span>"},"ja437:7.2":{"pli":"yesaṃ kāhāmi bhojanaṃ; ","html":"<span class='verse-line'>{}</span>"},"ja437:7.3":{"pli":"Kiṃnāmakā ca te sabbe, ","html":"<span class='verse-line'>{}</span>"},"ja437:7.4":{"pli":"taṃ me akkhāhi pucchitā”. ","html":"<span class='verse-line'>{}</span></p>"},"ja437:8.1":{"pli":"“Māliyo caturakkho ca, ","html":"<p><span class='verse-line'>{}</span>"},"ja437:8.2":{"pli":"piṅgiyo atha jambuko; ","html":"<span class='verse-line'>{}</span>"},"ja437:8.3":{"pli":"Ediso mayhaṃ parivāro, ","html":"<span class='verse-line'>{}</span>"},"ja437:8.4":{"pli":"tesaṃ kayirāhi bhojanaṃ”. ","html":"<span class='verse-line'>{}</span></p>"},"ja437:9.1":{"pli":"“Nikkhantāya agārasmā, ","html":"<p><span class='verse-line'>{}</span>"},"ja437:9.2":{"pli":"bhaṇḍakampi vinassati; ","html":"<span class='verse-line'>{}</span>"},"ja437:9.3":{"pli":"Ārogyaṃ āḷino vajjaṃ, ","html":"<span class='verse-line'>{}</span>"},"ja437:9.4":{"pli":"idheva vasa māgamā”ti. ","html":"<span class='verse-line'>{}</span></p></blockquote>"},"ja437:10.1":{"pli":"Pūtimaṃsajātakaṃ ekādasamaṃ. ","html":"<p class='endsutta'>{}</p></article>"}}}