{"kv16.10":{"kv16.10:0.1":{"pli":"Kathāvatthu ","html":"<article id='kv16.10'><header><ul><li class='division'>{}</li>"},"kv16.10:0.2":{"pli":"Mahāpaṇṇāsaka ","html":"<li>{}</li>"},"kv16.10:0.3":{"pli":"Soḷasamavagga ","html":"<li>{}</li></ul>"},"kv16.10:0.4":{"pli":"Rūpārūpadhātupariyāpannakathā ","html":"<h1 class='sutta-title'>{}</h1></header>"},"kv16.10:1.1":{"pli":"Rūparāgo rūpadhātupariyāpannoti? ","html":"<p data-doxy='orthodox'>{}"},"kv16.10:1.2":{"pli":"Āmantā. ","html":"{}"},"kv16.10:1.3":{"pli":"Samāpattesiyo upapattesiyo diṭṭhadhammasukhavihāro, samāpattesiyena cittena upapattesiyena cittena diṭṭhadhammasukhavihārena cittena sahagato sahajāto saṃsaṭṭho sampayutto ekuppādo ekanirodho ekavatthuko ekārammaṇoti? ","html":"{}"},"kv16.10:1.4":{"pli":"Na hevaṃ vattabbe …pe… ","html":"{}"},"kv16.10:1.5":{"pli":"nanu na samāpattesiyo na upapattesiyo na diṭṭhadhammasukhavihāro, na samāpattesiyena cittena …pe… ekavatthuko ekārammaṇoti? ","html":"{}"},"kv16.10:1.6":{"pli":"Āmantā. ","html":"{}"},"kv16.10:1.7":{"pli":"Hañci na samāpattesiyo na upapattesiyo na diṭṭhadhammasukhavihāro, na samāpattesiyena cittena …pe… ekavatthuko ekārammaṇo, no ca vata re vattabbe—","html":"{}"},"kv16.10:1.8":{"pli":"“rūparāgo rūpadhātupariyāpanno”ti. ","html":"{}</p>"},"kv16.10:2.1":{"pli":"Rūparāgo rūpadhātupariyāpannoti? ","html":"<p data-doxy='orthodox'>{}"},"kv16.10:2.2":{"pli":"Āmantā. ","html":"{}"},"kv16.10:2.3":{"pli":"Saddarāgo saddadhātupariyāpannoti? ","html":"{}"},"kv16.10:2.4":{"pli":"Na hevaṃ vattabbe …pe… ","html":"{}"},"kv16.10:2.5":{"pli":"rūparāgo rūpadhātupariyāpannoti? ","html":"{}"},"kv16.10:2.6":{"pli":"Āmantā. ","html":"{}"},"kv16.10:2.7":{"pli":"Gandharāgo …pe… ","html":"{}"},"kv16.10:2.8":{"pli":"rasarāgo …pe… ","html":"{}"},"kv16.10:2.9":{"pli":"phoṭṭhabbarāgo phoṭṭhabbadhātupariyāpannoti? ","html":"{}"},"kv16.10:2.10":{"pli":"Na hevaṃ vattabbe …pe…. ","html":"{}</p>"},"kv16.10:3.1":{"pli":"Saddarāgo na vattabbaṃ—","html":"<p data-doxy='orthodox'>{}"},"kv16.10:3.2":{"pli":"“saddadhātupariyāpanno”ti? ","html":"{}"},"kv16.10:3.3":{"pli":"Āmantā. ","html":"{}"},"kv16.10:3.4":{"pli":"Rūparāgo na vattabbaṃ—","html":"{}"},"kv16.10:3.5":{"pli":"“rūpadhātupariyāpanno”ti? ","html":"{}"},"kv16.10:3.6":{"pli":"Na hevaṃ vattabbe …pe… ","html":"{}"},"kv16.10:3.7":{"pli":"gandharāgo …pe… ","html":"{}"},"kv16.10:3.8":{"pli":"rasarāgo …pe… ","html":"{}"},"kv16.10:3.9":{"pli":"phoṭṭhabbarāgo na vattabbaṃ—","html":"{}"},"kv16.10:3.10":{"pli":"“phoṭṭhabbadhātupariyāpanno”ti? ","html":"{}"},"kv16.10:3.11":{"pli":"Āmantā. ","html":"{}"},"kv16.10:3.12":{"pli":"Rūparāgo na vattabbaṃ—","html":"{}"},"kv16.10:3.13":{"pli":"“rūpadhātupariyāpanno”ti? ","html":"{}"},"kv16.10:3.14":{"pli":"Na hevaṃ vattabbe …pe…. ","html":"{}</p>"},"kv16.10:4.1":{"pli":"Arūparāgo arūpadhātupariyāpannoti? ","html":"<p data-doxy='orthodox'>{}"},"kv16.10:4.2":{"pli":"Āmantā. ","html":"{}"},"kv16.10:4.3":{"pli":"Arūparāgo na vattabbaṃ—","html":"{}"},"kv16.10:4.4":{"pli":"“arūpadhātupariyāpanno”ti? ","html":"{}"},"kv16.10:4.5":{"pli":"Na hevaṃ vattabbe …pe… ","html":"{}"},"kv16.10:4.6":{"pli":"arūparāgo arūpadhātupariyāpannoti? ","html":"{}"},"kv16.10:4.7":{"pli":"Āmantā. ","html":"{}"},"kv16.10:4.8":{"pli":"Samāpattesiyo upapattesiyo diṭṭhadhammasukhavihāro, samāpattesiyena cittena upapattesiyena cittena diṭṭhadhammasukhavihārena cittena sahagato sahajāto saṃsaṭṭho sampayutto ekuppādo ekanirodho ekavatthuko ekārammaṇoti? ","html":"{}"},"kv16.10:4.9":{"pli":"Na hevaṃ vattabbe …pe… ","html":"{}"},"kv16.10:4.10":{"pli":"nanu na samāpattesiyo na upapattesiyo na diṭṭhadhammasukhavihāro, na samāpattesiyena cittena …pe… ekavatthuko ekārammaṇoti? ","html":"{}"},"kv16.10:4.11":{"pli":"Āmantā. ","html":"{}"},"kv16.10:4.12":{"pli":"Hañci na samāpattesiyo na upapattesiyo na diṭṭhadhammasukhavihāro, na samāpattesiyena cittena na upapattesiyena cittena na diṭṭhadhammasukhavihārena cittena sahagato sahajāto saṃsaṭṭho sampayutto ekuppādo ekanirodho ekavatthuko ekārammaṇo, no ca vata re vattabbe—","html":"{}"},"kv16.10:4.13":{"pli":"“arūparāgo arūpadhātupariyāpanno”ti. ","html":"{}</p>"},"kv16.10:5.1":{"pli":"Arūparāgo arūpadhātupariyāpannoti? ","html":"<p data-doxy='orthodox'>{}"},"kv16.10:5.2":{"pli":"Āmantā. ","html":"{}"},"kv16.10:5.3":{"pli":"Saddarāgo saddadhātupariyāpannoti? ","html":"{}"},"kv16.10:5.4":{"pli":"Na hevaṃ vattabbe …pe… ","html":"{}"},"kv16.10:5.5":{"pli":"arūparāgo arūpadhātupariyāpannoti? ","html":"{}"},"kv16.10:5.6":{"pli":"Āmantā. ","html":"{}"},"kv16.10:5.7":{"pli":"Gandharāgo …pe… ","html":"{}"},"kv16.10:5.8":{"pli":"rasarāgo …pe… ","html":"{}"},"kv16.10:5.9":{"pli":"phoṭṭhabbarāgo phoṭṭhabbadhātupariyāpannoti? ","html":"{}"},"kv16.10:5.10":{"pli":"Na hevaṃ vattabbe …pe…. ","html":"{}</p>"},"kv16.10:6.1":{"pli":"Saddarāgo na vattabbaṃ—","html":"<p data-doxy='orthodox'>{}"},"kv16.10:6.2":{"pli":"“saddadhātupariyāpanno”ti? ","html":"{}"},"kv16.10:6.3":{"pli":"Āmantā. ","html":"{}"},"kv16.10:6.4":{"pli":"Arūparāgo na vattabbaṃ—","html":"{}"},"kv16.10:6.5":{"pli":"“arūpadhātupariyāpanno”ti? ","html":"{}"},"kv16.10:6.6":{"pli":"Na hevaṃ vattabbe …pe… ","html":"{}"},"kv16.10:6.7":{"pli":"gandharāgo …pe… ","html":"{}"},"kv16.10:6.8":{"pli":"rasarāgo …pe… ","html":"{}"},"kv16.10:6.9":{"pli":"phoṭṭhabbarāgo na vattabbaṃ—","html":"{}"},"kv16.10:6.10":{"pli":"“phoṭṭhabbadhātupariyāpanno”ti? ","html":"{}"},"kv16.10:6.11":{"pli":"Āmantā. ","html":"{}"},"kv16.10:6.12":{"pli":"Arūparāgo na vattabbaṃ—","html":"{}"},"kv16.10:6.13":{"pli":"“arūpadhātupariyāpanno”ti? ","html":"{}"},"kv16.10:6.14":{"pli":"Na hevaṃ vattabbe …pe…. ","html":"{}</p>"},"kv16.10:7.1":{"pli":"Na vattabbaṃ—","html":"<p data-doxy='heterodox'>{}"},"kv16.10:7.2":{"pli":"“rūparāgo rūpadhātupariyāpanno, arūparāgo arūpadhātupariyāpanno”ti? ","html":"{}"},"kv16.10:7.3":{"pli":"Āmantā. ","html":"{}"},"kv16.10:7.4":{"pli":"Nanu kāmarāgo kāmadhātupariyāpannoti? ","html":"{}"},"kv16.10:7.5":{"pli":"Āmantā. ","html":"{}"},"kv16.10:7.6":{"pli":"Hañci kāmarāgo kāmadhātupariyāpanno, tena vata re vattabbe—","html":"{}"},"kv16.10:7.7":{"pli":"“rūparāgo rūpadhātupariyāpanno, arūparāgo arūpadhātupariyāpanno”ti. ","html":"{}</p>"},"kv16.10:7.8":{"pli":"Rūparāgo rūpadhātupariyāpanno arūparāgo ","html":"<p class='endsutta'>{}<br>"},"kv16.10:7.9":{"pli":"arūpadhātupariyāpannotikathā niṭṭhitā. ","html":"{}</p>"},"kv16.10:7.10":{"pli":"Soḷasamo vaggo. ","html":"<p class='endsutta'>{}</p>"},"kv16.10:7.11":{"pli":"Tassuddānaṃ ","html":"<p class='uddana-intro'>{}</p>"},"kv16.10:8.1":{"pli":"Cittaniggaho, cittapaggaho, sukhānuppadānaṃ, adhigayha manasikāro, rūpaṃ hetu, rūpaṃ sahetukaṃ, rūpaṃ kusalampi akusalampi, rūpaṃ vipāko, atthi rūpaṃ rūpāvacaraṃ atthi rūpaṃ arūpāvacaraṃ, sabbe kilesā kāmadhātupariyāpannāti. ","html":"<p class='uddana'>{}</p></article>"}},"kv16.2":{"kv16.2:0.1":{"pli":"Kathāvatthu ","html":"<article id='kv16.2'><header><ul><li class='division'>{}</li>"},"kv16.2:0.2":{"pli":"Niggahapaṇṇāsaka ","html":"<li>{}</li>"},"kv16.2:0.3":{"pli":"Soḷasamavagga ","html":"<li>{}</li></ul>"},"kv16.2:0.4":{"pli":"Paggahakathā ","html":"<h1 class='sutta-title'>{}</h1></header>"},"kv16.2:1.1":{"pli":"Paro parassa cittaṃ paggaṇhātīti? ","html":"<p data-doxy='orthodox'>{}"},"kv16.2:1.2":{"pli":"Āmantā. ","html":"{}"},"kv16.2:1.3":{"pli":"Paro parassa cittaṃ “mā rajji”, “mā dussi”, “mā muyhi”, “mā kilissī”ti paggaṇhātīti? ","html":"{}"},"kv16.2:1.4":{"pli":"Na hevaṃ vattabbe …pe… ","html":"{}"},"kv16.2:1.5":{"pli":"paro parassa cittaṃ paggaṇhātīti? ","html":"{}"},"kv16.2:1.6":{"pli":"Āmantā. ","html":"{}"},"kv16.2:1.7":{"pli":"Paro parassa alobhaṃ kusalamūlaṃ janeti … ","html":"{}"},"kv16.2:1.8":{"pli":"adosaṃ kusalamūlaṃ janeti … ","html":"{}"},"kv16.2:1.9":{"pli":"amohaṃ kusalamūlaṃ janeti … ","html":"{}"},"kv16.2:1.10":{"pli":"saddhaṃ janeti … ","html":"{}"},"kv16.2:1.11":{"pli":"vīriyaṃ janeti … ","html":"{}"},"kv16.2:1.12":{"pli":"satiṃ janeti … ","html":"{}"},"kv16.2:1.13":{"pli":"samādhiṃ janeti … ","html":"{}"},"kv16.2:1.14":{"pli":"paññaṃ janetīti? ","html":"{}"},"kv16.2:1.15":{"pli":"Na hevaṃ vattabbe …pe… ","html":"{}"},"kv16.2:1.16":{"pli":"paro parassa cittaṃ paggaṇhātīti? ","html":"{}"},"kv16.2:1.17":{"pli":"Āmantā. ","html":"{}"},"kv16.2:1.18":{"pli":"Paro parassa uppanno phasso “mā nirujjhī”ti paggaṇhātīti? ","html":"{}"},"kv16.2:1.19":{"pli":"Na hevaṃ vattabbe …pe… ","html":"{}"},"kv16.2:1.20":{"pli":"paro parassa uppannā vedanā …pe… ","html":"{}"},"kv16.2:1.21":{"pli":"uppannā paññā “mā nirujjhī”ti paggaṇhātīti? ","html":"{}"},"kv16.2:1.22":{"pli":"Na hevaṃ vattabbe …pe…. ","html":"{}</p>"},"kv16.2:2.1":{"pli":"Paro parassa cittaṃ paggaṇhātīti? ","html":"<p data-doxy='orthodox'>{}"},"kv16.2:2.2":{"pli":"Āmantā. ","html":"{}"},"kv16.2:2.3":{"pli":"Paro parassa atthāya rāgaṃ pajahati … ","html":"{}"},"kv16.2:2.4":{"pli":"dosaṃ pajahati … ","html":"{}"},"kv16.2:2.5":{"pli":"mohaṃ pajahati …pe… ","html":"{}"},"kv16.2:2.6":{"pli":"anottappaṃ pajahatīti? ","html":"{}"},"kv16.2:2.7":{"pli":"Na hevaṃ vattabbe …pe…. ","html":"{}</p>"},"kv16.2:3.1":{"pli":"Paro parassa cittaṃ paggaṇhātīti? ","html":"<p data-doxy='orthodox'>{}"},"kv16.2:3.2":{"pli":"Āmantā. ","html":"{}"},"kv16.2:3.3":{"pli":"Paro parassa atthāya maggaṃ bhāveti … ","html":"{}"},"kv16.2:3.4":{"pli":"satipaṭṭhānaṃ bhāveti …pe… ","html":"{}"},"kv16.2:3.5":{"pli":"bojjhaṅgaṃ bhāvetīti? ","html":"{}"},"kv16.2:3.6":{"pli":"Na hevaṃ vattabbe …pe…. ","html":"{}</p>"},"kv16.2:4.1":{"pli":"Paro parassa cittaṃ paggaṇhātīti? ","html":"<p data-doxy='orthodox'>{}"},"kv16.2:4.2":{"pli":"Āmantā. ","html":"{}"},"kv16.2:4.3":{"pli":"Paro parassa atthāya dukkhaṃ parijānāti …pe… ","html":"{}"},"kv16.2:4.4":{"pli":"maggaṃ bhāvetīti? ","html":"{}"},"kv16.2:4.5":{"pli":"Na hevaṃ vattabbe …pe…. ","html":"{}</p>"},"kv16.2:5.1":{"pli":"Paro parassa cittaṃ paggaṇhātīti? ","html":"<p data-doxy='orthodox'>{}"},"kv16.2:5.2":{"pli":"Āmantā. ","html":"{}"},"kv16.2:5.3":{"pli":"Añño aññassa kārako, paraṅkataṃ sukhaṃ dukkhaṃ añño karoti añño paṭisaṃvedetīti? ","html":"{}"},"kv16.2:5.4":{"pli":"Na hevaṃ vattabbe …pe…. ","html":"{}</p>"},"kv16.2:6.1":{"pli":"Paro parassa cittaṃ paggaṇhātīti? ","html":"<p data-doxy='orthodox'>{}"},"kv16.2:6.2":{"pli":"Āmantā. ","html":"{}"},"kv16.2:6.3":{"pli":"Nanu vuttaṃ bhagavatā—","html":"{}</p>"},"kv16.2:7.1":{"pli":"“Attanāva kataṃ pāpaṃ …pe… ","html":"<blockquote class='gatha'><p><span class='verse-line'>{}</span>"},"kv16.2:7.2":{"pli":"Nāñño aññaṃ visodhaye”ti. ","html":"<span class='verse-line'>{}</span></p></blockquote>"},"kv16.2:8.1":{"pli":"Attheva suttantoti? ","html":"<p>{}"},"kv16.2:8.2":{"pli":"Āmantā. ","html":"{}"},"kv16.2:8.3":{"pli":"Tena hi na vattabbaṃ—","html":"{}"},"kv16.2:8.4":{"pli":"“paro parassa cittaṃ paggaṇhātī”ti. ","html":"{}</p>"},"kv16.2:9.1":{"pli":"Na vattabbaṃ—","html":"<p data-doxy='heterodox'>{}"},"kv16.2:9.2":{"pli":"“paro parassa cittaṃ paggaṇhātī”ti? ","html":"{}"},"kv16.2:9.3":{"pli":"Āmantā. ","html":"{}"},"kv16.2:9.4":{"pli":"Nanu atthi balappattā, atthi vasībhūtāti? ","html":"{}"},"kv16.2:9.5":{"pli":"Āmantā. ","html":"{}"},"kv16.2:9.6":{"pli":"Hañci atthi balappattā, atthi vasībhūtā, tena vata re vattabbe—","html":"{}"},"kv16.2:9.7":{"pli":"“paro parassa cittaṃ paggaṇhātī”ti. ","html":"{}</p>"},"kv16.2:9.8":{"pli":"Paggahakathā niṭṭhitā. ","html":"<p class='endsutta'>{}</p></article>"}},"kv16.3":{"kv16.3:0.1":{"pli":"Kathāvatthu ","html":"<article id='kv16.3'><header><ul><li class='division'>{}</li>"},"kv16.3:0.2":{"pli":"Mahāpaṇṇāsaka ","html":"<li>{}</li>"},"kv16.3:0.3":{"pli":"Soḷasamavagga ","html":"<li>{}</li></ul>"},"kv16.3:0.4":{"pli":"Sukhānuppadānakathā ","html":"<h1 class='sutta-title'>{}</h1></header>"},"kv16.3:1.1":{"pli":"Paro parassa sukhaṃ anuppadetīti? ","html":"<p data-doxy='orthodox'>{}"},"kv16.3:1.2":{"pli":"Āmantā. ","html":"{}"},"kv16.3:1.3":{"pli":"Paro parassa dukkhaṃ anuppadetīti? ","html":"{}"},"kv16.3:1.4":{"pli":"Na hevaṃ vattabbe …pe… ","html":"{}"},"kv16.3:1.5":{"pli":"paro parassa dukkhaṃ na anuppadetīti? ","html":"{}"},"kv16.3:1.6":{"pli":"Āmantā. ","html":"{}"},"kv16.3:1.7":{"pli":"Paro parassa sukhaṃ na anuppadetīti? ","html":"{}"},"kv16.3:1.8":{"pli":"Na hevaṃ vattabbe …pe… ","html":"{}"},"kv16.3:1.9":{"pli":"paro parassa sukhaṃ anuppadetīti? ","html":"{}"},"kv16.3:1.10":{"pli":"Āmantā. ","html":"{}"},"kv16.3:1.11":{"pli":"Paro parassa attano sukhaṃ anuppadeti, aññesaṃ sukhaṃ anuppadeti, tassa sukhaṃ anuppadetīti? ","html":"{}"},"kv16.3:1.12":{"pli":"Na hevaṃ vattabbe …pe… ","html":"{}"},"kv16.3:1.13":{"pli":"paro parassa nevattano, na aññesaṃ, na tassa sukhaṃ anuppadetīti? ","html":"{}"},"kv16.3:1.14":{"pli":"Āmantā. ","html":"{}"},"kv16.3:1.15":{"pli":"Hañci paro parassa nevattano, na aññesaṃ, na tassa sukhaṃ anuppadeti, no ca vata re vattabbe—","html":"{}"},"kv16.3:1.16":{"pli":"“paro parassa sukhaṃ anuppadetī”ti. ","html":"{}</p>"},"kv16.3:2.1":{"pli":"Paro parassa sukhaṃ anuppadetīti? ","html":"<p data-doxy='orthodox'>{}"},"kv16.3:2.2":{"pli":"Āmantā. ","html":"{}"},"kv16.3:2.3":{"pli":"Añño aññassa kārako, paraṅkataṃ sukhaṃ dukkhaṃ añño karoti añño paṭisaṃvedetīti? ","html":"{}"},"kv16.3:2.4":{"pli":"Na hevaṃ vattabbe …pe…. ","html":"{}</p>"},"kv16.3:3.1":{"pli":"Na vattabbaṃ—","html":"<p data-doxy='heterodox'>{}"},"kv16.3:3.2":{"pli":"“paro parassa sukhaṃ anuppadetī”ti? ","html":"{}"},"kv16.3:3.3":{"pli":"Āmantā. ","html":"{}"},"kv16.3:3.4":{"pli":"Nanu āyasmā udāyī etadavoca—","html":"{}"},"kv16.3:3.5":{"pli":"“bahūnaṃ vata no bhagavā dukkhadhammānaṃ apahattā, bahūnaṃ vata no bhagavā sukhadhammānaṃ upahattā, bahūnaṃ vata no bhagavā akusalānaṃ dhammānaṃ apahattā, bahūnaṃ vata no bhagavā kusalānaṃ dhammānaṃ upahattā”ti. ","html":"{}"},"kv16.3:3.6":{"pli":"Attheva suttantoti? ","html":"{}"},"kv16.3:3.7":{"pli":"Āmantā. ","html":"{}"},"kv16.3:3.8":{"pli":"Tena hi paro parassa sukhaṃ anuppadetīti. ","html":"{}</p>"},"kv16.3:3.9":{"pli":"Sukhānuppadānakathā niṭṭhitā. ","html":"<p class='endsutta'>{}</p></article>"}},"kv16.4":{"kv16.4:0.1":{"pli":"Kathāvatthu ","html":"<article id='kv16.4'><header><ul><li class='division'>{}</li>"},"kv16.4:0.2":{"pli":"Mahāpaṇṇāsaka ","html":"<li>{}</li>"},"kv16.4:0.3":{"pli":"Soḷasamavagga ","html":"<li>{}</li></ul>"},"kv16.4:0.4":{"pli":"Adhigayhamanasikārakathā ","html":"<h1 class='sutta-title'>{}</h1></header>"},"kv16.4:1.1":{"pli":"Adhigayha manasi karotīti? ","html":"<p data-doxy='orthodox'>{}"},"kv16.4:1.2":{"pli":"Āmantā. ","html":"{}"},"kv16.4:1.3":{"pli":"Tena cittena taṃ cittaṃ pajānātīti? ","html":"{}"},"kv16.4:1.4":{"pli":"Na hevaṃ vattabbe …pe… ","html":"{}"},"kv16.4:1.5":{"pli":"tena cittena taṃ cittaṃ pajānātīti? ","html":"{}"},"kv16.4:1.6":{"pli":"Āmantā. ","html":"{}"},"kv16.4:1.7":{"pli":"Tena cittena taṃ cittaṃ “cittan”ti pajānātīti? ","html":"{}"},"kv16.4:1.8":{"pli":"Na hevaṃ vattabbe …pe… ","html":"{}"},"kv16.4:1.9":{"pli":"tena cittena taṃ cittaṃ “cittan”ti pajānātīti? ","html":"{}"},"kv16.4:1.10":{"pli":"Āmantā. ","html":"{}"},"kv16.4:1.11":{"pli":"Taṃ cittaṃ tassa cittassa ārammaṇanti? ","html":"{}"},"kv16.4:1.12":{"pli":"Na hevaṃ vattabbe …pe…. ","html":"{}</p>"},"kv16.4:2.1":{"pli":"Taṃ cittaṃ tassa cittassa ārammaṇanti? ","html":"<p data-doxy='orthodox'>{}"},"kv16.4:2.2":{"pli":"Āmantā. ","html":"{}"},"kv16.4:2.3":{"pli":"Tena phassena taṃ phassaṃ phusati, tāya vedanāya …pe… ","html":"{}"},"kv16.4:2.4":{"pli":"tāya saññāya … ","html":"{}"},"kv16.4:2.5":{"pli":"tāya cetanāya … ","html":"{}"},"kv16.4:2.6":{"pli":"tena cittena … ","html":"{}"},"kv16.4:2.7":{"pli":"tena vitakkena … ","html":"{}"},"kv16.4:2.8":{"pli":"tena vicārena … ","html":"{}"},"kv16.4:2.9":{"pli":"tāya pītiyā … ","html":"{}"},"kv16.4:2.10":{"pli":"tāya satiyā … ","html":"{}"},"kv16.4:2.11":{"pli":"tāya paññāya taṃ paññaṃ pajānātīti? ","html":"{}"},"kv16.4:2.12":{"pli":"Na hevaṃ vattabbe …pe…. ","html":"{}</p>"},"kv16.4:3.1":{"pli":"Atītaṃ “atītan”ti manasikaronto, anāgataṃ “anāgatan”ti manasi karotīti? ","html":"<p data-doxy='orthodox'>{}"},"kv16.4:3.2":{"pli":"Na hevaṃ vattabbe …pe… ","html":"{}"},"kv16.4:3.3":{"pli":"atītaṃ “atītan”ti manasikaronto, anāgataṃ “anāgatan”ti manasi karotīti? ","html":"{}"},"kv16.4:3.4":{"pli":"Āmantā. ","html":"{}"},"kv16.4:3.5":{"pli":"Dvinnaṃ phassānaṃ …pe… ","html":"{}"},"kv16.4:3.6":{"pli":"dvinnaṃ cittānaṃ samodhānaṃ hotīti? ","html":"{}"},"kv16.4:3.7":{"pli":"Na hevaṃ vattabbe …pe…. ","html":"{}</p>"},"kv16.4:4.1":{"pli":"Atītaṃ “atītan”ti manasikaronto, paccuppannaṃ “paccuppannan”ti manasi karotīti? ","html":"<p data-doxy='orthodox'>{}"},"kv16.4:4.2":{"pli":"Na hevaṃ vattabbe …pe… ","html":"{}"},"kv16.4:4.3":{"pli":"atītaṃ “atītan”ti manasikaronto, paccuppannaṃ “paccuppannan”ti manasi karotīti? ","html":"{}"},"kv16.4:4.4":{"pli":"Āmantā. ","html":"{}"},"kv16.4:4.5":{"pli":"Dvinnaṃ phassānaṃ …pe… ","html":"{}"},"kv16.4:4.6":{"pli":"dvinnaṃ cittānaṃ samodhānaṃ hotīti? ","html":"{}"},"kv16.4:4.7":{"pli":"Na hevaṃ vattabbe …pe…. ","html":"{}</p>"},"kv16.4:5.1":{"pli":"Atītaṃ “atītan”ti manasikaronto, anāgataṃ “anāgatan”ti manasi karoti, paccuppannaṃ “paccuppannan”ti manasi karotīti? ","html":"<p data-doxy='orthodox'>{}"},"kv16.4:5.2":{"pli":"Na hevaṃ vattabbe …pe… ","html":"{}"},"kv16.4:5.3":{"pli":"atītaṃ “atītan”ti manasikaronto, anāgataṃ “anāgatan”ti manasi karoti, paccuppannaṃ “paccuppannan”ti manasi karotīti? ","html":"{}"},"kv16.4:5.4":{"pli":"Āmantā. ","html":"{}"},"kv16.4:5.5":{"pli":"Tiṇṇaṃ phassānaṃ …pe… ","html":"{}"},"kv16.4:5.6":{"pli":"tiṇṇaṃ cittānaṃ samodhānaṃ hotīti? ","html":"{}"},"kv16.4:5.7":{"pli":"Na hevaṃ vattabbe …pe…. ","html":"{}</p>"},"kv16.4:6.1":{"pli":"Anāgataṃ “anāgatan”ti manasikaronto, atītaṃ “atītan”ti manasi karotīti? ","html":"<p data-doxy='orthodox'>{}"},"kv16.4:6.2":{"pli":"Na hevaṃ vattabbe …pe… ","html":"{}"},"kv16.4:6.3":{"pli":"anāgataṃ “anāgatan”ti manasikaronto, atītaṃ “atītan”ti manasi karotīti? ","html":"{}"},"kv16.4:6.4":{"pli":"Āmantā. ","html":"{}"},"kv16.4:6.5":{"pli":"Dvinnaṃ phassānaṃ …pe… ","html":"{}"},"kv16.4:6.6":{"pli":"dvinnaṃ cittānaṃ samodhānaṃ hotīti? ","html":"{}"},"kv16.4:6.7":{"pli":"Na hevaṃ vattabbe …pe…. ","html":"{}</p>"},"kv16.4:7.1":{"pli":"Anāgataṃ “anāgatan”ti manasikaronto, paccuppannaṃ “paccuppannan”ti manasi karotīti? ","html":"<p data-doxy='orthodox'>{}"},"kv16.4:7.2":{"pli":"Na hevaṃ vattabbe …pe… ","html":"{}"},"kv16.4:7.3":{"pli":"anāgataṃ “anāgatan”ti manasikaronto, paccuppannaṃ “paccuppannan”ti manasi karotīti? ","html":"{}"},"kv16.4:7.4":{"pli":"Āmantā. ","html":"{}"},"kv16.4:7.5":{"pli":"Dvinnaṃ phassānaṃ …pe… ","html":"{}"},"kv16.4:7.6":{"pli":"dvinnaṃ cittānaṃ samodhānaṃ hotīti? ","html":"{}"},"kv16.4:7.7":{"pli":"Na hevaṃ vattabbe …pe…. ","html":"{}</p>"},"kv16.4:8.1":{"pli":"Anāgataṃ “anāgatan”ti manasikaronto, atītaṃ “atītan”ti manasi karoti, paccuppannaṃ “paccuppannan”ti manasi karotīti? ","html":"<p data-doxy='orthodox'>{}"},"kv16.4:8.2":{"pli":"Na hevaṃ vattabbe …pe… ","html":"{}"},"kv16.4:8.3":{"pli":"anāgataṃ “anāgatan”ti manasikaronto, atītaṃ “atītan”ti manasi karoti, paccuppannaṃ “paccuppannan”ti manasi karotīti? ","html":"{}"},"kv16.4:8.4":{"pli":"Āmantā. ","html":"{}"},"kv16.4:8.5":{"pli":"Tiṇṇaṃ phassānaṃ …pe… ","html":"{}"},"kv16.4:8.6":{"pli":"tiṇṇaṃ cittānaṃ samodhānaṃ hotīti? ","html":"{}"},"kv16.4:8.7":{"pli":"Na hevaṃ vattabbe …pe…. ","html":"{}</p>"},"kv16.4:9.1":{"pli":"Paccuppannaṃ “paccuppannan”ti manasikaronto, atītaṃ “atītan”ti manasi karotīti? ","html":"<p data-doxy='orthodox'>{}"},"kv16.4:9.2":{"pli":"Na hevaṃ vattabbe …pe… ","html":"{}"},"kv16.4:9.3":{"pli":"paccuppannaṃ “paccuppannan”ti manasikaronto, atītaṃ “atītan”ti manasi karotīti? ","html":"{}"},"kv16.4:9.4":{"pli":"Āmantā. ","html":"{}"},"kv16.4:9.5":{"pli":"Dvinnaṃ phassānaṃ …pe… ","html":"{}"},"kv16.4:9.6":{"pli":"dvinnaṃ cittānaṃ samodhānaṃ hotīti? ","html":"{}"},"kv16.4:9.7":{"pli":"Na hevaṃ vattabbe …pe…. ","html":"{}</p>"},"kv16.4:10.1":{"pli":"Paccuppannaṃ “paccuppannan”ti manasikaronto, anāgataṃ “anāgatan”ti manasi karotīti? ","html":"<p data-doxy='orthodox'>{}"},"kv16.4:10.2":{"pli":"Na hevaṃ vattabbe …pe… ","html":"{}"},"kv16.4:10.3":{"pli":"paccuppannaṃ “paccuppannan”ti manasikaronto, anāgataṃ “anāgatan”ti manasi karotīti? ","html":"{}"},"kv16.4:10.4":{"pli":"Āmantā. ","html":"{}"},"kv16.4:10.5":{"pli":"Dvinnaṃ phassānaṃ …pe… ","html":"{}"},"kv16.4:10.6":{"pli":"dvinnaṃ cittānaṃ samodhānaṃ hotīti? ","html":"{}"},"kv16.4:10.7":{"pli":"Na hevaṃ vattabbe …pe…. ","html":"{}</p>"},"kv16.4:11.1":{"pli":"Paccuppannaṃ “paccuppannan”ti manasikaronto, atītaṃ “atītan”ti manasi karoti, anāgataṃ “anāgatan”ti manasi karotīti? ","html":"<p data-doxy='orthodox'>{}"},"kv16.4:11.2":{"pli":"Na hevaṃ vattabbe …pe… ","html":"{}"},"kv16.4:11.3":{"pli":"paccuppannaṃ “paccuppannan”ti manasikaronto, atītaṃ “atītan”ti manasi karoti, anāgataṃ “anāgatan”ti manasi karotīti? ","html":"{}"},"kv16.4:11.4":{"pli":"Āmantā. ","html":"{}"},"kv16.4:11.5":{"pli":"Tiṇṇaṃ phassānaṃ …pe… ","html":"{}"},"kv16.4:11.6":{"pli":"tiṇṇaṃ cittānaṃ samodhānaṃ hotīti? ","html":"{}"},"kv16.4:11.7":{"pli":"Na hevaṃ vattabbe …pe…. ","html":"{}</p>"},"kv16.4:12.1":{"pli":"Na vattabbaṃ—","html":"<p data-doxy='heterodox'>{}"},"kv16.4:12.2":{"pli":"“adhigayha manasi karotī”ti? ","html":"{}"},"kv16.4:12.3":{"pli":"Āmantā. ","html":"{}"},"kv16.4:12.4":{"pli":"Nanu vuttaṃ bhagavatā—","html":"{}</p>"},"kv16.4:13.1":{"pli":"“Sabbe saṅkhārā aniccāti, ","html":"<blockquote class='gatha'><p><span class='verse-line'>{}</span>"},"kv16.4:13.2":{"pli":"yadā paññāya passati; ","html":"<span class='verse-line'>{}</span>"},"kv16.4:13.3":{"pli":"Atha nibbindati dukkhe, ","html":"<span class='verse-line'>{}</span>"},"kv16.4:13.4":{"pli":"esa maggo visuddhiyā. ","html":"<span class='verse-line'>{}</span></p>"},"kv16.4:14.1":{"pli":"Sabbe saṅkhārā dukkhāti, ","html":"<p><span class='verse-line'>{}</span>"},"kv16.4:14.2":{"pli":"yadā paññāya passati; ","html":"<span class='verse-line'>{}</span>"},"kv16.4:14.3":{"pli":"Atha nibbindati dukkhe, ","html":"<span class='verse-line'>{}</span>"},"kv16.4:14.4":{"pli":"esa maggo visuddhiyā. ","html":"<span class='verse-line'>{}</span></p>"},"kv16.4:15.1":{"pli":"Sabbe dhammā anattāti, ","html":"<p><span class='verse-line'>{}</span>"},"kv16.4:15.2":{"pli":"yadā paññāya passati; ","html":"<span class='verse-line'>{}</span>"},"kv16.4:15.3":{"pli":"Atha nibbindati dukkhe, ","html":"<span class='verse-line'>{}</span>"},"kv16.4:15.4":{"pli":"esa maggo visuddhiyā”ti. ","html":"<span class='verse-line'>{}</span></p></blockquote>"},"kv16.4:16.1":{"pli":"Attheva suttantoti? ","html":"<p>{}"},"kv16.4:16.2":{"pli":"Āmantā. ","html":"{}"},"kv16.4:16.3":{"pli":"Tena hi adhigayha manasi karotīti. ","html":"{}</p>"},"kv16.4:16.4":{"pli":"Adhigayhamanasikārakathā niṭṭhitā. ","html":"<p class='endsutta'>{}</p></article>"}},"kv16.5":{"kv16.5:0.1":{"pli":"Kathāvatthu ","html":"<article id='kv16.5'><header><ul><li class='division'>{}</li>"},"kv16.5:0.2":{"pli":"Mahāpaṇṇāsaka ","html":"<li>{}</li>"},"kv16.5:0.3":{"pli":"Soḷasamavagga ","html":"<li>{}</li></ul>"},"kv16.5:0.4":{"pli":"Rūpaṃhetūtikathā ","html":"<h1 class='sutta-title'>{}</h1></header>"},"kv16.5:1.1":{"pli":"Rūpaṃ hetūti? ","html":"<p data-doxy='orthodox'>{}"},"kv16.5:1.2":{"pli":"Āmantā. ","html":"{}"},"kv16.5:1.3":{"pli":"Alobho hetūti? ","html":"{}"},"kv16.5:1.4":{"pli":"Na hevaṃ vattabbe …pe… ","html":"{}"},"kv16.5:1.5":{"pli":"adoso hetu …pe… ","html":"{}"},"kv16.5:1.6":{"pli":"amoho hetu … ","html":"{}"},"kv16.5:1.7":{"pli":"lobho hetu … ","html":"{}"},"kv16.5:1.8":{"pli":"doso hetu … ","html":"{}"},"kv16.5:1.9":{"pli":"moho hetūti? ","html":"{}"},"kv16.5:1.10":{"pli":"Na hevaṃ vattabbe …pe…. ","html":"{}</p>"},"kv16.5:2.1":{"pli":"Rūpaṃ hetūti? ","html":"<p data-doxy='orthodox'>{}"},"kv16.5:2.2":{"pli":"Āmantā. ","html":"{}"},"kv16.5:2.3":{"pli":"Sārammaṇaṃ, atthi tassa āvaṭṭanā …pe… paṇidhīti? ","html":"{}"},"kv16.5:2.4":{"pli":"Na hevaṃ vattabbe …pe… ","html":"{}"},"kv16.5:2.5":{"pli":"nanu anārammaṇaṃ, natthi tassa āvaṭṭanā …pe… paṇidhīti? ","html":"{}"},"kv16.5:2.6":{"pli":"Āmantā. ","html":"{}"},"kv16.5:2.7":{"pli":"Hañci anārammaṇaṃ, natthi tassa āvaṭṭanā …pe… paṇidhi, no ca vata re vattabbe—","html":"{}"},"kv16.5:2.8":{"pli":"“rūpaṃ hetū”ti. ","html":"{}</p>"},"kv16.5:3.1":{"pli":"Alobho hetu sārammaṇo, atthi tassa āvaṭṭanā …pe… paṇidhīti? ","html":"<p data-doxy='orthodox'>{}"},"kv16.5:3.2":{"pli":"Āmantā. ","html":"{}"},"kv16.5:3.3":{"pli":"Rūpaṃ hetu sārammaṇaṃ, atthi tassa āvaṭṭanā …pe… paṇidhīti? ","html":"{}"},"kv16.5:3.4":{"pli":"Na hevaṃ vattabbe …pe… ","html":"{}"},"kv16.5:3.5":{"pli":"adoso hetu … ","html":"{}"},"kv16.5:3.6":{"pli":"amoho hetu … ","html":"{}"},"kv16.5:3.7":{"pli":"lobho hetu … ","html":"{}"},"kv16.5:3.8":{"pli":"doso hetu … ","html":"{}"},"kv16.5:3.9":{"pli":"moho hetu sārammaṇo, atthi tassa āvaṭṭanā …pe… paṇidhīti? ","html":"{}"},"kv16.5:3.10":{"pli":"Āmantā. ","html":"{}"},"kv16.5:3.11":{"pli":"Rūpaṃ hetu sārammaṇaṃ, atthi tassa āvaṭṭanā …pe… paṇidhīti? ","html":"{}"},"kv16.5:3.12":{"pli":"Na hevaṃ vattabbe …pe…. ","html":"{}</p>"},"kv16.5:4.1":{"pli":"Rūpaṃ hetu anārammaṇaṃ, natthi tassa āvaṭṭanā …pe… paṇidhīti? ","html":"<p data-doxy='orthodox'>{}"},"kv16.5:4.2":{"pli":"Āmantā. ","html":"{}"},"kv16.5:4.3":{"pli":"Alobho hetu anārammaṇo, natthi tassa āvaṭṭanā …pe… paṇidhīti? ","html":"{}"},"kv16.5:4.4":{"pli":"Na hevaṃ vattabbe …pe… ","html":"{}"},"kv16.5:4.5":{"pli":"rūpaṃ hetu anārammaṇaṃ, natthi tassa āvaṭṭanā …pe… paṇidhīti? ","html":"{}"},"kv16.5:4.6":{"pli":"Āmantā. ","html":"{}"},"kv16.5:4.7":{"pli":"Adoso hetu … ","html":"{}"},"kv16.5:4.8":{"pli":"amoho hetu … ","html":"{}"},"kv16.5:4.9":{"pli":"lobho hetu … ","html":"{}"},"kv16.5:4.10":{"pli":"doso hetu … ","html":"{}"},"kv16.5:4.11":{"pli":"moho hetu anārammaṇo, natthi tassa āvaṭṭanā …pe… paṇidhīti? ","html":"{}"},"kv16.5:4.12":{"pli":"Na hevaṃ vattabbe …pe…. ","html":"{}</p>"},"kv16.5:5.1":{"pli":"Na vattabbaṃ—","html":"<p data-doxy='heterodox'>{}"},"kv16.5:5.2":{"pli":"“rūpaṃ hetū”ti? ","html":"{}"},"kv16.5:5.3":{"pli":"Āmantā. ","html":"{}"},"kv16.5:5.4":{"pli":"Nanu mahābhūtā upādāyarūpānaṃ upādāyahetūti? ","html":"{}"},"kv16.5:5.5":{"pli":"Āmantā. ","html":"{}"},"kv16.5:5.6":{"pli":"Hañci mahābhūtā upādāyarūpānaṃ upādāyahetu, tena vata re vattabbe—","html":"{}"},"kv16.5:5.7":{"pli":"“rūpaṃ hetū”ti. ","html":"{}</p>"},"kv16.5:5.8":{"pli":"Rūpaṃ hetūtikathā niṭṭhitā. ","html":"<p class='endsutta'>{}</p></article>"}},"kv16.6":{"kv16.6:0.1":{"pli":"Kathāvatthu ","html":"<article id='kv16.6'><header><ul><li class='division'>{}</li>"},"kv16.6:0.2":{"pli":"Mahāpaṇṇāsaka ","html":"<li>{}</li>"},"kv16.6:0.3":{"pli":"Soḷasamavagga ","html":"<li>{}</li></ul>"},"kv16.6:0.4":{"pli":"Rūpaṃsahetukantikathā ","html":"<h1 class='sutta-title'>{}</h1></header>"},"kv16.6:1.1":{"pli":"Rūpaṃ sahetukanti? ","html":"<p data-doxy='orthodox'>{}"},"kv16.6:1.2":{"pli":"Āmantā. ","html":"{}"},"kv16.6:1.3":{"pli":"Alobhahetunāti? ","html":"{}"},"kv16.6:1.4":{"pli":"Na hevaṃ vattabbe …pe… ","html":"{}"},"kv16.6:1.5":{"pli":"adosahetunāti …pe… ","html":"{}"},"kv16.6:1.6":{"pli":"amohahetunāti …pe… ","html":"{}"},"kv16.6:1.7":{"pli":"lobhahetunā …pe… ","html":"{}"},"kv16.6:1.8":{"pli":"dosahetunā …pe… ","html":"{}"},"kv16.6:1.9":{"pli":"mohahetunāti? ","html":"{}"},"kv16.6:1.10":{"pli":"Na hevaṃ vattabbe …pe…. ","html":"{}</p>"},"kv16.6:2.1":{"pli":"Rūpaṃ sahetukanti? ","html":"<p data-doxy='orthodox'>{}"},"kv16.6:2.2":{"pli":"Āmantā. ","html":"{}"},"kv16.6:2.3":{"pli":"Sārammaṇaṃ, atthi tassa āvaṭṭanā …pe… paṇidhīti? ","html":"{}"},"kv16.6:2.4":{"pli":"Na hevaṃ vattabbe …pe… ","html":"{}"},"kv16.6:2.5":{"pli":"nanu anārammaṇaṃ, natthi tassa āvaṭṭanā …pe… paṇidhīti? ","html":"{}"},"kv16.6:2.6":{"pli":"Āmantā. ","html":"{}"},"kv16.6:2.7":{"pli":"Hañci anārammaṇaṃ, natthi tassa āvaṭṭanā …pe… paṇidhi, no ca vata re vattabbe—","html":"{}"},"kv16.6:2.8":{"pli":"“rūpaṃ sahetukan”ti. ","html":"{}</p>"},"kv16.6:3.1":{"pli":"Alobho sahetuko sārammaṇo, atthi tassa āvaṭṭanā …pe… paṇidhīti? ","html":"<p data-doxy='orthodox'>{}"},"kv16.6:3.2":{"pli":"Āmantā. ","html":"{}"},"kv16.6:3.3":{"pli":"Rūpaṃ sahetukaṃ sārammaṇaṃ, atthi tassa āvaṭṭanā …pe… paṇidhīti? ","html":"{}"},"kv16.6:3.4":{"pli":"Na hevaṃ vattabbe …pe… ","html":"{}"},"kv16.6:3.5":{"pli":"adoso sahetuko …pe… ","html":"{}"},"kv16.6:3.6":{"pli":"amoho … ","html":"{}"},"kv16.6:3.7":{"pli":"saddhā … ","html":"{}"},"kv16.6:3.8":{"pli":"vīriyaṃ … ","html":"{}"},"kv16.6:3.9":{"pli":"sati … ","html":"{}"},"kv16.6:3.10":{"pli":"samādhi … ","html":"{}"},"kv16.6:3.11":{"pli":"paññā … ","html":"{}"},"kv16.6:3.12":{"pli":"lobho … ","html":"{}"},"kv16.6:3.13":{"pli":"doso … ","html":"{}"},"kv16.6:3.14":{"pli":"moho … ","html":"{}"},"kv16.6:3.15":{"pli":"māno … ","html":"{}"},"kv16.6:3.16":{"pli":"diṭṭhi … ","html":"{}"},"kv16.6:3.17":{"pli":"vicikicchā … ","html":"{}"},"kv16.6:3.18":{"pli":"thinaṃ … ","html":"{}"},"kv16.6:3.19":{"pli":"uddhaccaṃ … ","html":"{}"},"kv16.6:3.20":{"pli":"ahirikaṃ … ","html":"{}"},"kv16.6:3.21":{"pli":"anottappaṃ sahetukaṃ sārammaṇaṃ, atthi tassa āvaṭṭanā …pe… paṇidhīti? ","html":"{}"},"kv16.6:3.22":{"pli":"Āmantā. ","html":"{}"},"kv16.6:3.23":{"pli":"Rūpaṃ sahetukaṃ sārammaṇaṃ, atthi tassa āvaṭṭanā …pe… paṇidhīti? ","html":"{}"},"kv16.6:3.24":{"pli":"Na hevaṃ vattabbe …pe…. ","html":"{}</p>"},"kv16.6:4.1":{"pli":"Rūpaṃ sahetukaṃ anārammaṇaṃ, natthi tassa āvaṭṭanā …pe… paṇidhīti? ","html":"<p data-doxy='orthodox'>{}"},"kv16.6:4.2":{"pli":"Āmantā. ","html":"{}"},"kv16.6:4.3":{"pli":"Alobho sahetuko anārammaṇo, natthi tassa āvaṭṭanā …pe… paṇidhīti? ","html":"{}"},"kv16.6:4.4":{"pli":"Na hevaṃ vattabbe …pe… ","html":"{}"},"kv16.6:4.5":{"pli":"rūpaṃ sahetukaṃ anārammaṇaṃ, natthi tassa āvaṭṭanā …pe… paṇidhīti? ","html":"{}"},"kv16.6:4.6":{"pli":"Āmantā. ","html":"{}"},"kv16.6:4.7":{"pli":"Adoso sahetuko …pe… ","html":"{}"},"kv16.6:4.8":{"pli":"anottappaṃ sahetukaṃ anārammaṇaṃ, natthi tassa āvaṭṭanā …pe… paṇidhīti? ","html":"{}"},"kv16.6:4.9":{"pli":"Na hevaṃ vattabbe …pe…. ","html":"{}</p>"},"kv16.6:5.1":{"pli":"Na vattabbaṃ—","html":"<p data-doxy='heterodox'>{}"},"kv16.6:5.2":{"pli":"“rūpaṃ sahetukan”ti? ","html":"{}"},"kv16.6:5.3":{"pli":"Āmantā. ","html":"{}"},"kv16.6:5.4":{"pli":"Nanu rūpaṃ sappaccayanti? ","html":"{}"},"kv16.6:5.5":{"pli":"Āmantā. ","html":"{}"},"kv16.6:5.6":{"pli":"Hañci rūpaṃ sappaccayaṃ, tena vata re vattabbe—","html":"{}"},"kv16.6:5.7":{"pli":"“rūpaṃ sahetukan”ti. ","html":"{}</p>"},"kv16.6:5.8":{"pli":"Rūpaṃ sahetukantikathā niṭṭhitā. ","html":"<p class='endsutta'>{}</p></article>"}},"kv16.7":{"kv16.7:0.1":{"pli":"Kathāvatthu ","html":"<article id='kv16.7'><header><ul><li class='division'>{}</li>"},"kv16.7:0.2":{"pli":"Mahāpaṇṇāsaka ","html":"<li>{}</li>"},"kv16.7:0.3":{"pli":"Soḷasamavagga ","html":"<li>{}</li></ul>"},"kv16.7:0.4":{"pli":"Rūpaṅkusalākusalantikathā ","html":"<h1 class='sutta-title'>{}</h1></header>"},"kv16.7:1.1":{"pli":"Rūpaṃ kusalanti? ","html":"<p data-doxy='orthodox'>{}"},"kv16.7:1.2":{"pli":"Āmantā. ","html":"{}"},"kv16.7:1.3":{"pli":"Sārammaṇaṃ, atthi tassa āvaṭṭanā …pe… paṇidhīti? ","html":"{}"},"kv16.7:1.4":{"pli":"Na hevaṃ vattabbe …pe… ","html":"{}"},"kv16.7:1.5":{"pli":"nanu anārammaṇaṃ, natthi tassa āvaṭṭanā …pe… paṇidhīti? ","html":"{}"},"kv16.7:1.6":{"pli":"Āmantā. ","html":"{}"},"kv16.7:1.7":{"pli":"Hañci anārammaṇaṃ, natthi tassa āvaṭṭanā …pe… paṇidhi, no ca vata re vattabbe—","html":"{}"},"kv16.7:1.8":{"pli":"“rūpaṃ kusalan”ti. ","html":"{}</p>"},"kv16.7:2.1":{"pli":"Alobho kusalo sārammaṇo, atthi tassa āvaṭṭanā …pe… paṇidhīti? ","html":"<p data-doxy='orthodox'>{}"},"kv16.7:2.2":{"pli":"Āmantā. ","html":"{}"},"kv16.7:2.3":{"pli":"Rūpaṃ kusalaṃ sārammaṇaṃ, atthi tassa āvaṭṭanā …pe… paṇidhīti? ","html":"{}"},"kv16.7:2.4":{"pli":"Na hevaṃ vattabbe …pe…. ","html":"{}</p>"},"kv16.7:3.1":{"pli":"Adoso kusalo …pe… ","html":"<p data-doxy='orthodox'>{}"},"kv16.7:3.2":{"pli":"amoho kusalo …pe… ","html":"{}"},"kv16.7:3.3":{"pli":"saddhā … ","html":"{}"},"kv16.7:3.4":{"pli":"vīriyaṃ … ","html":"{}"},"kv16.7:3.5":{"pli":"sati … ","html":"{}"},"kv16.7:3.6":{"pli":"samādhi …pe… ","html":"{}"},"kv16.7:3.7":{"pli":"paññā kusalā sārammaṇā, atthi tāya āvaṭṭanā …pe… paṇidhīti? ","html":"{}"},"kv16.7:3.8":{"pli":"Āmantā. ","html":"{}"},"kv16.7:3.9":{"pli":"Rūpaṃ kusalaṃ sārammaṇaṃ, atthi tassa āvaṭṭanā …pe… paṇidhīti? ","html":"{}"},"kv16.7:3.10":{"pli":"Na hevaṃ vattabbe …pe…. ","html":"{}</p>"},"kv16.7:4.1":{"pli":"Rūpaṃ kusalaṃ anārammaṇaṃ, natthi tassa āvaṭṭanā …pe… paṇidhīti? ","html":"<p data-doxy='orthodox'>{}"},"kv16.7:4.2":{"pli":"Āmantā. ","html":"{}"},"kv16.7:4.3":{"pli":"Alobho kusalo anārammaṇo, natthi tassa āvaṭṭanā …pe… paṇidhīti? ","html":"{}"},"kv16.7:4.4":{"pli":"Na hevaṃ vattabbe …pe…. ","html":"{}</p>"},"kv16.7:5.1":{"pli":"Rūpaṃ kusalaṃ anārammaṇaṃ, natthi tassa āvaṭṭanā …pe… paṇidhīti? ","html":"<p data-doxy='orthodox'>{}"},"kv16.7:5.2":{"pli":"Āmantā. ","html":"{}"},"kv16.7:5.3":{"pli":"Adoso kusalo …pe… ","html":"{}"},"kv16.7:5.4":{"pli":"paññā kusalā anārammaṇā, natthi tāya āvaṭṭanā …pe… paṇidhīti? ","html":"{}"},"kv16.7:5.5":{"pli":"Na hevaṃ vattabbe …pe…. ","html":"{}</p>"},"kv16.7:6.1":{"pli":"Rūpaṃ akusalanti? ","html":"<p data-doxy='orthodox'>{}"},"kv16.7:6.2":{"pli":"Āmantā. ","html":"{}"},"kv16.7:6.3":{"pli":"Sārammaṇaṃ, atthi tassa āvaṭṭanā …pe… paṇidhīti? ","html":"{}"},"kv16.7:6.4":{"pli":"Na hevaṃ vattabbe …pe… ","html":"{}"},"kv16.7:6.5":{"pli":"nanu anārammaṇaṃ, natthi tassa āvaṭṭanā …pe… paṇidhīti? ","html":"{}"},"kv16.7:6.6":{"pli":"Āmantā. ","html":"{}"},"kv16.7:6.7":{"pli":"Hañci anārammaṇaṃ, natthi tassa āvaṭṭanā …pe… paṇidhi, no ca vata re vattabbe—","html":"{}"},"kv16.7:6.8":{"pli":"“rūpaṃ akusalan”ti …pe…. ","html":"{}</p>"},"kv16.7:7.1":{"pli":"Lobho akusalo sārammaṇo, atthi tassa āvaṭṭanā …pe… paṇidhīti? ","html":"<p data-doxy='orthodox'>{}"},"kv16.7:7.2":{"pli":"Āmantā. ","html":"{}"},"kv16.7:7.3":{"pli":"Rūpaṃ akusalaṃ sārammaṇaṃ, atthi tassa āvaṭṭanā …pe… paṇidhīti? ","html":"{}"},"kv16.7:7.4":{"pli":"Na hevaṃ vattabbe …pe… ","html":"{}"},"kv16.7:7.5":{"pli":"doso … ","html":"{}"},"kv16.7:7.6":{"pli":"moho … ","html":"{}"},"kv16.7:7.7":{"pli":"māno …pe… ","html":"{}"},"kv16.7:7.8":{"pli":"anottappaṃ akusalaṃ sārammaṇaṃ, atthi tassa āvaṭṭanā …pe… paṇidhīti? ","html":"{}"},"kv16.7:7.9":{"pli":"Āmantā. ","html":"{}"},"kv16.7:7.10":{"pli":"Rūpaṃ akusalaṃ sārammaṇaṃ, atthi tassa āvaṭṭanā …pe… paṇidhīti? ","html":"{}"},"kv16.7:7.11":{"pli":"Na hevaṃ vattabbe …pe…. ","html":"{}</p>"},"kv16.7:8.1":{"pli":"Rūpaṃ akusalaṃ anārammaṇaṃ, natthi tassa āvaṭṭanā …pe… paṇidhīti? ","html":"<p data-doxy='orthodox'>{}"},"kv16.7:8.2":{"pli":"Āmantā. ","html":"{}"},"kv16.7:8.3":{"pli":"Lobho akusalo anārammaṇo, natthi tassa āvaṭṭanā …pe… paṇidhīti? ","html":"{}"},"kv16.7:8.4":{"pli":"Na hevaṃ vattabbe …pe… ","html":"{}"},"kv16.7:8.5":{"pli":"rūpaṃ akusalaṃ anārammaṇaṃ, natthi tassa āvaṭṭanā …pe… paṇidhīti? ","html":"{}"},"kv16.7:8.6":{"pli":"Āmantā. ","html":"{}"},"kv16.7:8.7":{"pli":"Doso … ","html":"{}"},"kv16.7:8.8":{"pli":"moho …pe… ","html":"{}"},"kv16.7:8.9":{"pli":"anottappaṃ akusalaṃ anārammaṇaṃ, natthi tassa āvaṭṭanā …pe… paṇidhīti? ","html":"{}"},"kv16.7:8.10":{"pli":"Na hevaṃ vattabbe …pe…. ","html":"{}</p>"},"kv16.7:9.1":{"pli":"Na vattabbaṃ—","html":"<p data-doxy='heterodox'>{}"},"kv16.7:9.2":{"pli":"“rūpaṃ kusalampi akusalampī”ti? ","html":"{}"},"kv16.7:9.3":{"pli":"Āmantā. ","html":"{}"},"kv16.7:9.4":{"pli":"Nanu kāyakammaṃ vacīkammaṃ kusalampi akusalampīti? ","html":"{}"},"kv16.7:9.5":{"pli":"Āmantā. ","html":"{}"},"kv16.7:9.6":{"pli":"Hañci kāyakammaṃ vacīkammaṃ kusalampi akusalampi, tena vata re vattabbe—","html":"{}"},"kv16.7:9.7":{"pli":"“rūpaṃ kusalampi akusalampī”ti. ","html":"{}</p>"},"kv16.7:9.8":{"pli":"Rūpaṃ kusalākusalantikathā niṭṭhitā. ","html":"<p class='endsutta'>{}</p></article>"}},"kv16.8":{"kv16.8:0.1":{"pli":"Kathāvatthu ","html":"<article id='kv16.8'><header><ul><li class='division'>{}</li>"},"kv16.8:0.2":{"pli":"Mahāpaṇṇāsaka ","html":"<li>{}</li>"},"kv16.8:0.3":{"pli":"Soḷasamavagga ","html":"<li>{}</li></ul>"},"kv16.8:0.4":{"pli":"Rūpaṃvipākotikathā ","html":"<h1 class='sutta-title'>{}</h1></header>"},"kv16.8:1.1":{"pli":"Rūpaṃ vipākoti? ","html":"<p data-doxy='orthodox'>{}"},"kv16.8:1.2":{"pli":"Āmantā. ","html":"{}"},"kv16.8:1.3":{"pli":"Rūpaṃ sukhavedaniyaṃ dukkhavedaniyaṃ adukkhamasukhavedaniyaṃ, sukhāya vedanāya sampayuttaṃ, dukkhāya vedanāya sampayuttaṃ, adukkhamasukhāya vedanāya sampayuttaṃ, phassena sampayuttaṃ …pe… ","html":"{}"},"kv16.8:1.4":{"pli":"cittena sampayuttaṃ, sārammaṇaṃ, atthi tassa āvaṭṭanā …pe… paṇidhīti? ","html":"{}"},"kv16.8:1.5":{"pli":"Na hevaṃ vattabbe …pe… ","html":"{}"},"kv16.8:1.6":{"pli":"nanu na sukhavedaniyaṃ na dukkhavedaniyaṃ …pe… ","html":"{}"},"kv16.8:1.7":{"pli":"anārammaṇaṃ, natthi tassa āvaṭṭanā …pe… paṇidhīti? ","html":"{}"},"kv16.8:1.8":{"pli":"Āmantā. ","html":"{}"},"kv16.8:1.9":{"pli":"Hañci na sukhavedaniyaṃ na dukkhavedaniyaṃ …pe… ","html":"{}"},"kv16.8:1.10":{"pli":"anārammaṇaṃ, natthi tassa āvaṭṭanā …pe… paṇidhi, no ca vata re vattabbe—","html":"{}"},"kv16.8:1.11":{"pli":"“rūpaṃ vipāko”ti. ","html":"{}</p>"},"kv16.8:2.1":{"pli":"Phasso vipāko, phasso sukhavedaniyo dukkhavedaniyo …pe… ","html":"<p data-doxy='orthodox'>{}"},"kv16.8:2.2":{"pli":"sārammaṇo, atthi tassa āvaṭṭanā …pe… paṇidhīti? ","html":"{}"},"kv16.8:2.3":{"pli":"Āmantā. ","html":"{}"},"kv16.8:2.4":{"pli":"Rūpaṃ vipāko, rūpaṃ sukhavedaniyaṃ dukkhavedaniyaṃ …pe… ","html":"{}"},"kv16.8:2.5":{"pli":"sārammaṇaṃ, atthi tassa āvaṭṭanā …pe… paṇidhīti? ","html":"{}"},"kv16.8:2.6":{"pli":"Na hevaṃ vattabbe …pe…. ","html":"{}</p>"},"kv16.8:3.1":{"pli":"Rūpaṃ vipāko, rūpaṃ na sukhavedaniyaṃ na dukkhavedaniyaṃ …pe… ","html":"<p data-doxy='orthodox'>{}"},"kv16.8:3.2":{"pli":"anārammaṇaṃ, natthi tassa āvaṭṭanā …pe… paṇidhīti? ","html":"{}"},"kv16.8:3.3":{"pli":"Āmantā. ","html":"{}"},"kv16.8:3.4":{"pli":"Phasso vipāko, phasso na sukhavedaniyo na dukkhavedaniyo …pe… ","html":"{}"},"kv16.8:3.5":{"pli":"anārammaṇo, natthi tassa āvaṭṭanā …pe… paṇidhīti? ","html":"{}"},"kv16.8:3.6":{"pli":"Na hevaṃ vattabbe …pe…. ","html":"{}</p>"},"kv16.8:4.1":{"pli":"Na vattabbaṃ—","html":"<p data-doxy='heterodox'>{}"},"kv16.8:4.2":{"pli":"“rūpaṃ vipāko”ti? ","html":"{}"},"kv16.8:4.3":{"pli":"Āmantā. ","html":"{}"},"kv16.8:4.4":{"pli":"Nanu kammassa katattā uppannā cittacetasikā dhammā vipākoti? ","html":"{}"},"kv16.8:4.5":{"pli":"Āmantā. ","html":"{}"},"kv16.8:4.6":{"pli":"Hañci kammassa katattā uppannā cittacetasikā dhammā vipāko, tena vata re vattabbe—","html":"{}"},"kv16.8:4.7":{"pli":"“kammassa katattā uppannaṃ rūpaṃ vipāko”ti. ","html":"{}</p>"},"kv16.8:4.8":{"pli":"Rūpaṃ vipākotikathā niṭṭhitā. ","html":"<p class='endsutta'>{}</p></article>"}},"kv16.9":{"kv16.9:0.1":{"pli":"Kathāvatthu ","html":"<article id='kv16.9'><header><ul><li class='division'>{}</li>"},"kv16.9:0.2":{"pli":"Mahāpaṇṇāsaka ","html":"<li>{}</li>"},"kv16.9:0.3":{"pli":"Soḷasamavagga ","html":"<li>{}</li></ul>"},"kv16.9:0.4":{"pli":"Rūpaṃrūpāvacarārūpāvacarantikathā ","html":"<h1 class='sutta-title'>{}</h1></header>"},"kv16.9:1.1":{"pli":"Atthi rūpaṃ rūpāvacaranti? ","html":"<p data-doxy='orthodox'>{}"},"kv16.9:1.2":{"pli":"Āmantā. ","html":"{}"},"kv16.9:1.3":{"pli":"Samāpattesiyaṃ upapattesiyaṃ diṭṭhadhammasukhavihāraṃ, samāpattesiyena cittena upapattesiyena cittena diṭṭhadhammasukhavihārena cittena sahagataṃ sahajātaṃ saṃsaṭṭhaṃ sampayuttaṃ ekuppādaṃ ekanirodhaṃ ekavatthukaṃ ekārammaṇanti? ","html":"{}"},"kv16.9:1.4":{"pli":"Na hevaṃ vattabbe …pe… ","html":"{}"},"kv16.9:1.5":{"pli":"nanu na samāpattesiyaṃ na upapattesiyaṃ na diṭṭhadhammasukhavihāraṃ, na samāpattesiyena cittena na upapattesiyena cittena na diṭṭhadhammasukhavihārena cittena sahagataṃ sahajātaṃ saṃsaṭṭhaṃ sampayuttaṃ ekuppādaṃ ekanirodhaṃ ekavatthukaṃ ekārammaṇanti? ","html":"{}"},"kv16.9:1.6":{"pli":"Āmantā. ","html":"{}"},"kv16.9:1.7":{"pli":"Hañci na samāpattesiyaṃ na upapattesiyaṃ na diṭṭhadhammasukhavihāraṃ, na samāpattesiyena cittena …pe… ","html":"{}"},"kv16.9:1.8":{"pli":"ekārammaṇaṃ, no ca vata re vattabbe—","html":"{}"},"kv16.9:1.9":{"pli":"“atthi rūpaṃ rūpāvacaran”ti. ","html":"{}</p>"},"kv16.9:2.1":{"pli":"Atthi rūpaṃ arūpāvacaranti? ","html":"<p data-doxy='orthodox'>{}"},"kv16.9:2.2":{"pli":"Āmantā. ","html":"{}"},"kv16.9:2.3":{"pli":"Samāpattesiyaṃ upapattesiyaṃ diṭṭhadhammasukhavihāraṃ, samāpattesiyena cittena upapattesiyena cittena diṭṭhadhammasukhavihārena cittena sahagataṃ sahajātaṃ saṃsaṭṭhaṃ sampayuttaṃ ekuppādaṃ ekanirodhaṃ ekavatthukaṃ ekārammaṇanti? ","html":"{}"},"kv16.9:2.4":{"pli":"Na hevaṃ vattabbe …pe… ","html":"{}"},"kv16.9:2.5":{"pli":"nanu na samāpattesiyaṃ na upapattesiyaṃ na diṭṭhadhammasukhavihāraṃ, na samāpattesiyena cittena …pe… ","html":"{}"},"kv16.9:2.6":{"pli":"ekārammaṇanti? ","html":"{}"},"kv16.9:2.7":{"pli":"Āmantā. ","html":"{}"},"kv16.9:2.8":{"pli":"Hañci na samāpattesiyaṃ na upapattesiyaṃ …pe… ","html":"{}"},"kv16.9:2.9":{"pli":"ekavatthukaṃ ekārammaṇaṃ, no ca vata re vattabbe—","html":"{}"},"kv16.9:2.10":{"pli":"“atthi rūpaṃ arūpāvacaran”ti. ","html":"{}</p>"},"kv16.9:3.1":{"pli":"Na vattabbaṃ—","html":"<p data-doxy='heterodox'>{}"},"kv16.9:3.2":{"pli":"“atthi rūpaṃ rūpāvacaraṃ, atthi rūpaṃ arūpāvacaran”ti? ","html":"{}"},"kv16.9:3.3":{"pli":"Āmantā. ","html":"{}"},"kv16.9:3.4":{"pli":"Nanu kāmāvacarakammassa katattā rūpaṃ kāmāvacaranti? ","html":"{}"},"kv16.9:3.5":{"pli":"Āmantā. ","html":"{}"},"kv16.9:3.6":{"pli":"Hañci kāmāvacarakammassa katattā rūpaṃ kāmāvacaraṃ, tena vata re vattabbe—","html":"{}"},"kv16.9:3.7":{"pli":"“rūpāvacarakammassa katattā rūpaṃ rūpāvacaraṃ, arūpāvacarakammassa katattā rūpaṃ arūpāvacaran”ti. ","html":"{}</p>"},"kv16.9:3.8":{"pli":"Rūpaṃ rūpāvacarārūpāvacarantikathā niṭṭhitā. ","html":"<p class='endsutta'>{}</p></article>"}}}