{"kv5.4":{"kv5.4:0.1":{"pli":"Kathāvatthu ","html":"<article id='kv5.4'><header><ul><li class='division'>{}</li>"},"kv5.4:0.2":{"pli":"Mahāpaṇṇāsaka ","html":"<li>{}</li>"},"kv5.4:0.3":{"pli":"Pañcamavagga ","html":"<li>{}</li></ul>"},"kv5.4:0.4":{"pli":"Niyāmakathā ","html":"<h1 class='sutta-title'>{}</h1></header>"},"kv5.4:1.1":{"pli":"Aniyatassa niyāmagamanāya atthi ñāṇanti? ","html":"<p data-doxy='orthodox'>{}"},"kv5.4:1.2":{"pli":"Āmantā. ","html":"{}"},"kv5.4:1.3":{"pli":"Niyatassa aniyāmagamanāya atthi ñāṇanti? ","html":"{}"},"kv5.4:1.4":{"pli":"Na hevaṃ vattabbe …pe…. ","html":"{}</p>"},"kv5.4:2.1":{"pli":"Niyatassa aniyāmagamanāya natthi ñāṇanti? ","html":"<p data-doxy='orthodox'>{}"},"kv5.4:2.2":{"pli":"Āmantā. ","html":"{}"},"kv5.4:2.3":{"pli":"Aniyatassa niyāmagamanāya natthi ñāṇanti? ","html":"{}"},"kv5.4:2.4":{"pli":"Na hevaṃ vattabbe …pe…. ","html":"{}</p>"},"kv5.4:3.1":{"pli":"Aniyatassa niyāmagamanāya atthi ñāṇanti? ","html":"<p data-doxy='orthodox'>{}"},"kv5.4:3.2":{"pli":"Āmantā. ","html":"{}"},"kv5.4:3.3":{"pli":"Niyatassa niyāmagamanāya atthi ñāṇanti? ","html":"{}"},"kv5.4:3.4":{"pli":"Na hevaṃ vattabbe …pe…. ","html":"{}</p>"},"kv5.4:4.1":{"pli":"Niyatassa niyāmagamanāya natthi ñāṇanti? ","html":"<p data-doxy='orthodox'>{}"},"kv5.4:4.2":{"pli":"Āmantā. ","html":"{}"},"kv5.4:4.3":{"pli":"Aniyatassa niyāmagamanāya natthi ñāṇanti? ","html":"{}"},"kv5.4:4.4":{"pli":"Na hevaṃ vattabbe …pe…. ","html":"{}</p>"},"kv5.4:5.1":{"pli":"Aniyatassa niyāmagamanāya atthi ñāṇanti? ","html":"<p data-doxy='orthodox'>{}"},"kv5.4:5.2":{"pli":"Āmantā. ","html":"{}"},"kv5.4:5.3":{"pli":"Aniyatassa aniyāmagamanāya atthi ñāṇanti? ","html":"{}"},"kv5.4:5.4":{"pli":"Na hevaṃ vattabbe …pe…. ","html":"{}</p>"},"kv5.4:6.1":{"pli":"Aniyatassa aniyāmagamanāya natthi ñāṇanti? ","html":"<p data-doxy='orthodox'>{}"},"kv5.4:6.2":{"pli":"Āmantā. ","html":"{}"},"kv5.4:6.3":{"pli":"Aniyatassa niyāmagamanāya natthi ñāṇanti? ","html":"{}"},"kv5.4:6.4":{"pli":"Na hevaṃ vattabbe …pe…. ","html":"{}</p>"},"kv5.4:7.1":{"pli":"Aniyatassa niyāmagamanāya atthi ñāṇanti? ","html":"<p data-doxy='orthodox'>{}"},"kv5.4:7.2":{"pli":"Āmantā. ","html":"{}"},"kv5.4:7.3":{"pli":"Aniyatassa niyāmagamanāya atthi niyāmoti? ","html":"{}"},"kv5.4:7.4":{"pli":"Na hevaṃ vattabbe …pe… ","html":"{}</p>"},"kv5.4:8.1":{"pli":"Aniyatassa niyāmagamanāya atthi ñāṇanti? ","html":"<p data-doxy='orthodox'>{}"},"kv5.4:8.2":{"pli":"Āmantā. ","html":"{}"},"kv5.4:8.3":{"pli":"Aniyatassa niyāmagamanāya atthi satipaṭṭhānā … ","html":"{}"},"kv5.4:8.4":{"pli":"sammappadhānā … ","html":"{}"},"kv5.4:8.5":{"pli":"iddhipādā … ","html":"{}"},"kv5.4:8.6":{"pli":"indriyā … ","html":"{}"},"kv5.4:8.7":{"pli":"balā … ","html":"{}"},"kv5.4:8.8":{"pli":"bojjhaṅgāti? ","html":"{}"},"kv5.4:8.9":{"pli":"Na hevaṃ vattabbe …pe…. ","html":"{}</p>"},"kv5.4:9.1":{"pli":"Aniyatassa niyāmagamanāya natthi niyāmoti? ","html":"<p data-doxy='orthodox'>{}"},"kv5.4:9.2":{"pli":"Āmantā. ","html":"{}"},"kv5.4:9.3":{"pli":"Hañci aniyatassa niyāmagamanāya natthi niyāmo, no vata re vattabbe—","html":"{}"},"kv5.4:9.4":{"pli":"“aniyatassa niyāmagamanāya atthi ñāṇan”ti. ","html":"{}</p>"},"kv5.4:10.1":{"pli":"Aniyatassa niyāmagamanāya natthi satipaṭṭhānā …pe… ","html":"<p data-doxy='orthodox'>{}"},"kv5.4:10.2":{"pli":"bojjhaṅgāti? ","html":"{}"},"kv5.4:10.3":{"pli":"Āmantā. ","html":"{}"},"kv5.4:10.4":{"pli":"Hañci aniyatassa niyāmagamanāya natthi bojjhaṅgā, no vata re vattabbe—","html":"{}"},"kv5.4:10.5":{"pli":"“aniyatassa niyāmagamanāya atthi ñāṇan”ti. ","html":"{}</p>"},"kv5.4:11.1":{"pli":"Aniyatassa niyāmagamanāya atthi ñāṇanti? ","html":"<p data-doxy='orthodox'>{}"},"kv5.4:11.2":{"pli":"Āmantā. ","html":"{}"},"kv5.4:11.3":{"pli":"Gotrabhuno puggalassa sotāpattimagge ñāṇaṃ atthīti? ","html":"{}"},"kv5.4:11.4":{"pli":"Na hevaṃ vattabbe …pe… ","html":"{}"},"kv5.4:11.5":{"pli":"sotāpattiphalasacchikiriyāya paṭipannassa puggalassa sotāpattiphale ñāṇaṃ atthīti? ","html":"{}"},"kv5.4:11.6":{"pli":"Na hevaṃ vattabbe …pe… ","html":"{}"},"kv5.4:11.7":{"pli":"arahattasacchikiriyāya paṭipannassa puggalassa arahatte ñāṇaṃ atthīti? ","html":"{}"},"kv5.4:11.8":{"pli":"Na hevaṃ vattabbe …pe…. ","html":"{}</p>"},"kv5.4:12.1":{"pli":"Na vattabbaṃ—","html":"<p data-doxy='heterodox'>{}"},"kv5.4:12.2":{"pli":"“aniyatassa niyāmagamanāya atthi ñāṇan”ti? ","html":"{}"},"kv5.4:12.3":{"pli":"Āmantā. ","html":"{}"},"kv5.4:12.4":{"pli":"Nanu bhagavā jānāti—","html":"{}"},"kv5.4:12.5":{"pli":"“ayaṃ puggalo sammattaniyāmaṃ okkamissati, bhabbo ayaṃ puggalo dhammaṃ abhisametun”ti? ","html":"{}"},"kv5.4:12.6":{"pli":"Āmantā. ","html":"{}"},"kv5.4:12.7":{"pli":"Hañci bhagavā jānāti—","html":"{}"},"kv5.4:12.8":{"pli":"“ayaṃ puggalo sammattaniyāmaṃ okkamissati, bhabbo ayaṃ puggalo dhammaṃ abhisametuṃ”, tena vata re vattabbe—","html":"{}"},"kv5.4:12.9":{"pli":"“aniyatassa niyāmagamanāya atthi ñāṇan”ti. ","html":"{}</p>"},"kv5.4:12.10":{"pli":"Niyāmakathā niṭṭhitā. ","html":"<p class='endsutta'>{}</p></article>"}},"kv5.5":{"kv5.5:0.1":{"pli":"Kathāvatthu ","html":"<article id='kv5.5'><header><ul><li class='division'>{}</li>"},"kv5.5:0.2":{"pli":"Mahāpaṇṇāsaka ","html":"<li>{}</li>"},"kv5.5:0.3":{"pli":"Pañcamavagga ","html":"<li>{}</li></ul>"},"kv5.5:0.4":{"pli":"Paṭisambhidākathā ","html":"<h1 class='sutta-title'>{}</h1></header>"},"kv5.5:1.1":{"pli":"Sabbaṃ ñāṇaṃ paṭisambhidāti? ","html":"<p data-doxy='orthodox'>{}"},"kv5.5:1.2":{"pli":"Āmantā. ","html":"{}"},"kv5.5:1.3":{"pli":"Sammutiñāṇaṃ paṭisambhidāti? ","html":"{}"},"kv5.5:1.4":{"pli":"Na hevaṃ vattabbe …pe… ","html":"{}"},"kv5.5:1.5":{"pli":"sammutiñāṇaṃ paṭisambhidāti? ","html":"{}"},"kv5.5:1.6":{"pli":"Āmantā. ","html":"{}"},"kv5.5:1.7":{"pli":"Ye keci sammutiṃ jānanti, sabbe te paṭisambhidāpattāti? ","html":"{}"},"kv5.5:1.8":{"pli":"Na hevaṃ vattabbe …pe… ","html":"{}"},"kv5.5:1.9":{"pli":"sabbaṃ ñāṇaṃ paṭisambhidāti? ","html":"{}"},"kv5.5:1.10":{"pli":"Āmantā. ","html":"{}"},"kv5.5:1.11":{"pli":"Cetopariyāye ñāṇaṃ paṭisambhidāti? ","html":"{}"},"kv5.5:1.12":{"pli":"Na hevaṃ vattabbe …pe… ","html":"{}"},"kv5.5:1.13":{"pli":"cetopariyāye ñāṇaṃ paṭisambhidāti? ","html":"{}"},"kv5.5:1.14":{"pli":"Āmantā. ","html":"{}"},"kv5.5:1.15":{"pli":"Ye keci paracittaṃ jānanti, sabbe te paṭisambhidāpattāti? ","html":"{}"},"kv5.5:1.16":{"pli":"Na hevaṃ vattabbe …pe…. ","html":"{}</p>"},"kv5.5:2.1":{"pli":"Sabbaṃ ñāṇaṃ paṭisambhidāti? ","html":"<p data-doxy='orthodox'>{}"},"kv5.5:2.2":{"pli":"Āmantā. ","html":"{}"},"kv5.5:2.3":{"pli":"Sabbā paññā paṭisambhidāti? ","html":"{}"},"kv5.5:2.4":{"pli":"Na hevaṃ vattabbe …pe… ","html":"{}"},"kv5.5:2.5":{"pli":"sabbā paññā paṭisambhidāti? ","html":"{}"},"kv5.5:2.6":{"pli":"Āmantā. ","html":"{}"},"kv5.5:2.7":{"pli":"Pathavīkasiṇaṃ samāpattiṃ samāpannassa atthi paññā, sā paññā paṭisambhidāti? ","html":"{}"},"kv5.5:2.8":{"pli":"Na hevaṃ vattabbe …pe… ","html":"{}"},"kv5.5:2.9":{"pli":"āpokasiṇaṃ …pe… ","html":"{}"},"kv5.5:2.10":{"pli":"tejokasiṇaṃ …pe… ","html":"{}"},"kv5.5:2.11":{"pli":"vāyokasiṇaṃ …pe… ","html":"{}"},"kv5.5:2.12":{"pli":"nīlakasiṇaṃ …pe… ","html":"{}"},"kv5.5:2.13":{"pli":"pītakasiṇaṃ …pe… ","html":"{}"},"kv5.5:2.14":{"pli":"lohitakasiṇaṃ …pe… ","html":"{}"},"kv5.5:2.15":{"pli":"odātakasiṇaṃ …pe… ","html":"{}"},"kv5.5:2.16":{"pli":"ākāsānañcāyatanaṃ …pe… ","html":"{}"},"kv5.5:2.17":{"pli":"viññāṇañcāyatanaṃ …pe… ","html":"{}"},"kv5.5:2.18":{"pli":"ākiñcaññāyatanaṃ …pe… ","html":"{}"},"kv5.5:2.19":{"pli":"nevasaññānāsaññāyatanaṃ samāpannassa …pe… ","html":"{}"},"kv5.5:2.20":{"pli":"dānaṃ dadantassa …pe… ","html":"{}"},"kv5.5:2.21":{"pli":"cīvaraṃ dadantassa …pe… ","html":"{}"},"kv5.5:2.22":{"pli":"piṇḍapātaṃ dadantassa …pe… ","html":"{}"},"kv5.5:2.23":{"pli":"senāsanaṃ dadantassa …pe… ","html":"{}"},"kv5.5:2.24":{"pli":"gilānapaccayabhesajjaparikkhāraṃ dadantassa atthi paññā, sā paññā paṭisambhidāti? ","html":"{}"},"kv5.5:2.25":{"pli":"Na hevaṃ vattabbe …pe…. ","html":"{}</p>"},"kv5.5:3.1":{"pli":"Na vattabbaṃ—","html":"<p data-doxy='heterodox'>{}"},"kv5.5:3.2":{"pli":"“sabbaṃ ñāṇaṃ paṭisambhidā”ti? ","html":"{}"},"kv5.5:3.3":{"pli":"Āmantā. ","html":"{}"},"kv5.5:3.4":{"pli":"Atthi lokuttarā paññā, sā paññā na paṭisambhidāti? ","html":"{}"},"kv5.5:3.5":{"pli":"Na hevaṃ vattabbe …pe… ","html":"{}"},"kv5.5:3.6":{"pli":"tena hi sabbaṃ ñāṇaṃ paṭisambhidāti. ","html":"{}</p>"},"kv5.5:3.7":{"pli":"Paṭisambhidākathā niṭṭhitā. ","html":"<p class='endsutta'>{}</p></article>"}},"kv5.6":{"kv5.6:0.1":{"pli":"Kathāvatthu ","html":"<article id='kv5.6'><header><ul><li class='division'>{}</li>"},"kv5.6:0.2":{"pli":"Mahāpaṇṇāsaka ","html":"<li>{}</li>"},"kv5.6:0.3":{"pli":"Pañcamavagga ","html":"<li>{}</li></ul>"},"kv5.6:0.4":{"pli":"Sammutiñāṇakathā ","html":"<h1 class='sutta-title'>{}</h1></header>"},"kv5.6:1.1":{"pli":"Na vattabbaṃ—","html":"<p data-doxy='heterodox'>{}"},"kv5.6:1.2":{"pli":"“sammutiñāṇaṃ saccārammaṇaññeva na aññārammaṇan”ti? ","html":"{}"},"kv5.6:1.3":{"pli":"Āmantā. ","html":"{}"},"kv5.6:1.4":{"pli":"Nanu pathavīkasiṇaṃ samāpattiṃ samāpannassa atthi ñāṇaṃ, pathavīkasiṇañca sammutisaccamhīti? ","html":"{}"},"kv5.6:1.5":{"pli":"Āmantā. ","html":"{}"},"kv5.6:1.6":{"pli":"Hañci pathavīkasiṇaṃ samāpattiṃ samāpannassa atthi ñāṇaṃ, pathavīkasiṇañca sammutisaccamhi, tena vata re vattabbe—","html":"{}"},"kv5.6:1.7":{"pli":"“sammutiñāṇaṃ saccārammaṇaññeva na aññārammaṇan”ti. ","html":"{}</p>"},"kv5.6:2.1":{"pli":"Na vattabbaṃ—","html":"<p data-doxy='heterodox'>{}"},"kv5.6:2.2":{"pli":"“sammutiñāṇaṃ saccārammaṇaññeva na aññārammaṇan”ti? ","html":"{}"},"kv5.6:2.3":{"pli":"Āmantā …pe… ","html":"{}"},"kv5.6:2.4":{"pli":"nanu āpokasiṇaṃ …pe… ","html":"{}"},"kv5.6:2.5":{"pli":"tejokasiṇaṃ …pe… ","html":"{}"},"kv5.6:2.6":{"pli":"gilānapaccayabhesajjaparikkhāraṃ dadantassa atthi ñāṇaṃ, gilānapaccayabhesajjaparikkhāro ca sammutisaccamhīti? ","html":"{}"},"kv5.6:2.7":{"pli":"Āmantā. ","html":"{}"},"kv5.6:2.8":{"pli":"Hañci gilānapaccayabhesajjaparikkhāraṃ dadantassa atthi ñāṇaṃ, gilānapaccayabhesajjaparikkhāro ca sammutisaccamhi, tena vata re vattabbe—","html":"{}"},"kv5.6:2.9":{"pli":"“sammutiñāṇaṃ saccārammaṇaññeva na aññārammaṇan”ti. ","html":"{}</p>"},"kv5.6:3.1":{"pli":"Sammutiñāṇaṃ saccārammaṇaññeva na aññārammaṇanti? ","html":"<p data-doxy='orthodox'>{}"},"kv5.6:3.2":{"pli":"Āmantā. ","html":"{}"},"kv5.6:3.3":{"pli":"Tena ñāṇena dukkhaṃ parijānāti, samudayaṃ pajahati, nirodhaṃ sacchikaroti, maggaṃ bhāvetīti? ","html":"{}"},"kv5.6:3.4":{"pli":"Na hevaṃ vattabbe …pe…. ","html":"{}</p>"},"kv5.6:3.5":{"pli":"Sammutiñāṇakathā niṭṭhitā. ","html":"<p class='endsutta'>{}</p></article>"}},"kv5.7":{"kv5.7:0.1":{"pli":"Kathāvatthu ","html":"<article id='kv5.7'><header><ul><li class='division'>{}</li>"},"kv5.7:0.2":{"pli":"Mahāpaṇṇāsaka ","html":"<li>{}</li>"},"kv5.7:0.3":{"pli":"Pañcamavagga ","html":"<li>{}</li></ul>"},"kv5.7:0.4":{"pli":"Cittārammaṇakathā ","html":"<h1 class='sutta-title'>{}</h1></header>"},"kv5.7:1.1":{"pli":"Cetopariyāye ñāṇaṃ cittārammaṇaññeva na aññārammaṇanti? ","html":"<p data-doxy='orthodox'>{}"},"kv5.7:1.2":{"pli":"Āmantā. ","html":"{}"},"kv5.7:1.3":{"pli":"Nanu atthi koci sarāgaṃ cittaṃ “sarāgaṃ cittan”ti pajānātīti? ","html":"{}"},"kv5.7:1.4":{"pli":"Āmantā. ","html":"{}"},"kv5.7:1.5":{"pli":"Hañci atthi koci sarāgaṃ cittaṃ “sarāgaṃ cittan”ti pajānāti, no ca vata re vattabbe—","html":"{}"},"kv5.7:1.6":{"pli":"“cetopariyāye ñāṇaṃ cittārammaṇaññeva na aññārammaṇan”ti. ","html":"{}</p>"},"kv5.7:2.1":{"pli":"Nanu atthi koci vītarāgaṃ cittaṃ …pe… ","html":"<p data-doxy='orthodox'>{}"},"kv5.7:2.2":{"pli":"sadosaṃ cittaṃ … ","html":"{}"},"kv5.7:2.3":{"pli":"vītadosaṃ cittaṃ … ","html":"{}"},"kv5.7:2.4":{"pli":"samohaṃ cittaṃ … ","html":"{}"},"kv5.7:2.5":{"pli":"vītamohaṃ cittaṃ … ","html":"{}"},"kv5.7:2.6":{"pli":"saṅkhittaṃ cittaṃ … ","html":"{}"},"kv5.7:2.7":{"pli":"vikkhittaṃ cittaṃ … ","html":"{}"},"kv5.7:2.8":{"pli":"mahaggataṃ cittaṃ … ","html":"{}"},"kv5.7:2.9":{"pli":"amahaggataṃ cittaṃ … ","html":"{}"},"kv5.7:2.10":{"pli":"sauttaraṃ cittaṃ … ","html":"{}"},"kv5.7:2.11":{"pli":"anuttaraṃ cittaṃ … ","html":"{}"},"kv5.7:2.12":{"pli":"samāhitaṃ cittaṃ … ","html":"{}"},"kv5.7:2.13":{"pli":"asamāhitaṃ cittaṃ … ","html":"{}"},"kv5.7:2.14":{"pli":"vimuttaṃ cittaṃ …pe… ","html":"{}"},"kv5.7:2.15":{"pli":"avimuttaṃ cittaṃ “avimuttaṃ cittan”ti pajānātīti? ","html":"{}"},"kv5.7:2.16":{"pli":"Āmantā. ","html":"{}"},"kv5.7:2.17":{"pli":"Hañci atthi koci avimuttaṃ cittaṃ “avimuttaṃ cittan”ti pajānāti, no ca vata re vattabbe—","html":"{}"},"kv5.7:2.18":{"pli":"“cetopariyāye ñāṇaṃ cittārammaṇaññeva na aññārammaṇan”ti. ","html":"{}</p>"},"kv5.7:3.1":{"pli":"Phassārammaṇe ñāṇaṃ vattabbaṃ—","html":"<p data-doxy='orthodox'>{}"},"kv5.7:3.2":{"pli":"“cetopariyāye ñāṇan”ti? ","html":"{}"},"kv5.7:3.3":{"pli":"Āmantā. ","html":"{}"},"kv5.7:3.4":{"pli":"Hañci phassārammaṇe ñāṇaṃ vattabbaṃ cetopariyāye ñāṇaṃ, no ca vata re vattabbe—","html":"{}"},"kv5.7:3.5":{"pli":"“cetopariyāye ñāṇaṃ cittārammaṇaññeva na aññārammaṇan”ti. ","html":"{}"},"kv5.7:3.6":{"pli":"Vedanārammaṇe ñāṇaṃ …pe… ","html":"{}"},"kv5.7:3.7":{"pli":"saññārammaṇe ñāṇaṃ … ","html":"{}"},"kv5.7:3.8":{"pli":"cetanārammaṇe ñāṇaṃ … ","html":"{}"},"kv5.7:3.9":{"pli":"cittārammaṇe ñāṇaṃ … ","html":"{}"},"kv5.7:3.10":{"pli":"saddhārammaṇe ñāṇaṃ … ","html":"{}"},"kv5.7:3.11":{"pli":"vīriyārammaṇe ñāṇaṃ … ","html":"{}"},"kv5.7:3.12":{"pli":"satārammaṇe ñāṇaṃ … ","html":"{}"},"kv5.7:3.13":{"pli":"samādhārammaṇe ñāṇaṃ … ","html":"{}"},"kv5.7:3.14":{"pli":"paññārammaṇe ñāṇaṃ … ","html":"{}"},"kv5.7:3.15":{"pli":"rāgārammaṇe ñāṇaṃ … ","html":"{}"},"kv5.7:3.16":{"pli":"dosārammaṇe ñāṇaṃ … ","html":"{}"},"kv5.7:3.17":{"pli":"mohārammaṇe ñāṇaṃ …pe… ","html":"{}"},"kv5.7:3.18":{"pli":"anottappārammaṇe ñāṇaṃ vattabbaṃ—","html":"{}"},"kv5.7:3.19":{"pli":"“cetopariyāye ñāṇan”ti? ","html":"{}"},"kv5.7:3.20":{"pli":"Āmantā. ","html":"{}"},"kv5.7:3.21":{"pli":"Hañci anottappārammaṇe ñāṇaṃ vattabbaṃ cetopariyāye ñāṇaṃ, no ca vata re vattabbe—","html":"{}"},"kv5.7:3.22":{"pli":"“cetopariyāye ñāṇaṃ cittārammaṇaññeva na aññārammaṇan”ti. ","html":"{}</p>"},"kv5.7:4.1":{"pli":"Phassārammaṇe ñāṇaṃ na vattabbaṃ—","html":"<p data-doxy='orthodox'>{}"},"kv5.7:4.2":{"pli":"“cetopariyāye ñāṇan”ti? ","html":"{}"},"kv5.7:4.3":{"pli":"Āmantā. ","html":"{}"},"kv5.7:4.4":{"pli":"Phassapariyāye ñāṇanti? ","html":"{}"},"kv5.7:4.5":{"pli":"Na hevaṃ vattabbe …pe… ","html":"{}"},"kv5.7:4.6":{"pli":"vedanārammaṇe ñāṇaṃ …pe… ","html":"{}"},"kv5.7:4.7":{"pli":"saññārammaṇe ñāṇaṃ …pe… ","html":"{}"},"kv5.7:4.8":{"pli":"anottappārammaṇe ñāṇaṃ na vattabbaṃ—","html":"{}"},"kv5.7:4.9":{"pli":"“cetopariyāye ñāṇan”ti? ","html":"{}"},"kv5.7:4.10":{"pli":"Āmantā. ","html":"{}"},"kv5.7:4.11":{"pli":"Anottappapariyāye ñāṇanti? ","html":"{}"},"kv5.7:4.12":{"pli":"Na hevaṃ vattabbe …pe…. ","html":"{}</p>"},"kv5.7:5.1":{"pli":"Na vattabbaṃ—","html":"<p data-doxy='heterodox'>{}"},"kv5.7:5.2":{"pli":"“cetopariyāye ñāṇaṃ cittārammaṇaññeva na aññārammaṇan”ti? ","html":"{}"},"kv5.7:5.3":{"pli":"Āmantā. ","html":"{}"},"kv5.7:5.4":{"pli":"Nanu cetopariyāye ñāṇanti? ","html":"{}"},"kv5.7:5.5":{"pli":"Āmantā. ","html":"{}"},"kv5.7:5.6":{"pli":"Hañci cetopariyāye ñāṇaṃ, tena vata re vattabbe—","html":"{}"},"kv5.7:5.7":{"pli":"“cetopariyāye ñāṇaṃ cittārammaṇaññeva na aññārammaṇan”ti. ","html":"{}</p>"},"kv5.7:5.8":{"pli":"Cittārammaṇakathā niṭṭhitā. ","html":"<p class='endsutta'>{}</p></article>"}},"kv5.8":{"kv5.8:0.1":{"pli":"Kathāvatthu ","html":"<article id='kv5.8'><header><ul><li class='division'>{}</li>"},"kv5.8:0.2":{"pli":"Mahāpaṇṇāsaka ","html":"<li>{}</li>"},"kv5.8:0.3":{"pli":"Pañcamavagga ","html":"<li>{}</li></ul>"},"kv5.8:0.4":{"pli":"Anāgatañāṇakathā ","html":"<h1 class='sutta-title'>{}</h1></header>"},"kv5.8:1.1":{"pli":"Anāgate ñāṇaṃ atthīti? ","html":"<p data-doxy='orthodox'>{}"},"kv5.8:1.2":{"pli":"Āmantā. ","html":"{}"},"kv5.8:1.3":{"pli":"Anāgataṃ mūlato jānāti, hetuto jānāti, nidānato jānāti, sambhavato jānāti, pabhavato jānāti, samuṭṭhānato jānāti, āhārato jānāti, ārammaṇato jānāti, paccayato jānāti, samudayato jānātīti? ","html":"{}"},"kv5.8:1.4":{"pli":"Na hevaṃ vattabbe …pe…. ","html":"{}</p>"},"kv5.8:2.1":{"pli":"Anāgate ñāṇaṃ atthīti? ","html":"<p data-doxy='orthodox'>{}"},"kv5.8:2.2":{"pli":"Āmantā. ","html":"{}"},"kv5.8:2.3":{"pli":"Anāgataṃ hetupaccayataṃ jānāti, ārammaṇapaccayataṃ jānāti, adhipatipaccayataṃ jānāti, anantarapaccayataṃ jānāti, samanantarapaccayataṃ jānātīti? ","html":"{}"},"kv5.8:2.4":{"pli":"Na hevaṃ vattabbe …pe…. ","html":"{}</p>"},"kv5.8:3.1":{"pli":"Anāgate ñāṇaṃ atthīti? ","html":"<p data-doxy='orthodox'>{}"},"kv5.8:3.2":{"pli":"Āmantā. ","html":"{}"},"kv5.8:3.3":{"pli":"Gotrabhuno puggalassa sotāpattimagge ñāṇaṃ atthīti? ","html":"{}"},"kv5.8:3.4":{"pli":"Na hevaṃ vattabbe …pe…. ","html":"{}"},"kv5.8:3.5":{"pli":"Sotāpattiphalasacchikiriyāya paṭipannassa puggalassa sotāpattiphale ñāṇaṃ atthīti? ","html":"{}"},"kv5.8:3.6":{"pli":"Na hevaṃ vattabbe …pe…. ","html":"{}</p>"},"kv5.8:4.1":{"pli":"Sakadāgāmi …pe… ","html":"<p data-doxy='orthodox'>{}"},"kv5.8:4.2":{"pli":"anāgāmi …pe… ","html":"{}"},"kv5.8:4.3":{"pli":"arahattasacchikiriyāya paṭipannassa puggalassa arahatte ñāṇaṃ atthīti? ","html":"{}"},"kv5.8:4.4":{"pli":"Na hevaṃ vattabbe …pe…. ","html":"{}</p>"},"kv5.8:5.1":{"pli":"Na vattabbaṃ—","html":"<p data-doxy='heterodox'>{}"},"kv5.8:5.2":{"pli":"“anāgate ñāṇaṃ atthī”ti? ","html":"{}"},"kv5.8:5.3":{"pli":"Āmantā. ","html":"{}"},"kv5.8:5.4":{"pli":"Nanu vuttaṃ bhagavatā—","html":"{}"},"kv5.8:5.5":{"pli":"“pāṭaliputtassa kho, ānanda, tayo antarāyā bhavissanti—","html":"{}"},"kv5.8:5.6":{"pli":"aggito vā udakato vā mithubhedā vā”ti. ","html":"{}"},"kv5.8:5.7":{"pli":"Attheva suttantoti? ","html":"{}"},"kv5.8:5.8":{"pli":"Āmantā. ","html":"{}"},"kv5.8:5.9":{"pli":"Tena hi anāgate ñāṇaṃ atthīti. ","html":"{}</p>"},"kv5.8:5.10":{"pli":"Anāgatañāṇakathā niṭṭhitā. ","html":"<p class='endsutta'>{}</p></article>"}},"kv5.9":{"kv5.9:0.1":{"pli":"Kathāvatthu ","html":"<article id='kv5.9'><header><ul><li class='division'>{}</li>"},"kv5.9:0.2":{"pli":"Mahāpaṇṇāsaka ","html":"<li>{}</li>"},"kv5.9:0.3":{"pli":"Pañcamavagga ","html":"<li>{}</li></ul>"},"kv5.9:0.4":{"pli":"Paṭuppannañāṇakathā ","html":"<h1 class='sutta-title'>{}</h1></header>"},"kv5.9:1.1":{"pli":"Paṭuppanne ñāṇaṃ atthīti? ","html":"<p data-doxy='orthodox'>{}"},"kv5.9:1.2":{"pli":"Āmantā. ","html":"{}"},"kv5.9:1.3":{"pli":"Tena ñāṇena taṃ ñāṇaṃ jānātīti? ","html":"{}"},"kv5.9:1.4":{"pli":"Na hevaṃ vattabbe …pe… ","html":"{}"},"kv5.9:1.5":{"pli":"tena ñāṇena taṃ ñāṇaṃ jānātīti? ","html":"{}"},"kv5.9:1.6":{"pli":"Āmantā. ","html":"{}"},"kv5.9:1.7":{"pli":"Tena ñāṇena taṃ ñāṇaṃ “ñāṇan”ti jānātīti? ","html":"{}"},"kv5.9:1.8":{"pli":"Na hevaṃ vattabbe …pe… ","html":"{}"},"kv5.9:1.9":{"pli":"tena ñāṇena taṃ ñāṇaṃ “ñāṇan”ti jānātīti? ","html":"{}"},"kv5.9:1.10":{"pli":"Āmantā. ","html":"{}"},"kv5.9:1.11":{"pli":"Taṃ ñāṇaṃ tassa ñāṇassa ārammaṇanti? ","html":"{}"},"kv5.9:1.12":{"pli":"Na hevaṃ vattabbe …pe…. ","html":"{}</p>"},"kv5.9:2.1":{"pli":"Taṃ ñāṇaṃ tassa ñāṇassa ārammaṇanti? ","html":"<p data-doxy='orthodox'>{}"},"kv5.9:2.2":{"pli":"Āmantā. ","html":"{}"},"kv5.9:2.3":{"pli":"Tena phassena taṃ phassaṃ phusati, tāya vedanāya taṃ vedanaṃ vedeti, tāya saññāya taṃ saññaṃ sañjānāti, tāya cetanāya taṃ cetanaṃ ceteti, tena cittena taṃ cittaṃ cinteti, tena vitakkena taṃ vitakkaṃ vitakketi, tena vicārena taṃ vicāraṃ vicāreti, tāya pītiyā taṃ pītiṃ piyāyati, tāya satiyā taṃ satiṃ sarati, tāya paññāya taṃ paññaṃ pajānāti, tena khaggena taṃ khaggaṃ chindati, tena pharasunā taṃ pharasuṃ tacchati, tāya kudhāriyā taṃ kudhāriṃ tacchati, tāya vāsiyā taṃ vāsiṃ tacchati, tāya sūciyā taṃ sūciṃ sibbeti, tena aṅgulaggena taṃ aṅgulaggaṃ parāmasati, tena nāsikaggena taṃ nāsikaggaṃ parāmasati, tena matthakena taṃ matthakaṃ parāmasati, tena gūthena taṃ gūthaṃ dhovati, tena muttena taṃ muttaṃ dhovati, tena kheḷena taṃ kheḷaṃ dhovati, tena pubbena taṃ pubbaṃ dhovati, tena lohitena taṃ lohitaṃ dhovatīti? ","html":"{}"},"kv5.9:2.4":{"pli":"Na hevaṃ vattabbe …pe…. ","html":"{}</p>"},"kv5.9:3.1":{"pli":"Na vattabbaṃ—","html":"<p data-doxy='heterodox'>{}"},"kv5.9:3.2":{"pli":"“paṭuppanne ñāṇaṃ atthī”ti? ","html":"{}"},"kv5.9:3.3":{"pli":"Āmantā. ","html":"{}"},"kv5.9:3.4":{"pli":"Nanu sabbasaṅkhāre aniccato diṭṭhe tampi ñāṇaṃ aniccato diṭṭhaṃ hotīti? ","html":"{}"},"kv5.9:3.5":{"pli":"Āmantā. ","html":"{}"},"kv5.9:3.6":{"pli":"Hañci sabbasaṅkhāre aniccato diṭṭhe tampi ñāṇaṃ aniccato diṭṭhaṃ hoti, tena vata re vattabbe—","html":"{}"},"kv5.9:3.7":{"pli":"“paṭuppanne ñāṇaṃ atthī”ti. ","html":"{}</p>"},"kv5.9:3.8":{"pli":"Paṭuppannañāṇakathā niṭṭhitā. ","html":"<p class='endsutta'>{}</p></article>"}},"kv6.1":{"kv6.1:0.1":{"pli":"Kathāvatthu ","html":"<article id='kv6.1'><header><ul><li class='division'>{}</li>"},"kv6.1:0.2":{"pli":"Niyāmapaṇṇāsaka ","html":"<li>{}</li>"},"kv6.1:0.3":{"pli":"Chaṭṭhavagga ","html":"<li>{}</li></ul>"},"kv6.1:0.4":{"pli":"Niyāmakathā ","html":"<h1 class='sutta-title'>{}</h1></header>"},"kv6.1:1.1":{"pli":"Niyāmo asaṅkhatoti? ","html":"<p data-doxy='orthodox'>{}"},"kv6.1:1.2":{"pli":"Āmantā. ","html":"{}"},"kv6.1:1.3":{"pli":"Nibbānaṃ tāṇaṃ leṇaṃ saraṇaṃ parāyanaṃ accutaṃ amatanti? ","html":"{}"},"kv6.1:1.4":{"pli":"Na hevaṃ vattabbe …pe…. ","html":"{}</p>"},"kv6.1:2.1":{"pli":"Niyāmo asaṅkhato, nibbānaṃ asaṅkhatanti? ","html":"<p data-doxy='orthodox'>{}"},"kv6.1:2.2":{"pli":"Āmantā. ","html":"{}"},"kv6.1:2.3":{"pli":"Dve asaṅkhatānīti? ","html":"{}"},"kv6.1:2.4":{"pli":"Na hevaṃ vattabbe …pe…. ","html":"{}</p>"},"kv6.1:3.1":{"pli":"Dve asaṅkhatānīti? ","html":"<p data-doxy='orthodox'>{}"},"kv6.1:3.2":{"pli":"Āmantā. ","html":"{}"},"kv6.1:3.3":{"pli":"Dve tāṇāni dve leṇāni dve saraṇāni dve parāyanāni dve accutāni dve amatāni dve nibbānānīti? ","html":"{}"},"kv6.1:3.4":{"pli":"Na hevaṃ vattabbe …pe…. ","html":"{}</p>"},"kv6.1:4.1":{"pli":"Dve nibbānānīti? ","html":"<p data-doxy='orthodox'>{}"},"kv6.1:4.2":{"pli":"Āmantā. ","html":"{}"},"kv6.1:4.3":{"pli":"Atthi dvinnaṃ nibbānānaṃ uccanīcatā hīnapaṇītatā ukkaṃsāvakaṃso sīmā vā bhedo vā rāji vā antarikā vāti? ","html":"{}"},"kv6.1:4.4":{"pli":"Na hevaṃ vattabbe …pe…. ","html":"{}</p>"},"kv6.1:5.1":{"pli":"Niyāmo asaṅkhatoti? ","html":"<p data-doxy='orthodox'>{}"},"kv6.1:5.2":{"pli":"Āmantā. ","html":"{}"},"kv6.1:5.3":{"pli":"Atthi keci niyāmaṃ okkamanti paṭilabhanti uppādenti samuppādenti uṭṭhāpenti samuṭṭhāpenti nibbattenti abhinibbattenti janenti sañjanentīti? ","html":"{}"},"kv6.1:5.4":{"pli":"Āmantā. ","html":"{}"},"kv6.1:5.5":{"pli":"Atthi keci asaṅkhataṃ okkamanti paṭilabhanti uppādenti samuppādenti uṭṭhāpenti samuṭṭhāpenti nibbattenti abhinibbattenti janenti sañjanentīti? ","html":"{}"},"kv6.1:5.6":{"pli":"Na hevaṃ vattabbe …pe…. ","html":"{}</p>"},"kv6.1:6.1":{"pli":"Niyāmo asaṅkhatoti? ","html":"<p data-doxy='orthodox'>{}"},"kv6.1:6.2":{"pli":"Āmantā. ","html":"{}"},"kv6.1:6.3":{"pli":"Maggo asaṅkhatoti? ","html":"{}"},"kv6.1:6.4":{"pli":"Na hevaṃ vattabbe …pe…. ","html":"{}</p>"},"kv6.1:7.1":{"pli":"Maggo saṅkhatoti? ","html":"<p data-doxy='orthodox'>{}"},"kv6.1:7.2":{"pli":"Āmantā. ","html":"{}"},"kv6.1:7.3":{"pli":"Niyāmo saṅkhatoti? ","html":"{}"},"kv6.1:7.4":{"pli":"Na hevaṃ vattabbe …pe…. ","html":"{}</p>"},"kv6.1:8.1":{"pli":"Sotāpattiniyāmo asaṅkhatoti? ","html":"<p data-doxy='orthodox'>{}"},"kv6.1:8.2":{"pli":"Āmantā. ","html":"{}"},"kv6.1:8.3":{"pli":"Sotāpattimaggo asaṅkhatoti? ","html":"{}"},"kv6.1:8.4":{"pli":"Na hevaṃ vattabbe …pe…. ","html":"{}</p>"},"kv6.1:9.1":{"pli":"Sotāpattimaggo saṅkhatoti? ","html":"<p data-doxy='orthodox'>{}"},"kv6.1:9.2":{"pli":"Āmantā. ","html":"{}"},"kv6.1:9.3":{"pli":"Sotāpattiniyāmo saṅkhatoti? ","html":"{}"},"kv6.1:9.4":{"pli":"Na hevaṃ vattabbe …pe…. ","html":"{}</p>"},"kv6.1:10.1":{"pli":"Sakadāgāminiyāmo …pe… ","html":"<p data-doxy='orthodox'>{}"},"kv6.1:10.2":{"pli":"anāgāminiyāmo …pe… ","html":"{}"},"kv6.1:10.3":{"pli":"arahattaniyāmo asaṅkhatoti? ","html":"{}"},"kv6.1:10.4":{"pli":"Āmantā. ","html":"{}"},"kv6.1:10.5":{"pli":"Arahattamaggo asaṅkhatoti? ","html":"{}"},"kv6.1:10.6":{"pli":"Na hevaṃ vattabbe …pe… ","html":"{}"},"kv6.1:10.7":{"pli":"arahattamaggo saṅkhatoti? ","html":"{}"},"kv6.1:10.8":{"pli":"Āmantā. ","html":"{}"},"kv6.1:10.9":{"pli":"Arahattaniyāmo saṅkhatoti? ","html":"{}"},"kv6.1:10.10":{"pli":"Na hevaṃ vattabbe …pe…. ","html":"{}</p>"},"kv6.1:11.1":{"pli":"Sotāpattiniyāmo asaṅkhato …pe… ","html":"<p data-doxy='orthodox'>{}"},"kv6.1:11.2":{"pli":"arahattaniyāmo asaṅkhato, nibbānaṃ asaṅkhatanti? ","html":"{}"},"kv6.1:11.3":{"pli":"Āmantā. ","html":"{}"},"kv6.1:11.4":{"pli":"Pañca asaṅkhatānīti? ","html":"{}"},"kv6.1:11.5":{"pli":"Na hevaṃ vattabbe …pe… ","html":"{}"},"kv6.1:11.6":{"pli":"pañca asaṅkhatānīti? ","html":"{}"},"kv6.1:11.7":{"pli":"Āmantā. ","html":"{}"},"kv6.1:11.8":{"pli":"Pañca tāṇāni …pe… ","html":"{}"},"kv6.1:11.9":{"pli":"antarikā vāti? ","html":"{}"},"kv6.1:11.10":{"pli":"Na hevaṃ vattabbe …pe…. ","html":"{}</p>"},"kv6.1:12.1":{"pli":"Niyāmo asaṅkhatoti? ","html":"<p data-doxy='orthodox'>{}"},"kv6.1:12.2":{"pli":"Āmantā. ","html":"{}"},"kv6.1:12.3":{"pli":"Micchattaniyāmo asaṅkhatoti? ","html":"{}"},"kv6.1:12.4":{"pli":"Na hevaṃ vattabbe …pe… ","html":"{}"},"kv6.1:12.5":{"pli":"micchattaniyāmo saṅkhatoti? ","html":"{}"},"kv6.1:12.6":{"pli":"Āmantā. ","html":"{}"},"kv6.1:12.7":{"pli":"Sammattaniyāmo saṅkhatoti? ","html":"{}"},"kv6.1:12.8":{"pli":"Na hevaṃ vattabbe …pe…. ","html":"{}</p>"},"kv6.1:13.1":{"pli":"Na vattabbaṃ—","html":"<p data-doxy='heterodox'>{}"},"kv6.1:13.2":{"pli":"“niyāmo asaṅkhato”ti? ","html":"{}"},"kv6.1:13.3":{"pli":"Āmantā. ","html":"{}"},"kv6.1:13.4":{"pli":"Niyāme uppajja niruddhe aniyato hotīti? ","html":"{}"},"kv6.1:13.5":{"pli":"Na hevaṃ vattabbe …pe…. ","html":"{}"},"kv6.1:13.6":{"pli":"Tena hi niyāmo asaṅkhatoti. ","html":"{}"},"kv6.1:13.7":{"pli":"Micchattaniyāme uppajja niruddhe aniyato hotīti? ","html":"{}"},"kv6.1:13.8":{"pli":"Na hevaṃ vattabbe …pe… ","html":"{}"},"kv6.1:13.9":{"pli":"tena hi micchattaniyāmo asaṅkhatoti. ","html":"{}</p>"},"kv6.1:13.10":{"pli":"Niyāmakathā niṭṭhitā. ","html":"<p class='endsutta'>{}</p></article>"}},"kv6.10":{"kv6.10:0.1":{"pli":"Kathāvatthu ","html":"<article id='kv6.10'><header><ul><li class='division'>{}</li>"},"kv6.10:0.2":{"pli":"Mahāpaṇṇāsaka ","html":"<li>{}</li>"},"kv6.10:0.3":{"pli":"Chaṭṭhavagga ","html":"<li>{}</li></ul>"},"kv6.10:0.4":{"pli":"Kāyakammaṃsanidassanantikathā ","html":"<h1 class='sutta-title'>{}</h1></header>"},"kv6.10:1.1":{"pli":"Kāyakammaṃ sanidassananti? ","html":"<p data-doxy='orthodox'>{}"},"kv6.10:1.2":{"pli":"Āmantā. ","html":"{}"},"kv6.10:1.3":{"pli":"Rūpaṃ rūpāyatanaṃ rūpadhātu nīlaṃ pītakaṃ lohitakaṃ odātaṃ cakkhuviññeyyaṃ cakkhusmiṃ paṭihaññati cakkhussa āpāthaṃ āgacchatīti? ","html":"{}"},"kv6.10:1.4":{"pli":"Na hevaṃ vattabbe …pe…. ","html":"{}</p>"},"kv6.10:2.1":{"pli":"Kāyakammaṃ sanidassananti? ","html":"<p data-doxy='orthodox'>{}"},"kv6.10:2.2":{"pli":"Āmantā. ","html":"{}"},"kv6.10:2.3":{"pli":"Cakkhuñca paṭicca kāyakammañca uppajjati cakkhuviññāṇanti? ","html":"{}"},"kv6.10:2.4":{"pli":"Na hevaṃ vattabbe …pe…. ","html":"{}</p>"},"kv6.10:3.1":{"pli":"Cakkhuñca paṭicca kāyakammañca uppajjati cakkhuviññāṇanti? ","html":"<p data-doxy='orthodox'>{}"},"kv6.10:3.2":{"pli":"Āmantā. ","html":"{}"},"kv6.10:3.3":{"pli":"“Cakkhuñca paṭicca kāyakammañca uppajjati cakkhuviññāṇan”ti—","html":"{}"},"kv6.10:3.4":{"pli":"attheva suttantoti? ","html":"{}"},"kv6.10:3.5":{"pli":"Natthi. ","html":"{}"},"kv6.10:3.6":{"pli":"“Cakkhuñca paṭicca rūpe ca uppajjati cakkhuviññāṇan”ti—","html":"{}"},"kv6.10:3.7":{"pli":"attheva suttantoti? ","html":"{}"},"kv6.10:3.8":{"pli":"Āmantā. ","html":"{}"},"kv6.10:3.9":{"pli":"Hañci “cakkhuñca paṭicca rūpe ca uppajjati cakkhuviññāṇan”ti—","html":"{}"},"kv6.10:3.10":{"pli":"attheva suttanto, no ca vata re vattabbe—","html":"{}"},"kv6.10:3.11":{"pli":"“cakkhuñca paṭicca kāyakammañca uppajjati cakkhuviññāṇan”ti. ","html":"{}</p>"},"kv6.10:4.1":{"pli":"Na vattabbaṃ—","html":"<p data-doxy='heterodox'>{}"},"kv6.10:4.2":{"pli":"“kāyakammaṃ sanidassanan”ti? ","html":"{}"},"kv6.10:4.3":{"pli":"Āmantā. ","html":"{}"},"kv6.10:4.4":{"pli":"Nanu passati abhikkamantaṃ paṭikkamantaṃ ālokentaṃ vilokentaṃ samiñjentaṃ pasārentanti? ","html":"{}"},"kv6.10:4.5":{"pli":"Āmantā. ","html":"{}"},"kv6.10:4.6":{"pli":"Hañci passati abhikkamantaṃ paṭikkamantaṃ ālokentaṃ vilokentaṃ samiñjentaṃ pasārentaṃ, tena vata re vattabbe—","html":"{}"},"kv6.10:4.7":{"pli":"“kāyakammaṃ sanidassanan”ti. ","html":"{}</p>"},"kv6.10:4.8":{"pli":"Kāyakammaṃ sanidassanantikathā niṭṭhitā. ","html":"<p class='endsutta'>{}<br>"},"kv6.10:4.9":{"pli":"Chaṭṭho vaggo. ","html":"{}</p>"},"kv6.10:4.10":{"pli":"Tassuddānaṃ ","html":"<p class='uddana-intro'>{}</p>"},"kv6.10:5.1":{"pli":"Niyamo asaṅkhato, paṭiccasamuppādo asaṅkhato, cattāri saccāni asaṅkhatāni, cattāro āruppā asaṅkhatā, nirodhasamāpatti asaṅkhatā, ākāso asaṅkhato, ākāso sanidassano, cattāro mahābhūtā, pañcindriyāni, tatheva kāyakammanti. ","html":"<p class='uddana'>{}</p></article>"}},"kv6.2":{"kv6.2:0.1":{"pli":"Kathāvatthu ","html":"<article id='kv6.2'><header><ul><li class='division'>{}</li>"},"kv6.2:0.2":{"pli":"Niyāmapaṇṇāsaka ","html":"<li>{}</li>"},"kv6.2:0.3":{"pli":"Chaṭṭhavagga ","html":"<li>{}</li></ul>"},"kv6.2:0.4":{"pli":"Paṭiccasamuppādakathā ","html":"<h1 class='sutta-title'>{}</h1></header>"},"kv6.2:1.1":{"pli":"Paṭiccasamuppādo asaṅkhatoti? ","html":"<p data-doxy='orthodox'>{}"},"kv6.2:1.2":{"pli":"Āmantā. ","html":"{}"},"kv6.2:1.3":{"pli":"Nibbānaṃ tāṇaṃ leṇaṃ saraṇaṃ parāyanaṃ accutaṃ amatanti? ","html":"{}"},"kv6.2:1.4":{"pli":"Na hevaṃ vattabbe …pe… ","html":"{}"},"kv6.2:1.5":{"pli":"paṭiccasamuppādo asaṅkhato, nibbānaṃ asaṅkhatanti? ","html":"{}"},"kv6.2:1.6":{"pli":"Āmantā. ","html":"{}"},"kv6.2:1.7":{"pli":"Dve asaṅkhatānīti? ","html":"{}"},"kv6.2:1.8":{"pli":"Na hevaṃ vattabbe …pe… ","html":"{}"},"kv6.2:1.9":{"pli":"dve asaṅkhatānīti? ","html":"{}"},"kv6.2:1.10":{"pli":"Āmantā. ","html":"{}"},"kv6.2:1.11":{"pli":"Dve tāṇāni dve leṇāni dve saraṇāni dve parāyanāni dve accutāni dve amatāni dve nibbānānīti? ","html":"{}"},"kv6.2:1.12":{"pli":"Na hevaṃ vattabbe …pe… ","html":"{}"},"kv6.2:1.13":{"pli":"dve nibbānānīti? ","html":"{}"},"kv6.2:1.14":{"pli":"Āmantā. ","html":"{}"},"kv6.2:1.15":{"pli":"Atthi dvinnaṃ nibbānānaṃ uccanīcatā hīnapaṇītatā ukkaṃsāvakaṃso sīmā vā bhedo vā rāji vā antarikā vāti? ","html":"{}"},"kv6.2:1.16":{"pli":"Na hevaṃ vattabbe …pe…. ","html":"{}</p>"},"kv6.2:2.1":{"pli":"Paṭiccasamuppādo asaṅkhatoti? ","html":"<p data-doxy='orthodox'>{}"},"kv6.2:2.2":{"pli":"Āmantā. ","html":"{}"},"kv6.2:2.3":{"pli":"Avijjā asaṅkhatāti? ","html":"{}"},"kv6.2:2.4":{"pli":"Na hevaṃ vattabbe …pe… ","html":"{}"},"kv6.2:2.5":{"pli":"avijjā saṅkhatāti? ","html":"{}"},"kv6.2:2.6":{"pli":"Āmantā. ","html":"{}"},"kv6.2:2.7":{"pli":"Paṭiccasamuppādo saṅkhatoti? ","html":"{}"},"kv6.2:2.8":{"pli":"Na hevaṃ vattabbe …pe… ","html":"{}"},"kv6.2:2.9":{"pli":"paṭiccasamuppādo asaṅkhatoti? ","html":"{}"},"kv6.2:2.10":{"pli":"Āmantā. ","html":"{}"},"kv6.2:2.11":{"pli":"Avijjāpaccayā saṅkhārā asaṅkhatāti? ","html":"{}"},"kv6.2:2.12":{"pli":"Na hevaṃ vattabbe …pe… ","html":"{}"},"kv6.2:2.13":{"pli":"avijjāpaccayā saṅkhārā saṅkhatāti? ","html":"{}"},"kv6.2:2.14":{"pli":"Āmantā. ","html":"{}"},"kv6.2:2.15":{"pli":"Paṭiccasamuppādo saṅkhatoti? ","html":"{}"},"kv6.2:2.16":{"pli":"Na hevaṃ vattabbe …pe… ","html":"{}"},"kv6.2:2.17":{"pli":"paṭiccasamuppādo asaṅkhatoti? ","html":"{}"},"kv6.2:2.18":{"pli":"Āmantā. ","html":"{}"},"kv6.2:2.19":{"pli":"Saṅkhārapaccayā viññāṇaṃ asaṅkhatanti? ","html":"{}"},"kv6.2:2.20":{"pli":"Na hevaṃ vattabbe …pe… ","html":"{}"},"kv6.2:2.21":{"pli":"saṅkhārapaccayā viññāṇaṃ saṅkhatanti? ","html":"{}"},"kv6.2:2.22":{"pli":"Āmantā. ","html":"{}"},"kv6.2:2.23":{"pli":"Paṭiccasamuppādo saṅkhatoti? ","html":"{}"},"kv6.2:2.24":{"pli":"Na hevaṃ vattabbe …pe… ","html":"{}"},"kv6.2:2.25":{"pli":"paṭiccasamuppādo asaṅkhatoti? ","html":"{}"},"kv6.2:2.26":{"pli":"Āmantā. ","html":"{}"},"kv6.2:2.27":{"pli":"Viññāṇapaccayā nāmarūpaṃ asaṅkhatanti? ","html":"{}"},"kv6.2:2.28":{"pli":"Na hevaṃ vattabbe …pe… ","html":"{}"},"kv6.2:2.29":{"pli":"viññāṇapaccayā nāmarūpaṃ saṅkhatanti? ","html":"{}"},"kv6.2:2.30":{"pli":"Āmantā. ","html":"{}"},"kv6.2:2.31":{"pli":"Paṭiccasamuppādo saṅkhatoti? ","html":"{}"},"kv6.2:2.32":{"pli":"Na hevaṃ vattabbe …pe… ","html":"{}"},"kv6.2:2.33":{"pli":"paṭiccasamuppādo asaṅkhatoti? ","html":"{}"},"kv6.2:2.34":{"pli":"Āmantā. ","html":"{}"},"kv6.2:2.35":{"pli":"Jātipaccayā jarāmaraṇaṃ asaṅkhatanti? ","html":"{}"},"kv6.2:2.36":{"pli":"Na hevaṃ vattabbe …pe… ","html":"{}"},"kv6.2:2.37":{"pli":"jātipaccayā jarāmaraṇaṃ saṅkhatanti? ","html":"{}"},"kv6.2:2.38":{"pli":"Āmantā. ","html":"{}"},"kv6.2:2.39":{"pli":"Paṭiccasamuppādo saṅkhatoti? ","html":"{}"},"kv6.2:2.40":{"pli":"Na hevaṃ vattabbe …pe…. ","html":"{}</p>"},"kv6.2:3.1":{"pli":"Na vattabbaṃ—","html":"<p data-doxy='heterodox'>{}"},"kv6.2:3.2":{"pli":"“paṭiccasamuppādo asaṅkhato”ti? ","html":"{}"},"kv6.2:3.3":{"pli":"Āmantā. ","html":"{}"},"kv6.2:3.4":{"pli":"Nanu vuttaṃ bhagavatā—","html":"{}"},"kv6.2:3.5":{"pli":"“jātipaccayā, bhikkhave, jarāmaraṇaṃ. ","html":"{}"},"kv6.2:3.6":{"pli":"Uppādā vā tathāgatānaṃ anuppādā vā tathāgatānaṃ ṭhitāva sā dhātu dhammaṭṭhitatā dhammaniyāmatā idappaccayatā. ","html":"{}"},"kv6.2:3.7":{"pli":"Taṃ tathāgato abhisambujjhati abhisameti. ","html":"{}"},"kv6.2:3.8":{"pli":"Abhisambujjhitvā abhisametvā ācikkhati deseti paññāpeti paṭṭhapeti vivarati vibhajati uttāniṃ karoti. ","html":"{}"},"kv6.2:3.9":{"pli":"‘Passathā’ti cāha—","html":"{}"},"kv6.2:3.10":{"pli":"jātipaccayā, bhikkhave, jarāmaraṇaṃ. ","html":"{}"},"kv6.2:3.11":{"pli":"Bhavapaccayā, bhikkhave, jāti …pe… ","html":"{}"},"kv6.2:3.12":{"pli":"avijjāpaccayā, bhikkhave, saṅkhārā. ","html":"{}"},"kv6.2:3.13":{"pli":"Uppādā vā tathāgatānaṃ anuppādā vā tathāgatānaṃ ṭhitāva sā dhātu …pe… ","html":"{}"},"kv6.2:3.14":{"pli":"‘passathā’ti cāha—","html":"{}"},"kv6.2:3.15":{"pli":"avijjāpaccayā, bhikkhave, saṅkhārā. ","html":"{}"},"kv6.2:3.16":{"pli":"Iti kho, bhikkhave, yā tatra tathatā avitathatā anaññathatā idappaccayatā—","html":"{}"},"kv6.2:3.17":{"pli":"ayaṃ vuccati, bhikkhave, paṭiccasamuppādo”ti. ","html":"{}"},"kv6.2:3.18":{"pli":"Attheva suttantoti? ","html":"{}"},"kv6.2:3.19":{"pli":"Āmantā. ","html":"{}"},"kv6.2:3.20":{"pli":"Tena hi paṭiccasamuppādo asaṅkhatoti. ","html":"{}</p>"},"kv6.2:4.1":{"pli":"“Avijjāpaccayā saṅkhārā”ti yā tattha dhammaṭṭhitatā dhammaniyāmatā asaṅkhatā, nibbānaṃ asaṅkhatanti? ","html":"<p data-doxy='orthodox'>{}"},"kv6.2:4.2":{"pli":"Āmantā. ","html":"{}"},"kv6.2:4.3":{"pli":"Dve asaṅkhatānīti? ","html":"{}"},"kv6.2:4.4":{"pli":"Na hevaṃ vattabbe …pe… ","html":"{}"},"kv6.2:4.5":{"pli":"dve asaṅkhatānīti? ","html":"{}"},"kv6.2:4.6":{"pli":"Āmantā. ","html":"{}"},"kv6.2:4.7":{"pli":"Dve tāṇāni …pe… ","html":"{}"},"kv6.2:4.8":{"pli":"antarikā vāti? ","html":"{}"},"kv6.2:4.9":{"pli":"Na hevaṃ vattabbe …pe…. ","html":"{}</p>"},"kv6.2:5.1":{"pli":"“Avijjāpaccayā saṅkhārā”ti yā tattha dhammaṭṭhitatā dhammaniyāmatā asaṅkhatā, “saṅkhārapaccayā viññāṇan”ti yā tattha dhammaṭṭhitatā dhammaniyāmatā asaṅkhatā, nibbānaṃ asaṅkhatanti? ","html":"<p data-doxy='orthodox'>{}"},"kv6.2:5.2":{"pli":"Āmantā. ","html":"{}"},"kv6.2:5.3":{"pli":"Tīṇi asaṅkhatānīti? ","html":"{}"},"kv6.2:5.4":{"pli":"Na hevaṃ vattabbe …pe…. ","html":"{}"},"kv6.2:5.5":{"pli":"Tīṇi asaṅkhatānīti? ","html":"{}"},"kv6.2:5.6":{"pli":"Āmantā. ","html":"{}"},"kv6.2:5.7":{"pli":"Tīṇi tāṇāni …pe… ","html":"{}"},"kv6.2:5.8":{"pli":"antarikā vāti? ","html":"{}"},"kv6.2:5.9":{"pli":"Na hevaṃ vattabbe …pe…. ","html":"{}</p>"},"kv6.2:6.1":{"pli":"“Avijjāpaccayā saṅkhārā”ti yā tattha dhammaṭṭhitatā dhammaniyāmatā asaṅkhatā, “saṅkhārapaccayā viññāṇan”ti yā tattha dhammaṭṭhitatā dhammaniyāmatā asaṅkhatā …pe… ","html":"<p data-doxy='orthodox'>{}"},"kv6.2:6.2":{"pli":"“jātipaccayā jarāmaraṇan”ti yā tattha dhammaṭṭhitatā dhammaniyāmatā asaṅkhatā, nibbānaṃ asaṅkhatanti? ","html":"{}"},"kv6.2:6.3":{"pli":"Āmantā. ","html":"{}"},"kv6.2:6.4":{"pli":"Dvādasa asaṅkhatānīti? ","html":"{}"},"kv6.2:6.5":{"pli":"Na hevaṃ vattabbe …pe… ","html":"{}"},"kv6.2:6.6":{"pli":"dvādasa asaṅkhatānīti? ","html":"{}"},"kv6.2:6.7":{"pli":"Āmantā. ","html":"{}"},"kv6.2:6.8":{"pli":"Dvādasa tāṇāni dvādasa leṇāni …pe… ","html":"{}"},"kv6.2:6.9":{"pli":"antarikā vāti? ","html":"{}"},"kv6.2:6.10":{"pli":"Na hevaṃ vattabbe …pe…. ","html":"{}</p>"},"kv6.2:6.11":{"pli":"Paṭiccasamuppādakathā niṭṭhitā. ","html":"<p class='endsutta'>{}</p></article>"}},"kv6.3":{"kv6.3:0.1":{"pli":"Kathāvatthu ","html":"<article id='kv6.3'><header><ul><li class='division'>{}</li>"},"kv6.3:0.2":{"pli":"Mahāpaṇṇāsaka ","html":"<li>{}</li>"},"kv6.3:0.3":{"pli":"Chaṭṭhavagga ","html":"<li>{}</li></ul>"},"kv6.3:0.4":{"pli":"Saccakathā ","html":"<h1 class='sutta-title'>{}</h1></header>"},"kv6.3:1.1":{"pli":"Cattāri saccāni asaṅkhatānīti? ","html":"<p data-doxy='orthodox'>{}"},"kv6.3:1.2":{"pli":"Āmantā. ","html":"{}"},"kv6.3:1.3":{"pli":"Cattāri tāṇāni cattāri leṇāni cattāri saraṇāni cattāri parāyanāni cattāri accutāni cattāri amatāni cattāri nibbānānīti? ","html":"{}"},"kv6.3:1.4":{"pli":"Na hevaṃ vattabbe …pe… ","html":"{}"},"kv6.3:1.5":{"pli":"cattāri nibbānānīti? ","html":"{}"},"kv6.3:1.6":{"pli":"Āmantā. ","html":"{}"},"kv6.3:1.7":{"pli":"Atthi catunnaṃ nibbānānaṃ uccanīcatā hīnapaṇītatā ukkaṃsāvakaṃso sīmā vā bhedo vā rāji vā antarikā vāti? ","html":"{}"},"kv6.3:1.8":{"pli":"Na hevaṃ vattabbe …pe…. ","html":"{}</p>"},"kv6.3:2.1":{"pli":"Dukkhasaccaṃ asaṅkhatanti? ","html":"<p data-doxy='orthodox'>{}"},"kv6.3:2.2":{"pli":"Āmantā. ","html":"{}"},"kv6.3:2.3":{"pli":"Dukkhaṃ asaṅkhatanti? ","html":"{}"},"kv6.3:2.4":{"pli":"Na hevaṃ vattabbe …pe… ","html":"{}"},"kv6.3:2.5":{"pli":"dukkhasaccaṃ asaṅkhatanti? ","html":"{}"},"kv6.3:2.6":{"pli":"Āmantā. ","html":"{}"},"kv6.3:2.7":{"pli":"Kāyikaṃ dukkhaṃ cetasikaṃ dukkhaṃ sokaparidevadukkhadomanassaupāyāsā asaṅkhatāti? ","html":"{}"},"kv6.3:2.8":{"pli":"Na hevaṃ vattabbe …pe… ","html":"{}"},"kv6.3:2.9":{"pli":"samudayasaccaṃ asaṅkhatanti? ","html":"{}"},"kv6.3:2.10":{"pli":"Āmantā. ","html":"{}"},"kv6.3:2.11":{"pli":"Samudayo asaṅkhatoti? ","html":"{}"},"kv6.3:2.12":{"pli":"Na hevaṃ vattabbe …pe… ","html":"{}"},"kv6.3:2.13":{"pli":"samudayasaccaṃ asaṅkhatanti? ","html":"{}"},"kv6.3:2.14":{"pli":"Āmantā. ","html":"{}"},"kv6.3:2.15":{"pli":"Kāmataṇhā bhavataṇhā vibhavataṇhā asaṅkhatāti? ","html":"{}"},"kv6.3:2.16":{"pli":"Na hevaṃ vattabbe …pe… ","html":"{}"},"kv6.3:2.17":{"pli":"maggasaccaṃ asaṅkhatanti? ","html":"{}"},"kv6.3:2.18":{"pli":"Āmantā. ","html":"{}"},"kv6.3:2.19":{"pli":"Maggo asaṅkhatoti? ","html":"{}"},"kv6.3:2.20":{"pli":"Na hevaṃ vattabbe …pe… ","html":"{}"},"kv6.3:2.21":{"pli":"maggasaccaṃ asaṅkhatanti? ","html":"{}"},"kv6.3:2.22":{"pli":"Āmantā. ","html":"{}"},"kv6.3:2.23":{"pli":"sammādiṭṭhi …pe… sammāsamādhi asaṅkhatoti? ","html":"{}"},"kv6.3:2.24":{"pli":"Na hevaṃ vattabbe …pe…. ","html":"{}</p>"},"kv6.3:3.1":{"pli":"Dukkhaṃ saṅkhatanti? ","html":"<p data-doxy='orthodox'>{}"},"kv6.3:3.2":{"pli":"Āmantā. ","html":"{}"},"kv6.3:3.3":{"pli":"Dukkhasaccaṃ saṅkhatanti? ","html":"{}"},"kv6.3:3.4":{"pli":"Na hevaṃ vattabbe …pe… ","html":"{}"},"kv6.3:3.5":{"pli":"kāyikaṃ dukkhaṃ cetasikaṃ dukkhaṃ sokaparidevadukkhadomanassaupāyāsā saṅkhatāti? ","html":"{}"},"kv6.3:3.6":{"pli":"Āmantā. ","html":"{}"},"kv6.3:3.7":{"pli":"Dukkhasaccaṃ saṅkhatanti? ","html":"{}"},"kv6.3:3.8":{"pli":"Na hevaṃ vattabbe …pe… ","html":"{}"},"kv6.3:3.9":{"pli":"samudayo saṅkhatoti? ","html":"{}"},"kv6.3:3.10":{"pli":"Āmantā. ","html":"{}"},"kv6.3:3.11":{"pli":"Samudayasaccaṃ saṅkhatanti? ","html":"{}"},"kv6.3:3.12":{"pli":"Na hevaṃ vattabbe …pe… ","html":"{}"},"kv6.3:3.13":{"pli":"kāmataṇhā bhavataṇhā vibhavataṇhā saṅkhatāti? ","html":"{}"},"kv6.3:3.14":{"pli":"Āmantā. ","html":"{}"},"kv6.3:3.15":{"pli":"Samudayasaccaṃ saṅkhatanti? ","html":"{}"},"kv6.3:3.16":{"pli":"Na hevaṃ vattabbe …pe… ","html":"{}"},"kv6.3:3.17":{"pli":"maggo saṅkhatoti? ","html":"{}"},"kv6.3:3.18":{"pli":"Āmantā. ","html":"{}"},"kv6.3:3.19":{"pli":"Maggasaccaṃ saṅkhatanti? ","html":"{}"},"kv6.3:3.20":{"pli":"Na hevaṃ vattabbe …pe… ","html":"{}"},"kv6.3:3.21":{"pli":"sammādiṭṭhi …pe… sammāsamādhi saṅkhatoti? ","html":"{}"},"kv6.3:3.22":{"pli":"Āmantā. ","html":"{}"},"kv6.3:3.23":{"pli":"Maggasaccaṃ saṅkhatanti? ","html":"{}"},"kv6.3:3.24":{"pli":"Na hevaṃ vattabbe …pe…. ","html":"{}</p>"},"kv6.3:4.1":{"pli":"Nirodhasaccaṃ asaṅkhataṃ, nirodho asaṅkhatoti? ","html":"<p data-doxy='orthodox'>{}"},"kv6.3:4.2":{"pli":"Āmantā. ","html":"{}"},"kv6.3:4.3":{"pli":"Dukkhasaccaṃ asaṅkhataṃ, dukkhaṃ asaṅkhatanti? ","html":"{}"},"kv6.3:4.4":{"pli":"Na hevaṃ vattabbe …pe… ","html":"{}"},"kv6.3:4.5":{"pli":"nirodhasaccaṃ asaṅkhataṃ, nirodho asaṅkhatoti? ","html":"{}"},"kv6.3:4.6":{"pli":"Āmantā. ","html":"{}"},"kv6.3:4.7":{"pli":"Samudayasaccaṃ asaṅkhataṃ, samudayo asaṅkhatoti? ","html":"{}"},"kv6.3:4.8":{"pli":"Na hevaṃ vattabbe …pe… ","html":"{}"},"kv6.3:4.9":{"pli":"nirodhasaccaṃ asaṅkhataṃ, nirodho asaṅkhatoti? ","html":"{}"},"kv6.3:4.10":{"pli":"Āmantā. ","html":"{}"},"kv6.3:4.11":{"pli":"Maggasaccaṃ asaṅkhataṃ, maggo asaṅkhatoti? ","html":"{}"},"kv6.3:4.12":{"pli":"Na hevaṃ vattabbe …pe…. ","html":"{}</p>"},"kv6.3:5.1":{"pli":"Dukkhasaccaṃ asaṅkhataṃ, dukkhaṃ saṅkhatanti? ","html":"<p data-doxy='orthodox'>{}"},"kv6.3:5.2":{"pli":"Āmantā. ","html":"{}"},"kv6.3:5.3":{"pli":"Nirodhasaccaṃ asaṅkhataṃ, nirodho saṅkhatoti? ","html":"{}"},"kv6.3:5.4":{"pli":"Na hevaṃ vattabbe …pe… ","html":"{}"},"kv6.3:5.5":{"pli":"samudayasaccaṃ asaṅkhataṃ, samudayo saṅkhatoti? ","html":"{}"},"kv6.3:5.6":{"pli":"Āmantā. ","html":"{}"},"kv6.3:5.7":{"pli":"Nirodhasaccaṃ asaṅkhataṃ, nirodho saṅkhatoti? ","html":"{}"},"kv6.3:5.8":{"pli":"Na hevaṃ vattabbe …pe… ","html":"{}"},"kv6.3:5.9":{"pli":"maggasaccaṃ asaṅkhataṃ, maggo saṅkhatoti? ","html":"{}"},"kv6.3:5.10":{"pli":"Āmantā. ","html":"{}"},"kv6.3:5.11":{"pli":"Nirodhasaccaṃ asaṅkhataṃ, nirodho saṅkhatoti? ","html":"{}"},"kv6.3:5.12":{"pli":"Na hevaṃ vattabbe …pe…. ","html":"{}</p>"},"kv6.3:6.1":{"pli":"Na vattabbaṃ—","html":"<p data-doxy='heterodox'>{}"},"kv6.3:6.2":{"pli":"“cattāri saccāni asaṅkhatānī”ti? ","html":"{}"},"kv6.3:6.3":{"pli":"Āmantā. ","html":"{}"},"kv6.3:6.4":{"pli":"Nanu vuttaṃ bhagavatā—","html":"{}"},"kv6.3:6.5":{"pli":"“cattārimāni, bhikkhave, tathāni avitathāni anaññathāni. ","html":"{}"},"kv6.3:6.6":{"pli":"Katamāni cattāri? ","html":"{}"},"kv6.3:6.7":{"pli":"‘Idaṃ dukkhan’ti, bhikkhave, tathametaṃ avitathametaṃ anaññathametaṃ …pe… ","html":"{}"},"kv6.3:6.8":{"pli":"‘ayaṃ dukkhasamudayo’ti …pe… ","html":"{}"},"kv6.3:6.9":{"pli":"‘ayaṃ dukkhanirodho’ti …pe… ","html":"{}"},"kv6.3:6.10":{"pli":"‘ayaṃ dukkhanirodhagāminī paṭipadā’ti tathametaṃ avitathametaṃ anaññathametaṃ. ","html":"{}"},"kv6.3:6.11":{"pli":"Imāni kho, bhikkhave, cattāri tathāni avitathāni anaññathānī”ti. ","html":"{}"},"kv6.3:6.12":{"pli":"Attheva suttantoti? ","html":"{}"},"kv6.3:6.13":{"pli":"Āmantā. ","html":"{}"},"kv6.3:6.14":{"pli":"Tena hi cattāri saccāni asaṅkhatānīti. ","html":"{}</p>"},"kv6.3:6.15":{"pli":"Saccakathā niṭṭhitā. ","html":"<p class='endsutta'>{}</p></article>"}}}