{"kv3.6":{"kv3.6:0.1":{"pli":"Kathāvatthu ","html":"<article id='kv3.6'><header><ul><li class='division'>{}</li>"},"kv3.6:0.2":{"pli":"Mahāpaṇṇāsaka ","html":"<li>{}</li>"},"kv3.6:0.3":{"pli":"Tatiyavagga ","html":"<li>{}</li></ul>"},"kv3.6:0.4":{"pli":"Aṭṭhamakassaindriyakathā ","html":"<h1 class='sutta-title'>{}</h1></header>"},"kv3.6:1.1":{"pli":"Aṭṭhamakassa puggalassa natthi saddhindriyanti? ","html":"<p data-doxy='orthodox'>{}"},"kv3.6:1.2":{"pli":"Āmantā. ","html":"{}"},"kv3.6:1.3":{"pli":"Aṭṭhamakassa puggalassa natthi saddhāti? ","html":"{}"},"kv3.6:1.4":{"pli":"Na hevaṃ vattabbe. ","html":"{}"},"kv3.6:1.5":{"pli":"Aṭṭhamakassa puggalassa natthi vīriyindriyaṃ …pe… ","html":"{}"},"kv3.6:1.6":{"pli":"natthi satindriyaṃ …pe… ","html":"{}"},"kv3.6:1.7":{"pli":"natthi samādhindriyaṃ …pe… ","html":"{}"},"kv3.6:1.8":{"pli":"natthi paññindriyanti? ","html":"{}"},"kv3.6:1.9":{"pli":"Āmantā. ","html":"{}"},"kv3.6:1.10":{"pli":"Aṭṭhamakassa puggalassa natthi paññāti? ","html":"{}"},"kv3.6:1.11":{"pli":"Na hevaṃ vattabbe …pe…. ","html":"{}</p>"},"kv3.6:2.1":{"pli":"Aṭṭhamakassa puggalassa atthi saddhāti? ","html":"<p data-doxy='orthodox'>{}"},"kv3.6:2.2":{"pli":"Āmantā. ","html":"{}"},"kv3.6:2.3":{"pli":"Aṭṭhamakassa puggalassa atthi saddhindriyanti? ","html":"{}"},"kv3.6:2.4":{"pli":"Na hevaṃ vattabbe …pe… ","html":"{}"},"kv3.6:2.5":{"pli":"aṭṭhamakassa puggalassa atthi vīriyaṃ …pe… ","html":"{}"},"kv3.6:2.6":{"pli":"atthi sati … ","html":"{}"},"kv3.6:2.7":{"pli":"atthi samādhi … ","html":"{}"},"kv3.6:2.8":{"pli":"atthi paññāti? ","html":"{}"},"kv3.6:2.9":{"pli":"Āmantā. ","html":"{}"},"kv3.6:2.10":{"pli":"Aṭṭhamakassa puggalassa atthi paññindriyanti? ","html":"{}"},"kv3.6:2.11":{"pli":"Na hevaṃ vattabbe …pe…. ","html":"{}</p>"},"kv3.6:3.1":{"pli":"Aṭṭhamakassa puggalassa atthi mano, atthi manindriyanti? ","html":"<p data-doxy='orthodox'>{}"},"kv3.6:3.2":{"pli":"Āmantā. ","html":"{}"},"kv3.6:3.3":{"pli":"Aṭṭhamakassa puggalassa atthi saddhā, atthi saddhindriyanti? ","html":"{}"},"kv3.6:3.4":{"pli":"Na hevaṃ vattabbe …pe… ","html":"{}"},"kv3.6:3.5":{"pli":"aṭṭhamakassa puggalassa atthi mano, atthi manindriyanti? ","html":"{}"},"kv3.6:3.6":{"pli":"Āmantā. ","html":"{}"},"kv3.6:3.7":{"pli":"Aṭṭhamakassa puggalassa atthi paññā, atthi paññindriyanti? ","html":"{}"},"kv3.6:3.8":{"pli":"Na hevaṃ vattabbe …pe…. ","html":"{}</p>"},"kv3.6:4.1":{"pli":"Aṭṭhamakassa puggalassa atthi somanassaṃ, atthi somanassindriyaṃ, atthi jīvitaṃ, atthi jīvitindriyanti? ","html":"<p data-doxy='orthodox'>{}"},"kv3.6:4.2":{"pli":"Āmantā. ","html":"{}"},"kv3.6:4.3":{"pli":"Aṭṭhamakassa puggalassa atthi saddhā, atthi saddhindriyanti? ","html":"{}"},"kv3.6:4.4":{"pli":"Na hevaṃ vattabbe …pe… ","html":"{}"},"kv3.6:4.5":{"pli":"aṭṭhamakassa puggalassa atthi jīvitaṃ, atthi jīvitindriyanti? ","html":"{}"},"kv3.6:4.6":{"pli":"Āmantā. ","html":"{}"},"kv3.6:4.7":{"pli":"Aṭṭhamakassa puggalassa …pe… ","html":"{}"},"kv3.6:4.8":{"pli":"atthi paññā, atthi paññindriyanti? ","html":"{}"},"kv3.6:4.9":{"pli":"Na hevaṃ vattabbe …pe…. ","html":"{}</p>"},"kv3.6:5.1":{"pli":"Aṭṭhamakassa puggalassa atthi saddhā, natthi saddhindriyanti? ","html":"<p data-doxy='orthodox'>{}"},"kv3.6:5.2":{"pli":"Āmantā. ","html":"{}"},"kv3.6:5.3":{"pli":"Aṭṭhamakassa puggalassa atthi mano, natthi manindriyanti? ","html":"{}"},"kv3.6:5.4":{"pli":"Na hevaṃ vattabbe …pe…. ","html":"{}</p>"},"kv3.6:6.1":{"pli":"Aṭṭhamakassa puggalassa atthi saddhā, natthi saddhindriyanti? ","html":"<p data-doxy='orthodox'>{}"},"kv3.6:6.2":{"pli":"Āmantā. ","html":"{}"},"kv3.6:6.3":{"pli":"Aṭṭhamakassa puggalassa atthi somanassaṃ, natthi somanassindriyanti …pe… atthi jīvitaṃ, natthi jīvitindriyanti? ","html":"{}"},"kv3.6:6.4":{"pli":"Na hevaṃ vattabbe …pe… ","html":"{}"},"kv3.6:6.5":{"pli":"aṭṭhamakassa puggalassa atthi paññā, natthi paññindriyanti? ","html":"{}"},"kv3.6:6.6":{"pli":"Āmantā. ","html":"{}"},"kv3.6:6.7":{"pli":"Aṭṭhamakassa puggalassa atthi mano, natthi manindriyanti? ","html":"{}"},"kv3.6:6.8":{"pli":"Atthi somanassaṃ, natthi somanassindriyanti? ","html":"{}"},"kv3.6:6.9":{"pli":"Atthi jīvitaṃ, natthi jīvitindriyanti? ","html":"{}"},"kv3.6:6.10":{"pli":"Na hevaṃ vattabbe …pe…. ","html":"{}</p>"},"kv3.6:7.1":{"pli":"Aṭṭhamakassa puggalassa natthi saddhindriyanti? ","html":"<p data-doxy='orthodox'>{}"},"kv3.6:7.2":{"pli":"Āmantā. ","html":"{}"},"kv3.6:7.3":{"pli":"Aṭṭhamako puggalo assaddhoti? ","html":"{}"},"kv3.6:7.4":{"pli":"Na hevaṃ vattabbe …pe… ","html":"{}"},"kv3.6:7.5":{"pli":"aṭṭhamakassa puggalassa natthi vīriyindriyanti? ","html":"{}"},"kv3.6:7.6":{"pli":"Āmantā. ","html":"{}"},"kv3.6:7.7":{"pli":"Aṭṭhamako puggalo kusīto hīnavīriyoti? ","html":"{}"},"kv3.6:7.8":{"pli":"Na hevaṃ vattabbe …pe… ","html":"{}"},"kv3.6:7.9":{"pli":"aṭṭhamakassa puggalassa natthi satindriyanti? ","html":"{}"},"kv3.6:7.10":{"pli":"Āmantā. ","html":"{}"},"kv3.6:7.11":{"pli":"Aṭṭhamako puggalo muṭṭhassati asampajānoti? ","html":"{}"},"kv3.6:7.12":{"pli":"Na hevaṃ vattabbe …pe… ","html":"{}"},"kv3.6:7.13":{"pli":"aṭṭhamakassa puggalassa natthi samādhindriyanti? ","html":"{}"},"kv3.6:7.14":{"pli":"Āmantā. ","html":"{}"},"kv3.6:7.15":{"pli":"Aṭṭhamako puggalo asamāhito vibbhantacittoti? ","html":"{}"},"kv3.6:7.16":{"pli":"Na hevaṃ vattabbe …pe… ","html":"{}"},"kv3.6:7.17":{"pli":"aṭṭhamakassa puggalassa natthi paññindriyanti? ","html":"{}"},"kv3.6:7.18":{"pli":"Āmantā. ","html":"{}"},"kv3.6:7.19":{"pli":"Aṭṭhamako puggalo duppañño elamūgoti? ","html":"{}"},"kv3.6:7.20":{"pli":"Na hevaṃ vattabbe …pe…. ","html":"{}</p>"},"kv3.6:8.1":{"pli":"Aṭṭhamakassa puggalassa atthi saddhā, sā ca saddhā niyyānikāti? ","html":"<p data-doxy='orthodox'>{}"},"kv3.6:8.2":{"pli":"Āmantā. ","html":"{}"},"kv3.6:8.3":{"pli":"Hañci aṭṭhamakassa puggalassa atthi saddhā, sā ca saddhā niyyānikā, no ca vata re vattabbe—","html":"{}"},"kv3.6:8.4":{"pli":"“aṭṭhamakassa puggalassa natthi saddhindriyan”ti. ","html":"{}"},"kv3.6:8.5":{"pli":"Aṭṭhamakassa puggalassa atthi vīriyaṃ, tañca vīriyaṃ niyyānikaṃ; ","html":"{}"},"kv3.6:8.6":{"pli":"atthi sati, sā ca sati niyyānikā; ","html":"{}"},"kv3.6:8.7":{"pli":"atthi samādhi, so ca samādhi niyyāniko; ","html":"{}"},"kv3.6:8.8":{"pli":"atthi paññā, sā ca paññā niyyānikāti? ","html":"{}"},"kv3.6:8.9":{"pli":"Āmantā. ","html":"{}"},"kv3.6:8.10":{"pli":"Hañci aṭṭhamakassa puggalassa atthi paññā, sā ca paññā niyyānikā, no ca vata re vattabbe—","html":"{}"},"kv3.6:8.11":{"pli":"“aṭṭhamakassa puggalassa natthi paññindriyan”ti. ","html":"{}</p>"},"kv3.6:9.1":{"pli":"Sakadāgāmiphalasacchikiriyāya paṭipannassa puggalassa atthi saddhā, atthi saddhindriyanti? ","html":"<p data-doxy='orthodox'>{}"},"kv3.6:9.2":{"pli":"Āmantā. ","html":"{}"},"kv3.6:9.3":{"pli":"Aṭṭhamakassa puggalassa atthi saddhā, atthi saddhindriyanti? ","html":"{}"},"kv3.6:9.4":{"pli":"Na hevaṃ vattabbe …pe… ","html":"{}"},"kv3.6:9.5":{"pli":"sakadāgāmiphalasacchikiriyāya paṭipannassa puggalassa atthi paññā, atthi paññindriyanti? ","html":"{}"},"kv3.6:9.6":{"pli":"Āmantā. ","html":"{}"},"kv3.6:9.7":{"pli":"Aṭṭhamakassa puggalassa atthi paññā, atthi paññindriyanti? ","html":"{}"},"kv3.6:9.8":{"pli":"Na hevaṃ vattabbe …pe…. ","html":"{}</p>"},"kv3.6:10.1":{"pli":"Anāgāmiphalasacchikiriyāya paṭipannassa puggalassa … ","html":"<p data-doxy='orthodox'>{}"},"kv3.6:10.2":{"pli":"arahattasacchikiriyāya paṭipannassa puggalassa atthi saddhā, atthi saddhindriyaṃ …pe… ","html":"{}"},"kv3.6:10.3":{"pli":"atthi paññā, atthi paññindriyanti? ","html":"{}"},"kv3.6:10.4":{"pli":"Āmantā. ","html":"{}"},"kv3.6:10.5":{"pli":"Aṭṭhamakassa puggalassa atthi paññā, atthi paññindriyanti? ","html":"{}"},"kv3.6:10.6":{"pli":"Na hevaṃ vattabbe …pe…. ","html":"{}</p>"},"kv3.6:11.1":{"pli":"Aṭṭhamakassa puggalassa atthi saddhā, natthi saddhindriyanti? ","html":"<p data-doxy='orthodox'>{}"},"kv3.6:11.2":{"pli":"Āmantā. ","html":"{}"},"kv3.6:11.3":{"pli":"Sakadāgāmiphalasacchikiriyāya paṭipannassa puggalassa atthi saddhā, natthi saddhindriyanti? ","html":"{}"},"kv3.6:11.4":{"pli":"Na hevaṃ vattabbe …pe… ","html":"{}"},"kv3.6:11.5":{"pli":"aṭṭhamakassa puggalassa atthi paññā, natthi paññindriyanti? ","html":"{}"},"kv3.6:11.6":{"pli":"Āmantā. ","html":"{}"},"kv3.6:11.7":{"pli":"Sakadāgāmiphalasacchikiriyāya paṭipannassa puggalassa atthi paññā, natthi paññindriyanti? ","html":"{}"},"kv3.6:11.8":{"pli":"Na hevaṃ vattabbe …pe…. ","html":"{}</p>"},"kv3.6:12.1":{"pli":"Aṭṭhamakassa puggalassa atthi saddhā, natthi saddhindriyanti …pe… ","html":"<p data-doxy='orthodox'>{}"},"kv3.6:12.2":{"pli":"atthi paññā, natthi paññindriyanti? ","html":"{}"},"kv3.6:12.3":{"pli":"Āmantā. ","html":"{}"},"kv3.6:12.4":{"pli":"Anāgāmiphalasacchikiriyāya paṭipannassa puggalassa … ","html":"{}"},"kv3.6:12.5":{"pli":"arahattasacchikiriyāya paṭipannassa puggalassa atthi paññā, natthi paññindriyanti? ","html":"{}"},"kv3.6:12.6":{"pli":"Na hevaṃ vattabbe …pe…. ","html":"{}</p>"},"kv3.6:13.1":{"pli":"Aṭṭhamakassa puggalassa natthi pañcindriyānīti? ","html":"<p data-doxy='orthodox'>{}"},"kv3.6:13.2":{"pli":"Āmantā. ","html":"{}"},"kv3.6:13.3":{"pli":"Nanu vuttaṃ bhagavatā—","html":"{}"},"kv3.6:13.4":{"pli":"“pañcimāni, bhikkhave, indriyāni. ","html":"{}"},"kv3.6:13.5":{"pli":"Katamāni pañca? ","html":"{}"},"kv3.6:13.6":{"pli":"Saddhindriyaṃ, vīriyindriyaṃ, satindriyaṃ, samādhindriyaṃ, paññindriyaṃ—","html":"{}"},"kv3.6:13.7":{"pli":"imāni kho, bhikkhave, pañcindriyāni. ","html":"{}"},"kv3.6:13.8":{"pli":"Imesaṃ kho, bhikkhave, pañcannaṃ indriyānaṃ samattā paripūrattā arahā hoti. ","html":"{}"},"kv3.6:13.9":{"pli":"Tato mudutarehi arahattasacchikiriyāya paṭipanno hoti, tato mudutarehi anāgāmī hoti, tato mudutarehi anāgāmiphalasacchikiriyāya paṭipanno hoti, tato mudutarehi sakadāgāmī hoti, tato mudutarehi sakadāgāmiphalasacchikiriyāya paṭipanno hoti, tato mudutarehi sotāpanno hoti, tato mudutarehi sotāpattiphalasacchikiriyāya paṭipanno hoti. ","html":"{}"},"kv3.6:13.10":{"pli":"Yassa kho, bhikkhave, imāni pañcindriyāni sabbena sabbaṃ sabbathā sabbaṃ natthi, tamahaṃ ‘bāhiro puthujjanapakkhe ṭhito’ti vadāmī”ti. ","html":"{}"},"kv3.6:13.11":{"pli":"Attheva suttantoti? ","html":"{}"},"kv3.6:13.12":{"pli":"Āmantā. ","html":"{}"},"kv3.6:13.13":{"pli":"Aṭṭhamako puggalo bāhiro puthujjanapakkhe ṭhitoti? ","html":"{}"},"kv3.6:13.14":{"pli":"Na hevaṃ vattabbe …pe… ","html":"{}"},"kv3.6:13.15":{"pli":"tena hi aṭṭhamakassa puggalassa atthi pañcindriyānīti. ","html":"{}</p>"},"kv3.6:13.16":{"pli":"Aṭṭhamakassa indriyakathā niṭṭhitā. ","html":"<p class='endsutta'>{}</p></article>"}},"kv3.7":{"kv3.7:0.1":{"pli":"Kathāvatthu ","html":"<article id='kv3.7'><header><ul><li class='division'>{}</li>"},"kv3.7:0.2":{"pli":"Mahāpaṇṇāsaka ","html":"<li>{}</li>"},"kv3.7:0.3":{"pli":"Tatiyavagga ","html":"<li>{}</li></ul>"},"kv3.7:0.4":{"pli":"Dibbacakkhukathā ","html":"<h1 class='sutta-title'>{}</h1></header>"},"kv3.7:1.1":{"pli":"Maṃsacakkhuṃ dhammupatthaddhaṃ dibbacakkhuṃ hotīti? ","html":"<p data-doxy='orthodox'>{}"},"kv3.7:1.2":{"pli":"Āmantā. ","html":"{}"},"kv3.7:1.3":{"pli":"Maṃsacakkhuṃ dibbacakkhuṃ, dibbacakkhuṃ maṃsacakkhunti? ","html":"{}"},"kv3.7:1.4":{"pli":"Na hevaṃ vattabbe …pe…. ","html":"{}</p>"},"kv3.7:2.1":{"pli":"Maṃsacakkhuṃ dhammupatthaddhaṃ dibbacakkhuṃ hotīti? ","html":"<p data-doxy='orthodox'>{}"},"kv3.7:2.2":{"pli":"Āmantā. ","html":"{}"},"kv3.7:2.3":{"pli":"Yādisaṃ maṃsacakkhuṃ tādisaṃ dibbacakkhuṃ, yādisaṃ dibbacakkhuṃ tādisaṃ maṃsacakkhunti? ","html":"{}"},"kv3.7:2.4":{"pli":"Na hevaṃ vattabbe …pe…. ","html":"{}</p>"},"kv3.7:3.1":{"pli":"Maṃsacakkhuṃ dhammupatthaddhaṃ dibbacakkhuṃ hotīti? ","html":"<p data-doxy='orthodox'>{}"},"kv3.7:3.2":{"pli":"Āmantā. ","html":"{}"},"kv3.7:3.3":{"pli":"Taññeva maṃsacakkhuṃ taṃ dibbacakkhuṃ, taṃ dibbacakkhuṃ taṃ maṃsacakkhunti? ","html":"{}"},"kv3.7:3.4":{"pli":"Na hevaṃ vattabbe …pe…. ","html":"{}</p>"},"kv3.7:4.1":{"pli":"Maṃsacakkhuṃ dhammupatthaddhaṃ dibbacakkhuṃ hotīti? ","html":"<p data-doxy='orthodox'>{}"},"kv3.7:4.2":{"pli":"Āmantā. ","html":"{}"},"kv3.7:4.3":{"pli":"Yādiso maṃsacakkhussa visayo ānubhāvo gocaro tādiso dibbassa cakkhussa visayo ānubhāvo gocaroti? ","html":"{}"},"kv3.7:4.4":{"pli":"Na hevaṃ vattabbe …pe…. ","html":"{}</p>"},"kv3.7:5.1":{"pli":"Maṃsacakkhuṃ dhammupatthaddhaṃ dibbacakkhuṃ hotīti? ","html":"<p data-doxy='orthodox'>{}"},"kv3.7:5.2":{"pli":"Āmantā. ","html":"{}"},"kv3.7:5.3":{"pli":"Upādinnaṃ hutvā anupādinnaṃ hotīti? ","html":"{}"},"kv3.7:5.4":{"pli":"Na hevaṃ vattabbe …pe…. ","html":"{}</p>"},"kv3.7:6.1":{"pli":"Upādinnaṃ hutvā anupādinnaṃ hotīti? ","html":"<p data-doxy='orthodox'>{}"},"kv3.7:6.2":{"pli":"Āmantā. ","html":"{}"},"kv3.7:6.3":{"pli":"Kāmāvacaraṃ hutvā rūpāvacaraṃ hotīti? ","html":"{}"},"kv3.7:6.4":{"pli":"Na hevaṃ vattabbe …pe…. ","html":"{}</p>"},"kv3.7:7.1":{"pli":"Kāmāvacaraṃ hutvā rūpāvacaraṃ hotīti? ","html":"<p data-doxy='orthodox'>{}"},"kv3.7:7.2":{"pli":"Āmantā. ","html":"{}"},"kv3.7:7.3":{"pli":"Rūpāvacaraṃ hutvā arūpāvacaraṃ hotīti? ","html":"{}"},"kv3.7:7.4":{"pli":"Na hevaṃ vattabbe …pe…. ","html":"{}</p>"},"kv3.7:8.1":{"pli":"Rūpāvacaraṃ hutvā arūpāvacaraṃ hotīti? ","html":"<p data-doxy='orthodox'>{}"},"kv3.7:8.2":{"pli":"Āmantā. ","html":"{}"},"kv3.7:8.3":{"pli":"Pariyāpannaṃ hutvā apariyāpannaṃ hotīti? ","html":"{}"},"kv3.7:8.4":{"pli":"Na hevaṃ vattabbe …pe…. ","html":"{}</p>"},"kv3.7:9.1":{"pli":"Maṃsacakkhuṃ dhammupatthaddhaṃ dibbacakkhuṃ hotīti? ","html":"<p data-doxy='orthodox'>{}"},"kv3.7:9.2":{"pli":"Āmantā. ","html":"{}"},"kv3.7:9.3":{"pli":"Dibbacakkhuṃ dhammupatthaddhaṃ maṃsacakkhuṃ hotīti? ","html":"{}"},"kv3.7:9.4":{"pli":"Na hevaṃ vattabbe …pe…. ","html":"{}</p>"},"kv3.7:10.1":{"pli":"Maṃsacakkhuṃ dhammupatthaddhaṃ dibbacakkhuṃ hotīti? ","html":"<p data-doxy='orthodox'>{}"},"kv3.7:10.2":{"pli":"Āmantā. ","html":"{}"},"kv3.7:10.3":{"pli":"Dibbacakkhuṃ dhammupatthaddhaṃ paññācakkhuṃ hotīti? ","html":"{}"},"kv3.7:10.4":{"pli":"Na hevaṃ vattabbe …pe…. ","html":"{}</p>"},"kv3.7:11.1":{"pli":"Maṃsacakkhuṃ dhammupatthaddhaṃ dibbacakkhuṃ hotīti? ","html":"<p data-doxy='orthodox'>{}"},"kv3.7:11.2":{"pli":"Āmantā. ","html":"{}"},"kv3.7:11.3":{"pli":"Dibbacakkhuṃ dhammupatthaddhaṃ maṃsacakkhuṃ hotīti? ","html":"{}"},"kv3.7:11.4":{"pli":"Na hevaṃ vattabbe …pe…. ","html":"{}</p>"},"kv3.7:12.1":{"pli":"Maṃsacakkhuṃ dhammupatthaddhaṃ dibbacakkhuṃ hotīti? ","html":"<p data-doxy='orthodox'>{}"},"kv3.7:12.2":{"pli":"Āmantā. ","html":"{}"},"kv3.7:12.3":{"pli":"Dveva cakkhūnīti? ","html":"{}"},"kv3.7:12.4":{"pli":"Na hevaṃ vattabbe …pe… ","html":"{}"},"kv3.7:12.5":{"pli":"dveva cakkhūnīti? ","html":"{}"},"kv3.7:12.6":{"pli":"Āmantā. ","html":"{}"},"kv3.7:12.7":{"pli":"Nanu tīṇi cakkhūni vuttāni bhagavatā—","html":"{}"},"kv3.7:12.8":{"pli":"maṃsacakkhuṃ, dibbacakkhuṃ, paññācakkhunti? ","html":"{}"},"kv3.7:12.9":{"pli":"Āmantā. ","html":"{}"},"kv3.7:12.10":{"pli":"Hañci tīṇi cakkhūni vuttāni bhagavatā—","html":"{}"},"kv3.7:12.11":{"pli":"maṃsacakkhuṃ, dibbacakkhuṃ, paññācakkhuṃ, no ca vata re vattabbe—","html":"{}"},"kv3.7:12.12":{"pli":"“dveva cakkhūnī”ti. ","html":"{}</p>"},"kv3.7:13.1":{"pli":"Dveva cakkhūnīti? ","html":"<p data-doxy='orthodox'>{}"},"kv3.7:13.2":{"pli":"Āmantā. ","html":"{}"},"kv3.7:13.3":{"pli":"Nanu vuttaṃ bhagavatā—","html":"{}"},"kv3.7:13.4":{"pli":"“tīṇimāni, bhikkhave, cakkhūni. ","html":"{}"},"kv3.7:13.5":{"pli":"Katamāni tīṇi? ","html":"{}"},"kv3.7:13.6":{"pli":"Maṃsacakkhuṃ, dibbacakkhuṃ, paññācakkhunti—","html":"{}"},"kv3.7:13.7":{"pli":"imāni kho, bhikkhave, tīṇi cakkhūnī”ti. ","html":"{}</p>"},"kv3.7:14.1":{"pli":"“Maṃsacakkhuṃ dibbacakkhuṃ, ","html":"<blockquote class='gatha'><p><span class='verse-line'>{}</span>"},"kv3.7:14.2":{"pli":"Paññācakkhuṃ anuttaraṃ; ","html":"<span class='verse-line'>{}</span>"},"kv3.7:14.3":{"pli":"Etāni tīṇi cakkhūni, ","html":"<span class='verse-line'>{}</span>"},"kv3.7:14.4":{"pli":"Akkhāsi purisuttamo. ","html":"<span class='verse-line'>{}</span></p>"},"kv3.7:15.1":{"pli":"Maṃsacakkhussa uppādo, ","html":"<p><span class='verse-line'>{}</span>"},"kv3.7:15.2":{"pli":"maggo dibbassa cakkhuno; ","html":"<span class='verse-line'>{}</span>"},"kv3.7:15.3":{"pli":"Yadā ca ñāṇaṃ udapādi, ","html":"<span class='verse-line'>{}</span>"},"kv3.7:15.4":{"pli":"paññācakkhuṃ anuttaraṃ; ","html":"<span class='verse-line'>{}</span>"},"kv3.7:15.5":{"pli":"Tassa cakkhussa paṭilābhā, ","html":"<span class='verse-line'>{}</span>"},"kv3.7:15.6":{"pli":"sabbadukkhā pamuccatī”ti. ","html":"<span class='verse-line'>{}</span></p></blockquote>"},"kv3.7:16.1":{"pli":"Attheva suttantoti? ","html":"<p>{}"},"kv3.7:16.2":{"pli":"Āmantā. ","html":"{}"},"kv3.7:16.3":{"pli":"Tena hi na vattabbaṃ—","html":"{}"},"kv3.7:16.4":{"pli":"“dveva cakkhūnī”ti. ","html":"{}</p>"},"kv3.7:16.5":{"pli":"Dibbacakkhukathā niṭṭhitā. ","html":"<p class='endsutta'>{}</p></article>"}},"kv3.8":{"kv3.8:0.1":{"pli":"Kathāvatthu ","html":"<article id='kv3.8'><header><ul><li class='division'>{}</li>"},"kv3.8:0.2":{"pli":"Mahāpaṇṇāsaka ","html":"<li>{}</li>"},"kv3.8:0.3":{"pli":"Tatiyavagga ","html":"<li>{}</li></ul>"},"kv3.8:0.4":{"pli":"Dibbasotakathā ","html":"<h1 class='sutta-title'>{}</h1></header>"},"kv3.8:1.1":{"pli":"Maṃsasotaṃ dhammupatthaddhaṃ dibbasotaṃ hotīti? ","html":"<p data-doxy='orthodox'>{}"},"kv3.8:1.2":{"pli":"Āmantā. ","html":"{}"},"kv3.8:1.3":{"pli":"Maṃsasotaṃ dibbasotaṃ, dibbasotaṃ maṃsasotanti? ","html":"{}"},"kv3.8:1.4":{"pli":"Na hevaṃ vattabbe …pe…. ","html":"{}</p>"},"kv3.8:2.1":{"pli":"Maṃsasotaṃ dhammupatthaddhaṃ dibbasotaṃ hotīti? ","html":"<p data-doxy='orthodox'>{}"},"kv3.8:2.2":{"pli":"Āmantā. ","html":"{}"},"kv3.8:2.3":{"pli":"Yādisaṃ maṃsasotaṃ tādisaṃ dibbasotaṃ, yādisaṃ dibbasotaṃ tādisaṃ maṃsasotanti? ","html":"{}"},"kv3.8:2.4":{"pli":"Na hevaṃ vattabbe …pe…. ","html":"{}</p>"},"kv3.8:3.1":{"pli":"Maṃsasotaṃ dhammupatthaddhaṃ dibbasotaṃ hotīti? ","html":"<p data-doxy='orthodox'>{}"},"kv3.8:3.2":{"pli":"Āmantā. ","html":"{}"},"kv3.8:3.3":{"pli":"Taññeva maṃsasotaṃ taṃ dibbasotaṃ, taṃ dibbasotaṃ taṃ maṃsasotanti? ","html":"{}"},"kv3.8:3.4":{"pli":"Na hevaṃ vattabbe …pe…. ","html":"{}</p>"},"kv3.8:4.1":{"pli":"Maṃsasotaṃ dhammupatthaddhaṃ dibbasotaṃ hotīti? ","html":"<p data-doxy='orthodox'>{}"},"kv3.8:4.2":{"pli":"Āmantā. ","html":"{}"},"kv3.8:4.3":{"pli":"Yādiso maṃsasotassa visayo ānubhāvo gocaro tādiso dibbassa sotassa visayo ānubhāvo gocaroti? ","html":"{}"},"kv3.8:4.4":{"pli":"Na hevaṃ vattabbe …pe…. ","html":"{}</p>"},"kv3.8:5.1":{"pli":"Maṃsasotaṃ dhammupatthaddhaṃ dibbasotaṃ hotīti? ","html":"<p data-doxy='orthodox'>{}"},"kv3.8:5.2":{"pli":"Āmantā. ","html":"{}"},"kv3.8:5.3":{"pli":"Upādinnaṃ hutvā anupādinnaṃ hotīti? ","html":"{}"},"kv3.8:5.4":{"pli":"Na hevaṃ vattabbe …pe…. ","html":"{}</p>"},"kv3.8:6.1":{"pli":"Upādinnaṃ hutvā anupādinnaṃ hotīti? ","html":"<p data-doxy='orthodox'>{}"},"kv3.8:6.2":{"pli":"Āmantā. ","html":"{}"},"kv3.8:6.3":{"pli":"Kāmāvacaraṃ hutvā rūpāvacaraṃ hotīti? ","html":"{}"},"kv3.8:6.4":{"pli":"Na hevaṃ vattabbe …pe…. ","html":"{}</p>"},"kv3.8:7.1":{"pli":"Kāmāvacaraṃ hutvā rūpāvacaraṃ hotīti? ","html":"<p data-doxy='orthodox'>{}"},"kv3.8:7.2":{"pli":"Āmantā. ","html":"{}"},"kv3.8:7.3":{"pli":"Rūpāvacaraṃ hutvā arūpāvacaraṃ hotīti? ","html":"{}"},"kv3.8:7.4":{"pli":"Na hevaṃ vattabbe …pe…. ","html":"{}</p>"},"kv3.8:8.1":{"pli":"Rūpāvacaraṃ hutvā arūpāvacaraṃ hotīti? ","html":"<p data-doxy='orthodox'>{}"},"kv3.8:8.2":{"pli":"Āmantā. ","html":"{}"},"kv3.8:8.3":{"pli":"Pariyāpannaṃ hutvā apariyāpannaṃ hotīti? ","html":"{}"},"kv3.8:8.4":{"pli":"Na hevaṃ vattabbe …pe…. ","html":"{}</p>"},"kv3.8:9.1":{"pli":"Maṃsasotaṃ dhammupatthaddhaṃ dibbasotaṃ hotīti? ","html":"<p data-doxy='orthodox'>{}"},"kv3.8:9.2":{"pli":"Āmantā. ","html":"{}"},"kv3.8:9.3":{"pli":"Dibbasotaṃ dhammupatthaddhaṃ maṃsasotaṃ hotīti? ","html":"{}"},"kv3.8:9.4":{"pli":"Na hevaṃ vattabbe …pe…. ","html":"{}</p>"},"kv3.8:10.1":{"pli":"Maṃsasotaṃ dhammupatthaddhaṃ dibbasotaṃ hotīti? ","html":"<p data-doxy='orthodox'>{}"},"kv3.8:10.2":{"pli":"Āmantā. ","html":"{}"},"kv3.8:10.3":{"pli":"Ekaṃyeva sotanti? ","html":"{}"},"kv3.8:10.4":{"pli":"Na hevaṃ vattabbe …pe…. ","html":"{}</p>"},"kv3.8:11.1":{"pli":"Ekaṃyeva sotanti? ","html":"<p data-doxy='orthodox'>{}"},"kv3.8:11.2":{"pli":"Āmantā. ","html":"{}"},"kv3.8:11.3":{"pli":"Nanu dve sotāni vuttāni bhagavatā—","html":"{}"},"kv3.8:11.4":{"pli":"“maṃsasotaṃ, dibbasotan”ti? ","html":"{}"},"kv3.8:11.5":{"pli":"Āmantā. ","html":"{}"},"kv3.8:11.6":{"pli":"Hañci dve sotāni vuttāni bhagavatā—","html":"{}"},"kv3.8:11.7":{"pli":"maṃsasotaṃ, dibbasotaṃ, no ca vata re vattabbe—","html":"{}"},"kv3.8:11.8":{"pli":"“ekaññeva sotan”ti. ","html":"{}</p>"},"kv3.8:11.9":{"pli":"Dibbasotakathā niṭṭhitā. ","html":"<p class='endsutta'>{}</p></article>"}},"kv3.9":{"kv3.9:0.1":{"pli":"Kathāvatthu ","html":"<article id='kv3.9'><header><ul><li class='division'>{}</li>"},"kv3.9:0.2":{"pli":"Mahāpaṇṇāsaka ","html":"<li>{}</li>"},"kv3.9:0.3":{"pli":"Tatiyavagga ","html":"<li>{}</li></ul>"},"kv3.9:0.4":{"pli":"Yathākammūpagatañāṇakathā ","html":"<h1 class='sutta-title'>{}</h1></header>"},"kv3.9:1.1":{"pli":"Yathākammūpagataṃ ñāṇaṃ dibbacakkhunti? ","html":"<p data-doxy='orthodox'>{}"},"kv3.9:1.2":{"pli":"Āmantā. ","html":"{}"},"kv3.9:1.3":{"pli":"Yathākammūpagatañca manasi karoti, dibbena cakkhunā rūpaṃ passatīti? ","html":"{}"},"kv3.9:1.4":{"pli":"Na hevaṃ vattabbe …pe…. ","html":"{}</p>"},"kv3.9:2.1":{"pli":"Yathākammūpagatañca manasi karoti, dibbena cakkhunā rūpaṃ passatīti? ","html":"<p data-doxy='orthodox'>{}"},"kv3.9:2.2":{"pli":"Āmantā. ","html":"{}"},"kv3.9:2.3":{"pli":"Dvinnaṃ phassānaṃ dvinnaṃ cittānaṃ samodhānaṃ hotīti? ","html":"{}"},"kv3.9:2.4":{"pli":"Na hevaṃ vattabbe …pe…. ","html":"{}</p>"},"kv3.9:3.1":{"pli":"Yathākammūpagataṃ ñāṇaṃ dibbacakkhunti? ","html":"<p data-doxy='orthodox'>{}"},"kv3.9:3.2":{"pli":"Āmantā. ","html":"{}"},"kv3.9:3.3":{"pli":"“Ime vata bhonto sattā”ti ca manasi karoti, “kāyaduccaritena samannāgatā”ti ca manasi karoti, “vacīduccaritena samannāgatā”ti ca manasi karoti, “manoduccaritena samannāgatā”ti ca manasi karoti, “ariyānaṃ upavādakā”ti ca manasi karoti, “micchādiṭṭhikā”ti ca manasi karoti, “micchādiṭṭhikammasamādānā”ti ca manasi karoti, “te kāyassa bhedā paraṃ maraṇā apāyaṃ duggatiṃ vinipātaṃ nirayaṃ upapannā”ti ca manasi karoti, “ime vā pana bhonto sattā”ti ca manasi karoti, “kāyasucaritena samannāgatā”ti ca manasi karoti, “vacīsucaritena samannāgatā”ti ca manasi karoti, “manosucaritena samannāgatā”ti ca manasi karoti, “ariyānaṃ anupavādakā”ti ca manasi karoti, “sammādiṭṭhikā”ti ca manasi karoti, “sammādiṭṭhikammasamādānā”ti ca manasi karoti, “te kāyassa bhedā paraṃ maraṇā sugatiṃ saggaṃ lokaṃ upapannā”ti ca manasi karoti, dibbena cakkhunā rūpaṃ passatīti? ","html":"{}"},"kv3.9:3.4":{"pli":"Na hevaṃ vattabbe …pe…. ","html":"{}</p>"},"kv3.9:4.1":{"pli":"“Te kāyassa bhedā paraṃ maraṇā sugatiṃ saggaṃ lokaṃ upapannā”ti ca manasi karoti, dibbena cakkhunā rūpaṃ passatīti? ","html":"<p data-doxy='orthodox'>{}"},"kv3.9:4.2":{"pli":"Āmantā. ","html":"{}"},"kv3.9:4.3":{"pli":"Dvinnaṃ phassānaṃ dvinnaṃ cittānaṃ samodhānaṃ hotīti? ","html":"{}"},"kv3.9:4.4":{"pli":"Na hevaṃ vattabbe …pe…. ","html":"{}</p>"},"kv3.9:5.1":{"pli":"Yathākammūpagataṃ ñāṇaṃ dibbacakkhunti? ","html":"<p data-doxy='orthodox'>{}"},"kv3.9:5.2":{"pli":"Āmantā. ","html":"{}"},"kv3.9:5.3":{"pli":"Atthi koci adibbacakkhuko dibbacakkhuṃ appaṭiladdho anadhigato asacchikato yathākammūpagataṃ jānātīti? ","html":"{}"},"kv3.9:5.4":{"pli":"Āmantā. ","html":"{}"},"kv3.9:5.5":{"pli":"Hañci atthi koci adibbacakkhuko dibbacakkhuṃ appaṭiladdho anadhigato asacchikato yathākammūpagataṃ jānāti, no ca vata re vattabbe—","html":"{}"},"kv3.9:5.6":{"pli":"“yathākammūpagataṃ ñāṇaṃ dibbacakkhun”ti. ","html":"{}</p>"},"kv3.9:6.1":{"pli":"Yathākammūpagataṃ ñāṇaṃ dibbacakkhunti? ","html":"<p data-doxy='orthodox'>{}"},"kv3.9:6.2":{"pli":"Āmantā. ","html":"{}"},"kv3.9:6.3":{"pli":"Āyasmā sāriputto yathākammūpagataṃ ñāṇaṃ jānātīti? ","html":"{}"},"kv3.9:6.4":{"pli":"Āmantā. ","html":"{}"},"kv3.9:6.5":{"pli":"Hañci āyasmā sāriputto yathākammūpagataṃ ñāṇaṃ jānāti, no ca vata re vattabbe—","html":"{}"},"kv3.9:6.6":{"pli":"“yathākammūpagataṃ ñāṇaṃ dibbacakkhun”ti. ","html":"{}</p>"},"kv3.9:7.1":{"pli":"Yathākammūpagataṃ ñāṇaṃ dibbacakkhunti? ","html":"<p data-doxy='orthodox'>{}"},"kv3.9:7.2":{"pli":"Āmantā. ","html":"{}"},"kv3.9:7.3":{"pli":"Āyasmā sāriputto yathākammūpagataṃ ñāṇaṃ jānātīti? ","html":"{}"},"kv3.9:7.4":{"pli":"Āmantā. ","html":"{}"},"kv3.9:7.5":{"pli":"Atthāyasmato sāriputtassa dibbacakkhunti? ","html":"{}"},"kv3.9:7.6":{"pli":"Na hevaṃ vattabbe …pe…. ","html":"{}</p>"},"kv3.9:8.1":{"pli":"Atthāyasmato sāriputtassa dibbacakkhunti? ","html":"<p data-doxy='orthodox'>{}"},"kv3.9:8.2":{"pli":"Āmantā. ","html":"{}"},"kv3.9:8.3":{"pli":"Nanu āyasmā sāriputto etadavoca—","html":"{}</p>"},"kv3.9:9.1":{"pli":"“Neva pubbenivāsāya, ","html":"<blockquote class='gatha'><p><span class='verse-line'>{}</span>"},"kv3.9:9.2":{"pli":"napi dibbassa cakkhuno; ","html":"<span class='verse-line'>{}</span>"},"kv3.9:9.3":{"pli":"Cetopariyāya iddhiyā, ","html":"<span class='verse-line'>{}</span>"},"kv3.9:9.4":{"pli":"sotadhātuvisuddhiyā; ","html":"<span class='verse-line'>{}</span>"},"kv3.9:9.5":{"pli":"Cutiyā upapattiyā, ","html":"<span class='verse-line'>{}</span>"},"kv3.9:9.6":{"pli":"paṇidhi me na vijjatī”ti. ","html":"<span class='verse-line'>{}</span></p></blockquote>"},"kv3.9:10.1":{"pli":"Attheva suttantoti? ","html":"<p>{}"},"kv3.9:10.2":{"pli":"Āmantā. ","html":"{}"},"kv3.9:10.3":{"pli":"Tena hi na vattabbaṃ—","html":"{}"},"kv3.9:10.4":{"pli":"“yathākammūpagataṃ ñāṇaṃ dibbacakkhun”ti. ","html":"{}</p>"},"kv3.9:10.5":{"pli":"Yathākammūpagatañāṇakathā niṭṭhitā. ","html":"<p class='endsutta'>{}</p></article>"}},"kv4.1":{"kv4.1:0.1":{"pli":"Kathāvatthu ","html":"<article id='kv4.1'><header><ul><li class='division'>{}</li>"},"kv4.1:0.2":{"pli":"Mahāpaṇṇāsaka ","html":"<li>{}</li>"},"kv4.1:0.3":{"pli":"Catutthavagga ","html":"<li>{}</li></ul>"},"kv4.1:0.4":{"pli":"Gihissaarahātikathā ","html":"<h1 class='sutta-title'>{}</h1></header>"},"kv4.1:1.1":{"pli":"Gihi’ssa arahāti? ","html":"<p data-doxy='orthodox'>{}"},"kv4.1:1.2":{"pli":"Āmantā. ","html":"{}"},"kv4.1:1.3":{"pli":"Atthi arahato gihisaṃyojananti? ","html":"{}"},"kv4.1:1.4":{"pli":"Na hevaṃ vattabbe …pe… ","html":"{}"},"kv4.1:1.5":{"pli":"natthi arahato gihisaṃyojananti? ","html":"{}"},"kv4.1:1.6":{"pli":"Āmantā. ","html":"{}"},"kv4.1:1.7":{"pli":"Hañci natthi arahato gihisaṃyojanaṃ, no ca vata re vattabbe—","html":"{}"},"kv4.1:1.8":{"pli":"“gihi’ssa arahā”ti. ","html":"{}</p>"},"kv4.1:2.1":{"pli":"Gihi’ssa arahāti? ","html":"<p data-doxy='orthodox'>{}"},"kv4.1:2.2":{"pli":"Āmantā. ","html":"{}"},"kv4.1:2.3":{"pli":"Nanu arahato gihisaṃyojanaṃ pahīnaṃ ucchinnamūlaṃ tālāvatthukataṃ anabhāvaṅkataṃ āyatiṃ anuppādadhammanti? ","html":"{}"},"kv4.1:2.4":{"pli":"Āmantā. ","html":"{}"},"kv4.1:2.5":{"pli":"Hañci arahato gihisaṃyojanaṃ pahīnaṃ ucchinnamūlaṃ tālāvatthukataṃ anabhāvaṅkataṃ āyatiṃ anuppādadhammaṃ, no ca vata re vattabbe—","html":"{}"},"kv4.1:2.6":{"pli":"“gihi’ssa arahā”ti. ","html":"{}</p>"},"kv4.1:3.1":{"pli":"Gihi’ssa arahāti? ","html":"<p data-doxy='orthodox'>{}"},"kv4.1:3.2":{"pli":"Āmantā. ","html":"{}"},"kv4.1:3.3":{"pli":"Atthi koci gihī gihisaṃyojanaṃ appahāya diṭṭheva dhamme dukkhassantakaroti? ","html":"{}"},"kv4.1:3.4":{"pli":"Natthi. ","html":"{}"},"kv4.1:3.5":{"pli":"Hañci natthi koci gihī gihisaṃyojanaṃ appahāya diṭṭheva dhamme dukkhassantakaro, no ca vata re vattabbe—","html":"{}"},"kv4.1:3.6":{"pli":"“gihi’ssa arahā”ti. ","html":"{}</p>"},"kv4.1:4.1":{"pli":"Gihi’ssa arahāti? ","html":"<p data-doxy='orthodox'>{}"},"kv4.1:4.2":{"pli":"Āmantā. ","html":"{}"},"kv4.1:4.3":{"pli":"Nanu vacchagotto paribbājako bhagavantaṃ etadavoca—","html":"{}"},"kv4.1:4.4":{"pli":"“atthi nu kho, bho gotama, koci gihī gihisaṃyojanaṃ appahāya kāyassa bhedā dukkhassantakaro”ti? ","html":"{}"},"kv4.1:4.5":{"pli":"“Natthi kho, vaccha, koci gihī gihisaṃyojanaṃ appahāya kāyassa bhedā dukkhassantakaro”ti. ","html":"{}"},"kv4.1:4.6":{"pli":"Attheva suttantoti? ","html":"{}"},"kv4.1:4.7":{"pli":"Āmantā. ","html":"{}"},"kv4.1:4.8":{"pli":"Tena hi na vattabbaṃ—","html":"{}"},"kv4.1:4.9":{"pli":"“gihi’ssa arahā”ti. ","html":"{}</p>"},"kv4.1:5.1":{"pli":"Gihi’ssa arahāti? ","html":"<p data-doxy='orthodox'>{}"},"kv4.1:5.2":{"pli":"Āmantā. ","html":"{}"},"kv4.1:5.3":{"pli":"Arahā methunaṃ dhammaṃ paṭiseveyya, methunaṃ uppādeyya, puttasambādhasayanaṃ ajjhāvaseyya, kāsikacandanaṃ paccanubhaveyya, mālāgandhavilepanaṃ dhāreyya, jātarūparajataṃ sādiyeyya, ajeḷakaṃ paṭiggaṇheyya, kukkuṭasūkaraṃ paṭiggaṇheyya, hatthigavassavaḷavaṃ paṭiggaṇheyya, tittiravaṭṭakamorakapiñjaraṃ paṭiggaṇheyya, cittavaṇḍavālamoḷiṃ dhāreyya, odātāni vatthāni dīghadasāni dhāreyya, yāvajīvaṃ agāriyabhūto assāti? ","html":"{}"},"kv4.1:5.4":{"pli":"Na hevaṃ vattabbe …pe…. ","html":"{}</p>"},"kv4.1:6.1":{"pli":"Na vattabbaṃ—","html":"<p data-doxy='heterodox'>{}"},"kv4.1:6.2":{"pli":"“gihi’ssa arahā”ti? ","html":"{}"},"kv4.1:6.3":{"pli":"Āmantā. ","html":"{}"},"kv4.1:6.4":{"pli":"Nanu yaso kulaputto, uttiyo gahapati, setu māṇavo, gihibyañjanena arahattaṃ pattoti? ","html":"{}"},"kv4.1:6.5":{"pli":"Āmantā. ","html":"{}"},"kv4.1:6.6":{"pli":"Hañci yaso kulaputto, uttiyo gahapati, setu māṇavo, gihibyañjanena arahattaṃ patto, tena vata re vattabbe—","html":"{}"},"kv4.1:6.7":{"pli":"“gihi’ssa arahā”ti. ","html":"{}</p>"},"kv4.1:6.8":{"pli":"Gihi’ssa arahātikathā niṭṭhitā. ","html":"<p class='endsutta'>{}</p></article>"}},"kv4.10":{"kv4.10:0.1":{"pli":"Kathāvatthu ","html":"<article id='kv4.10'><header><ul><li class='division'>{}</li>"},"kv4.10:0.2":{"pli":"Mahāpaṇṇāsaka ","html":"<li>{}</li>"},"kv4.10:0.3":{"pli":"Catutthavagga ","html":"<li>{}</li></ul>"},"kv4.10:0.4":{"pli":"Sabbasaṃyojanappahānakathā ","html":"<h1 class='sutta-title'>{}</h1></header>"},"kv4.10:1.1":{"pli":"Sabbasaṃyojanānaṃ pahānaṃ arahattanti? ","html":"<p data-doxy='orthodox'>{}"},"kv4.10:1.2":{"pli":"Āmantā. ","html":"{}"},"kv4.10:1.3":{"pli":"Arahattamaggena sabbe saṃyojanā pahīyantīti? ","html":"{}"},"kv4.10:1.4":{"pli":"Na hevaṃ vattabbe …pe…. ","html":"{}</p>"},"kv4.10:2.1":{"pli":"Arahattamaggena sabbe saṃyojanā pahīyantīti? ","html":"<p data-doxy='orthodox'>{}"},"kv4.10:2.2":{"pli":"Āmantā. ","html":"{}"},"kv4.10:2.3":{"pli":"Arahattamaggena sakkāyadiṭṭhiṃ vicikicchaṃ sīlabbataparāmāsaṃ pajahatīti? ","html":"{}"},"kv4.10:2.4":{"pli":"Na hevaṃ vattabbe …pe…. ","html":"{}</p>"},"kv4.10:3.1":{"pli":"Arahattamaggena sakkāyadiṭṭhiṃ vicikicchaṃ sīlabbataparāmāsaṃ pajahatīti? ","html":"<p data-doxy='orthodox'>{}"},"kv4.10:3.2":{"pli":"Āmantā. ","html":"{}"},"kv4.10:3.3":{"pli":"Nanu tiṇṇaṃ saṃyojanānaṃ pahānaṃ sotāpattiphalaṃ vuttaṃ bhagavatāti? ","html":"{}"},"kv4.10:3.4":{"pli":"Āmantā. ","html":"{}"},"kv4.10:3.5":{"pli":"Hañci tiṇṇaṃ saṃyojanānaṃ pahānaṃ sotāpattiphalaṃ vuttaṃ bhagavatā, no ca vata re vattabbe—","html":"{}"},"kv4.10:3.6":{"pli":"“arahattamaggena sabbe saṃyojanā pahīyantī”ti. ","html":"{}</p>"},"kv4.10:4.1":{"pli":"Arahattamaggena sabbe saṃyojanā pahīyantīti? ","html":"<p data-doxy='orthodox'>{}"},"kv4.10:4.2":{"pli":"Āmantā. ","html":"{}"},"kv4.10:4.3":{"pli":"Arahattamaggena oḷārikaṃ kāmarāgaṃ oḷārikaṃ byāpādaṃ pajahatīti? ","html":"{}"},"kv4.10:4.4":{"pli":"Na hevaṃ vattabbe …pe…. ","html":"{}</p>"},"kv4.10:5.1":{"pli":"Arahattamaggena oḷārikaṃ kāmarāgaṃ oḷārikaṃ byāpādaṃ pajahatīti? ","html":"<p data-doxy='orthodox'>{}"},"kv4.10:5.2":{"pli":"Āmantā. ","html":"{}"},"kv4.10:5.3":{"pli":"Nanu kāmarāgabyāpādānaṃ tanubhāvaṃ sakadāgāmiphalaṃ vuttaṃ bhagavatāti? ","html":"{}"},"kv4.10:5.4":{"pli":"Āmantā. ","html":"{}"},"kv4.10:5.5":{"pli":"Hañci kāmarāgabyāpādānaṃ tanubhāvaṃ sakadāgāmiphalaṃ vuttaṃ bhagavatā, no ca vata re vattabbe—","html":"{}"},"kv4.10:5.6":{"pli":"“arahattamaggena sabbe saṃyojanā pahīyantī”ti. ","html":"{}</p>"},"kv4.10:6.1":{"pli":"Arahattamaggena sabbe saṃyojanā pahīyantīti? ","html":"<p data-doxy='orthodox'>{}"},"kv4.10:6.2":{"pli":"Āmantā. ","html":"{}"},"kv4.10:6.3":{"pli":"Arahattamaggena aṇusahagataṃ kāmarāgaṃ aṇusahagataṃ byāpādaṃ pajahatīti? ","html":"{}"},"kv4.10:6.4":{"pli":"Na hevaṃ vattabbe …pe…. ","html":"{}</p>"},"kv4.10:7.1":{"pli":"Arahattamaggena aṇusahagataṃ kāmarāgaṃ aṇusahagataṃ byāpādaṃ pajahatīti? ","html":"<p data-doxy='orthodox'>{}"},"kv4.10:7.2":{"pli":"Āmantā. ","html":"{}"},"kv4.10:7.3":{"pli":"Nanu kāmarāgabyāpādānaṃ anavasesappahānaṃ anāgāmiphalaṃ vuttaṃ bhagavatāti? ","html":"{}"},"kv4.10:7.4":{"pli":"Āmantā. ","html":"{}"},"kv4.10:7.5":{"pli":"Hañci kāmarāgabyāpādānaṃ anavasesappahānaṃ anāgāmiphalaṃ vuttaṃ bhagavatā, no ca vata re vattabbe—","html":"{}"},"kv4.10:7.6":{"pli":"“arahattamaggena sabbe saṃyojanā pahīyantī”ti. ","html":"{}</p>"},"kv4.10:8.1":{"pli":"Arahattamaggena sabbe saṃyojanā pahīyantīti? ","html":"<p data-doxy='orthodox'>{}"},"kv4.10:8.2":{"pli":"Āmantā. ","html":"{}"},"kv4.10:8.3":{"pli":"Nanu rūparāgaarūparāgamānauddhaccaavijjāya anavasesappahānaṃ arahattaṃ vuttaṃ bhagavatāti? ","html":"{}"},"kv4.10:8.4":{"pli":"Āmantā. ","html":"{}"},"kv4.10:8.5":{"pli":"Hañci rūparāgaarūparāgamānauddhaccaavijjāya anavasesappahānaṃ arahattaṃ vuttaṃ bhagavatā, no ca vata re vattabbe—","html":"{}"},"kv4.10:8.6":{"pli":"“arahattamaggena sabbe saṃyojanā pahīyantī”ti. ","html":"{}</p>"},"kv4.10:9.1":{"pli":"Na vattabbaṃ—","html":"<p data-doxy='heterodox'>{}"},"kv4.10:9.2":{"pli":"“sabbasaṃyojanānaṃ pahānaṃ arahattan”ti? ","html":"{}"},"kv4.10:9.3":{"pli":"Āmantā. ","html":"{}"},"kv4.10:9.4":{"pli":"Nanu arahato sabbe saṃyojanā pahīnāti? ","html":"{}"},"kv4.10:9.5":{"pli":"Āmantā. ","html":"{}"},"kv4.10:9.6":{"pli":"Hañci arahato sabbe saṃyojanā pahīnā, tena vata re vattabbe—","html":"{}"},"kv4.10:9.7":{"pli":"“sabbasaṃyojanānaṃ pahānaṃ arahattan”ti. ","html":"{}</p>"},"kv4.10:9.8":{"pli":"Sabbasaṃyojanappahānakathā niṭṭhitā. ","html":"<p class='endsutta'>{}<br>"},"kv4.10:9.9":{"pli":"Catuttho vaggo. ","html":"{}</p>"},"kv4.10:9.10":{"pli":"Tassuddānaṃ ","html":"<p class='uddana-intro'>{}</p>"},"kv4.10:10.1":{"pli":"Gihi’ssa arahā, saha upapattiyā arahā, arahato sabbe dhammā anāsavā, arahā catūhi phalehi samannāgato, evamevaṃ chahi upekkhāhi, bodhiyā buddho, salakkhaṇasamannāgato, bodhisatto okkantaniyāmo caritabrahmacariyo, paṭipannako phalena samannāgato, sabbasaṃyojanānaṃ pahānaṃ arahattanti. ","html":"<p class='uddana'>{}</p></article>"}},"kv4.2":{"kv4.2:0.1":{"pli":"Kathāvatthu ","html":"<article id='kv4.2'><header><ul><li class='division'>{}</li>"},"kv4.2:0.2":{"pli":"Mahāpaṇṇāsaka ","html":"<li>{}</li>"},"kv4.2:0.3":{"pli":"Catutthavagga ","html":"<li>{}</li></ul>"},"kv4.2:0.4":{"pli":"Upapattikathā ","html":"<h1 class='sutta-title'>{}</h1></header>"},"kv4.2:1.1":{"pli":"Saha upapattiyā arahāti? ","html":"<p data-doxy='orthodox'>{}"},"kv4.2:1.2":{"pli":"Āmantā. ","html":"{}"},"kv4.2:1.3":{"pli":"Saha upapattiyā sotāpanno hotīti? ","html":"{}"},"kv4.2:1.4":{"pli":"Na hevaṃ vattabbe …pe…. ","html":"{}</p>"},"kv4.2:2.1":{"pli":"Saha upapattiyā arahāti? ","html":"<p data-doxy='orthodox'>{}"},"kv4.2:2.2":{"pli":"Āmantā. ","html":"{}"},"kv4.2:2.3":{"pli":"Saha upapattiyā sakadāgāmī hotīti? ","html":"{}"},"kv4.2:2.4":{"pli":"Na hevaṃ vattabbe …pe…. ","html":"{}</p>"},"kv4.2:3.1":{"pli":"Saha upapattiyā arahāti? ","html":"<p data-doxy='orthodox'>{}"},"kv4.2:3.2":{"pli":"Āmantā. ","html":"{}"},"kv4.2:3.3":{"pli":"Saha upapattiyā anāgāmī hotīti? ","html":"{}"},"kv4.2:3.4":{"pli":"Na hevaṃ vattabbe …pe…. ","html":"{}</p>"},"kv4.2:4.1":{"pli":"Saha upapattiyā sotāpanno na hotīti? ","html":"<p data-doxy='orthodox'>{}"},"kv4.2:4.2":{"pli":"Āmantā. ","html":"{}"},"kv4.2:4.3":{"pli":"Hañci saha upapattiyā sotāpanno na hoti, no ca vata re vattabbe—","html":"{}"},"kv4.2:4.4":{"pli":"“saha upapattiyā arahā”ti. ","html":"{}</p>"},"kv4.2:5.1":{"pli":"Saha upapattiyā sakadāgāmī na hotīti? ","html":"<p data-doxy='orthodox'>{}"},"kv4.2:5.2":{"pli":"Āmantā. ","html":"{}"},"kv4.2:5.3":{"pli":"Hañci saha upapattiyā sakadāgāmī na hoti, no ca vata re vattabbe—","html":"{}"},"kv4.2:5.4":{"pli":"“saha upapattiyā arahā”ti. ","html":"{}</p>"},"kv4.2:6.1":{"pli":"Saha upapattiyā anāgāmī na hotīti? ","html":"<p data-doxy='orthodox'>{}"},"kv4.2:6.2":{"pli":"Āmantā. ","html":"{}"},"kv4.2:6.3":{"pli":"Hañci saha upapattiyā anāgāmī na hoti, no ca vata re vattabbe—","html":"{}"},"kv4.2:6.4":{"pli":"“saha upapattiyā arahā”ti. ","html":"{}</p>"},"kv4.2:7.1":{"pli":"Saha upapattiyā arahāti? ","html":"<p data-doxy='orthodox'>{}"},"kv4.2:7.2":{"pli":"Āmantā. ","html":"{}"},"kv4.2:7.3":{"pli":"Sāriputto thero saha upapattiyā arahāti? ","html":"{}"},"kv4.2:7.4":{"pli":"Na hevaṃ vattabbe. ","html":"{}"},"kv4.2:7.5":{"pli":"Mahāmoggallāno thero …pe… ","html":"{}"},"kv4.2:7.6":{"pli":"mahākassapo thero …pe… ","html":"{}"},"kv4.2:7.7":{"pli":"mahākaccāno thero …pe… ","html":"{}"},"kv4.2:7.8":{"pli":"mahākoṭṭhiko thero …pe… ","html":"{}"},"kv4.2:7.9":{"pli":"mahāpanthako thero saha upapattiyā arahāti? ","html":"{}"},"kv4.2:7.10":{"pli":"Na hevaṃ vattabbe …pe…. ","html":"{}</p>"},"kv4.2:8.1":{"pli":"Sāriputto thero na saha upapattiyā arahāti? ","html":"<p data-doxy='orthodox'>{}"},"kv4.2:8.2":{"pli":"Āmantā. ","html":"{}"},"kv4.2:8.3":{"pli":"Hañci sāriputto thero na saha upapattiyā arahā, no ca vata re vattabbe—","html":"{}"},"kv4.2:8.4":{"pli":"“saha upapattiyā arahā”ti. ","html":"{}</p>"},"kv4.2:9.1":{"pli":"Mahāmoggallāno thero …pe… ","html":"<p data-doxy='orthodox'>{}"},"kv4.2:9.2":{"pli":"mahākassapo thero …pe… ","html":"{}"},"kv4.2:9.3":{"pli":"mahākaccāno thero …pe… ","html":"{}"},"kv4.2:9.4":{"pli":"mahākoṭṭhiko thero …pe… ","html":"{}"},"kv4.2:9.5":{"pli":"mahāpanthako thero na saha upapattiyā arahāti? ","html":"{}"},"kv4.2:9.6":{"pli":"Āmantā. ","html":"{}"},"kv4.2:9.7":{"pli":"Hañci mahāpanthako thero na saha upapattiyā arahā, no ca vata re vattabbe—","html":"{}"},"kv4.2:9.8":{"pli":"“saha upapattiyā arahā”ti. ","html":"{}</p>"},"kv4.2:10.1":{"pli":"Saha upapattiyā arahāti? ","html":"<p data-doxy='orthodox'>{}"},"kv4.2:10.2":{"pli":"Āmantā. ","html":"{}"},"kv4.2:10.3":{"pli":"Upapattesiyena cittena arahattaṃ sacchikaroti lokiyena sāsavena …pe… saṅkilesiyenāti? ","html":"{}"},"kv4.2:10.4":{"pli":"Na hevaṃ vattabbe …pe…. ","html":"{}</p>"},"kv4.2:11.1":{"pli":"Saha upapattiyā arahāti? ","html":"<p data-doxy='orthodox'>{}"},"kv4.2:11.2":{"pli":"Āmantā. ","html":"{}"},"kv4.2:11.3":{"pli":"Upapattesiyaṃ cittaṃ niyyānikaṃ khayagāmī bodhagāmī apacayagāmī anāsavaṃ …pe… ","html":"{}"},"kv4.2:11.4":{"pli":"asaṅkilesiyanti? ","html":"{}"},"kv4.2:11.5":{"pli":"Na hevaṃ vattabbe …pe…. ","html":"{}</p>"},"kv4.2:12.1":{"pli":"Nanu upapattesiyaṃ cittaṃ aniyyānikaṃ na khayagāmi na bodhagāmi na apacayagāmi sāsavaṃ …pe… ","html":"<p data-doxy='orthodox'>{}"},"kv4.2:12.2":{"pli":"saṅkilesiyanti? ","html":"{}"},"kv4.2:12.3":{"pli":"Āmantā. ","html":"{}"},"kv4.2:12.4":{"pli":"Hañci upapattesiyaṃ cittaṃ aniyyānikaṃ na khayagāmi na bodhagāmi na apacayagāmi sāsavaṃ …pe… saṅkilesiyaṃ, no ca vata re vattabbe—","html":"{}"},"kv4.2:12.5":{"pli":"“saha upapattiyā arahā”ti. ","html":"{}</p>"},"kv4.2:13.1":{"pli":"Saha upapattiyā arahāti? ","html":"<p data-doxy='orthodox'>{}"},"kv4.2:13.2":{"pli":"Āmantā. ","html":"{}"},"kv4.2:13.3":{"pli":"Upapattesiyena cittena rāgaṃ pajahati, dosaṃ pajahati, mohaṃ pajahati, anottappaṃ pajahatīti? ","html":"{}"},"kv4.2:13.4":{"pli":"Na hevaṃ vattabbe …pe…. ","html":"{}</p>"},"kv4.2:14.1":{"pli":"Saha upapattiyā arahāti? ","html":"<p data-doxy='orthodox'>{}"},"kv4.2:14.2":{"pli":"Āmantā. ","html":"{}"},"kv4.2:14.3":{"pli":"Upapattesiyaṃ cittaṃ maggo … satipaṭṭhānaṃ …pe… sammappadhānaṃ … iddhipādo … indriyaṃ … balaṃ … bojjhaṅgoti? ","html":"{}"},"kv4.2:14.4":{"pli":"Na hevaṃ vattabbe …pe…. ","html":"{}</p>"},"kv4.2:15.1":{"pli":"Saha upapattiyā arahāti? ","html":"<p data-doxy='orthodox'>{}"},"kv4.2:15.2":{"pli":"Āmantā. ","html":"{}"},"kv4.2:15.3":{"pli":"Upapattesiyena cittena dukkhaṃ parijānāti, samudayaṃ pajahati, nirodhaṃ sacchikaroti, maggaṃ bhāvetīti? ","html":"{}"},"kv4.2:15.4":{"pli":"Na hevaṃ vattabbe …pe… ","html":"{}"},"kv4.2:15.5":{"pli":"saha upapattiyā arahāti? ","html":"{}"},"kv4.2:15.6":{"pli":"Āmantā. ","html":"{}"},"kv4.2:15.7":{"pli":"Cuticittaṃ maggacittaṃ upapattesiyaṃ cittaṃ phalacittanti? ","html":"{}"},"kv4.2:15.8":{"pli":"Na hevaṃ vattabbe …pe…. ","html":"{}</p>"},"kv4.2:15.9":{"pli":"Upapattikathā niṭṭhitā. ","html":"<p class='endsutta'>{}</p></article>"}}}