{"kv19.2":{"kv19.2:0.1":{"pli":"Kathāvatthu ","html":"<article id='kv19.2'><header><ul><li class='division'>{}</li>"},"kv19.2:0.2":{"pli":"Mahāpaṇṇāsaka ","html":"<li>{}</li>"},"kv19.2:0.3":{"pli":"Ekūnavīsatimavagga ","html":"<li>{}</li></ul>"},"kv19.2:0.4":{"pli":"Suññatākathā ","html":"<h1 class='sutta-title'>{}</h1></header>"},"kv19.2:1.1":{"pli":"Suññatā saṅkhārakkhandhapariyāpannāti? ","html":"<p data-doxy='orthodox'>{}"},"kv19.2:1.2":{"pli":"Āmantā. ","html":"{}"},"kv19.2:1.3":{"pli":"Animittaṃ saṅkhārakkhandhapariyāpannanti? ","html":"{}"},"kv19.2:1.4":{"pli":"Na hevaṃ vattabbe …pe… ","html":"{}"},"kv19.2:1.5":{"pli":"suññatā saṅkhārakkhandhapariyāpannāti? ","html":"{}"},"kv19.2:1.6":{"pli":"Āmantā. ","html":"{}"},"kv19.2:1.7":{"pli":"Appaṇihito saṅkhārakkhandhapariyāpannoti? ","html":"{}"},"kv19.2:1.8":{"pli":"Na hevaṃ vattabbe …pe… ","html":"{}"},"kv19.2:1.9":{"pli":"animittaṃ na vattabbaṃ—","html":"{}"},"kv19.2:1.10":{"pli":"“saṅkhārakkhandhapariyāpannan”ti? ","html":"{}"},"kv19.2:1.11":{"pli":"Āmantā. ","html":"{}"},"kv19.2:1.12":{"pli":"Suññatā na vattabbā—","html":"{}"},"kv19.2:1.13":{"pli":"“saṅkhārakkhandhapariyāpannā”ti? ","html":"{}"},"kv19.2:1.14":{"pli":"Na hevaṃ vattabbe …pe… ","html":"{}"},"kv19.2:1.15":{"pli":"appaṇihito na vattabbo—","html":"{}"},"kv19.2:1.16":{"pli":"“saṅkhārakkhandhapariyāpanno”ti? ","html":"{}"},"kv19.2:1.17":{"pli":"Āmantā. ","html":"{}"},"kv19.2:1.18":{"pli":"Suññatā na vattabbā—","html":"{}"},"kv19.2:1.19":{"pli":"“saṅkhārakkhandhapariyāpannā”ti? ","html":"{}"},"kv19.2:1.20":{"pli":"Na hevaṃ vattabbe …pe…. ","html":"{}</p>"},"kv19.2:2.1":{"pli":"Suññatā saṅkhārakkhandhapariyāpannāti? ","html":"<p data-doxy='orthodox'>{}"},"kv19.2:2.2":{"pli":"Āmantā. ","html":"{}"},"kv19.2:2.3":{"pli":"Saṅkhārakkhandho na anicco na saṅkhato na paṭiccasamuppanno na khayadhammo na vayadhammo na virāgadhammo na nirodhadhammo na vipariṇāmadhammoti? ","html":"{}"},"kv19.2:2.4":{"pli":"Na hevaṃ vattabbe …pe… ","html":"{}"},"kv19.2:2.5":{"pli":"nanu saṅkhārakkhandho anicco saṅkhato paṭiccasamuppanno khayadhammo vayadhammo virāgadhammo nirodhadhammo vipariṇāmadhammoti? ","html":"{}"},"kv19.2:2.6":{"pli":"Āmantā. ","html":"{}"},"kv19.2:2.7":{"pli":"Hañci saṅkhārakkhandho anicco …pe… ","html":"{}"},"kv19.2:2.8":{"pli":"vipariṇāmadhammo, no ca vata re vattabbe—","html":"{}"},"kv19.2:2.9":{"pli":"“suññatā saṅkhārakkhandhapariyāpannā”ti. ","html":"{}</p>"},"kv19.2:3.1":{"pli":"Rūpakkhandhassa suññatā saṅkhārakkhandhapariyāpannāti? ","html":"<p data-doxy='orthodox'>{}"},"kv19.2:3.2":{"pli":"Āmantā. ","html":"{}"},"kv19.2:3.3":{"pli":"Saṅkhārakkhandhassa suññatā rūpakkhandhapariyāpannāti? ","html":"{}"},"kv19.2:3.4":{"pli":"Na hevaṃ vattabbe …pe… ","html":"{}"},"kv19.2:3.5":{"pli":"vedanākkhandhassa …pe… ","html":"{}"},"kv19.2:3.6":{"pli":"saññākkhandhassa … ","html":"{}"},"kv19.2:3.7":{"pli":"viññāṇakkhandhassa suññatā saṅkhārakkhandhapariyāpannāti? ","html":"{}"},"kv19.2:3.8":{"pli":"Āmantā. ","html":"{}"},"kv19.2:3.9":{"pli":"Saṅkhārakkhandhassa suññatā viññāṇakkhandhapariyāpannāti? ","html":"{}"},"kv19.2:3.10":{"pli":"Na hevaṃ vattabbe …pe…. ","html":"{}</p>"},"kv19.2:4.1":{"pli":"Saṅkhārakkhandhassa suññatā na vattabbā—","html":"<p data-doxy='orthodox'>{}"},"kv19.2:4.2":{"pli":"“rūpakkhandhapariyāpannā”ti? ","html":"{}"},"kv19.2:4.3":{"pli":"Āmantā. ","html":"{}"},"kv19.2:4.4":{"pli":"Rūpakkhandhassa suññatā na vattabbā—","html":"{}"},"kv19.2:4.5":{"pli":"“saṅkhārakkhandhapariyāpannā”ti? ","html":"{}"},"kv19.2:4.6":{"pli":"Na hevaṃ vattabbe …pe… ","html":"{}"},"kv19.2:4.7":{"pli":"saṅkhārakkhandhassa suññatā na vattabbā—","html":"{}"},"kv19.2:4.8":{"pli":"“vedanākkhandhapariyāpannā …pe… ","html":"{}"},"kv19.2:4.9":{"pli":"saññākkhandhapariyāpannā … ","html":"{}"},"kv19.2:4.10":{"pli":"viññāṇakkhandhapariyāpannā”ti? ","html":"{}"},"kv19.2:4.11":{"pli":"Āmantā. ","html":"{}"},"kv19.2:4.12":{"pli":"Viññāṇakkhandhassa suññatā na vattabbā—","html":"{}"},"kv19.2:4.13":{"pli":"“saṅkhārakkhandhapariyāpannā”ti? ","html":"{}"},"kv19.2:4.14":{"pli":"Na hevaṃ vattabbe …pe…. ","html":"{}</p>"},"kv19.2:5.1":{"pli":"Na vattabbaṃ—","html":"<p data-doxy='heterodox'>{}"},"kv19.2:5.2":{"pli":"“suññatā saṅkhārakkhandhapariyāpannā”ti? ","html":"{}"},"kv19.2:5.3":{"pli":"Āmantā. ","html":"{}"},"kv19.2:5.4":{"pli":"Nanu vuttaṃ bhagavatā—","html":"{}"},"kv19.2:5.5":{"pli":"“suññamidaṃ, bhikkhave, saṅkhārā attena vā attaniyena vā”ti. ","html":"{}"},"kv19.2:5.6":{"pli":"Attheva suttantoti? ","html":"{}"},"kv19.2:5.7":{"pli":"Āmantā. ","html":"{}"},"kv19.2:5.8":{"pli":"Tena hi suññatā saṅkhārakkhandhapariyāpannāti. ","html":"{}</p>"},"kv19.2:5.9":{"pli":"Suññatākathā niṭṭhitā. ","html":"<p class='endsutta'>{}</p></article>"}},"kv19.3":{"kv19.3:0.1":{"pli":"Kathāvatthu ","html":"<article id='kv19.3'><header><ul><li class='division'>{}</li>"},"kv19.3:0.2":{"pli":"Mahāpaṇṇāsaka ","html":"<li>{}</li>"},"kv19.3:0.3":{"pli":"Ekūnavīsatimavagga ","html":"<li>{}</li></ul>"},"kv19.3:0.4":{"pli":"Sāmaññaphalakathā ","html":"<h1 class='sutta-title'>{}</h1></header>"},"kv19.3:1.1":{"pli":"Sāmaññaphalaṃ asaṅkhatanti? ","html":"<p data-doxy='orthodox'>{}"},"kv19.3:1.2":{"pli":"Āmantā. ","html":"{}"},"kv19.3:1.3":{"pli":"Nibbānaṃ tāṇaṃ leṇaṃ saraṇaṃ parāyaṇaṃ accutaṃ amatanti? ","html":"{}"},"kv19.3:1.4":{"pli":"Na hevaṃ vattabbe …pe… ","html":"{}"},"kv19.3:1.5":{"pli":"sāmaññaphalaṃ asaṅkhataṃ, nibbānaṃ asaṅkhatanti? ","html":"{}"},"kv19.3:1.6":{"pli":"Āmantā. ","html":"{}"},"kv19.3:1.7":{"pli":"Dve asaṅkhatānīti? ","html":"{}"},"kv19.3:1.8":{"pli":"Na hevaṃ vattabbe …pe… ","html":"{}"},"kv19.3:1.9":{"pli":"dve asaṅkhatānīti? ","html":"{}"},"kv19.3:1.10":{"pli":"Āmantā. ","html":"{}"},"kv19.3:1.11":{"pli":"Dve tāṇāni …pe… ","html":"{}"},"kv19.3:1.12":{"pli":"antarikā vāti? ","html":"{}"},"kv19.3:1.13":{"pli":"Na hevaṃ vattabbe …pe…. ","html":"{}</p>"},"kv19.3:2.1":{"pli":"Sāmaññaphalaṃ asaṅkhatanti? ","html":"<p data-doxy='orthodox'>{}"},"kv19.3:2.2":{"pli":"Āmantā. ","html":"{}"},"kv19.3:2.3":{"pli":"Sāmaññaṃ asaṅkhatanti? ","html":"{}"},"kv19.3:2.4":{"pli":"Na hevaṃ vattabbe …pe… ","html":"{}"},"kv19.3:2.5":{"pli":"sāmaññaṃ saṅkhatanti? ","html":"{}"},"kv19.3:2.6":{"pli":"Āmantā. ","html":"{}"},"kv19.3:2.7":{"pli":"Sāmaññaphalaṃ saṅkhatanti? ","html":"{}"},"kv19.3:2.8":{"pli":"Na hevaṃ vattabbe …pe…. ","html":"{}</p>"},"kv19.3:3.1":{"pli":"Sotāpattiphalaṃ asaṅkhatanti? ","html":"<p data-doxy='orthodox'>{}"},"kv19.3:3.2":{"pli":"Āmantā. ","html":"{}"},"kv19.3:3.3":{"pli":"Sotāpattimaggo asaṅkhatoti? ","html":"{}"},"kv19.3:3.4":{"pli":"Na hevaṃ vattabbe …pe… ","html":"{}"},"kv19.3:3.5":{"pli":"sotāpattimaggo saṅkhatoti? ","html":"{}"},"kv19.3:3.6":{"pli":"Āmantā. ","html":"{}"},"kv19.3:3.7":{"pli":"Sotāpattiphalaṃ saṅkhatanti? ","html":"{}"},"kv19.3:3.8":{"pli":"Na hevaṃ vattabbe …pe…. ","html":"{}</p>"},"kv19.3:4.1":{"pli":"Sakadāgāmiphalaṃ …pe… ","html":"<p data-doxy='orthodox'>{}"},"kv19.3:4.2":{"pli":"anāgāmiphalaṃ …pe… ","html":"{}"},"kv19.3:4.3":{"pli":"arahattaphalaṃ asaṅkhatanti? ","html":"{}"},"kv19.3:4.4":{"pli":"Āmantā. ","html":"{}"},"kv19.3:4.5":{"pli":"Arahattamaggo asaṅkhatoti? ","html":"{}"},"kv19.3:4.6":{"pli":"Na hevaṃ vattabbe …pe… ","html":"{}"},"kv19.3:4.7":{"pli":"arahattamaggo saṅkhatoti? ","html":"{}"},"kv19.3:4.8":{"pli":"Āmantā. ","html":"{}"},"kv19.3:4.9":{"pli":"Arahattaphalaṃ saṅkhatanti? ","html":"{}"},"kv19.3:4.10":{"pli":"Na hevaṃ vattabbe …pe…. ","html":"{}</p>"},"kv19.3:5.1":{"pli":"Sotāpattiphalaṃ asaṅkhataṃ, sakadāgāmiphalaṃ …pe… ","html":"<p data-doxy='orthodox'>{}"},"kv19.3:5.2":{"pli":"anāgāmiphalaṃ …pe… ","html":"{}"},"kv19.3:5.3":{"pli":"arahattaphalaṃ asaṅkhataṃ, nibbānaṃ asaṅkhatanti? ","html":"{}"},"kv19.3:5.4":{"pli":"Āmantā. ","html":"{}"},"kv19.3:5.5":{"pli":"Pañca asaṅkhatānīti? ","html":"{}"},"kv19.3:5.6":{"pli":"Na hevaṃ vattabbe …pe… ","html":"{}"},"kv19.3:5.7":{"pli":"pañca asaṅkhatānīti? ","html":"{}"},"kv19.3:5.8":{"pli":"Āmantā. ","html":"{}"},"kv19.3:5.9":{"pli":"Pañca tāṇāni …pe… ","html":"{}"},"kv19.3:5.10":{"pli":"antarikā vāti? ","html":"{}"},"kv19.3:5.11":{"pli":"Na hevaṃ vattabbe …pe…. ","html":"{}</p>"},"kv19.3:5.12":{"pli":"Sāmaññaphalakathā niṭṭhitā. ","html":"<p class='endsutta'>{}</p></article>"}},"kv19.4":{"kv19.4:0.1":{"pli":"Kathāvatthu ","html":"<article id='kv19.4'><header><ul><li class='division'>{}</li>"},"kv19.4:0.2":{"pli":"Mahāpaṇṇāsaka ","html":"<li>{}</li>"},"kv19.4:0.3":{"pli":"Ekūnavīsatimavagga ","html":"<li>{}</li></ul>"},"kv19.4:0.4":{"pli":"Pattikathā ","html":"<h1 class='sutta-title'>{}</h1></header>"},"kv19.4:1.1":{"pli":"Patti asaṅkhatāti? ","html":"<p data-doxy='orthodox'>{}"},"kv19.4:1.2":{"pli":"Āmantā. ","html":"{}"},"kv19.4:1.3":{"pli":"Nibbānaṃ tāṇaṃ leṇaṃ saraṇaṃ parāyaṇaṃ accutaṃ amatanti? ","html":"{}"},"kv19.4:1.4":{"pli":"Na hevaṃ vattabbe …pe… ","html":"{}"},"kv19.4:1.5":{"pli":"patti asaṅkhatā, nibbānaṃ asaṅkhatanti? ","html":"{}"},"kv19.4:1.6":{"pli":"Āmantā. ","html":"{}"},"kv19.4:1.7":{"pli":"Dve asaṅkhatānīti? ","html":"{}"},"kv19.4:1.8":{"pli":"Na hevaṃ vattabbe …pe… ","html":"{}"},"kv19.4:1.9":{"pli":"dve asaṅkhatānīti? ","html":"{}"},"kv19.4:1.10":{"pli":"Āmantā. ","html":"{}"},"kv19.4:1.11":{"pli":"Dve tāṇāni …pe… ","html":"{}"},"kv19.4:1.12":{"pli":"antarikā vāti? ","html":"{}"},"kv19.4:1.13":{"pli":"Na hevaṃ vattabbe …pe…. ","html":"{}</p>"},"kv19.4:2.1":{"pli":"Cīvarassa patti asaṅkhatāti? ","html":"<p data-doxy='orthodox'>{}"},"kv19.4:2.2":{"pli":"Āmantā. ","html":"{}"},"kv19.4:2.3":{"pli":"Nibbānaṃ …pe… ","html":"{}"},"kv19.4:2.4":{"pli":"amatanti? ","html":"{}"},"kv19.4:2.5":{"pli":"Na hevaṃ vattabbe …pe… ","html":"{}"},"kv19.4:2.6":{"pli":"cīvarassa patti asaṅkhatā, nibbānaṃ asaṅkhatanti? ","html":"{}"},"kv19.4:2.7":{"pli":"Āmantā. ","html":"{}"},"kv19.4:2.8":{"pli":"Dve asaṅkhatānīti? ","html":"{}"},"kv19.4:2.9":{"pli":"Na hevaṃ vattabbe …pe… ","html":"{}"},"kv19.4:2.10":{"pli":"dve asaṅkhatānīti? ","html":"{}"},"kv19.4:2.11":{"pli":"Āmantā. ","html":"{}"},"kv19.4:2.12":{"pli":"Dve tāṇāni …pe… ","html":"{}"},"kv19.4:2.13":{"pli":"antarikā vāti? ","html":"{}"},"kv19.4:2.14":{"pli":"Na hevaṃ vattabbe …pe… ","html":"{}"},"kv19.4:2.15":{"pli":"piṇḍapātassa …pe… ","html":"{}"},"kv19.4:2.16":{"pli":"senāsanassa …pe… ","html":"{}"},"kv19.4:2.17":{"pli":"gilānapaccayabhesajjaparikkhārassa patti asaṅkhatāti? ","html":"{}"},"kv19.4:2.18":{"pli":"Āmantā. ","html":"{}"},"kv19.4:2.19":{"pli":"Nibbānaṃ …pe… ","html":"{}"},"kv19.4:2.20":{"pli":"accutaṃ amatanti? ","html":"{}"},"kv19.4:2.21":{"pli":"Na hevaṃ vattabbe …pe… ","html":"{}"},"kv19.4:2.22":{"pli":"gilānapaccayabhesajjaparikkhārassa patti asaṅkhatā, nibbānaṃ asaṅkhatanti? ","html":"{}"},"kv19.4:2.23":{"pli":"Āmantā. ","html":"{}"},"kv19.4:2.24":{"pli":"Dve asaṅkhatānīti? ","html":"{}"},"kv19.4:2.25":{"pli":"Na hevaṃ vattabbe …pe… ","html":"{}"},"kv19.4:2.26":{"pli":"dve asaṅkhatānīti? ","html":"{}"},"kv19.4:2.27":{"pli":"Āmantā. ","html":"{}"},"kv19.4:2.28":{"pli":"Dve tāṇāni …pe… ","html":"{}"},"kv19.4:2.29":{"pli":"antarikā vāti? ","html":"{}"},"kv19.4:2.30":{"pli":"Na hevaṃ vattabbe …pe…. ","html":"{}</p>"},"kv19.4:3.1":{"pli":"Cīvarassa patti asaṅkhatā …pe… ","html":"<p data-doxy='orthodox'>{}"},"kv19.4:3.2":{"pli":"piṇḍapātassa …pe… ","html":"{}"},"kv19.4:3.3":{"pli":"senāsanassa …pe… ","html":"{}"},"kv19.4:3.4":{"pli":"gilānapaccayabhesajjaparikkhārassa patti asaṅkhatā, nibbānaṃ asaṅkhatanti? ","html":"{}"},"kv19.4:3.5":{"pli":"Āmantā. ","html":"{}"},"kv19.4:3.6":{"pli":"Pañca asaṅkhatānīti? ","html":"{}"},"kv19.4:3.7":{"pli":"Na hevaṃ vattabbe …pe… ","html":"{}"},"kv19.4:3.8":{"pli":"pañca asaṅkhatānīti? ","html":"{}"},"kv19.4:3.9":{"pli":"Āmantā. ","html":"{}"},"kv19.4:3.10":{"pli":"Pañca tāṇāni …pe… ","html":"{}"},"kv19.4:3.11":{"pli":"antarikā vāti? ","html":"{}"},"kv19.4:3.12":{"pli":"Na hevaṃ vattabbe …pe…. ","html":"{}</p>"},"kv19.4:4.1":{"pli":"Paṭhamassa jhānassa patti asaṅkhatā (evaṃ sabbaṃ vitthāretabbaṃ) dutiyassa jhānassa … ","html":"<p data-doxy='orthodox'>{}"},"kv19.4:4.2":{"pli":"tatiyassa jhānassa … ","html":"{}"},"kv19.4:4.3":{"pli":"catutthassa jhānassa … ","html":"{}"},"kv19.4:4.4":{"pli":"ākāsānañcāyatanassa … ","html":"{}"},"kv19.4:4.5":{"pli":"viññāṇañcāyatanassa … ","html":"{}"},"kv19.4:4.6":{"pli":"ākiñcaññāyatanassa … ","html":"{}"},"kv19.4:4.7":{"pli":"nevasaññānāsaññāyatanassa … ","html":"{}"},"kv19.4:4.8":{"pli":"sotāpattimaggassa … ","html":"{}"},"kv19.4:4.9":{"pli":"sotāpattiphalassa … ","html":"{}"},"kv19.4:4.10":{"pli":"sakadāgāmimaggassa … ","html":"{}"},"kv19.4:4.11":{"pli":"sakadāgāmiphalassa … ","html":"{}"},"kv19.4:4.12":{"pli":"anāgāmimaggassa … ","html":"{}"},"kv19.4:4.13":{"pli":"anāgāmiphalassa … ","html":"{}"},"kv19.4:4.14":{"pli":"arahattamaggassa … ","html":"{}"},"kv19.4:4.15":{"pli":"arahattaphalassa patti asaṅkhatāti? ","html":"{}"},"kv19.4:4.16":{"pli":"Āmantā. ","html":"{}"},"kv19.4:4.17":{"pli":"Nibbānaṃ …pe… ","html":"{}"},"kv19.4:4.18":{"pli":"accutaṃ amatanti? ","html":"{}"},"kv19.4:4.19":{"pli":"Na hevaṃ vattabbe …pe… ","html":"{}"},"kv19.4:4.20":{"pli":"arahattaphalassa patti asaṅkhatā, nibbānaṃ asaṅkhatanti? ","html":"{}"},"kv19.4:4.21":{"pli":"Āmantā. ","html":"{}"},"kv19.4:4.22":{"pli":"Dve asaṅkhatānīti? ","html":"{}"},"kv19.4:4.23":{"pli":"Na hevaṃ vattabbe …pe… ","html":"{}"},"kv19.4:4.24":{"pli":"dve asaṅkhatānīti? ","html":"{}"},"kv19.4:4.25":{"pli":"Āmantā. ","html":"{}"},"kv19.4:4.26":{"pli":"Dve tāṇāni …pe… ","html":"{}"},"kv19.4:4.27":{"pli":"antarikā vāti? ","html":"{}"},"kv19.4:4.28":{"pli":"Na hevaṃ vattabbe …pe…. ","html":"{}</p>"},"kv19.4:5.1":{"pli":"Sotāpattimaggassa patti asaṅkhatā … ","html":"<p data-doxy='orthodox'>{}"},"kv19.4:5.2":{"pli":"sotāpattiphalassa patti asaṅkhatā …pe… ","html":"{}"},"kv19.4:5.3":{"pli":"arahattamaggassa patti asaṅkhatā … ","html":"{}"},"kv19.4:5.4":{"pli":"arahattaphalassa patti asaṅkhatā … ","html":"{}"},"kv19.4:5.5":{"pli":"nibbānaṃ asaṅkhatanti? ","html":"{}"},"kv19.4:5.6":{"pli":"Āmantā. ","html":"{}"},"kv19.4:5.7":{"pli":"Nava asaṅkhatānīti? ","html":"{}"},"kv19.4:5.8":{"pli":"Na hevaṃ vattabbe …pe… ","html":"{}"},"kv19.4:5.9":{"pli":"nava asaṅkhatānīti? ","html":"{}"},"kv19.4:5.10":{"pli":"Āmantā. ","html":"{}"},"kv19.4:5.11":{"pli":"Nava tāṇāni …pe… ","html":"{}"},"kv19.4:5.12":{"pli":"antarikā vāti? ","html":"{}"},"kv19.4:5.13":{"pli":"Na hevaṃ vattabbe …pe…. ","html":"{}</p>"},"kv19.4:6.1":{"pli":"Na vattabbaṃ—","html":"<p data-doxy='heterodox'>{}"},"kv19.4:6.2":{"pli":"patti asaṅkhatāti? ","html":"{}"},"kv19.4:6.3":{"pli":"Āmantā. ","html":"{}"},"kv19.4:6.4":{"pli":"Patti rūpaṃ … ","html":"{}"},"kv19.4:6.5":{"pli":"vedanā … ","html":"{}"},"kv19.4:6.6":{"pli":"saññā … ","html":"{}"},"kv19.4:6.7":{"pli":"saṅkhārā … ","html":"{}"},"kv19.4:6.8":{"pli":"viññāṇanti? ","html":"{}"},"kv19.4:6.9":{"pli":"Na hevaṃ vattabbe. ","html":"{}"},"kv19.4:6.10":{"pli":"Tena hi patti asaṅkhatāti. ","html":"{}</p>"},"kv19.4:6.11":{"pli":"Pattikathā niṭṭhitā. ","html":"<p class='endsutta'>{}</p></article>"}},"kv19.5":{"kv19.5:0.1":{"pli":"Kathāvatthu ","html":"<article id='kv19.5'><header><ul><li class='division'>{}</li>"},"kv19.5:0.2":{"pli":"Mahāpaṇṇāsaka ","html":"<li>{}</li>"},"kv19.5:0.3":{"pli":"Ekūnavīsatimavagga ","html":"<li>{}</li></ul>"},"kv19.5:0.4":{"pli":"Tathatākathā ","html":"<h1 class='sutta-title'>{}</h1></header>"},"kv19.5:1.1":{"pli":"Sabbadhammānaṃ tathatā asaṅkhatāti? ","html":"<p data-doxy='orthodox'>{}"},"kv19.5:1.2":{"pli":"Āmantā. ","html":"{}"},"kv19.5:1.3":{"pli":"Nibbānaṃ …pe… ","html":"{}"},"kv19.5:1.4":{"pli":"amatanti? ","html":"{}"},"kv19.5:1.5":{"pli":"Na hevaṃ vattabbe …pe… ","html":"{}"},"kv19.5:1.6":{"pli":"sabbadhammānaṃ tathatā asaṅkhatā, nibbānaṃ asaṅkhatanti? ","html":"{}"},"kv19.5:1.7":{"pli":"Āmantā. ","html":"{}"},"kv19.5:1.8":{"pli":"Dve asaṅkhatānīti? ","html":"{}"},"kv19.5:1.9":{"pli":"Na hevaṃ vattabbe …pe… ","html":"{}"},"kv19.5:1.10":{"pli":"dve asaṅkhatānīti? ","html":"{}"},"kv19.5:1.11":{"pli":"Āmantā. ","html":"{}"},"kv19.5:1.12":{"pli":"Dve tāṇāni …pe… ","html":"{}"},"kv19.5:1.13":{"pli":"antarikā vāti? ","html":"{}"},"kv19.5:1.14":{"pli":"Na hevaṃ vattabbe …pe…. ","html":"{}</p>"},"kv19.5:2.1":{"pli":"Rūpassa rūpatā, nanu rūpatā asaṅkhatāti? ","html":"<p data-doxy='orthodox'>{}"},"kv19.5:2.2":{"pli":"Āmantā. ","html":"{}"},"kv19.5:2.3":{"pli":"Nibbānaṃ …pe… ","html":"{}"},"kv19.5:2.4":{"pli":"amatanti? ","html":"{}"},"kv19.5:2.5":{"pli":"Na hevaṃ vattabbe …pe… ","html":"{}"},"kv19.5:2.6":{"pli":"rūpassa rūpatā, nanu rūpatā asaṅkhatā, nibbānaṃ asaṅkhatanti? ","html":"{}"},"kv19.5:2.7":{"pli":"Āmantā. ","html":"{}"},"kv19.5:2.8":{"pli":"Dve asaṅkhatānīti? ","html":"{}"},"kv19.5:2.9":{"pli":"Na hevaṃ vattabbe …pe… ","html":"{}"},"kv19.5:2.10":{"pli":"dve asaṅkhatānīti? ","html":"{}"},"kv19.5:2.11":{"pli":"Āmantā. ","html":"{}"},"kv19.5:2.12":{"pli":"Dve tāṇāni …pe… ","html":"{}"},"kv19.5:2.13":{"pli":"antarikā vāti? ","html":"{}"},"kv19.5:2.14":{"pli":"Na hevaṃ vattabbe …pe…. ","html":"{}</p>"},"kv19.5:3.1":{"pli":"Vedanāya vedanatā, nanu vedanatā …pe… ","html":"<p data-doxy='orthodox'>{}"},"kv19.5:3.2":{"pli":"saññāya saññatā, nanu saññatā …pe… ","html":"{}"},"kv19.5:3.3":{"pli":"saṅkhārānaṃ saṅkhāratā, nanu saṅkhāratā …pe… ","html":"{}"},"kv19.5:3.4":{"pli":"viññāṇassa viññāṇatā, nanu viññāṇatā asaṅkhatāti? ","html":"{}"},"kv19.5:3.5":{"pli":"Āmantā. ","html":"{}"},"kv19.5:3.6":{"pli":"Nibbānaṃ …pe… ","html":"{}"},"kv19.5:3.7":{"pli":"amatanti? ","html":"{}"},"kv19.5:3.8":{"pli":"Na hevaṃ vattabbe …pe…. ","html":"{}</p>"},"kv19.5:4.1":{"pli":"Rūpassa rūpatā, nanu rūpatā …pe… ","html":"<p data-doxy='orthodox'>{}"},"kv19.5:4.2":{"pli":"viññāṇassa viññāṇatā, nanu viññāṇatā asaṅkhatā, nibbānaṃ asaṅkhatanti? ","html":"{}"},"kv19.5:4.3":{"pli":"Āmantā. ","html":"{}"},"kv19.5:4.4":{"pli":"Cha asaṅkhatānīti? ","html":"{}"},"kv19.5:4.5":{"pli":"Na hevaṃ vattabbe …pe… ","html":"{}"},"kv19.5:4.6":{"pli":"cha asaṅkhatānīti? ","html":"{}"},"kv19.5:4.7":{"pli":"Āmantā. ","html":"{}"},"kv19.5:4.8":{"pli":"Cha tāṇāni …pe… ","html":"{}"},"kv19.5:4.9":{"pli":"antarikā vāti? ","html":"{}"},"kv19.5:4.10":{"pli":"Na hevaṃ vattabbe …pe…. ","html":"{}</p>"},"kv19.5:5.1":{"pli":"Na vattabbaṃ—","html":"<p data-doxy='heterodox'>{}"},"kv19.5:5.2":{"pli":"“sabbadhammānaṃ tathatā asaṅkhatā”ti? ","html":"{}"},"kv19.5:5.3":{"pli":"Āmantā. ","html":"{}"},"kv19.5:5.4":{"pli":"Sabbadhammānaṃ tathatā rūpaṃ … ","html":"{}"},"kv19.5:5.5":{"pli":"vedanā … ","html":"{}"},"kv19.5:5.6":{"pli":"saññā … ","html":"{}"},"kv19.5:5.7":{"pli":"saṅkhārā … ","html":"{}"},"kv19.5:5.8":{"pli":"viññāṇanti? ","html":"{}"},"kv19.5:5.9":{"pli":"Na hevaṃ vattabbe. ","html":"{}"},"kv19.5:5.10":{"pli":"Tena hi sabbadhammānaṃ tathatā asaṅkhatāti. ","html":"{}</p>"},"kv19.5:5.11":{"pli":"Tathatākathā niṭṭhitā. ","html":"<p class='endsutta'>{}</p></article>"}},"kv19.6":{"kv19.6:0.1":{"pli":"Kathāvatthu ","html":"<article id='kv19.6'><header><ul><li class='division'>{}</li>"},"kv19.6:0.2":{"pli":"Mahāpaṇṇāsaka ","html":"<li>{}</li>"},"kv19.6:0.3":{"pli":"Ekūnavīsatimavagga ","html":"<li>{}</li></ul>"},"kv19.6:0.4":{"pli":"Kusalakathā ","html":"<h1 class='sutta-title'>{}</h1></header>"},"kv19.6:1.1":{"pli":"Nibbānadhātu kusalāti? ","html":"<p data-doxy='orthodox'>{}"},"kv19.6:1.2":{"pli":"Āmantā. ","html":"{}"},"kv19.6:1.3":{"pli":"Sārammaṇā, atthi tāya āvaṭṭanā …pe… paṇidhīti? ","html":"{}"},"kv19.6:1.4":{"pli":"Na hevaṃ vattabbe …pe… ","html":"{}"},"kv19.6:1.5":{"pli":"nanu anārammaṇā, natthi tāya āvaṭṭanā …pe… paṇidhīti? ","html":"{}"},"kv19.6:1.6":{"pli":"Āmantā. ","html":"{}"},"kv19.6:1.7":{"pli":"Hañci anārammaṇā, natthi tāya āvaṭṭanā …pe… paṇidhi, no ca vata re vattabbe—","html":"{}"},"kv19.6:1.8":{"pli":"“nibbānadhātu kusalā”ti. ","html":"{}</p>"},"kv19.6:2.1":{"pli":"Alobho kusalo sārammaṇo, atthi tassa āvaṭṭanā …pe… paṇidhīti? ","html":"<p data-doxy='orthodox'>{}"},"kv19.6:2.2":{"pli":"Āmantā. ","html":"{}"},"kv19.6:2.3":{"pli":"Nibbānadhātu kusalā sārammaṇā, atthi tāya āvaṭṭanā …pe… paṇidhīti? ","html":"{}"},"kv19.6:2.4":{"pli":"Na hevaṃ vattabbe …pe… ","html":"{}"},"kv19.6:2.5":{"pli":"adoso kusalo …pe… ","html":"{}"},"kv19.6:2.6":{"pli":"amoho kusalo …pe… ","html":"{}"},"kv19.6:2.7":{"pli":"saddhā … ","html":"{}"},"kv19.6:2.8":{"pli":"vīriyaṃ … ","html":"{}"},"kv19.6:2.9":{"pli":"sati … ","html":"{}"},"kv19.6:2.10":{"pli":"samādhi …pe… ","html":"{}"},"kv19.6:2.11":{"pli":"paññā kusalā sārammaṇā, atthi tāya āvaṭṭanā …pe… paṇidhīti? ","html":"{}"},"kv19.6:2.12":{"pli":"Āmantā. ","html":"{}"},"kv19.6:2.13":{"pli":"Nibbānadhātu kusalā sārammaṇā, atthi tāya āvaṭṭanā …pe… paṇidhīti? ","html":"{}"},"kv19.6:2.14":{"pli":"Na hevaṃ vattabbe …pe…. ","html":"{}</p>"},"kv19.6:3.1":{"pli":"Nibbānadhātu kusalā anārammaṇā, natthi tāya āvaṭṭanā …pe… paṇidhīti? ","html":"<p data-doxy='orthodox'>{}"},"kv19.6:3.2":{"pli":"Āmantā. ","html":"{}"},"kv19.6:3.3":{"pli":"Alobho kusalo anārammaṇo, natthi tassa āvaṭṭanā …pe… paṇidhīti? ","html":"{}"},"kv19.6:3.4":{"pli":"Na hevaṃ vattabbe …pe… ","html":"{}"},"kv19.6:3.5":{"pli":"nibbānadhātu kusalā anārammaṇā, natthi tāya āvaṭṭanā …pe… paṇidhīti? ","html":"{}"},"kv19.6:3.6":{"pli":"Āmantā. ","html":"{}"},"kv19.6:3.7":{"pli":"Adoso kusalo …pe… ","html":"{}"},"kv19.6:3.8":{"pli":"amoho kusalo …pe… ","html":"{}"},"kv19.6:3.9":{"pli":"saddhā … ","html":"{}"},"kv19.6:3.10":{"pli":"vīriyaṃ … ","html":"{}"},"kv19.6:3.11":{"pli":"sati … ","html":"{}"},"kv19.6:3.12":{"pli":"samādhi …pe… ","html":"{}"},"kv19.6:3.13":{"pli":"paññā kusalā anārammaṇā, natthi tāya āvaṭṭanā …pe… paṇidhīti? ","html":"{}"},"kv19.6:3.14":{"pli":"Na hevaṃ vattabbe …pe…. ","html":"{}</p>"},"kv19.6:4.1":{"pli":"Na vattabbaṃ—","html":"<p data-doxy='heterodox'>{}"},"kv19.6:4.2":{"pli":"“nibbānadhātu kusalā”ti? ","html":"{}"},"kv19.6:4.3":{"pli":"Āmantā. ","html":"{}"},"kv19.6:4.4":{"pli":"Nanu nibbānadhātu anavajjāti? ","html":"{}"},"kv19.6:4.5":{"pli":"Āmantā. ","html":"{}"},"kv19.6:4.6":{"pli":"Hañci nibbānadhātu anavajjā, tena vata re vattabbe—","html":"{}"},"kv19.6:4.7":{"pli":"“nibbānadhātu kusalā”ti. ","html":"{}</p>"},"kv19.6:4.8":{"pli":"Kusalakathā niṭṭhitā. ","html":"<p class='endsutta'>{}</p></article>"}},"kv19.7":{"kv19.7:0.1":{"pli":"Kathāvatthu ","html":"<article id='kv19.7'><header><ul><li class='division'>{}</li>"},"kv19.7:0.2":{"pli":"Mahāpaṇṇāsaka ","html":"<li>{}</li>"},"kv19.7:0.3":{"pli":"Ekūnavīsatimavagga ","html":"<li>{}</li></ul>"},"kv19.7:0.4":{"pli":"Accantaniyāmakathā ","html":"<h1 class='sutta-title'>{}</h1></header>"},"kv19.7:1.1":{"pli":"Atthi puthujjanassa accantaniyāmatāti? ","html":"<p data-doxy='orthodox'>{}"},"kv19.7:1.2":{"pli":"Āmantā. ","html":"{}"},"kv19.7:1.3":{"pli":"Mātughātako accantaniyato, pitughātako …pe… ","html":"{}"},"kv19.7:1.4":{"pli":"arahantaghātako …pe… ","html":"{}"},"kv19.7:1.5":{"pli":"ruhiruppādako …pe… ","html":"{}"},"kv19.7:1.6":{"pli":"saṅghabhedako accantaniyatoti? ","html":"{}"},"kv19.7:1.7":{"pli":"Na hevaṃ vattabbe …pe…. ","html":"{}</p>"},"kv19.7:2.1":{"pli":"Atthi puthujjanassa accantaniyāmatāti? ","html":"<p data-doxy='orthodox'>{}"},"kv19.7:2.2":{"pli":"Āmantā. ","html":"{}"},"kv19.7:2.3":{"pli":"Accantaniyatassa puggalassa vicikicchā uppajjeyyāti? ","html":"{}"},"kv19.7:2.4":{"pli":"Āmantā. ","html":"{}"},"kv19.7:2.5":{"pli":"Hañci accantaniyatassa puggalassa vicikicchā uppajjeyya, no ca vata re vattabbe—","html":"{}"},"kv19.7:2.6":{"pli":"“atthi puthujjanassa accantaniyāmatā”ti. ","html":"{}</p>"},"kv19.7:3.1":{"pli":"Accantaniyatassa puggalassa vicikicchā nuppajjeyyāti? ","html":"<p data-doxy='orthodox'>{}"},"kv19.7:3.2":{"pli":"Āmantā. ","html":"{}"},"kv19.7:3.3":{"pli":"Pahīnāti? ","html":"{}"},"kv19.7:3.4":{"pli":"Na hevaṃ vattabbe …pe… ","html":"{}"},"kv19.7:3.5":{"pli":"pahīnāti? ","html":"{}"},"kv19.7:3.6":{"pli":"Āmantā. ","html":"{}"},"kv19.7:3.7":{"pli":"Sotāpattimaggenāti? ","html":"{}"},"kv19.7:3.8":{"pli":"Na hevaṃ vattabbe …pe… ","html":"{}"},"kv19.7:3.9":{"pli":"sakadāgāmimaggena …pe… ","html":"{}"},"kv19.7:3.10":{"pli":"anāgāmimaggena …pe… ","html":"{}"},"kv19.7:3.11":{"pli":"arahattamaggenāti? ","html":"{}"},"kv19.7:3.12":{"pli":"Na hevaṃ vattabbe …pe…. ","html":"{}</p>"},"kv19.7:4.1":{"pli":"Katamena maggenāti? ","html":"<p data-doxy='orthodox'>{}"},"kv19.7:4.2":{"pli":"Akusalena maggenāti. ","html":"{}"},"kv19.7:4.3":{"pli":"Akusalo maggo niyyāniko khayagāmī bodhagāmī anāsavo …pe… asaṅkilesikoti? ","html":"{}"},"kv19.7:4.4":{"pli":"Na hevaṃ vattabbe …pe… ","html":"{}"},"kv19.7:4.5":{"pli":"nanu akusalo maggo aniyyāniko …pe… ","html":"{}"},"kv19.7:4.6":{"pli":"saṅkilesikoti? ","html":"{}"},"kv19.7:4.7":{"pli":"Āmantā. ","html":"{}"},"kv19.7:4.8":{"pli":"Hañci akusalo maggo aniyyāniko …pe… ","html":"{}"},"kv19.7:4.9":{"pli":"saṅkilesiko, no ca vata re vattabbe—","html":"{}"},"kv19.7:4.10":{"pli":"“accantaniyatassa puggalassa vicikicchā akusalena maggena pahīnā”ti. ","html":"{}</p>"},"kv19.7:5.1":{"pli":"Sassatadiṭṭhiyā niyatassa puggalassa ucchedadiṭṭhi uppajjeyyāti? ","html":"<p data-doxy='orthodox'>{}"},"kv19.7:5.2":{"pli":"Āmantā. ","html":"{}"},"kv19.7:5.3":{"pli":"Hañci sassatadiṭṭhiyā niyatassa puggalassa ucchedadiṭṭhi uppajjeyya, no ca vata re vattabbe—","html":"{}"},"kv19.7:5.4":{"pli":"“atthi puthujjanassa accantaniyāmatā”ti. ","html":"{}</p>"},"kv19.7:6.1":{"pli":"Sassatadiṭṭhiyā niyatassa puggalassa ucchedadiṭṭhi nuppajjeyyāti? ","html":"<p data-doxy='orthodox'>{}"},"kv19.7:6.2":{"pli":"Āmantā. ","html":"{}"},"kv19.7:6.3":{"pli":"Pahīnāti? ","html":"{}"},"kv19.7:6.4":{"pli":"Na hevaṃ vattabbe …pe… ","html":"{}"},"kv19.7:6.5":{"pli":"pahīnāti? ","html":"{}"},"kv19.7:6.6":{"pli":"Āmantā. ","html":"{}"},"kv19.7:6.7":{"pli":"Sotāpattimaggenāti? ","html":"{}"},"kv19.7:6.8":{"pli":"Na hevaṃ vattabbe …pe… ","html":"{}"},"kv19.7:6.9":{"pli":"sakadāgāmimaggena …pe… ","html":"{}"},"kv19.7:6.10":{"pli":"anāgāmimaggena …pe… ","html":"{}"},"kv19.7:6.11":{"pli":"arahattamaggenāti? ","html":"{}"},"kv19.7:6.12":{"pli":"Na hevaṃ vattabbe …pe…. ","html":"{}</p>"},"kv19.7:7.1":{"pli":"Katamena maggenāti? ","html":"<p data-doxy='orthodox'>{}"},"kv19.7:7.2":{"pli":"Akusalena maggena. ","html":"{}"},"kv19.7:7.3":{"pli":"Akusalo maggo …pe… no ca vata re vattabbe—","html":"{}"},"kv19.7:7.4":{"pli":"“sassatadiṭṭhiyā niyatassa puggalassa ucchedadiṭṭhi akusalena maggena pahīnā”ti. ","html":"{}</p>"},"kv19.7:8.1":{"pli":"Ucchedadiṭṭhiyā niyatassa puggalassa sassatadiṭṭhi uppajjeyyāti? ","html":"<p data-doxy='orthodox'>{}"},"kv19.7:8.2":{"pli":"Āmantā. ","html":"{}"},"kv19.7:8.3":{"pli":"Hañci ucchedadiṭṭhiyā niyatassa puggalassa sassatadiṭṭhi uppajjeyya, no ca vata re vattabbe—","html":"{}"},"kv19.7:8.4":{"pli":"“atthi puthujjanassa accantaniyāmatā”ti. ","html":"{}</p>"},"kv19.7:9.1":{"pli":"Ucchedadiṭṭhiyā niyatassa puggalassa sassatadiṭṭhi nuppajjeyyāti? ","html":"<p data-doxy='orthodox'>{}"},"kv19.7:9.2":{"pli":"Āmantā. ","html":"{}"},"kv19.7:9.3":{"pli":"Pahīnāti? ","html":"{}"},"kv19.7:9.4":{"pli":"Na hevaṃ vattabbe …pe… ","html":"{}"},"kv19.7:9.5":{"pli":"pahīnāti? ","html":"{}"},"kv19.7:9.6":{"pli":"Āmantā. ","html":"{}"},"kv19.7:9.7":{"pli":"Sotāpattimaggenāti? ","html":"{}"},"kv19.7:9.8":{"pli":"Na hevaṃ vattabbe …pe… ","html":"{}"},"kv19.7:9.9":{"pli":"sakadāgāmimaggena …pe… ","html":"{}"},"kv19.7:9.10":{"pli":"anāgāmimaggena …pe… ","html":"{}"},"kv19.7:9.11":{"pli":"arahattamaggenāti? ","html":"{}"},"kv19.7:9.12":{"pli":"Na hevaṃ vattabbe …pe…. ","html":"{}</p>"},"kv19.7:10.1":{"pli":"Katamena maggenāti? ","html":"<p data-doxy='orthodox'>{}"},"kv19.7:10.2":{"pli":"Akusalena maggenāti. ","html":"{}"},"kv19.7:10.3":{"pli":"Akusalo maggo …pe… no ca vata re vattabbe—","html":"{}"},"kv19.7:10.4":{"pli":"“ucchedadiṭṭhiyā niyatassa puggalassa sassatadiṭṭhi akusalena maggena pahīnā”ti. ","html":"{}</p>"},"kv19.7:11.1":{"pli":"Na vattabbaṃ—","html":"<p data-doxy='heterodox'>{}"},"kv19.7:11.2":{"pli":"“atthi puthujjanassa accantaniyāmatā”ti? ","html":"{}"},"kv19.7:11.3":{"pli":"Āmantā. ","html":"{}"},"kv19.7:11.4":{"pli":"Nanu vuttaṃ bhagavatā—","html":"{}"},"kv19.7:11.5":{"pli":"“idha, bhikkhave, ekacco puggalo samannāgato hoti ekantakāḷakehi akusalehi dhammehi, so sakiṃ nimuggo nimuggova hotī”ti. ","html":"{}"},"kv19.7:11.6":{"pli":"Attheva suttantoti? ","html":"{}"},"kv19.7:11.7":{"pli":"Āmantā. ","html":"{}"},"kv19.7:11.8":{"pli":"Tena hi atthi puthujjanassa accantaniyāmatāti. ","html":"{}</p>"},"kv19.7:12.1":{"pli":"Vuttaṃ bhagavatā—","html":"<p data-doxy='orthodox'>{}"},"kv19.7:12.2":{"pli":"“idha, bhikkhave, ekacco puggalo samannāgato hoti ekantakāḷakehi akusalehi dhammehi, so sakiṃ nimuggo nimuggova hotī”ti katvā tena ca kāraṇena atthi puthujjanassa accantaniyāmatāti? ","html":"{}"},"kv19.7:12.3":{"pli":"Āmantā. ","html":"{}"},"kv19.7:12.4":{"pli":"Vuttaṃ bhagavatā—","html":"{}"},"kv19.7:12.5":{"pli":"“idha, bhikkhave, ekacco puggalo ummujjitvā nimujjatī”ti. ","html":"{}"},"kv19.7:12.6":{"pli":"Attheva suttantoti? ","html":"{}"},"kv19.7:12.7":{"pli":"Āmantā. ","html":"{}"},"kv19.7:12.8":{"pli":"Sabbakālaṃ ummujjitvā nimujjatīti? ","html":"{}"},"kv19.7:12.9":{"pli":"Na hevaṃ vattabbe …pe…. ","html":"{}</p>"},"kv19.7:13.1":{"pli":"Vuttaṃ bhagavatā—","html":"<p data-doxy='orthodox'>{}"},"kv19.7:13.2":{"pli":"“idha, bhikkhave, ekacco puggalo samannāgato hoti ekantakāḷakehi akusalehi dhammehi, so sakiṃ nimuggo nimuggova hotī”ti—","html":"{}"},"kv19.7:13.3":{"pli":"katvā tena ca kāraṇena atthi puthujjanassa accantaniyāmatāti? ","html":"{}"},"kv19.7:13.4":{"pli":"Āmantā. ","html":"{}"},"kv19.7:13.5":{"pli":"Vuttaṃ bhagavatā—","html":"{}"},"kv19.7:13.6":{"pli":"“idha, bhikkhave, ekacco puggalo ummujjitvā ṭhito hoti, ummujjitvā vipassati viloketi, ummujjitvā patarati, ummujjitvā patigādhappatto hotī”ti. ","html":"{}"},"kv19.7:13.7":{"pli":"Attheva suttantoti? ","html":"{}"},"kv19.7:13.8":{"pli":"Āmantā. ","html":"{}"},"kv19.7:13.9":{"pli":"Sabbakālaṃ ummujjitvā patigādhappatto hotīti? ","html":"{}"},"kv19.7:13.10":{"pli":"Na hevaṃ vattabbe …pe…. ","html":"{}</p>"},"kv19.7:13.11":{"pli":"Accantaniyāmakathā niṭṭhitā. ","html":"<p class='endsutta'>{}</p></article>"}},"kv19.8":{"kv19.8:0.1":{"pli":"Kathāvatthu ","html":"<article id='kv19.8'><header><ul><li class='division'>{}</li>"},"kv19.8:0.2":{"pli":"Mahāpaṇṇāsaka ","html":"<li>{}</li>"},"kv19.8:0.3":{"pli":"Ekūnavīsatimavagga ","html":"<li>{}</li></ul>"},"kv19.8:0.4":{"pli":"Indriyakathā ","html":"<h1 class='sutta-title'>{}</h1></header>"},"kv19.8:1.1":{"pli":"Natthi lokiyaṃ saddhindriyanti? ","html":"<p data-doxy='orthodox'>{}"},"kv19.8:1.2":{"pli":"Āmantā. ","html":"{}"},"kv19.8:1.3":{"pli":"Natthi lokiyā saddhāti? ","html":"{}"},"kv19.8:1.4":{"pli":"Na hevaṃ vattabbe …pe… ","html":"{}"},"kv19.8:1.5":{"pli":"natthi lokiyaṃ vīriyindriyaṃ …pe… ","html":"{}"},"kv19.8:1.6":{"pli":"satindriyaṃ …pe… ","html":"{}"},"kv19.8:1.7":{"pli":"samādhindriyaṃ …pe… ","html":"{}"},"kv19.8:1.8":{"pli":"paññindriyanti? ","html":"{}"},"kv19.8:1.9":{"pli":"Āmantā. ","html":"{}"},"kv19.8:1.10":{"pli":"Natthi lokiyā paññāti? ","html":"{}"},"kv19.8:1.11":{"pli":"Na hevaṃ vattabbe …pe…. ","html":"{}</p>"},"kv19.8:2.1":{"pli":"Atthi lokiyā saddhāti? ","html":"<p data-doxy='orthodox'>{}"},"kv19.8:2.2":{"pli":"Āmantā. ","html":"{}"},"kv19.8:2.3":{"pli":"Atthi lokiyaṃ saddhindriyanti? ","html":"{}"},"kv19.8:2.4":{"pli":"Na hevaṃ vattabbe …pe… ","html":"{}"},"kv19.8:2.5":{"pli":"atthi lokiyaṃ vīriyaṃ …pe… ","html":"{}"},"kv19.8:2.6":{"pli":"sati …pe… ","html":"{}"},"kv19.8:2.7":{"pli":"samādhi …pe… ","html":"{}"},"kv19.8:2.8":{"pli":"paññāti? ","html":"{}"},"kv19.8:2.9":{"pli":"Āmantā. ","html":"{}"},"kv19.8:2.10":{"pli":"Atthi lokiyaṃ paññindriyanti? ","html":"{}"},"kv19.8:2.11":{"pli":"Na hevaṃ vattabbe …pe…. ","html":"{}</p>"},"kv19.8:3.1":{"pli":"Atthi lokiyo mano, atthi lokiyaṃ manindriyanti? ","html":"<p data-doxy='orthodox'>{}"},"kv19.8:3.2":{"pli":"Āmantā. ","html":"{}"},"kv19.8:3.3":{"pli":"Atthi lokiyā saddhā, atthi lokiyaṃ saddhindriyanti? ","html":"{}"},"kv19.8:3.4":{"pli":"Na hevaṃ vattabbe …pe… ","html":"{}"},"kv19.8:3.5":{"pli":"atthi lokiyo mano, atthi lokiyaṃ manindriyanti? ","html":"{}"},"kv19.8:3.6":{"pli":"Āmantā. ","html":"{}"},"kv19.8:3.7":{"pli":"Atthi lokiyā paññā, atthi lokiyaṃ paññindriyanti? ","html":"{}"},"kv19.8:3.8":{"pli":"Na hevaṃ vattabbe …pe…. ","html":"{}</p>"},"kv19.8:4.1":{"pli":"Atthi lokiyaṃ somanassaṃ, atthi lokiyaṃ somanassindriyaṃ …pe… ","html":"<p data-doxy='orthodox'>{}"},"kv19.8:4.2":{"pli":"atthi lokiyaṃ jīvitaṃ, atthi lokiyaṃ jīvitindriyanti? ","html":"{}"},"kv19.8:4.3":{"pli":"Āmantā. ","html":"{}"},"kv19.8:4.4":{"pli":"Atthi lokiyā saddhā, atthi lokiyaṃ saddhindriyanti? ","html":"{}"},"kv19.8:4.5":{"pli":"Na hevaṃ vattabbe …pe… ","html":"{}"},"kv19.8:4.6":{"pli":"atthi lokiyaṃ jīvitaṃ, atthi lokiyaṃ jīvitindriyanti? ","html":"{}"},"kv19.8:4.7":{"pli":"Āmantā. ","html":"{}"},"kv19.8:4.8":{"pli":"Atthi lokiyā paññā, atthi lokiyaṃ paññindriyanti? ","html":"{}"},"kv19.8:4.9":{"pli":"Na hevaṃ vattabbe …pe…. ","html":"{}</p>"},"kv19.8:5.1":{"pli":"Atthi lokiyā saddhā, natthi lokiyaṃ saddhindriyanti? ","html":"<p data-doxy='orthodox'>{}"},"kv19.8:5.2":{"pli":"Āmantā. ","html":"{}"},"kv19.8:5.3":{"pli":"Atthi lokiyo mano, natthi lokiyaṃ manindriyanti? ","html":"{}"},"kv19.8:5.4":{"pli":"Na hevaṃ vattabbe …pe… ","html":"{}"},"kv19.8:5.5":{"pli":"atthi lokiyā paññā, natthi lokiyaṃ paññindriyanti? ","html":"{}"},"kv19.8:5.6":{"pli":"Āmantā. ","html":"{}"},"kv19.8:5.7":{"pli":"Atthi lokiyo mano, natthi lokiyaṃ manindriyanti? ","html":"{}"},"kv19.8:5.8":{"pli":"Na hevaṃ vattabbe …pe…. ","html":"{}</p>"},"kv19.8:6.1":{"pli":"Atthi lokiyā saddhā, natthi lokiyaṃ saddhindriyanti? ","html":"<p data-doxy='orthodox'>{}"},"kv19.8:6.2":{"pli":"Āmantā. ","html":"{}"},"kv19.8:6.3":{"pli":"Atthi lokiyaṃ somanassaṃ, natthi lokiyaṃ somanassindriyanti … ","html":"{}"},"kv19.8:6.4":{"pli":"atthi lokiyaṃ jīvitaṃ, natthi lokiyaṃ jīvitindriyanti? ","html":"{}"},"kv19.8:6.5":{"pli":"Na hevaṃ vattabbe …pe… ","html":"{}"},"kv19.8:6.6":{"pli":"atthi lokiyā paññā, natthi lokiyaṃ paññindriyanti? ","html":"{}"},"kv19.8:6.7":{"pli":"Āmantā. ","html":"{}"},"kv19.8:6.8":{"pli":"Atthi lokiyo mano, natthi lokiyaṃ manindriyanti …pe… ","html":"{}"},"kv19.8:6.9":{"pli":"atthi lokiyaṃ jīvitaṃ, natthi lokiyaṃ jīvitindriyanti? ","html":"{}"},"kv19.8:6.10":{"pli":"Na hevaṃ vattabbe …pe…. ","html":"{}</p>"},"kv19.8:7.1":{"pli":"Atthi lokuttarā saddhā, atthi lokuttaraṃ saddhindriyanti? ","html":"<p data-doxy='orthodox'>{}"},"kv19.8:7.2":{"pli":"Āmantā. ","html":"{}"},"kv19.8:7.3":{"pli":"Atthi lokiyā saddhā, atthi lokiyaṃ saddhindriyanti? ","html":"{}"},"kv19.8:7.4":{"pli":"Na hevaṃ vattabbe …pe… ","html":"{}"},"kv19.8:7.5":{"pli":"atthi lokuttaraṃ vīriyaṃ …pe… ","html":"{}"},"kv19.8:7.6":{"pli":"atthi lokuttarā paññā, atthi lokuttaraṃ paññindriyanti? ","html":"{}"},"kv19.8:7.7":{"pli":"Āmantā. ","html":"{}"},"kv19.8:7.8":{"pli":"Atthi lokiyā paññā, atthi lokiyaṃ paññindriyanti? ","html":"{}"},"kv19.8:7.9":{"pli":"Na hevaṃ vattabbe …pe…. ","html":"{}</p>"},"kv19.8:8.1":{"pli":"Atthi lokiyā saddhā, natthi lokiyaṃ saddhindriyanti? ","html":"<p data-doxy='orthodox'>{}"},"kv19.8:8.2":{"pli":"Āmantā. ","html":"{}"},"kv19.8:8.3":{"pli":"Atthi lokuttarā saddhā, natthi lokuttaraṃ saddhindriyanti? ","html":"{}"},"kv19.8:8.4":{"pli":"Na hevaṃ vattabbe …pe… ","html":"{}"},"kv19.8:8.5":{"pli":"atthi lokiyaṃ vīriyaṃ …pe… ","html":"{}"},"kv19.8:8.6":{"pli":"atthi lokiyā paññā, natthi lokiyaṃ paññindriyanti? ","html":"{}"},"kv19.8:8.7":{"pli":"Āmantā. ","html":"{}"},"kv19.8:8.8":{"pli":"Atthi lokuttarā paññā, natthi lokuttaraṃ paññindriyanti? ","html":"{}"},"kv19.8:8.9":{"pli":"Na hevaṃ vattabbe …pe…. ","html":"{}</p>"},"kv19.8:9.1":{"pli":"Natthi lokiyāni pañcindriyānīti? ","html":"<p data-doxy='orthodox'>{}"},"kv19.8:9.2":{"pli":"Āmantā. ","html":"{}"},"kv19.8:9.3":{"pli":"Nanu vuttaṃ bhagavatā—","html":"{}"},"kv19.8:9.4":{"pli":"“addasaṃ kho ahaṃ, bhikkhave, buddhacakkhunā lokaṃ volokento satte apparajakkhe mahārajakkhe, tikkhindriye mudindriye, svākāre, suviññāpaye, appekacce paralokavajjabhayadassāvino viharante”ti. ","html":"{}"},"kv19.8:9.5":{"pli":"Attheva suttantoti? ","html":"{}"},"kv19.8:9.6":{"pli":"Āmantā. ","html":"{}"},"kv19.8:9.7":{"pli":"Tena hi atthi lokiyāni pañcindriyānīti. ","html":"{}</p>"},"kv19.8:9.8":{"pli":"Indriyakathā niṭṭhitā. ","html":"<p class='endsutta'>{}<br>"},"kv19.8:9.9":{"pli":"Ekūnavīsatimo vaggo. ","html":"{}</p>"},"kv19.8:9.10":{"pli":"Tassuddānaṃ ","html":"<p class='uddana-intro'>{}</p>"},"kv19.8:10.1":{"pli":"Atīte kilese jahati anāgate kilese jahati paccuppanne kilese jahati, ","html":"<p class='uddana'>{}"},"kv19.8:10.2":{"pli":"suññatā saṅkhārakkhandhapariyāpannā, ","html":"{}"},"kv19.8:10.3":{"pli":"sāmaññaphalaṃ asaṅkhataṃ, ","html":"{}"},"kv19.8:10.4":{"pli":"patti asaṅkhatā, ","html":"{}"},"kv19.8:10.5":{"pli":"sabbadhammānaṃ tathatā asaṅkhatā, ","html":"{}"},"kv19.8:10.6":{"pli":"nibbānadhātu kusalā, ","html":"{}"},"kv19.8:10.7":{"pli":"atthi puthujjanassa accantaniyāmatā, ","html":"{}"},"kv19.8:10.8":{"pli":"natthi lokiyāni pañcindriyānīti. ","html":"{}</p></article>"}}}