{"kv18.2":{"kv18.2:0.1":{"pli":"Kathāvatthu ","html":"<article id='kv18.2'><header><ul><li class='division'>{}</li>"},"kv18.2:0.2":{"pli":"Mahāpaṇṇāsaka ","html":"<li>{}</li>"},"kv18.2:0.3":{"pli":"Aṭṭhārasamavagga ","html":"<li>{}</li></ul>"},"kv18.2:0.4":{"pli":"Dhammadesanākathā ","html":"<h1 class='sutta-title'>{}</h1></header>"},"kv18.2:1.1":{"pli":"Na vattabbaṃ—","html":"<p data-doxy='orthodox'>{}"},"kv18.2:1.2":{"pli":"“buddhena bhagavatā dhammo desito”ti? ","html":"{}"},"kv18.2:1.3":{"pli":"Āmantā. ","html":"{}"},"kv18.2:1.4":{"pli":"Kena desitoti? ","html":"{}"},"kv18.2:1.5":{"pli":"Abhinimmitena desitoti. ","html":"{}"},"kv18.2:1.6":{"pli":"Abhinimmito jino satthā sammāsambuddho sabbaññū sabbadassāvī dhammassāmī dhammappaṭisaraṇoti? ","html":"{}"},"kv18.2:1.7":{"pli":"Na hevaṃ vattabbe …pe…. ","html":"{}</p>"},"kv18.2:2.1":{"pli":"Na vattabbaṃ—","html":"<p data-doxy='orthodox'>{}"},"kv18.2:2.2":{"pli":"“buddhena bhagavatā dhammo desito”ti? ","html":"{}"},"kv18.2:2.3":{"pli":"Āmantā. ","html":"{}"},"kv18.2:2.4":{"pli":"Kena desitoti? ","html":"{}"},"kv18.2:2.5":{"pli":"Āyasmatā ānandena desitoti. ","html":"{}"},"kv18.2:2.6":{"pli":"Āyasmā ānando jino satthā sammāsambuddho sabbaññū sabbadassāvī dhammassāmī dhammappaṭisaraṇoti? ","html":"{}"},"kv18.2:2.7":{"pli":"Na hevaṃ vattabbe …pe…. ","html":"{}</p>"},"kv18.2:3.1":{"pli":"Na vattabbaṃ—","html":"<p data-doxy='orthodox'>{}"},"kv18.2:3.2":{"pli":"“buddhena bhagavatā dhammo desito”ti? ","html":"{}"},"kv18.2:3.3":{"pli":"Āmantā. ","html":"{}"},"kv18.2:3.4":{"pli":"Nanu vuttaṃ bhagavatā—","html":"{}"},"kv18.2:3.5":{"pli":"“saṅkhittenapi kho ahaṃ, sāriputta, dhammaṃ deseyyaṃ; ","html":"{}"},"kv18.2:3.6":{"pli":"vitthārenapi kho ahaṃ, sāriputta, dhammaṃ deseyyaṃ; ","html":"{}"},"kv18.2:3.7":{"pli":"saṅkhittavitthārenapi kho ahaṃ, sāriputta, dhammaṃ deseyyaṃ; ","html":"{}"},"kv18.2:3.8":{"pli":"aññātāro ca dullabhā”ti. ","html":"{}"},"kv18.2:3.9":{"pli":"Attheva suttantoti? ","html":"{}"},"kv18.2:3.10":{"pli":"Āmantā. ","html":"{}"},"kv18.2:3.11":{"pli":"Tena hi buddhena bhagavatā dhammo desitoti. ","html":"{}</p>"},"kv18.2:4.1":{"pli":"Na vattabbaṃ—","html":"<p data-doxy='orthodox'>{}"},"kv18.2:4.2":{"pli":"“buddhena bhagavatā dhammo desito”ti? ","html":"{}"},"kv18.2:4.3":{"pli":"Āmantā. ","html":"{}"},"kv18.2:4.4":{"pli":"Nanu vuttaṃ bhagavatā—","html":"{}"},"kv18.2:4.5":{"pli":"“‘abhiññāyāhaṃ, bhikkhave, dhammaṃ desemi, no anabhiññāya; ","html":"{}"},"kv18.2:4.6":{"pli":"sanidānāhaṃ, bhikkhave, dhammaṃ desemi, no anidānaṃ; ","html":"{}"},"kv18.2:4.7":{"pli":"sappāṭihāriyāhaṃ, bhikkhave, dhammaṃ desemi, no appāṭihāriyaṃ; ","html":"{}"},"kv18.2:4.8":{"pli":"tassa mayhaṃ, bhikkhave, abhiññāya dhammaṃ desayato no anabhiññāya, sanidānaṃ dhammaṃ desayato no anidānaṃ, sappāṭihāriyaṃ dhammaṃ desayato no appāṭihāriyaṃ karaṇīyo ovādo karaṇīyā anusāsanī; ","html":"{}"},"kv18.2:4.9":{"pli":"alañca pana vo, bhikkhave, tuṭṭhiyā alaṃ attamanatāya alaṃ somanassāya—","html":"{}"},"kv18.2:4.10":{"pli":"sammāsambuddho bhagavā, svākkhāto dhammo, suppaṭipanno saṅgho’ti. ","html":"{}"},"kv18.2:4.11":{"pli":"Imasmiñca pana veyyākaraṇasmiṃ bhaññamāne dasasahassilokadhātu akampitthā”ti. ","html":"{}"},"kv18.2:4.12":{"pli":"Attheva suttantoti? ","html":"{}"},"kv18.2:4.13":{"pli":"Āmantā. ","html":"{}"},"kv18.2:4.14":{"pli":"Tena hi buddhena bhagavatā dhammo desitoti. ","html":"{}</p>"},"kv18.2:4.15":{"pli":"Dhammadesanākathā niṭṭhitā. ","html":"<p class='endsutta'>{}</p></article>"}},"kv18.3":{"kv18.3:0.1":{"pli":"Kathāvatthu ","html":"<article id='kv18.3'><header><ul><li class='division'>{}</li>"},"kv18.3:0.2":{"pli":"Mahāpaṇṇāsaka ","html":"<li>{}</li>"},"kv18.3:0.3":{"pli":"Aṭṭhārasamavagga ","html":"<li>{}</li></ul>"},"kv18.3:0.4":{"pli":"Karuṇākathā ","html":"<h1 class='sutta-title'>{}</h1></header>"},"kv18.3:1.1":{"pli":"Natthi buddhassa bhagavato karuṇāti? ","html":"<p data-doxy='orthodox'>{}"},"kv18.3:1.2":{"pli":"Āmantā. ","html":"{}"},"kv18.3:1.3":{"pli":"Natthi buddhassa bhagavato mettāti? ","html":"{}"},"kv18.3:1.4":{"pli":"Na hevaṃ vattabbe …pe… ","html":"{}"},"kv18.3:1.5":{"pli":"natthi buddhassa bhagavato karuṇāti? ","html":"{}"},"kv18.3:1.6":{"pli":"Āmantā. ","html":"{}"},"kv18.3:1.7":{"pli":"Natthi buddhassa bhagavato muditā …pe… ","html":"{}"},"kv18.3:1.8":{"pli":"upekkhāti? ","html":"{}"},"kv18.3:1.9":{"pli":"Na hevaṃ vattabbe …pe…. ","html":"{}</p>"},"kv18.3:2.1":{"pli":"Atthi buddhassa bhagavato mettāti? ","html":"<p data-doxy='orthodox'>{}"},"kv18.3:2.2":{"pli":"Āmantā. ","html":"{}"},"kv18.3:2.3":{"pli":"Atthi buddhassa bhagavato karuṇāti? ","html":"{}"},"kv18.3:2.4":{"pli":"Na hevaṃ vattabbe …pe… ","html":"{}"},"kv18.3:2.5":{"pli":"atthi buddhassa bhagavato muditā …pe… ","html":"{}"},"kv18.3:2.6":{"pli":"upekkhāti? ","html":"{}"},"kv18.3:2.7":{"pli":"Āmantā. ","html":"{}"},"kv18.3:2.8":{"pli":"Atthi buddhassa bhagavato karuṇāti? ","html":"{}"},"kv18.3:2.9":{"pli":"Na hevaṃ vattabbe …pe…. ","html":"{}</p>"},"kv18.3:3.1":{"pli":"Natthi buddhassa bhagavato karuṇāti? ","html":"<p data-doxy='orthodox'>{}"},"kv18.3:3.2":{"pli":"Āmantā. ","html":"{}"},"kv18.3:3.3":{"pli":"Bhagavā akāruṇikoti? ","html":"{}"},"kv18.3:3.4":{"pli":"Na hevaṃ vattabbe …pe… ","html":"{}"},"kv18.3:3.5":{"pli":"nanu bhagavā kāruṇiko lokahito lokānukampako lokatthacaroti? ","html":"{}"},"kv18.3:3.6":{"pli":"Āmantā. ","html":"{}"},"kv18.3:3.7":{"pli":"Hañci bhagavā kāruṇiko lokahito lokānukampako lokatthacaro, no ca vata re vattabbe—","html":"{}"},"kv18.3:3.8":{"pli":"“natthi buddhassa bhagavato karuṇā”ti …pe…. ","html":"{}</p>"},"kv18.3:4.1":{"pli":"Natthi buddhassa bhagavato karuṇāti? ","html":"<p data-doxy='orthodox'>{}"},"kv18.3:4.2":{"pli":"Āmantā. ","html":"{}"},"kv18.3:4.3":{"pli":"Nanu bhagavā mahākaruṇāsamāpattiṃ samāpajjīti? ","html":"{}"},"kv18.3:4.4":{"pli":"Āmantā. ","html":"{}"},"kv18.3:4.5":{"pli":"Hañci bhagavā mahākaruṇāsamāpattiṃ samāpajji, no ca vata re vattabbe—","html":"{}"},"kv18.3:4.6":{"pli":"“natthi buddhassa bhagavato karuṇā”ti. ","html":"{}</p>"},"kv18.3:5.1":{"pli":"Atthi buddhassa bhagavato karuṇāti? ","html":"<p data-doxy='heterodox'>{}"},"kv18.3:5.2":{"pli":"Āmantā. ","html":"{}"},"kv18.3:5.3":{"pli":"Bhagavā sarāgoti? ","html":"{}"},"kv18.3:5.4":{"pli":"Na hevaṃ vattabbe. ","html":"{}"},"kv18.3:5.5":{"pli":"Tena hi natthi buddhassa bhagavato karuṇāti. ","html":"{}</p>"},"kv18.3:5.6":{"pli":"Karuṇākathā niṭṭhitā. ","html":"<p class='endsutta'>{}</p></article>"}},"kv18.4":{"kv18.4:0.1":{"pli":"Kathāvatthu ","html":"<article id='kv18.4'><header><ul><li class='division'>{}</li>"},"kv18.4:0.2":{"pli":"Mahāpaṇṇāsaka ","html":"<li>{}</li>"},"kv18.4:0.3":{"pli":"Aṭṭhārasamavagga ","html":"<li>{}</li></ul>"},"kv18.4:0.4":{"pli":"Gandhajātikathā ","html":"<h1 class='sutta-title'>{}</h1></header>"},"kv18.4:1.1":{"pli":"Buddhassa bhagavato uccārapassāvo ativiya aññe gandhajāte adhiggaṇhātīti? ","html":"<p data-doxy='orthodox'>{}"},"kv18.4:1.2":{"pli":"Āmantā. ","html":"{}"},"kv18.4:1.3":{"pli":"Bhagavā gandhabhojīti? ","html":"{}"},"kv18.4:1.4":{"pli":"Na hevaṃ vattabbe …pe… ","html":"{}"},"kv18.4:1.5":{"pli":"nanu bhagavā odanakummāsaṃ bhuñjatīti? ","html":"{}"},"kv18.4:1.6":{"pli":"Āmantā. ","html":"{}"},"kv18.4:1.7":{"pli":"Hañci bhagavā odanakummāsaṃ bhuñjati, no ca vata re vattabbe—","html":"{}"},"kv18.4:1.8":{"pli":"“buddhassa bhagavato uccārapassāvo ativiya aññe gandhajāte adhiggaṇhātī”ti. ","html":"{}</p>"},"kv18.4:2.1":{"pli":"Buddhassa bhagavato uccārapassāvo ativiya aññe gandhajāte adhiggaṇhātīti? ","html":"<p data-doxy='orthodox'>{}"},"kv18.4:2.2":{"pli":"Āmantā. ","html":"{}"},"kv18.4:2.3":{"pli":"Atthi keci buddhassa bhagavato uccārapassāvaṃ nhāyanti vilimpanti ucchādenti peḷāya paṭisāmenti karaṇḍāya nikkhipanti āpaṇe pasārenti, tena ca gandhena gandhakaraṇīyaṃ karontīti? ","html":"{}"},"kv18.4:2.4":{"pli":"Na hevaṃ vattabbe …pe…. ","html":"{}</p>"},"kv18.4:2.5":{"pli":"Gandhajātikathā niṭṭhitā. ","html":"<p class='endsutta'>{}</p></article>"}},"kv18.5":{"kv18.5:0.1":{"pli":"Kathāvatthu ","html":"<article id='kv18.5'><header><ul><li class='division'>{}</li>"},"kv18.5:0.2":{"pli":"Mahāpaṇṇāsaka ","html":"<li>{}</li>"},"kv18.5:0.3":{"pli":"Aṭṭhārasamavagga ","html":"<li>{}</li></ul>"},"kv18.5:0.4":{"pli":"Ekamaggakathā ","html":"<h1 class='sutta-title'>{}</h1></header>"},"kv18.5:1.1":{"pli":"Ekena ariyamaggena cattāri sāmaññaphalāni sacchikarotīti? ","html":"<p data-doxy='orthodox'>{}"},"kv18.5:1.2":{"pli":"Āmantā. ","html":"{}"},"kv18.5:1.3":{"pli":"Catunnaṃ phassānaṃ …pe… ","html":"{}"},"kv18.5:1.4":{"pli":"catunnaṃ saññānaṃ samodhānaṃ hotīti? ","html":"{}"},"kv18.5:1.5":{"pli":"Na hevaṃ vattabbe …pe… ","html":"{}"},"kv18.5:1.6":{"pli":"ekena ariyamaggena cattāri sāmaññaphalāni sacchikarotīti? ","html":"{}"},"kv18.5:1.7":{"pli":"Āmantā. ","html":"{}"},"kv18.5:1.8":{"pli":"Sotāpattimaggenāti? ","html":"{}"},"kv18.5:1.9":{"pli":"Na hevaṃ vattabbe …pe… ","html":"{}"},"kv18.5:1.10":{"pli":"sakadāgāmi …pe… ","html":"{}"},"kv18.5:1.11":{"pli":"anāgāmimaggenāti? ","html":"{}"},"kv18.5:1.12":{"pli":"Na hevaṃ vattabbe …pe…. ","html":"{}</p>"},"kv18.5:2.1":{"pli":"Katamena maggenāti? ","html":"<p data-doxy='orthodox'>{}"},"kv18.5:2.2":{"pli":"Arahattamaggenāti. ","html":"{}"},"kv18.5:2.3":{"pli":"Arahattamaggena sakkāyadiṭṭhiṃ vicikicchaṃ sīlabbataparāmāsaṃ jahatīti? ","html":"{}"},"kv18.5:2.4":{"pli":"Na hevaṃ vattabbe …pe… ","html":"{}"},"kv18.5:2.5":{"pli":"arahattamaggena sakkāyadiṭṭhiṃ vicikicchaṃ sīlabbataparāmāsaṃ jahatīti? ","html":"{}"},"kv18.5:2.6":{"pli":"Āmantā. ","html":"{}"},"kv18.5:2.7":{"pli":"Nanu tiṇṇaṃ saṃyojanānaṃ pahānaṃ sotāpattiphalaṃ vuttaṃ bhagavatāti? ","html":"{}"},"kv18.5:2.8":{"pli":"Āmantā. ","html":"{}"},"kv18.5:2.9":{"pli":"Hañci tiṇṇaṃ saṃyojanānaṃ pahānaṃ sotāpattiphalaṃ vuttaṃ bhagavatā, no ca vata re vattabbe—","html":"{}"},"kv18.5:2.10":{"pli":"“arahattamaggena sakkāyadiṭṭhiṃ vicikicchaṃ sīlabbataparāmāsaṃ jahatī”ti. ","html":"{}</p>"},"kv18.5:3.1":{"pli":"Arahattamaggena oḷārikaṃ kāmarāgaṃ oḷārikaṃ byāpādaṃ jahatīti? ","html":"<p data-doxy='orthodox'>{}"},"kv18.5:3.2":{"pli":"Na hevaṃ vattabbe …pe… ","html":"{}"},"kv18.5:3.3":{"pli":"arahattamaggena oḷārikaṃ kāmarāgaṃ oḷārikaṃ byāpādaṃ jahatīti? ","html":"{}"},"kv18.5:3.4":{"pli":"Āmantā. ","html":"{}"},"kv18.5:3.5":{"pli":"Nanu kāmarāgabyāpādānaṃ tanubhāvaṃ sakadāgāmiphalaṃ vuttaṃ bhagavatāti? ","html":"{}"},"kv18.5:3.6":{"pli":"Āmantā. ","html":"{}"},"kv18.5:3.7":{"pli":"Hañci kāmarāgabyāpādānaṃ tanubhāvaṃ sakadāgāmiphalaṃ vuttaṃ bhagavatā, no ca vata re vattabbe—","html":"{}"},"kv18.5:3.8":{"pli":"“arahattamaggena oḷārikaṃ kāmarāgaṃ oḷārikaṃ byāpādaṃ jahatī”ti. ","html":"{}</p>"},"kv18.5:4.1":{"pli":"Arahattamaggena aṇusahagataṃ kāmarāgaṃ aṇusahagataṃ byāpādaṃ jahatīti? ","html":"<p data-doxy='orthodox'>{}"},"kv18.5:4.2":{"pli":"Na hevaṃ vattabbe …pe… ","html":"{}"},"kv18.5:4.3":{"pli":"arahattamaggena aṇusahagataṃ kāmarāgaṃ aṇusahagataṃ byāpādaṃ jahatīti? ","html":"{}"},"kv18.5:4.4":{"pli":"Āmantā. ","html":"{}"},"kv18.5:4.5":{"pli":"Nanu kāmarāgabyāpādānaṃ anavasesappahānaṃ anāgāmiphalaṃ vuttaṃ bhagavatāti? ","html":"{}"},"kv18.5:4.6":{"pli":"Āmantā. ","html":"{}"},"kv18.5:4.7":{"pli":"Hañci kāmarāgabyāpādānaṃ anavasesappahānaṃ anāgāmiphalaṃ vuttaṃ bhagavatā, no ca vata re vattabbe—","html":"{}"},"kv18.5:4.8":{"pli":"“arahattamaggena aṇusahagataṃ kāmarāgaṃ aṇusahagataṃ byāpādaṃ jahatī”ti. ","html":"{}</p>"},"kv18.5:5.1":{"pli":"Na vattabbaṃ—","html":"<p data-doxy='heterodox'>{}"},"kv18.5:5.2":{"pli":"“ekena ariyamaggena cattāri sāmaññaphalāni sacchikarotī”ti? ","html":"{}"},"kv18.5:5.3":{"pli":"Āmantā. ","html":"{}"},"kv18.5:5.4":{"pli":"Bhagavatā sotāpattimaggo bhāvitoti? ","html":"{}"},"kv18.5:5.5":{"pli":"Āmantā. ","html":"{}"},"kv18.5:5.6":{"pli":"Bhagavā sotāpannoti? ","html":"{}"},"kv18.5:5.7":{"pli":"Na hevaṃ vattabbe …pe… ","html":"{}"},"kv18.5:5.8":{"pli":"bhagavatā sakadāgāmi …pe… ","html":"{}"},"kv18.5:5.9":{"pli":"anāgāmimaggo bhāvitoti? ","html":"{}"},"kv18.5:5.10":{"pli":"Āmantā. ","html":"{}"},"kv18.5:5.11":{"pli":"Bhagavā anāgāmīti? ","html":"{}"},"kv18.5:5.12":{"pli":"Na hevaṃ vattabbe …pe…. ","html":"{}</p>"},"kv18.5:6.1":{"pli":"Bhagavā ekena ariyamaggena cattāri sāmaññaphalāni sacchikaroti, sāvakā catūhi ariyamaggehi cattāri sāmaññaphalāni sacchikarontīti? ","html":"<p data-doxy='orthodox'>{}"},"kv18.5:6.2":{"pli":"Āmantā. ","html":"{}"},"kv18.5:6.3":{"pli":"Sāvakā buddhassa bhagavato adiṭṭhaṃ dakkhanti anadhigataṃ adhigacchanti asacchikataṃ sacchikarontīti? ","html":"{}"},"kv18.5:6.4":{"pli":"Na hevaṃ vattabbe …pe…. ","html":"{}</p>"},"kv18.5:6.5":{"pli":"Ekamaggakathā niṭṭhitā. ","html":"<p class='endsutta'>{}</p></article>"}},"kv18.6":{"kv18.6:0.1":{"pli":"Kathāvatthu ","html":"<article id='kv18.6'><header><ul><li class='division'>{}</li>"},"kv18.6:0.2":{"pli":"Mahāpaṇṇāsaka ","html":"<li>{}</li>"},"kv18.6:0.3":{"pli":"Aṭṭhārasamavagga ","html":"<li>{}</li></ul>"},"kv18.6:0.4":{"pli":"Jhānasaṅkantikathā ","html":"<h1 class='sutta-title'>{}</h1></header>"},"kv18.6:1.1":{"pli":"Jhānā jhānaṃ saṅkamatīti? ","html":"<p data-doxy='orthodox'>{}"},"kv18.6:1.2":{"pli":"Āmantā. ","html":"{}"},"kv18.6:1.3":{"pli":"Paṭhamā jhānā tatiyaṃ jhānaṃ saṅkamatīti? ","html":"{}"},"kv18.6:1.4":{"pli":"Na hevaṃ vattabbe …pe… ","html":"{}"},"kv18.6:1.5":{"pli":"jhānā jhānaṃ saṅkamatīti? ","html":"{}"},"kv18.6:1.6":{"pli":"Āmantā. ","html":"{}"},"kv18.6:1.7":{"pli":"Dutiyā jhānā catutthaṃ jhānaṃ saṅkamatīti? ","html":"{}"},"kv18.6:1.8":{"pli":"Na hevaṃ vattabbe …pe…. ","html":"{}</p>"},"kv18.6:2.1":{"pli":"Paṭhamā jhānā dutiyaṃ jhānaṃ saṅkamatīti? ","html":"<p data-doxy='orthodox'>{}"},"kv18.6:2.2":{"pli":"Āmantā. ","html":"{}"},"kv18.6:2.3":{"pli":"Yā paṭhamassa jhānassa uppādāya āvaṭṭanā …pe… paṇidhi, sāva dutiyassa jhānassa uppādāya āvaṭṭanā …pe… paṇidhīti? ","html":"{}"},"kv18.6:2.4":{"pli":"Na hevaṃ vattabbe …pe…. ","html":"{}</p>"},"kv18.6:3.1":{"pli":"Paṭhamā jhānā dutiyaṃ jhānaṃ saṅkamati, na vattabbaṃ—","html":"<p data-doxy='orthodox'>{}"},"kv18.6:3.2":{"pli":"“yā paṭhamassa jhānassa uppādāya āvaṭṭanā …pe… paṇidhi, sāva dutiyassa jhānassa uppādāya āvaṭṭanā …pe… paṇidhī”ti? ","html":"{}"},"kv18.6:3.3":{"pli":"Āmantā. ","html":"{}"},"kv18.6:3.4":{"pli":"Dutiyaṃ jhānaṃ anāvaṭṭentassa uppajjati …pe… appaṇidahantassa uppajjatīti? ","html":"{}"},"kv18.6:3.5":{"pli":"Na hevaṃ vattabbe …pe… ","html":"{}"},"kv18.6:3.6":{"pli":"nanu dutiyaṃ jhānaṃ āvaṭṭentassa uppajjati …pe… paṇidahantassa uppajjatīti? ","html":"{}"},"kv18.6:3.7":{"pli":"Āmantā. ","html":"{}"},"kv18.6:3.8":{"pli":"Hañci dutiyaṃ jhānaṃ āvaṭṭentassa uppajjati …pe… paṇidahantassa uppajjati, no ca vata re vattabbe—","html":"{}"},"kv18.6:3.9":{"pli":"“paṭhamā jhānā dutiyaṃ jhānaṃ saṅkamatī”ti …pe…. ","html":"{}</p>"},"kv18.6:4.1":{"pli":"Paṭhamā jhānā dutiyaṃ jhānaṃ saṅkamatīti? ","html":"<p data-doxy='orthodox'>{}"},"kv18.6:4.2":{"pli":"Āmantā. ","html":"{}"},"kv18.6:4.3":{"pli":"Paṭhamaṃ jhānaṃ kāme ādīnavato manasikaroto uppajjatīti? ","html":"{}"},"kv18.6:4.4":{"pli":"Āmantā. ","html":"{}"},"kv18.6:4.5":{"pli":"Dutiyaṃ jhānaṃ kāme ādīnavato manasikaroto uppajjatīti? ","html":"{}"},"kv18.6:4.6":{"pli":"Na hevaṃ vattabbe …pe…. ","html":"{}</p>"},"kv18.6:5.1":{"pli":"Paṭhamaṃ jhānaṃ savitakkaṃ savicāranti? ","html":"<p data-doxy='orthodox'>{}"},"kv18.6:5.2":{"pli":"Āmantā. ","html":"{}"},"kv18.6:5.3":{"pli":"Dutiyaṃ jhānaṃ savitakkaṃ savicāranti? ","html":"{}"},"kv18.6:5.4":{"pli":"Na hevaṃ vattabbe …pe… ","html":"{}"},"kv18.6:5.5":{"pli":"paṭhamā jhānā dutiyaṃ jhānaṃ saṅkamatīti? ","html":"{}"},"kv18.6:5.6":{"pli":"Āmantā. ","html":"{}"},"kv18.6:5.7":{"pli":"Taññeva paṭhamaṃ jhānaṃ taṃ dutiyaṃ jhānanti? ","html":"{}"},"kv18.6:5.8":{"pli":"Na hevaṃ vattabbe …pe…. ","html":"{}</p>"},"kv18.6:6.1":{"pli":"Dutiyā jhānā tatiyaṃ jhānaṃ saṅkamatīti? ","html":"<p data-doxy='orthodox'>{}"},"kv18.6:6.2":{"pli":"Āmantā. ","html":"{}"},"kv18.6:6.3":{"pli":"Yā dutiyassa jhānassa uppādāya āvaṭṭanā …pe… paṇidhi, sāva tatiyassa jhānassa uppādāya āvaṭṭanā …pe… paṇidhīti? ","html":"{}"},"kv18.6:6.4":{"pli":"Na hevaṃ vattabbe …pe…. ","html":"{}</p>"},"kv18.6:7.1":{"pli":"Dutiyā jhānā tatiyaṃ jhānaṃ saṅkamati, na vattabbaṃ—","html":"<p data-doxy='orthodox'>{}"},"kv18.6:7.2":{"pli":"“yā dutiyassa jhānassa uppādāya āvaṭṭanā …pe… paṇidhi, sāva tatiyassa jhānassa uppādāya āvaṭṭanā …pe… paṇidhī”ti? ","html":"{}"},"kv18.6:7.3":{"pli":"Āmantā. ","html":"{}"},"kv18.6:7.4":{"pli":"Tatiyaṃ jhānaṃ anāvaṭṭentassa uppajjati …pe… appaṇidahantassa uppajjatīti? ","html":"{}"},"kv18.6:7.5":{"pli":"Na hevaṃ vattabbe …pe… ","html":"{}"},"kv18.6:7.6":{"pli":"nanu tatiyaṃ jhānaṃ āvaṭṭentassa uppajjati …pe… paṇidahantassa uppajjatīti? ","html":"{}"},"kv18.6:7.7":{"pli":"Āmantā. ","html":"{}"},"kv18.6:7.8":{"pli":"Hañci tatiyaṃ jhānaṃ āvaṭṭentassa uppajjati …pe… paṇidahantassa uppajjati, no ca vata re vattabbe—","html":"{}"},"kv18.6:7.9":{"pli":"“dutiyā jhānā tatiyaṃ jhānaṃ saṅkamatī”ti. ","html":"{}</p>"},"kv18.6:8.1":{"pli":"Dutiyā jhānā tatiyaṃ jhānaṃ saṅkamatīti? ","html":"<p data-doxy='orthodox'>{}"},"kv18.6:8.2":{"pli":"Āmantā. ","html":"{}"},"kv18.6:8.3":{"pli":"Dutiyaṃ jhānaṃ vitakkavicāre ādīnavato manasikaroto uppajjatīti? ","html":"{}"},"kv18.6:8.4":{"pli":"Āmantā. ","html":"{}"},"kv18.6:8.5":{"pli":"Tatiyaṃ jhānaṃ vitakkavicāre ādīnavato manasikaroto uppajjatīti? ","html":"{}"},"kv18.6:8.6":{"pli":"Na hevaṃ vattabbe …pe…. ","html":"{}</p>"},"kv18.6:9.1":{"pli":"Dutiyaṃ jhānaṃ sappītikanti? ","html":"<p data-doxy='orthodox'>{}"},"kv18.6:9.2":{"pli":"Āmantā. ","html":"{}"},"kv18.6:9.3":{"pli":"Tatiyaṃ jhānaṃ sappītikanti? ","html":"{}"},"kv18.6:9.4":{"pli":"Na hevaṃ vattabbe …pe… ","html":"{}"},"kv18.6:9.5":{"pli":"dutiyā jhānā tatiyaṃ jhānaṃ saṅkamatīti? ","html":"{}"},"kv18.6:9.6":{"pli":"Āmantā. ","html":"{}"},"kv18.6:9.7":{"pli":"Taññeva dutiyaṃ jhānaṃ taṃ tatiyaṃ jhānanti? ","html":"{}"},"kv18.6:9.8":{"pli":"Na hevaṃ vattabbe …pe…. ","html":"{}</p>"},"kv18.6:10.1":{"pli":"Tatiyā jhānā catutthaṃ jhānaṃ saṅkamatīti? ","html":"<p data-doxy='orthodox'>{}"},"kv18.6:10.2":{"pli":"Āmantā. ","html":"{}"},"kv18.6:10.3":{"pli":"Yā tatiyassa jhānassa uppādāya āvaṭṭanā …pe… paṇidhi, sāva catutthassa jhānassa uppādāya āvaṭṭanā …pe… paṇidhīti? ","html":"{}"},"kv18.6:10.4":{"pli":"Na hevaṃ vattabbe …pe…. ","html":"{}</p>"},"kv18.6:11.1":{"pli":"Tatiyā jhānā catutthaṃ jhānaṃ saṅkamati, na vattabbaṃ—","html":"<p data-doxy='orthodox'>{}"},"kv18.6:11.2":{"pli":"“yā tatiyassa jhānassa uppādāya āvaṭṭanā …pe… paṇidhi, sāva catutthassa jhānassa uppādāya āvaṭṭanā …pe… paṇidhī”ti? ","html":"{}"},"kv18.6:11.3":{"pli":"Āmantā. ","html":"{}"},"kv18.6:11.4":{"pli":"Catutthaṃ jhānaṃ anāvaṭṭentassa uppajjati …pe… appaṇidahantassa uppajjatīti? ","html":"{}"},"kv18.6:11.5":{"pli":"Na hevaṃ vattabbe …pe… ","html":"{}"},"kv18.6:11.6":{"pli":"nanu catutthaṃ jhānaṃ āvaṭṭentassa uppajjati …pe… paṇidahantassa uppajjatīti? ","html":"{}"},"kv18.6:11.7":{"pli":"Āmantā. ","html":"{}"},"kv18.6:11.8":{"pli":"Hañci catutthaṃ jhānaṃ āvaṭṭentassa uppajjati …pe… paṇidahantassa uppajjati, no ca vata re vattabbe—","html":"{}"},"kv18.6:11.9":{"pli":"“tatiyā jhānā catutthaṃ jhānaṃ saṅkamatī”ti. ","html":"{}</p>"},"kv18.6:12.1":{"pli":"Tatiyā jhānā catutthaṃ jhānaṃ saṅkamatīti? ","html":"<p data-doxy='orthodox'>{}"},"kv18.6:12.2":{"pli":"Āmantā. ","html":"{}"},"kv18.6:12.3":{"pli":"Tatiyaṃ jhānaṃ pītiṃ ādīnavato manasikaroto uppajjatīti? ","html":"{}"},"kv18.6:12.4":{"pli":"Āmantā. ","html":"{}"},"kv18.6:12.5":{"pli":"Catutthaṃ jhānaṃ pītiṃ ādīnavato manasikaroto uppajjatīti? ","html":"{}"},"kv18.6:12.6":{"pli":"Na hevaṃ vattabbe …pe…. ","html":"{}</p>"},"kv18.6:13.1":{"pli":"Tatiyaṃ jhānaṃ sukhasahagatanti? ","html":"<p data-doxy='orthodox'>{}"},"kv18.6:13.2":{"pli":"Āmantā. ","html":"{}"},"kv18.6:13.3":{"pli":"Catutthaṃ jhānaṃ sukhasahagatanti? ","html":"{}"},"kv18.6:13.4":{"pli":"Na hevaṃ vattabbe …pe… ","html":"{}"},"kv18.6:13.5":{"pli":"tatiyā jhānā catutthaṃ jhānaṃ saṅkamatīti? ","html":"{}"},"kv18.6:13.6":{"pli":"Āmantā. ","html":"{}"},"kv18.6:13.7":{"pli":"Taññeva tatiyaṃ jhānaṃ taṃ catutthaṃ jhānanti? ","html":"{}"},"kv18.6:13.8":{"pli":"Na hevaṃ vattabbe …pe…. ","html":"{}</p>"},"kv18.6:14.1":{"pli":"Na vattabbaṃ—","html":"<p data-doxy='heterodox'>{}"},"kv18.6:14.2":{"pli":"“jhānā jhānaṃ saṅkamatī”ti? ","html":"{}"},"kv18.6:14.3":{"pli":"Āmantā. ","html":"{}"},"kv18.6:14.4":{"pli":"Nanu vuttaṃ bhagavatā—","html":"{}"},"kv18.6:14.5":{"pli":"“idha, bhikkhave, bhikkhu vivicceva kāmehi …pe… ","html":"{}"},"kv18.6:14.6":{"pli":"catutthaṃ jhānaṃ upasampajja viharatī”ti. ","html":"{}"},"kv18.6:14.7":{"pli":"Attheva suttantoti? ","html":"{}"},"kv18.6:14.8":{"pli":"Āmantā. ","html":"{}"},"kv18.6:14.9":{"pli":"Tena hi jhānā jhānaṃ saṅkamatīti. ","html":"{}</p>"},"kv18.6:14.10":{"pli":"Jhānasaṅkantikathā niṭṭhitā. ","html":"<p class='endsutta'>{}</p></article>"}},"kv18.7":{"kv18.7:0.1":{"pli":"Kathāvatthu ","html":"<article id='kv18.7'><header><ul><li class='division'>{}</li>"},"kv18.7:0.2":{"pli":"Mahāpaṇṇāsaka ","html":"<li>{}</li>"},"kv18.7:0.3":{"pli":"Aṭṭhārasamavagga ","html":"<li>{}</li></ul>"},"kv18.7:0.4":{"pli":"Jhānantarikakathā ","html":"<h1 class='sutta-title'>{}</h1></header>"},"kv18.7:1.1":{"pli":"Atthi jhānantarikāti? ","html":"<p data-doxy='orthodox'>{}"},"kv18.7:1.2":{"pli":"Āmantā. ","html":"{}"},"kv18.7:1.3":{"pli":"Atthi phassantarikā …pe… ","html":"{}"},"kv18.7:1.4":{"pli":"atthi saññantarikāti? ","html":"{}"},"kv18.7:1.5":{"pli":"Na hevaṃ vattabbe …pe…. ","html":"{}</p>"},"kv18.7:2.1":{"pli":"Atthi jhānantarikāti? ","html":"<p data-doxy='orthodox'>{}"},"kv18.7:2.2":{"pli":"Āmantā. ","html":"{}"},"kv18.7:2.3":{"pli":"Dutiyassa ca jhānassa tatiyassa ca jhānassa antare atthi jhānantarikāti? ","html":"{}"},"kv18.7:2.4":{"pli":"Na hevaṃ vattabbe …pe…. ","html":"{}</p>"},"kv18.7:3.1":{"pli":"Atthi jhānantarikāti? ","html":"<p data-doxy='orthodox'>{}"},"kv18.7:3.2":{"pli":"Āmantā. ","html":"{}"},"kv18.7:3.3":{"pli":"Tatiyassa ca jhānassa catutthassa ca jhānassa antare atthi jhānantarikāti? ","html":"{}"},"kv18.7:3.4":{"pli":"Na hevaṃ vattabbe …pe…. ","html":"{}</p>"},"kv18.7:4.1":{"pli":"Dutiyassa ca jhānassa tatiyassa ca jhānassa antare natthi jhānantarikāti? ","html":"<p data-doxy='orthodox'>{}"},"kv18.7:4.2":{"pli":"Āmantā. ","html":"{}"},"kv18.7:4.3":{"pli":"Hañci dutiyassa ca jhānassa tatiyassa ca jhānassa antare natthi jhānantarikā, no ca vata re vattabbe—","html":"{}"},"kv18.7:4.4":{"pli":"“atthi jhānantarikā”ti. ","html":"{}</p>"},"kv18.7:5.1":{"pli":"Tatiyassa ca jhānassa catutthassa ca jhānassa antare natthi jhānantarikāti? ","html":"<p data-doxy='orthodox'>{}"},"kv18.7:5.2":{"pli":"Āmantā. ","html":"{}"},"kv18.7:5.3":{"pli":"Hañci tatiyassa ca jhānassa catutthassa ca jhānassa antare natthi jhānantarikā, no ca vata re vattabbe—","html":"{}"},"kv18.7:5.4":{"pli":"“atthi jhānantarikā”ti. ","html":"{}</p>"},"kv18.7:6.1":{"pli":"Paṭhamassa ca jhānassa dutiyassa ca jhānassa antare atthi jhānantarikāti? ","html":"<p data-doxy='orthodox'>{}"},"kv18.7:6.2":{"pli":"Āmantā. ","html":"{}"},"kv18.7:6.3":{"pli":"Dutiyassa ca jhānassa tatiyassa ca jhānassa antare atthi jhānantarikāti? ","html":"{}"},"kv18.7:6.4":{"pli":"Na hevaṃ vattabbe …pe…. ","html":"{}</p>"},"kv18.7:7.1":{"pli":"Paṭhamassa ca jhānassa dutiyassa ca jhānassa antare atthi jhānantarikāti? ","html":"<p data-doxy='orthodox'>{}"},"kv18.7:7.2":{"pli":"Āmantā. ","html":"{}"},"kv18.7:7.3":{"pli":"Tatiyassa ca jhānassa catutthassa ca jhānassa antare atthi jhānantarikāti? ","html":"{}"},"kv18.7:7.4":{"pli":"Na hevaṃ vattabbe …pe…. ","html":"{}</p>"},"kv18.7:8.1":{"pli":"Dutiyassa ca jhānassa tatiyassa ca jhānassa antare natthi jhānantarikāti? ","html":"<p data-doxy='orthodox'>{}"},"kv18.7:8.2":{"pli":"Āmantā. ","html":"{}"},"kv18.7:8.3":{"pli":"Paṭhamassa ca jhānassa dutiyassa ca jhānassa antare natthi jhānantarikāti? ","html":"{}"},"kv18.7:8.4":{"pli":"Na hevaṃ vattabbe …pe…. ","html":"{}</p>"},"kv18.7:9.1":{"pli":"Tatiyassa ca jhānassa catutthassa ca jhānassa antare natthi jhānantarikāti? ","html":"<p data-doxy='orthodox'>{}"},"kv18.7:9.2":{"pli":"Āmantā. ","html":"{}"},"kv18.7:9.3":{"pli":"Paṭhamassa ca jhānassa dutiyassa ca jhānassa antare natthi jhānantarikāti? ","html":"{}"},"kv18.7:9.4":{"pli":"Na hevaṃ vattabbe …pe…. ","html":"{}</p>"},"kv18.7:10.1":{"pli":"Avitakko vicāramatto samādhi jhānantarikāti? ","html":"<p data-doxy='orthodox'>{}"},"kv18.7:10.2":{"pli":"Āmantā. ","html":"{}"},"kv18.7:10.3":{"pli":"Savitakko savicāro samādhi jhānantarikāti? ","html":"{}"},"kv18.7:10.4":{"pli":"Na hevaṃ vattabbe …pe…. ","html":"{}</p>"},"kv18.7:11.1":{"pli":"Avitakko vicāramatto samādhi jhānantarikāti? ","html":"<p data-doxy='orthodox'>{}"},"kv18.7:11.2":{"pli":"Āmantā. ","html":"{}"},"kv18.7:11.3":{"pli":"Avitakko avicāro samādhi jhānantarikāti? ","html":"{}"},"kv18.7:11.4":{"pli":"Na hevaṃ vattabbe …pe…. ","html":"{}</p>"},"kv18.7:12.1":{"pli":"Savitakko savicāro samādhi na jhānantarikāti? ","html":"<p data-doxy='orthodox'>{}"},"kv18.7:12.2":{"pli":"Āmantā. ","html":"{}"},"kv18.7:12.3":{"pli":"Avitakko vicāramatto samādhi na jhānantarikāti? ","html":"{}"},"kv18.7:12.4":{"pli":"Na hevaṃ vattabbe …pe…. ","html":"{}</p>"},"kv18.7:13.1":{"pli":"Avitakko avicāro samādhi na jhānantarikāti? ","html":"<p data-doxy='orthodox'>{}"},"kv18.7:13.2":{"pli":"Āmantā. ","html":"{}"},"kv18.7:13.3":{"pli":"Avitakko vicāramatto samādhi na jhānantarikāti? ","html":"{}"},"kv18.7:13.4":{"pli":"Na hevaṃ vattabbe …pe…. ","html":"{}</p>"},"kv18.7:14.1":{"pli":"Dvinnaṃ jhānānaṃ paṭuppannānamantare avitakko vicāramatto samādhīti? ","html":"<p data-doxy='orthodox'>{}"},"kv18.7:14.2":{"pli":"Āmantā. ","html":"{}"},"kv18.7:14.3":{"pli":"Nanu avitakke vicāramatte samādhimhi vattamāne paṭhamaṃ jhānaṃ niruddhaṃ dutiyaṃ jhānaṃ paṭuppannanti? ","html":"{}"},"kv18.7:14.4":{"pli":"Āmantā. ","html":"{}"},"kv18.7:14.5":{"pli":"Hañci avitakke vicāramatte samādhimhi vattamāne paṭhamaṃ jhānaṃ niruddhaṃ dutiyaṃ jhānaṃ paṭuppannaṃ, no ca vata re vattabbe—","html":"{}"},"kv18.7:14.6":{"pli":"“dvinnaṃ jhānānaṃ paṭuppannānamantare avitakko vicāramatto samādhi jhānantarikā”ti. ","html":"{}</p>"},"kv18.7:15.1":{"pli":"Avitakko vicāramatto samādhi na jhānantarikāti? ","html":"<p data-doxy='heterodox'>{}"},"kv18.7:15.2":{"pli":"Āmantā. ","html":"{}"},"kv18.7:15.3":{"pli":"Avitakko vicāramatto samādhi paṭhamaṃ jhānaṃ …pe… ","html":"{}"},"kv18.7:15.4":{"pli":"dutiyaṃ jhānaṃ …pe… ","html":"{}"},"kv18.7:15.5":{"pli":"tatiyaṃ jhānaṃ …pe… ","html":"{}"},"kv18.7:15.6":{"pli":"catutthaṃ jhānanti? ","html":"{}"},"kv18.7:15.7":{"pli":"Na hevaṃ vattabbe. ","html":"{}"},"kv18.7:15.8":{"pli":"Tena hi avitakko vicāramatto samādhi jhānantarikāti. ","html":"{}</p>"},"kv18.7:16.1":{"pli":"Avitakko vicāramatto samādhi jhānantarikāti? ","html":"<p data-doxy='orthodox'>{}"},"kv18.7:16.2":{"pli":"Āmantā. ","html":"{}"},"kv18.7:16.3":{"pli":"Nanu tayo samādhī vuttā bhagavatā—","html":"{}"},"kv18.7:16.4":{"pli":"“savitakko savicāro samādhi”, avitakko vicāramatto samādhi, avitakko avicāro samādhī”ti? ","html":"{}"},"kv18.7:16.5":{"pli":"Āmantā. ","html":"{}"},"kv18.7:16.6":{"pli":"Hañci tayo samādhī vuttā bhagavatā—","html":"{}"},"kv18.7:16.7":{"pli":"“savitakko …pe… ","html":"{}"},"kv18.7:16.8":{"pli":"avicāro samādhi”, no ca vata re vattabbe—","html":"{}"},"kv18.7:16.9":{"pli":"“avitakko vicāramatto samādhi jhānantarikā”ti. ","html":"{}</p>"},"kv18.7:16.10":{"pli":"Jhānantarikakathā niṭṭhitā. ","html":"<p class='endsutta'>{}</p></article>"}},"kv18.8":{"kv18.8:0.1":{"pli":"Kathāvatthu ","html":"<article id='kv18.8'><header><ul><li class='division'>{}</li>"},"kv18.8:0.2":{"pli":"Mahāpaṇṇāsaka ","html":"<li>{}</li>"},"kv18.8:0.3":{"pli":"Aṭṭhārasamavagga ","html":"<li>{}</li></ul>"},"kv18.8:0.4":{"pli":"Saddaṃsuṇātītikathā ","html":"<h1 class='sutta-title'>{}</h1></header>"},"kv18.8:1.1":{"pli":"Samāpanno saddaṃ suṇātīti? ","html":"<p data-doxy='orthodox'>{}"},"kv18.8:1.2":{"pli":"Āmantā. ","html":"{}"},"kv18.8:1.3":{"pli":"Samāpanno cakkhunā rūpaṃ passati …pe… ","html":"{}"},"kv18.8:1.4":{"pli":"sotena …pe… ","html":"{}"},"kv18.8:1.5":{"pli":"ghānena …pe… ","html":"{}"},"kv18.8:1.6":{"pli":"jivhāya …pe… ","html":"{}"},"kv18.8:1.7":{"pli":"kāyena phoṭṭhabbaṃ phusatīti? ","html":"{}"},"kv18.8:1.8":{"pli":"Na hevaṃ vattabbe …pe…. ","html":"{}</p>"},"kv18.8:2.1":{"pli":"Samāpanno saddaṃ suṇātīti? ","html":"<p data-doxy='orthodox'>{}"},"kv18.8:2.2":{"pli":"Āmantā. ","html":"{}"},"kv18.8:2.3":{"pli":"Sotaviññāṇasamaṅgī samāpannoti? ","html":"{}"},"kv18.8:2.4":{"pli":"Na hevaṃ vattabbe. ","html":"{}"},"kv18.8:2.5":{"pli":"Nanu samādhi manoviññāṇasamaṅgissāti? ","html":"{}"},"kv18.8:2.6":{"pli":"Āmantā. ","html":"{}"},"kv18.8:2.7":{"pli":"Hañci samādhi manoviññāṇasamaṅgissa, no ca vata re vattabbe—","html":"{}"},"kv18.8:2.8":{"pli":"“samāpanno saddaṃ suṇātī”ti. ","html":"{}</p>"},"kv18.8:3.1":{"pli":"Samādhi manoviññāṇasamaṅgissa, sotaviññāṇasamaṅgī saddaṃ suṇātīti? ","html":"<p data-doxy='orthodox'>{}"},"kv18.8:3.2":{"pli":"Āmantā. ","html":"{}"},"kv18.8:3.3":{"pli":"Hañci samādhi manoviññāṇasamaṅgissa, sotaviññāṇasamaṅgī saddaṃ suṇāti, no ca vata re vattabbe—","html":"{}"},"kv18.8:3.4":{"pli":"“samāpanno saddaṃ suṇātī”ti. ","html":"{}"},"kv18.8:3.5":{"pli":"Samādhi manoviññāṇasamaṅgissa, sotaviññāṇasamaṅgī saddaṃ suṇātīti? ","html":"{}"},"kv18.8:3.6":{"pli":"Āmantā. ","html":"{}"},"kv18.8:3.7":{"pli":"Dvinnaṃ phassānaṃ …pe… ","html":"{}"},"kv18.8:3.8":{"pli":"dvinnaṃ cittānaṃ samodhānaṃ hotīti? ","html":"{}"},"kv18.8:3.9":{"pli":"Na hevaṃ vattabbe …pe…. ","html":"{}</p>"},"kv18.8:4.1":{"pli":"Na vattabbaṃ—","html":"<p data-doxy='heterodox'>{}"},"kv18.8:4.2":{"pli":"“samāpanno saddaṃ suṇātī”ti? ","html":"{}"},"kv18.8:4.3":{"pli":"Āmantā. ","html":"{}"},"kv18.8:4.4":{"pli":"Nanu paṭhamassa jhānassa saddo kaṇṭako vutto bhagavatāti? ","html":"{}"},"kv18.8:4.5":{"pli":"Āmantā. ","html":"{}"},"kv18.8:4.6":{"pli":"Hañci paṭhamassa jhānassa saddo kaṇṭako vutto bhagavatā, tena vata re vattabbe—","html":"{}"},"kv18.8:4.7":{"pli":"“samāpanno saddaṃ suṇātī”ti. ","html":"{}</p>"},"kv18.8:5.1":{"pli":"Paṭhamassa jhānassa saddo kaṇṭako vutto bhagavatāti, samāpanno saddaṃ suṇātīti? ","html":"<p data-doxy='orthodox'>{}"},"kv18.8:5.2":{"pli":"Āmantā. ","html":"{}"},"kv18.8:5.3":{"pli":"Dutiyassa jhānassa vitakko vicāro kaṇṭako vutto bhagavatā, atthi tassa vitakkavicārāti? ","html":"{}"},"kv18.8:5.4":{"pli":"Na hevaṃ vattabbe …pe…. ","html":"{}</p>"},"kv18.8:6.1":{"pli":"Paṭhamassa jhānassa saddo kaṇṭako vutto bhagavatāti, samāpanno saddaṃ suṇātīti? ","html":"<p data-doxy='orthodox'>{}"},"kv18.8:6.2":{"pli":"Āmantā. ","html":"{}"},"kv18.8:6.3":{"pli":"Tatiyassa jhānassa pīti kaṇṭako …pe… ","html":"{}"},"kv18.8:6.4":{"pli":"catutthassa jhānassa assāsapassāso kaṇṭako … ākāsānañcāyatanaṃ samāpannassa rūpasaññā kaṇṭako … viññāṇañcāyatanaṃ samāpannassa ākāsānañcāyatanasaññā kaṇṭako … ākiñcaññāyatanaṃ samāpannassa viññāṇañcāyatanasaññā kaṇṭako … nevasaññānāsaññāyatanaṃ samāpannassa ākiñcaññāyatanasaññā kaṇṭako … saññāvedayitanirodhaṃ samāpannassa saññā ca vedanā ca kaṇṭako vutto bhagavatā, atthi tassa saññā ca vedanā cāti? ","html":"{}"},"kv18.8:6.5":{"pli":"Na hevaṃ vattabbe …pe…. ","html":"{}</p>"},"kv18.8:6.6":{"pli":"Saddaṃ suṇātītikathā niṭṭhitā. ","html":"<p class='endsutta'>{}</p></article>"}},"kv18.9":{"kv18.9:0.1":{"pli":"Kathāvatthu ","html":"<article id='kv18.9'><header><ul><li class='division'>{}</li>"},"kv18.9:0.2":{"pli":"Mahāpaṇṇāsaka ","html":"<li>{}</li>"},"kv18.9:0.3":{"pli":"Aṭṭhārasamavagga ","html":"<li>{}</li></ul>"},"kv18.9:0.4":{"pli":"Cakkhunārūpaṃpassatītikathā ","html":"<h1 class='sutta-title'>{}</h1></header>"},"kv18.9:1.1":{"pli":"Cakkhunā rūpaṃ passatīti? ","html":"<p data-doxy='orthodox'>{}"},"kv18.9:1.2":{"pli":"Āmantā. ","html":"{}"},"kv18.9:1.3":{"pli":"Rūpena rūpaṃ passatīti? ","html":"{}"},"kv18.9:1.4":{"pli":"Na hevaṃ vattabbe …pe… ","html":"{}"},"kv18.9:1.5":{"pli":"rūpena rūpaṃ passatīti? ","html":"{}"},"kv18.9:1.6":{"pli":"Āmantā. ","html":"{}"},"kv18.9:1.7":{"pli":"Rūpena rūpaṃ paṭivijānātīti? ","html":"{}"},"kv18.9:1.8":{"pli":"Na hevaṃ vattabbe …pe… ","html":"{}"},"kv18.9:1.9":{"pli":"rūpena rūpaṃ paṭivijānātīti? ","html":"{}"},"kv18.9:1.10":{"pli":"Āmantā. ","html":"{}"},"kv18.9:1.11":{"pli":"Rūpaṃ manoviññāṇanti? ","html":"{}"},"kv18.9:1.12":{"pli":"Na hevaṃ vattabbe …pe… ","html":"{}"},"kv18.9:1.13":{"pli":"cakkhunā rūpaṃ passatīti? ","html":"{}"},"kv18.9:1.14":{"pli":"Āmantā. ","html":"{}"},"kv18.9:1.15":{"pli":"Atthi cakkhussa āvaṭṭanā …pe… paṇidhīti? ","html":"{}"},"kv18.9:1.16":{"pli":"Na hevaṃ vattabbe …pe… ","html":"{}"},"kv18.9:1.17":{"pli":"nanu natthi cakkhussa āvaṭṭanā …pe… paṇidhīti? ","html":"{}"},"kv18.9:1.18":{"pli":"Āmantā. ","html":"{}"},"kv18.9:1.19":{"pli":"Hañci natthi cakkhussa āvaṭṭanā …pe… paṇidhi, no ca vata re vattabbe—","html":"{}"},"kv18.9:1.20":{"pli":"“cakkhunā rūpaṃ passatī”ti. ","html":"{}</p>"},"kv18.9:2.1":{"pli":"Sotena saddaṃ suṇātīti …pe… ","html":"<p data-doxy='orthodox'>{}"},"kv18.9:2.2":{"pli":"ghānena gandhaṃ ghāyatīti …pe… ","html":"{}"},"kv18.9:2.3":{"pli":"jivhāya rasaṃ sāyatīti …pe… ","html":"{}"},"kv18.9:2.4":{"pli":"kāyena phoṭṭhabbaṃ phusatīti? ","html":"{}"},"kv18.9:2.5":{"pli":"Āmantā. ","html":"{}"},"kv18.9:2.6":{"pli":"Rūpena rūpaṃ phusatīti? ","html":"{}"},"kv18.9:2.7":{"pli":"Na hevaṃ vattabbe …pe…. ","html":"{}</p>"},"kv18.9:3.1":{"pli":"Rūpena rūpaṃ phusatīti? ","html":"<p data-doxy='orthodox'>{}"},"kv18.9:3.2":{"pli":"Āmantā. ","html":"{}"},"kv18.9:3.3":{"pli":"Rūpena rūpaṃ paṭivijānātīti? ","html":"{}"},"kv18.9:3.4":{"pli":"Na hevaṃ vattabbe …pe… ","html":"{}"},"kv18.9:3.5":{"pli":"rūpena rūpaṃ paṭivijānātīti? ","html":"{}"},"kv18.9:3.6":{"pli":"Āmantā. ","html":"{}"},"kv18.9:3.7":{"pli":"Rūpaṃ manoviññāṇanti? ","html":"{}"},"kv18.9:3.8":{"pli":"Na hevaṃ vattabbe …pe… ","html":"{}"},"kv18.9:3.9":{"pli":"kāyena phoṭṭhabbaṃ phusatīti? ","html":"{}"},"kv18.9:3.10":{"pli":"Āmantā. ","html":"{}"},"kv18.9:3.11":{"pli":"Atthi kāyassa āvaṭṭanā …pe… paṇidhīti? ","html":"{}"},"kv18.9:3.12":{"pli":"Na hevaṃ vattabbe …pe… ","html":"{}"},"kv18.9:3.13":{"pli":"nanu natthi kāyassa āvaṭṭanā …pe… paṇidhīti? ","html":"{}"},"kv18.9:3.14":{"pli":"Āmantā. ","html":"{}"},"kv18.9:3.15":{"pli":"Hañci natthi kāyassa āvaṭṭanā …pe… paṇidhi, no ca vata re vattabbe—","html":"{}"},"kv18.9:3.16":{"pli":"“kāyena phoṭṭhabbaṃ phusatī”ti …pe…. ","html":"{}</p>"},"kv18.9:4.1":{"pli":"Na vattabbaṃ—","html":"<p data-doxy='heterodox'>{}"},"kv18.9:4.2":{"pli":"“cakkhunā rūpaṃ passatī”ti …pe… ","html":"{}"},"kv18.9:4.3":{"pli":"“kāyena phoṭṭhabbaṃ phusatī”ti? ","html":"{}"},"kv18.9:4.4":{"pli":"Āmantā. ","html":"{}"},"kv18.9:4.5":{"pli":"Nanu vuttaṃ bhagavatā—","html":"{}"},"kv18.9:4.6":{"pli":"“idha, bhikkhave, bhikkhu cakkhunā rūpaṃ passati …pe… ","html":"{}"},"kv18.9:4.7":{"pli":"kāyena phoṭṭhabbaṃ phusatī”ti. ","html":"{}"},"kv18.9:4.8":{"pli":"Attheva suttantoti? ","html":"{}"},"kv18.9:4.9":{"pli":"Āmantā. ","html":"{}"},"kv18.9:4.10":{"pli":"Tena hi cakkhunā rūpaṃ passati …pe… ","html":"{}"},"kv18.9:4.11":{"pli":"kāyena phoṭṭhabbaṃ phusatīti. ","html":"{}</p>"},"kv18.9:4.12":{"pli":"Cakkhunā rūpaṃ passatītikathā niṭṭhitā. ","html":"<p class='endsutta'>{}<br>"},"kv18.9:4.13":{"pli":"Aṭṭhārasamo vaggo. ","html":"{}</p>"},"kv18.9:4.14":{"pli":"Tassuddānaṃ ","html":"<p class='uddana-intro'>{}</p>"},"kv18.9:5.1":{"pli":"Buddho bhagavā manussaloke aṭṭhāsi, ","html":"<p class='uddana'>{}"},"kv18.9:5.2":{"pli":"buddhena bhagavatā dhammo desito, ","html":"{}"},"kv18.9:5.3":{"pli":"natthi buddhassa bhagavato karuṇā, ","html":"{}"},"kv18.9:5.4":{"pli":"buddhassa bhagavato uccārapassāvo ativiya aññe gandhajāte adhiggaṇhāti, ","html":"{}"},"kv18.9:5.5":{"pli":"ekena ariyamaggena cattāri sāmaññaphalāni sacchikaroti, ","html":"{}"},"kv18.9:5.6":{"pli":"jhānā jhānaṃ saṅkamati, ","html":"{}"},"kv18.9:5.7":{"pli":"atthi jhānantarikā, ","html":"{}"},"kv18.9:5.8":{"pli":"samāpanno saddaṃ suṇāti, ","html":"{}"},"kv18.9:5.9":{"pli":"cakkhunā rūpaṃ passati …pe… ","html":"{}"},"kv18.9:5.10":{"pli":"kāyena phoṭṭhabbaṃ phusati. ","html":"{}</p></article>"}},"kv19.1":{"kv19.1:0.1":{"pli":"Kathāvatthu ","html":"<article id='kv19.1'><header><ul><li class='division'>{}</li>"},"kv19.1:0.2":{"pli":"Niggahapaṇṇāsaka ","html":"<li>{}</li>"},"kv19.1:0.3":{"pli":"Ekūnavīsatimavagga ","html":"<li>{}</li></ul>"},"kv19.1:0.4":{"pli":"Kilesajahanakathā ","html":"<h1 class='sutta-title'>{}</h1></header>"},"kv19.1:1.1":{"pli":"Atīte kilese jahatīti? ","html":"<p data-doxy='orthodox'>{}"},"kv19.1:1.2":{"pli":"Āmantā. ","html":"{}"},"kv19.1:1.3":{"pli":"Niruddhaṃ nirodheti, vigataṃ vigameti, khīṇaṃ khepeti, atthaṅgataṃ atthaṅgameti, abbhatthaṅgataṃ abbhatthaṅgametīti? ","html":"{}"},"kv19.1:1.4":{"pli":"Na hevaṃ vattabbe …pe… ","html":"{}"},"kv19.1:1.5":{"pli":"atīte kilese jahatīti? ","html":"{}"},"kv19.1:1.6":{"pli":"Āmantā. ","html":"{}"},"kv19.1:1.7":{"pli":"Nanu atītaṃ niruddhanti? ","html":"{}"},"kv19.1:1.8":{"pli":"Āmantā. ","html":"{}"},"kv19.1:1.9":{"pli":"Hañci atītaṃ niruddhaṃ, no ca vata re vattabbe—","html":"{}"},"kv19.1:1.10":{"pli":"“atīte kilese jahatī”ti. ","html":"{}"},"kv19.1:1.11":{"pli":"Atīte kilese jahatīti? ","html":"{}"},"kv19.1:1.12":{"pli":"Āmantā. ","html":"{}"},"kv19.1:1.13":{"pli":"Nanu atītaṃ natthīti? ","html":"{}"},"kv19.1:1.14":{"pli":"Āmantā. ","html":"{}"},"kv19.1:1.15":{"pli":"Hañci atītaṃ natthi, no ca vata re vattabbe—","html":"{}"},"kv19.1:1.16":{"pli":"“atīte kilese jahatī”ti. ","html":"{}</p>"},"kv19.1:2.1":{"pli":"Anāgate kilese jahatīti? ","html":"<p data-doxy='orthodox'>{}"},"kv19.1:2.2":{"pli":"Āmantā. ","html":"{}"},"kv19.1:2.3":{"pli":"Ajātaṃ ajaneti, asañjātaṃ asañjaneti, anibbattaṃ anibbatteti, apātubhūtaṃ apātubhāvetīti? ","html":"{}"},"kv19.1:2.4":{"pli":"Na hevaṃ vattabbe …pe… ","html":"{}"},"kv19.1:2.5":{"pli":"anāgate kilese jahatīti? ","html":"{}"},"kv19.1:2.6":{"pli":"Āmantā. ","html":"{}"},"kv19.1:2.7":{"pli":"Nanu anāgataṃ ajātanti? ","html":"{}"},"kv19.1:2.8":{"pli":"Āmantā. ","html":"{}"},"kv19.1:2.9":{"pli":"Hañci anāgataṃ ajātaṃ, no ca vata re vattabbe—","html":"{}"},"kv19.1:2.10":{"pli":"“anāgate kilese jahatī”ti. ","html":"{}"},"kv19.1:2.11":{"pli":"Anāgate kilese jahatīti? ","html":"{}"},"kv19.1:2.12":{"pli":"Āmantā. ","html":"{}"},"kv19.1:2.13":{"pli":"Nanu anāgataṃ natthīti? ","html":"{}"},"kv19.1:2.14":{"pli":"Āmantā. ","html":"{}"},"kv19.1:2.15":{"pli":"Hañci anāgataṃ natthi, no ca vata re vattabbe—","html":"{}"},"kv19.1:2.16":{"pli":"“anāgate kilese jahatī”ti. ","html":"{}</p>"},"kv19.1:3.1":{"pli":"Paccuppanne kilese jahatīti? ","html":"<p data-doxy='orthodox'>{}"},"kv19.1:3.2":{"pli":"Āmantā. ","html":"{}"},"kv19.1:3.3":{"pli":"Ratto rāgaṃ jahati, duṭṭho dosaṃ jahati, mūḷho mohaṃ jahati, kiliṭṭho kilese jahatīti? ","html":"{}"},"kv19.1:3.4":{"pli":"Na hevaṃ vattabbe …pe… ","html":"{}"},"kv19.1:3.5":{"pli":"rāgena rāgaṃ jahati, dosena dosaṃ jahati, mohena mohaṃ jahati, kilesehi kilese jahatīti? ","html":"{}"},"kv19.1:3.6":{"pli":"Na hevaṃ vattabbe …pe… ","html":"{}</p>"},"kv19.1:4.1":{"pli":"Rāgo cittasampayutto, maggo cittasampayuttoti? ","html":"<p data-doxy='orthodox'>{}"},"kv19.1:4.2":{"pli":"Āmantā. ","html":"{}"},"kv19.1:4.3":{"pli":"Dvinnaṃ cittānaṃ samodhānaṃ hotīti? ","html":"{}"},"kv19.1:4.4":{"pli":"Na hevaṃ vattabbe …pe…. ","html":"{}</p>"},"kv19.1:5.1":{"pli":"Rāgo akusalo, maggo kusaloti? ","html":"<p data-doxy='orthodox'>{}"},"kv19.1:5.2":{"pli":"Āmantā. ","html":"{}"},"kv19.1:5.3":{"pli":"Kusalākusalā sāvajjānavajjā hīnapaṇītā kaṇhasukkasappaṭibhāgā dhammā sammukhībhāvaṃ āgacchantīti? ","html":"{}"},"kv19.1:5.4":{"pli":"Na hevaṃ vattabbe …pe…. ","html":"{}</p>"},"kv19.1:6.1":{"pli":"Kusalākusalā sāvajjānavajjā hīnapaṇītā kaṇhasukkasappaṭibhāgā dhammā sammukhībhāvaṃ āgacchantīti? ","html":"<p data-doxy='orthodox'>{}"},"kv19.1:6.2":{"pli":"Āmantā. ","html":"{}"},"kv19.1:6.3":{"pli":"Nanu vuttaṃ bhagavatā—","html":"{}"},"kv19.1:6.4":{"pli":"“cattārimāni, bhikkhave, suvidūravidūrāni. ","html":"{}"},"kv19.1:6.5":{"pli":"Katamāni cattāri? ","html":"{}"},"kv19.1:6.6":{"pli":"Nabhañca, bhikkhave, pathavī ca—","html":"{}"},"kv19.1:6.7":{"pli":"idaṃ paṭhamaṃ suvidūravidūraṃ …pe… tasmā sataṃ dhammo asabbhi ārakā”ti. ","html":"{}"},"kv19.1:6.8":{"pli":"Attheva suttantoti? ","html":"{}"},"kv19.1:6.9":{"pli":"Āmantā. ","html":"{}"},"kv19.1:6.10":{"pli":"Tena hi na vattabbaṃ—","html":"{}"},"kv19.1:6.11":{"pli":"“kusalākusalā …pe… ","html":"{}"},"kv19.1:6.12":{"pli":"sammukhībhāvaṃ āgacchantī”ti. ","html":"{}</p>"},"kv19.1:7.1":{"pli":"Na vattabbaṃ—","html":"<p data-doxy='heterodox'>{}"},"kv19.1:7.2":{"pli":"“atīte kilese jahati, anāgate kilese jahati, paccuppanne kilese jahatī”ti? ","html":"{}"},"kv19.1:7.3":{"pli":"Āmantā. ","html":"{}"},"kv19.1:7.4":{"pli":"Natthi kilese jahatīti? ","html":"{}"},"kv19.1:7.5":{"pli":"Na hevaṃ vattabbe …pe… ","html":"{}"},"kv19.1:7.6":{"pli":"tena hi atīte kilese jahati, anāgate kilese jahati, paccuppanne kilese jahatīti. ","html":"{}</p>"},"kv19.1:7.7":{"pli":"Kilesajahanakathā niṭṭhitā. ","html":"<p class='endsutta'>{}</p></article>"}}}