{"kv4.3":{"kv4.3:0.1":{"pli":"Kathāvatthu ","html":"<article id='kv4.3'><header><ul><li class='division'>{}</li>"},"kv4.3:0.2":{"pli":"Mahāpaṇṇāsaka ","html":"<li>{}</li>"},"kv4.3:0.3":{"pli":"Catutthavagga ","html":"<li>{}</li></ul>"},"kv4.3:0.4":{"pli":"Anāsavakathā ","html":"<h1 class='sutta-title'>{}</h1></header>"},"kv4.3:1.1":{"pli":"Arahato sabbe dhammā anāsavāti? ","html":"<p data-doxy='orthodox'>{}"},"kv4.3:1.2":{"pli":"Āmantā. ","html":"{}"},"kv4.3:1.3":{"pli":"Maggo phalaṃ nibbānaṃ, sotāpattimaggo sotāpattiphalaṃ, sakadāgāmimaggo sakadāgāmiphalaṃ, anāgāmimaggo anāgāmiphalaṃ, arahattamaggo arahattaphalaṃ, satipaṭṭhānaṃ sammappadhānaṃ iddhipādo indriyaṃ balaṃ bojjhaṅgoti? ","html":"{}"},"kv4.3:1.4":{"pli":"Na hevaṃ vattabbe …pe…. ","html":"{}</p>"},"kv4.3:2.1":{"pli":"Arahato sabbe dhammā anāsavāti? ","html":"<p data-doxy='orthodox'>{}"},"kv4.3:2.2":{"pli":"Āmantā. ","html":"{}"},"kv4.3:2.3":{"pli":"Arahato cakkhuṃ anāsavanti? ","html":"{}"},"kv4.3:2.4":{"pli":"Na hevaṃ vattabbe …pe…. ","html":"{}"},"kv4.3:2.5":{"pli":"Arahato cakkhuṃ anāsavanti? ","html":"{}"},"kv4.3:2.6":{"pli":"Āmantā. ","html":"{}"},"kv4.3:2.7":{"pli":"Maggo phalaṃ nibbānaṃ, sotāpattimaggo sotāpattiphalaṃ …pe… bojjhaṅgoti? ","html":"{}"},"kv4.3:2.8":{"pli":"Na hevaṃ vattabbe …pe…. ","html":"{}</p>"},"kv4.3:3.1":{"pli":"Arahato sotaṃ …pe… ","html":"<p data-doxy='orthodox'>{}"},"kv4.3:3.2":{"pli":"arahato ghānaṃ … ","html":"{}"},"kv4.3:3.3":{"pli":"arahato jivhā … ","html":"{}"},"kv4.3:3.4":{"pli":"arahato kāyo anāsavoti? ","html":"{}"},"kv4.3:3.5":{"pli":"Na hevaṃ vattabbe …pe… ","html":"{}"},"kv4.3:3.6":{"pli":"arahato kāyo anāsavoti? ","html":"{}"},"kv4.3:3.7":{"pli":"Āmantā. ","html":"{}"},"kv4.3:3.8":{"pli":"Maggo phalaṃ nibbānaṃ, sotāpattimaggo sotāpattiphalaṃ …pe… bojjhaṅgoti? ","html":"{}"},"kv4.3:3.9":{"pli":"Na hevaṃ vattabbe …pe…. ","html":"{}</p>"},"kv4.3:4.1":{"pli":"Arahato kāyo anāsavoti? ","html":"<p data-doxy='orthodox'>{}"},"kv4.3:4.2":{"pli":"Āmantā. ","html":"{}"},"kv4.3:4.3":{"pli":"Arahato kāyo paggahaniggahupago chedanabhedanupago kākehi gijjhehi kulalehi sādhāraṇoti? ","html":"{}"},"kv4.3:4.4":{"pli":"Āmantā. ","html":"{}"},"kv4.3:4.5":{"pli":"Anāsavo dhammo paggahaniggahupago chedanabhedanupago kākehi gijjhehi kulalehi sādhāraṇoti? ","html":"{}"},"kv4.3:4.6":{"pli":"Na hevaṃ vattabbe …pe…. ","html":"{}</p>"},"kv4.3:5.1":{"pli":"Arahato kāye visaṃ kameyya, satthaṃ kameyya, aggi kameyyāti? ","html":"<p data-doxy='orthodox'>{}"},"kv4.3:5.2":{"pli":"Āmantā. ","html":"{}"},"kv4.3:5.3":{"pli":"Anāsave dhamme visaṃ kameyya, satthaṃ kameyya, aggi kameyyāti? ","html":"{}"},"kv4.3:5.4":{"pli":"Na hevaṃ vattabbe …pe…. ","html":"{}</p>"},"kv4.3:6.1":{"pli":"Labbhā arahato kāyo addubandhanena bandhituṃ, rajjubandhanena bandhituṃ, saṅkhalikabandhanena bandhituṃ, gāmabandhanena bandhituṃ, nigamabandhanena bandhituṃ, nagarabandhanena bandhituṃ, janapadabandhanena bandhituṃ, kaṇṭhapañcamehi bandhanehi bandhitunti? ","html":"<p data-doxy='orthodox'>{}"},"kv4.3:6.2":{"pli":"Āmantā. ","html":"{}"},"kv4.3:6.3":{"pli":"Labbhā anāsavo dhammo addubandhanena bandhituṃ, rajjubandhanena bandhituṃ, saṅkhalikabandhanena bandhituṃ, gāmanigamanagarajanapadabandhanena bandhituṃ, kaṇṭhapañcamehi bandhanehi bandhitunti? ","html":"{}"},"kv4.3:6.4":{"pli":"Na hevaṃ vattabbe …pe…. ","html":"{}</p>"},"kv4.3:7.1":{"pli":"Yadi arahā puthujjanassa cīvaraṃ deti, anāsavaṃ hutvā sāsavaṃ hotīti? ","html":"<p data-doxy='orthodox'>{}"},"kv4.3:7.2":{"pli":"Na hevaṃ vattabbe …pe… ","html":"{}"},"kv4.3:7.3":{"pli":"anāsavaṃ hutvā sāsavaṃ hotīti? ","html":"{}"},"kv4.3:7.4":{"pli":"Āmantā. ","html":"{}"},"kv4.3:7.5":{"pli":"Taññeva anāsavaṃ taṃ sāsavanti? ","html":"{}"},"kv4.3:7.6":{"pli":"Na hevaṃ vattabbe …pe… ","html":"{}"},"kv4.3:7.7":{"pli":"taññeva anāsavaṃ taṃ sāsavanti? ","html":"{}"},"kv4.3:7.8":{"pli":"Āmantā. ","html":"{}"},"kv4.3:7.9":{"pli":"Maggo anāsavo hutvā sāsavo hotīti? ","html":"{}"},"kv4.3:7.10":{"pli":"Na hevaṃ vattabbe …pe… ","html":"{}"},"kv4.3:7.11":{"pli":"phalaṃ … ","html":"{}"},"kv4.3:7.12":{"pli":"satipaṭṭhānaṃ … ","html":"{}"},"kv4.3:7.13":{"pli":"sammappadhānaṃ … ","html":"{}"},"kv4.3:7.14":{"pli":"iddhipādo … ","html":"{}"},"kv4.3:7.15":{"pli":"indriyaṃ … ","html":"{}"},"kv4.3:7.16":{"pli":"balaṃ … ","html":"{}"},"kv4.3:7.17":{"pli":"bojjhaṅgo anāsavo hutvā sāsavo hotīti? ","html":"{}"},"kv4.3:7.18":{"pli":"Na hevaṃ vattabbe …pe…. ","html":"{}</p>"},"kv4.3:8.1":{"pli":"Yadi arahā puthujjanassa piṇḍapātaṃ deti, senāsanaṃ deti, gilānapaccayabhesajjaparikkhāraṃ deti, anāsavo hutvā sāsavo hotīti? ","html":"<p data-doxy='orthodox'>{}"},"kv4.3:8.2":{"pli":"Na hevaṃ vattabbe …pe… ","html":"{}"},"kv4.3:8.3":{"pli":"anāsavo hutvā sāsavo hotīti? ","html":"{}"},"kv4.3:8.4":{"pli":"Āmantā. ","html":"{}"},"kv4.3:8.5":{"pli":"Taññeva anāsavaṃ taṃ sāsavanti? ","html":"{}"},"kv4.3:8.6":{"pli":"Na hevaṃ vattabbe …pe… ","html":"{}"},"kv4.3:8.7":{"pli":"taññeva anāsavaṃ taṃ sāsavanti? ","html":"{}"},"kv4.3:8.8":{"pli":"Āmantā. ","html":"{}"},"kv4.3:8.9":{"pli":"Maggo anāsavo hutvā sāsavo hotīti? ","html":"{}"},"kv4.3:8.10":{"pli":"Na hevaṃ vattabbe …pe… ","html":"{}"},"kv4.3:8.11":{"pli":"phalaṃ … ","html":"{}"},"kv4.3:8.12":{"pli":"satipaṭṭhānaṃ … ","html":"{}"},"kv4.3:8.13":{"pli":"sammappadhānaṃ … ","html":"{}"},"kv4.3:8.14":{"pli":"iddhipādo … ","html":"{}"},"kv4.3:8.15":{"pli":"indriyaṃ … ","html":"{}"},"kv4.3:8.16":{"pli":"balaṃ … ","html":"{}"},"kv4.3:8.17":{"pli":"bojjhaṅgo anāsavo hutvā sāsavo hotīti? ","html":"{}"},"kv4.3:8.18":{"pli":"Na hevaṃ vattabbe …pe…. ","html":"{}</p>"},"kv4.3:9.1":{"pli":"Yadi puthujjano arahato cīvaraṃ deti, sāsavaṃ hutvā anāsavaṃ hotīti? ","html":"<p data-doxy='orthodox'>{}"},"kv4.3:9.2":{"pli":"Na hevaṃ vattabbe …pe… ","html":"{}"},"kv4.3:9.3":{"pli":"sāsavaṃ hutvā anāsavaṃ hotīti? ","html":"{}"},"kv4.3:9.4":{"pli":"Āmantā. ","html":"{}"},"kv4.3:9.5":{"pli":"Taññeva sāsavaṃ taṃ anāsavanti? ","html":"{}"},"kv4.3:9.6":{"pli":"Na hevaṃ vattabbe …pe… ","html":"{}"},"kv4.3:9.7":{"pli":"taññeva sāsavaṃ taṃ anāsavanti? ","html":"{}"},"kv4.3:9.8":{"pli":"Āmantā. ","html":"{}"},"kv4.3:9.9":{"pli":"Rāgo sāsavo hutvā anāsavo hotīti? ","html":"{}"},"kv4.3:9.10":{"pli":"Na hevaṃ vattabbe …pe… ","html":"{}"},"kv4.3:9.11":{"pli":"doso …pe… ","html":"{}"},"kv4.3:9.12":{"pli":"moho …pe… ","html":"{}"},"kv4.3:9.13":{"pli":"anottappaṃ sāsavaṃ hutvā anāsavaṃ hotīti? ","html":"{}"},"kv4.3:9.14":{"pli":"Na hevaṃ vattabbe …pe… ","html":"{}</p>"},"kv4.3:10.1":{"pli":"Yadi puthujjano arahato piṇḍapātaṃ deti, senāsanaṃ deti, gilānapaccayabhesajjaparikkhāraṃ deti, sāsavo hutvā anāsavo hotīti? ","html":"<p data-doxy='orthodox'>{}"},"kv4.3:10.2":{"pli":"Na hevaṃ vattabbe …pe… ","html":"{}"},"kv4.3:10.3":{"pli":"sāsavo hutvā anāsavo hotīti? ","html":"{}"},"kv4.3:10.4":{"pli":"Āmantā. ","html":"{}"},"kv4.3:10.5":{"pli":"Taññeva sāsavaṃ taṃ anāsavanti? ","html":"{}"},"kv4.3:10.6":{"pli":"Na hevaṃ vattabbe …pe… ","html":"{}"},"kv4.3:10.7":{"pli":"taññeva sāsavaṃ taṃ anāsavanti? ","html":"{}"},"kv4.3:10.8":{"pli":"Āmantā. ","html":"{}"},"kv4.3:10.9":{"pli":"Rāgo sāsavo hutvā anāsavo hotīti? ","html":"{}"},"kv4.3:10.10":{"pli":"Na hevaṃ vattabbe …pe… ","html":"{}"},"kv4.3:10.11":{"pli":"doso …pe… ","html":"{}"},"kv4.3:10.12":{"pli":"moho …pe… ","html":"{}"},"kv4.3:10.13":{"pli":"anottappaṃ sāsavaṃ hutvā anāsavaṃ hotīti? ","html":"{}"},"kv4.3:10.14":{"pli":"Na hevaṃ vattabbe …pe…. ","html":"{}</p>"},"kv4.3:11.1":{"pli":"Na vattabbaṃ—","html":"<p data-doxy='heterodox'>{}"},"kv4.3:11.2":{"pli":"“arahato sabbe dhammā anāsavā”ti? ","html":"{}"},"kv4.3:11.3":{"pli":"Āmantā. ","html":"{}"},"kv4.3:11.4":{"pli":"Nanu arahā anāsavoti? ","html":"{}"},"kv4.3:11.5":{"pli":"Āmantā. ","html":"{}"},"kv4.3:11.6":{"pli":"Hañci arahā anāsavo, tena vata re vattabbe—","html":"{}"},"kv4.3:11.7":{"pli":"“arahato sabbe dhammā anāsavā”ti. ","html":"{}</p>"},"kv4.3:11.8":{"pli":"Anāsavakathā niṭṭhitā. ","html":"<p class='endsutta'>{}</p></article>"}},"kv4.4":{"kv4.4:0.1":{"pli":"Kathāvatthu ","html":"<article id='kv4.4'><header><ul><li class='division'>{}</li>"},"kv4.4:0.2":{"pli":"Mahāpaṇṇāsaka ","html":"<li>{}</li>"},"kv4.4:0.3":{"pli":"Catutthavagga ","html":"<li>{}</li></ul>"},"kv4.4:0.4":{"pli":"Samannāgatakathā ","html":"<h1 class='sutta-title'>{}</h1></header>"},"kv4.4:1.1":{"pli":"Arahā catūhi phalehi samannāgatoti? ","html":"<p data-doxy='orthodox'>{}"},"kv4.4:1.2":{"pli":"Āmantā. ","html":"{}"},"kv4.4:1.3":{"pli":"Arahā catūhi phassehi catūhi vedanāhi catūhi saññāhi catūhi cetanāhi catūhi cittehi catūhi saddhāhi catūhi vīriyehi catūhi satīhi catūhi samādhīhi catūhi paññāhi samannāgatoti? ","html":"{}"},"kv4.4:1.4":{"pli":"Na hevaṃ vattabbe …pe…. ","html":"{}</p>"},"kv4.4:2.1":{"pli":"Anāgāmī tīhi phalehi samannāgatoti? ","html":"<p data-doxy='orthodox'>{}"},"kv4.4:2.2":{"pli":"Āmantā. ","html":"{}"},"kv4.4:2.3":{"pli":"Anāgāmī tīhi phassehi …pe… tīhi paññāhi samannāgatoti? ","html":"{}"},"kv4.4:2.4":{"pli":"Na hevaṃ vattabbe …pe…. ","html":"{}</p>"},"kv4.4:3.1":{"pli":"Sakadāgāmī dvīhi phalehi samannāgatoti? ","html":"<p data-doxy='orthodox'>{}"},"kv4.4:3.2":{"pli":"Āmantā. ","html":"{}"},"kv4.4:3.3":{"pli":"Sakadāgāmī dvīhi phassehi …pe… dvīhi paññāhi samannāgatoti? ","html":"{}"},"kv4.4:3.4":{"pli":"Na hevaṃ vattabbe …pe…. ","html":"{}</p>"},"kv4.4:4.1":{"pli":"Arahā sotāpattiphalena samannāgatoti? ","html":"<p data-doxy='orthodox'>{}"},"kv4.4:4.2":{"pli":"Āmantā. ","html":"{}"},"kv4.4:4.3":{"pli":"Arahā sotāpanno sattakkhattuparamo, kolaṅkolo, ekabījīti? ","html":"{}"},"kv4.4:4.4":{"pli":"Na hevaṃ vattabbe …pe… ","html":"{}"},"kv4.4:4.5":{"pli":"arahā sakadāgāmiphalena samannāgatoti? ","html":"{}"},"kv4.4:4.6":{"pli":"Āmantā. ","html":"{}"},"kv4.4:4.7":{"pli":"Arahā sakadāgāmīti? ","html":"{}"},"kv4.4:4.8":{"pli":"Na hevaṃ vattabbe …pe… ","html":"{}"},"kv4.4:4.9":{"pli":"arahā anāgāmiphalena samannāgatoti? ","html":"{}"},"kv4.4:4.10":{"pli":"Āmantā. ","html":"{}"},"kv4.4:4.11":{"pli":"Arahā anāgāmī, antarāparinibbāyī, upahaccaparinibbāyī, asaṅkhāraparinibbāyī, sasaṅkhāraparinibbāyī, uddhaṃsoto akaniṭṭhagāmīti? ","html":"{}"},"kv4.4:4.12":{"pli":"Na hevaṃ vattabbe …pe…. ","html":"{}</p>"},"kv4.4:5.1":{"pli":"Anāgāmī sotāpattiphalena samannāgatoti? ","html":"<p data-doxy='orthodox'>{}"},"kv4.4:5.2":{"pli":"Āmantā. ","html":"{}"},"kv4.4:5.3":{"pli":"Anāgāmī sotāpanno sattakkhattuparamo, kolaṅkolo, ekabījīti? ","html":"{}"},"kv4.4:5.4":{"pli":"Na hevaṃ vattabbe …pe… ","html":"{}"},"kv4.4:5.5":{"pli":"anāgāmī sakadāgāmiphalena samannāgatoti? ","html":"{}"},"kv4.4:5.6":{"pli":"Āmantā. ","html":"{}"},"kv4.4:5.7":{"pli":"Anāgāmī sakadāgāmīti? ","html":"{}"},"kv4.4:5.8":{"pli":"Na hevaṃ vattabbe …pe…. ","html":"{}</p>"},"kv4.4:6.1":{"pli":"Sakadāgāmī sotāpattiphalena samannāgatoti? ","html":"<p data-doxy='orthodox'>{}"},"kv4.4:6.2":{"pli":"Āmantā. ","html":"{}"},"kv4.4:6.3":{"pli":"Sakadāgāmī sotāpanno sattakkhattuparamo, kolaṅkolo, ekabījīti? ","html":"{}"},"kv4.4:6.4":{"pli":"Na hevaṃ vattabbe …pe…. ","html":"{}</p>"},"kv4.4:7.1":{"pli":"Sotāpattiphalena samannāgato “sotāpanno”ti vattabboti? ","html":"<p data-doxy='orthodox'>{}"},"kv4.4:7.2":{"pli":"Āmantā. ","html":"{}"},"kv4.4:7.3":{"pli":"Arahā sotāpattiphalena samannāgatoti? ","html":"{}"},"kv4.4:7.4":{"pli":"Āmantā. ","html":"{}"},"kv4.4:7.5":{"pli":"Sveva arahā, so sotāpannoti? ","html":"{}"},"kv4.4:7.6":{"pli":"Na hevaṃ vattabbe …pe…. ","html":"{}</p>"},"kv4.4:8.1":{"pli":"Sakadāgāmiphalena samannāgato “sakadāgāmī”ti vattabboti? ","html":"<p data-doxy='orthodox'>{}"},"kv4.4:8.2":{"pli":"Āmantā. ","html":"{}"},"kv4.4:8.3":{"pli":"Arahā sakadāgāmiphalena samannāgatoti? ","html":"{}"},"kv4.4:8.4":{"pli":"Āmantā. ","html":"{}"},"kv4.4:8.5":{"pli":"Sveva arahā, so sakadāgāmīti? ","html":"{}"},"kv4.4:8.6":{"pli":"Na hevaṃ vattabbe …pe…. ","html":"{}</p>"},"kv4.4:9.1":{"pli":"Anāgāmiphalena samannāgato “anāgāmī”ti vattabboti? ","html":"<p data-doxy='orthodox'>{}"},"kv4.4:9.2":{"pli":"Āmantā. ","html":"{}"},"kv4.4:9.3":{"pli":"Arahā anāgāmiphalena samannāgatoti? ","html":"{}"},"kv4.4:9.4":{"pli":"Āmantā. ","html":"{}"},"kv4.4:9.5":{"pli":"Sveva arahā, so anāgāmīti? ","html":"{}"},"kv4.4:9.6":{"pli":"Na hevaṃ vattabbe …pe…. ","html":"{}</p>"},"kv4.4:10.1":{"pli":"Sotāpattiphalena samannāgato “sotāpanno”ti vattabboti? ","html":"<p data-doxy='orthodox'>{}"},"kv4.4:10.2":{"pli":"Āmantā. ","html":"{}"},"kv4.4:10.3":{"pli":"Anāgāmī sotāpattiphalena samannāgatoti? ","html":"{}"},"kv4.4:10.4":{"pli":"Āmantā. ","html":"{}"},"kv4.4:10.5":{"pli":"Sveva anāgāmī, so sotāpannoti? ","html":"{}"},"kv4.4:10.6":{"pli":"Na hevaṃ vattabbe …pe…. ","html":"{}</p>"},"kv4.4:11.1":{"pli":"Sakadāgāmiphalena samannāgato “sakadāgāmī”ti vattabboti? ","html":"<p data-doxy='orthodox'>{}"},"kv4.4:11.2":{"pli":"Āmantā. ","html":"{}"},"kv4.4:11.3":{"pli":"Anāgāmī sakadāgāmiphalena samannāgatoti? ","html":"{}"},"kv4.4:11.4":{"pli":"Āmantā. ","html":"{}"},"kv4.4:11.5":{"pli":"Sveva anāgāmī, so sakadāgāmīti? ","html":"{}"},"kv4.4:11.6":{"pli":"Na hevaṃ vattabbe …pe…. ","html":"{}</p>"},"kv4.4:12.1":{"pli":"Sotāpattiphalena samannāgato “sotāpanno”ti vattabboti? ","html":"<p data-doxy='orthodox'>{}"},"kv4.4:12.2":{"pli":"Āmantā. ","html":"{}"},"kv4.4:12.3":{"pli":"Sakadāgāmī sotāpattiphalena samannāgatoti? ","html":"{}"},"kv4.4:12.4":{"pli":"Āmantā. ","html":"{}"},"kv4.4:12.5":{"pli":"Sveva sakadāgāmī, so sotāpannoti? ","html":"{}"},"kv4.4:12.6":{"pli":"Na hevaṃ vattabbe …pe…. ","html":"{}</p>"},"kv4.4:13.1":{"pli":"Arahā sotāpattiphalena samannāgatoti? ","html":"<p data-doxy='orthodox'>{}"},"kv4.4:13.2":{"pli":"Āmantā. ","html":"{}"},"kv4.4:13.3":{"pli":"Nanu arahā sotāpattiphalaṃ vītivattoti? ","html":"{}"},"kv4.4:13.4":{"pli":"Āmantā. ","html":"{}"},"kv4.4:13.5":{"pli":"Hañci arahā sotāpattiphalaṃ vītivatto, no ca vata re vattabbe—","html":"{}"},"kv4.4:13.6":{"pli":"“arahā sotāpattiphalena samannāgato”ti. ","html":"{}</p>"},"kv4.4:14.1":{"pli":"Arahā sotāpattiphalaṃ vītivatto tena samannāgatoti? ","html":"<p data-doxy='orthodox'>{}"},"kv4.4:14.2":{"pli":"Āmantā. ","html":"{}"},"kv4.4:14.3":{"pli":"Arahā sotāpattimaggaṃ vītivatto, sakkāyadiṭṭhiṃ vicikicchaṃ sīlabbataparāmāsaṃ, apāyagamanīyaṃ rāgaṃ, apāyagamanīyaṃ dosaṃ, apāyagamanīyaṃ mohaṃ vītivatto tena samannāgatoti? ","html":"{}"},"kv4.4:14.4":{"pli":"Na hevaṃ vattabbe …pe…. ","html":"{}</p>"},"kv4.4:15.1":{"pli":"Arahā sakadāgāmiphalena samannāgatoti? ","html":"<p data-doxy='orthodox'>{}"},"kv4.4:15.2":{"pli":"Āmantā. ","html":"{}"},"kv4.4:15.3":{"pli":"Nanu arahā sakadāgāmiphalaṃ vītivattoti? ","html":"{}"},"kv4.4:15.4":{"pli":"Āmantā. ","html":"{}"},"kv4.4:15.5":{"pli":"Hañci arahā sakadāgāmiphalaṃ vītivatto, no ca vata re vattabbe—","html":"{}"},"kv4.4:15.6":{"pli":"“arahā sakadāgāmiphalena samannāgato”ti. ","html":"{}</p>"},"kv4.4:16.1":{"pli":"Arahā sakadāgāmiphalaṃ vītivatto tena samannāgatoti? ","html":"<p data-doxy='orthodox'>{}"},"kv4.4:16.2":{"pli":"Āmantā. ","html":"{}"},"kv4.4:16.3":{"pli":"Arahā sakadāgāmimaggaṃ vītivatto, oḷārikaṃ kāmarāgaṃ, oḷārikaṃ byāpādaṃ vītivatto tena samannāgatoti? ","html":"{}"},"kv4.4:16.4":{"pli":"Na hevaṃ vattabbe …pe…. ","html":"{}</p>"},"kv4.4:17.1":{"pli":"Arahā anāgāmiphalena samannāgatoti? ","html":"<p data-doxy='orthodox'>{}"},"kv4.4:17.2":{"pli":"Āmantā. ","html":"{}"},"kv4.4:17.3":{"pli":"Nanu arahā anāgāmiphalaṃ vītivattoti? ","html":"{}"},"kv4.4:17.4":{"pli":"Āmantā. ","html":"{}"},"kv4.4:17.5":{"pli":"Hañci arahā anāgāmiphalaṃ vītivatto, no ca vata re vattabbe—","html":"{}"},"kv4.4:17.6":{"pli":"“arahā anāgāmiphalena samannāgato”ti. ","html":"{}</p>"},"kv4.4:18.1":{"pli":"Arahā anāgāmiphalaṃ vītivatto tena samannāgatoti? ","html":"<p data-doxy='orthodox'>{}"},"kv4.4:18.2":{"pli":"Āmantā. ","html":"{}"},"kv4.4:18.3":{"pli":"Arahā anāgāmimaggaṃ vītivatto, aṇusahagataṃ kāmarāgaṃ, aṇusahagataṃ byāpādaṃ vītivatto tena samannāgatoti? ","html":"{}"},"kv4.4:18.4":{"pli":"Na hevaṃ vattabbe …pe…. ","html":"{}</p>"},"kv4.4:19.1":{"pli":"Anāgāmī sotāpattiphalena samannāgatoti? ","html":"<p data-doxy='orthodox'>{}"},"kv4.4:19.2":{"pli":"Āmantā. ","html":"{}"},"kv4.4:19.3":{"pli":"Nanu anāgāmī sotāpattiphalaṃ vītivattoti? ","html":"{}"},"kv4.4:19.4":{"pli":"Āmantā. ","html":"{}"},"kv4.4:19.5":{"pli":"Hañci anāgāmī sotāpattiphalaṃ vītivatto, no ca vata re vattabbe—","html":"{}"},"kv4.4:19.6":{"pli":"“anāgāmī sotāpattiphalena samannāgato”ti. ","html":"{}</p>"},"kv4.4:20.1":{"pli":"Anāgāmī sotāpattiphalaṃ vītivatto tena samannāgatoti? ","html":"<p data-doxy='orthodox'>{}"},"kv4.4:20.2":{"pli":"Āmantā. ","html":"{}"},"kv4.4:20.3":{"pli":"Anāgāmī sotāpattimaggaṃ vītivatto, sakkāyadiṭṭhiṃ …pe… apāyagamanīyaṃ mohaṃ vītivatto tena samannāgatoti? ","html":"{}"},"kv4.4:20.4":{"pli":"Na hevaṃ vattabbe …pe…. ","html":"{}</p>"},"kv4.4:21.1":{"pli":"Anāgāmī sakadāgāmiphalena samannāgatoti? ","html":"<p data-doxy='orthodox'>{}"},"kv4.4:21.2":{"pli":"Āmantā. ","html":"{}"},"kv4.4:21.3":{"pli":"Nanu anāgāmī sakadāgāmiphalaṃ vītivattoti? ","html":"{}"},"kv4.4:21.4":{"pli":"Āmantā. ","html":"{}"},"kv4.4:21.5":{"pli":"Hañci anāgāmī sakadāgāmiphalaṃ vītivatto, no ca vata re vattabbe—","html":"{}"},"kv4.4:21.6":{"pli":"“anāgāmī sakadāgāmiphalena samannāgato”ti. ","html":"{}</p>"},"kv4.4:22.1":{"pli":"Anāgāmī sakadāgāmiphalaṃ vītivatto tena samannāgatoti? ","html":"<p data-doxy='orthodox'>{}"},"kv4.4:22.2":{"pli":"Āmantā. ","html":"{}"},"kv4.4:22.3":{"pli":"Anāgāmī sakadāgāmimaggaṃ vītivatto, oḷārikaṃ kāmarāgaṃ, oḷārikaṃ byāpādaṃ vītivatto tena samannāgatoti? ","html":"{}"},"kv4.4:22.4":{"pli":"Na hevaṃ vattabbe …pe…. ","html":"{}</p>"},"kv4.4:23.1":{"pli":"Sakadāgāmī sotāpattiphalena samannāgatoti? ","html":"<p data-doxy='orthodox'>{}"},"kv4.4:23.2":{"pli":"Āmantā. ","html":"{}"},"kv4.4:23.3":{"pli":"Nanu sakadāgāmī sotāpattiphalaṃ vītivattoti? ","html":"{}"},"kv4.4:23.4":{"pli":"Āmantā. ","html":"{}"},"kv4.4:23.5":{"pli":"Hañci sakadāgāmī sotāpattiphalaṃ vītivatto, no ca vata re vattabbe—","html":"{}"},"kv4.4:23.6":{"pli":"“sakadāgāmī sotāpattiphalena samannāgato”ti. ","html":"{}</p>"},"kv4.4:24.1":{"pli":"Sakadāgāmī sotāpattiphalaṃ vītivatto tena samannāgatoti? ","html":"<p data-doxy='orthodox'>{}"},"kv4.4:24.2":{"pli":"Āmantā. ","html":"{}"},"kv4.4:24.3":{"pli":"Sakadāgāmī sotāpattimaggaṃ vītivatto, sakkāyadiṭṭhiṃ …pe… apāyagamanīyaṃ mohaṃ vītivatto tena samannāgatoti? ","html":"{}"},"kv4.4:24.4":{"pli":"Na hevaṃ vattabbe …pe…. ","html":"{}</p>"},"kv4.4:25.1":{"pli":"Na vattabbaṃ—","html":"<p data-doxy='heterodox'>{}"},"kv4.4:25.2":{"pli":"“arahā catūhi phalehi samannāgato”ti? ","html":"{}"},"kv4.4:25.3":{"pli":"Āmantā. ","html":"{}"},"kv4.4:25.4":{"pli":"Nanu arahatā cattāri phalāni paṭiladdhāni tehi ca aparihīnoti? ","html":"{}"},"kv4.4:25.5":{"pli":"Āmantā. ","html":"{}"},"kv4.4:25.6":{"pli":"Hañci arahatā cattāri phalāni paṭiladdhāni tehi ca aparihīno, tena vata re vattabbe—","html":"{}"},"kv4.4:25.7":{"pli":"“arahā catūhi phalehi samannāgato”ti. ","html":"{}</p>"},"kv4.4:26.1":{"pli":"Na vattabbaṃ—","html":"<p data-doxy='heterodox'>{}"},"kv4.4:26.2":{"pli":"“anāgāmī tīhi phalehi samannāgato”ti? ","html":"{}"},"kv4.4:26.3":{"pli":"Āmantā. ","html":"{}"},"kv4.4:26.4":{"pli":"Nanu anāgāminā tīṇi phalāni paṭiladdhāni tehi ca aparihīnoti? ","html":"{}"},"kv4.4:26.5":{"pli":"Āmantā. ","html":"{}"},"kv4.4:26.6":{"pli":"Hañci anāgāminā tīṇi phalāni paṭiladdhāni tehi ca aparihīno, tena vata re vattabbe—","html":"{}"},"kv4.4:26.7":{"pli":"“anāgāmī tīhi phalehi samannāgato”ti. ","html":"{}</p>"},"kv4.4:27.1":{"pli":"Na vattabbaṃ—","html":"<p data-doxy='heterodox'>{}"},"kv4.4:27.2":{"pli":"“sakadāgāmī dvīhi phalehi samannāgato”ti? ","html":"{}"},"kv4.4:27.3":{"pli":"Āmantā. ","html":"{}"},"kv4.4:27.4":{"pli":"Nanu sakadāgāminā dve phalāni paṭiladdhāni tehi ca aparihīnoti? ","html":"{}"},"kv4.4:27.5":{"pli":"Āmantā. ","html":"{}"},"kv4.4:27.6":{"pli":"Hañci sakadāgāminā dve phalāni paṭiladdhāni tehi ca aparihīno, tena vata re vattabbe—","html":"{}"},"kv4.4:27.7":{"pli":"“sakadāgāmī dvīhi phalehi samannāgato”ti. ","html":"{}</p>"},"kv4.4:28.1":{"pli":"Arahatā cattāri phalāni paṭiladdhāni tehi ca aparihīnoti, arahā catūhi phalehi samannāgatoti? ","html":"<p data-doxy='orthodox'>{}"},"kv4.4:28.2":{"pli":"Āmantā. ","html":"{}"},"kv4.4:28.3":{"pli":"Arahatā cattāro maggā paṭiladdhā tehi ca aparihīnoti, arahā catūhi maggehi samannāgatoti? ","html":"{}"},"kv4.4:28.4":{"pli":"Na hevaṃ vattabbe …pe…. ","html":"{}</p>"},"kv4.4:29.1":{"pli":"Anāgāminā tīṇi phalāni paṭiladdhāni tehi ca aparihīnoti, anāgāmī tīhi phalehi samannāgatoti? ","html":"<p data-doxy='orthodox'>{}"},"kv4.4:29.2":{"pli":"Āmantā. ","html":"{}"},"kv4.4:29.3":{"pli":"Anāgāminā tayo maggā paṭiladdhā tehi ca aparihīnoti, anāgāmī tīhi maggehi samannāgatoti? ","html":"{}"},"kv4.4:29.4":{"pli":"Na hevaṃ vattabbe …pe…. ","html":"{}</p>"},"kv4.4:30.1":{"pli":"Sakadāgāminā dve phalāni paṭiladdhāni tehi ca aparihīnoti, sakadāgāmī dvīhi phalehi samannāgatoti? ","html":"<p data-doxy='orthodox'>{}"},"kv4.4:30.2":{"pli":"Āmantā. ","html":"{}"},"kv4.4:30.3":{"pli":"Sakadāgāminā dve maggā paṭiladdhā tehi ca aparihīnoti, sakadāgāmī dvīhi maggehi samannāgatoti? ","html":"{}"},"kv4.4:30.4":{"pli":"Na hevaṃ vattabbe …pe…. ","html":"{}</p>"},"kv4.4:30.5":{"pli":"Samannāgatakathā niṭṭhitā. ","html":"<p class='endsutta'>{}</p></article>"}},"kv4.5":{"kv4.5:0.1":{"pli":"Kathāvatthu ","html":"<article id='kv4.5'><header><ul><li class='division'>{}</li>"},"kv4.5:0.2":{"pli":"Mahāpaṇṇāsaka ","html":"<li>{}</li>"},"kv4.5:0.3":{"pli":"Catutthavagga ","html":"<li>{}</li></ul>"},"kv4.5:0.4":{"pli":"Upekkhāsamannāgatakathā ","html":"<h1 class='sutta-title'>{}</h1></header>"},"kv4.5:1.1":{"pli":"Arahā chahi upekkhāhi samannāgatoti? ","html":"<p data-doxy='orthodox'>{}"},"kv4.5:1.2":{"pli":"Āmantā. ","html":"{}"},"kv4.5:1.3":{"pli":"Arahā chahi phassehi, chahi vedanāhi, chahi saññāhi …pe… chahi paññāhi samannāgatoti? ","html":"{}"},"kv4.5:1.4":{"pli":"Na hevaṃ vattabbe …pe…. ","html":"{}</p>"},"kv4.5:2.1":{"pli":"Arahā chahi upekkhāhi samannāgatoti? ","html":"<p data-doxy='orthodox'>{}"},"kv4.5:2.2":{"pli":"Āmantā. ","html":"{}"},"kv4.5:2.3":{"pli":"Arahā cakkhunā rūpaṃ passanto sotena saddaṃ suṇāti, ghānena gandhaṃ ghāyati, jivhāya rasaṃ sāyati, kāyena phoṭṭhabbaṃ phusati, manasā dhammaṃ vijānāti …pe… ","html":"{}"},"kv4.5:2.4":{"pli":"manasā dhammaṃ vijānanto cakkhunā rūpaṃ passati, sotena saddaṃ suṇāti, ghānena gandhaṃ ghāyati, jivhāya rasaṃ sāyati, kāyena phoṭṭhabbaṃ phusatīti? ","html":"{}"},"kv4.5:2.5":{"pli":"Na hevaṃ vattabbe …pe…. ","html":"{}</p>"},"kv4.5:3.1":{"pli":"Arahā chahi upekkhāhi samannāgatoti? ","html":"<p data-doxy='orthodox'>{}"},"kv4.5:3.2":{"pli":"Āmantā. ","html":"{}"},"kv4.5:3.3":{"pli":"Satataṃ samitaṃ abbokiṇṇaṃ chahi upekkhāhi samannāgato samohito, cha upekkhāyo paccupaṭṭhitāti? ","html":"{}"},"kv4.5:3.4":{"pli":"Na hevaṃ vattabbe …pe…. ","html":"{}</p>"},"kv4.5:4.1":{"pli":"Na vattabbaṃ—","html":"<p data-doxy='heterodox'>{}"},"kv4.5:4.2":{"pli":"“arahā chahi upekkhāhi samannāgato”ti? ","html":"{}"},"kv4.5:4.3":{"pli":"Āmantā. ","html":"{}"},"kv4.5:4.4":{"pli":"Nanu arahā chaḷaṅgupekkhoti? ","html":"{}"},"kv4.5:4.5":{"pli":"Āmantā. ","html":"{}"},"kv4.5:4.6":{"pli":"Hañci arahā chaḷaṅgupekkho, tena vata re vattabbe—","html":"{}"},"kv4.5:4.7":{"pli":"“arahā chahi upekkhāhi samannāgato”ti …pe…. ","html":"{}</p>"},"kv4.5:4.8":{"pli":"Upekkhāsamannāgatakathā niṭṭhitā. ","html":"<p class='endsutta'>{}</p></article>"}},"kv4.6":{"kv4.6:0.1":{"pli":"Kathāvatthu ","html":"<article id='kv4.6'><header><ul><li class='division'>{}</li>"},"kv4.6:0.2":{"pli":"Mahāpaṇṇāsaka ","html":"<li>{}</li>"},"kv4.6:0.3":{"pli":"Catutthavagga ","html":"<li>{}</li></ul>"},"kv4.6:0.4":{"pli":"Bodhiyābuddhotikathā ","html":"<h1 class='sutta-title'>{}</h1></header>"},"kv4.6:1.1":{"pli":"Bodhiyā buddhoti? ","html":"<p data-doxy='orthodox'>{}"},"kv4.6:1.2":{"pli":"Āmantā. ","html":"{}"},"kv4.6:1.3":{"pli":"Bodhiyā niruddhāya vigatāya paṭipassaddhāya abuddho hotīti? ","html":"{}"},"kv4.6:1.4":{"pli":"Na hevaṃ vattabbe …pe…. ","html":"{}</p>"},"kv4.6:2.1":{"pli":"Bodhiyā buddhoti? ","html":"<p data-doxy='orthodox'>{}"},"kv4.6:2.2":{"pli":"Āmantā. ","html":"{}"},"kv4.6:2.3":{"pli":"Atītāya bodhiyā buddhoti? ","html":"{}"},"kv4.6:2.4":{"pli":"Na hevaṃ vattabbe …pe… ","html":"{}"},"kv4.6:2.5":{"pli":"atītāya bodhiyā buddhoti? ","html":"{}"},"kv4.6:2.6":{"pli":"Āmantā. ","html":"{}"},"kv4.6:2.7":{"pli":"Tāya bodhiyā bodhikaraṇīyaṃ karotīti? ","html":"{}"},"kv4.6:2.8":{"pli":"Na hevaṃ vattabbe …pe…. ","html":"{}</p>"},"kv4.6:3.1":{"pli":"Tāya bodhiyā bodhikaraṇīyaṃ karotīti? ","html":"<p data-doxy='orthodox'>{}"},"kv4.6:3.2":{"pli":"Āmantā. ","html":"{}"},"kv4.6:3.3":{"pli":"Tāya bodhiyā dukkhaṃ parijānāti, samudayaṃ pajahati, nirodhaṃ sacchikaroti, maggaṃ bhāvetīti? ","html":"{}"},"kv4.6:3.4":{"pli":"Na hevaṃ vattabbe …pe…. ","html":"{}</p>"},"kv4.6:4.1":{"pli":"Bodhiyā buddhoti? ","html":"<p data-doxy='orthodox'>{}"},"kv4.6:4.2":{"pli":"Āmantā. ","html":"{}"},"kv4.6:4.3":{"pli":"Anāgatāya bodhiyā buddhoti? ","html":"{}"},"kv4.6:4.4":{"pli":"Na hevaṃ vattabbe …pe…. ","html":"{}</p>"},"kv4.6:5.1":{"pli":"Anāgatāya bodhiyā buddhoti? ","html":"<p data-doxy='orthodox'>{}"},"kv4.6:5.2":{"pli":"Āmantā. ","html":"{}"},"kv4.6:5.3":{"pli":"Tāya bodhiyā bodhikaraṇīyaṃ karotīti? ","html":"{}"},"kv4.6:5.4":{"pli":"Na hevaṃ vattabbe …pe…. ","html":"{}</p>"},"kv4.6:6.1":{"pli":"Tāya bodhiyā bodhikaraṇīyaṃ karotīti? ","html":"<p data-doxy='orthodox'>{}"},"kv4.6:6.2":{"pli":"Āmantā. ","html":"{}"},"kv4.6:6.3":{"pli":"Tāya bodhiyā dukkhaṃ parijānāti …pe… maggaṃ bhāvetīti? ","html":"{}"},"kv4.6:6.4":{"pli":"Na hevaṃ vattabbe …pe…. ","html":"{}</p>"},"kv4.6:7.1":{"pli":"Paccuppannāya bodhiyā buddho, tāya bodhiyā bodhikaraṇīyaṃ karotīti? ","html":"<p data-doxy='orthodox'>{}"},"kv4.6:7.2":{"pli":"Āmantā. ","html":"{}"},"kv4.6:7.3":{"pli":"Atītāya bodhiyā buddho, tāya bodhiyā bodhikaraṇīyaṃ karotīti? ","html":"{}"},"kv4.6:7.4":{"pli":"Na hevaṃ vattabbe …pe…. ","html":"{}</p>"},"kv4.6:8.1":{"pli":"Paccuppannāya bodhiyā buddho, tāya bodhiyā dukkhaṃ parijānāti, samudayaṃ pajahati, nirodhaṃ sacchikaroti, maggaṃ bhāvetīti? ","html":"<p data-doxy='orthodox'>{}"},"kv4.6:8.2":{"pli":"Āmantā. ","html":"{}"},"kv4.6:8.3":{"pli":"Atītāya bodhiyā buddho, tāya bodhiyā dukkhaṃ parijānāti …pe… maggaṃ bhāvetīti? ","html":"{}"},"kv4.6:8.4":{"pli":"Na hevaṃ vattabbe …pe…. ","html":"{}</p>"},"kv4.6:9.1":{"pli":"Paccuppannāya bodhiyā buddho, tāya bodhiyā bodhikaraṇīyaṃ karotīti? ","html":"<p data-doxy='orthodox'>{}"},"kv4.6:9.2":{"pli":"Āmantā. ","html":"{}"},"kv4.6:9.3":{"pli":"Anāgatāya bodhiyā buddho, tāya bodhiyā bodhikaraṇīyaṃ karotīti? ","html":"{}"},"kv4.6:9.4":{"pli":"Na hevaṃ vattabbe …pe…. ","html":"{}</p>"},"kv4.6:10.1":{"pli":"Paccuppannāya bodhiyā buddho, tāya bodhiyā dukkhaṃ parijānāti …pe… maggaṃ bhāvetīti? ","html":"<p data-doxy='orthodox'>{}"},"kv4.6:10.2":{"pli":"Āmantā. ","html":"{}"},"kv4.6:10.3":{"pli":"Anāgatāya bodhiyā buddho, tāya bodhiyā dukkhaṃ parijānāti …pe… maggaṃ bhāvetīti? ","html":"{}"},"kv4.6:10.4":{"pli":"Na hevaṃ vattabbe …pe…. ","html":"{}</p>"},"kv4.6:11.1":{"pli":"Atītāya bodhiyā buddho, na ca tāya bodhiyā bodhikaraṇīyaṃ karotīti? ","html":"<p data-doxy='orthodox'>{}"},"kv4.6:11.2":{"pli":"Āmantā. ","html":"{}"},"kv4.6:11.3":{"pli":"Paccuppannāya bodhiyā buddho, na ca tāya bodhiyā bodhikaraṇīyaṃ karotīti? ","html":"{}"},"kv4.6:11.4":{"pli":"Na hevaṃ vattabbe …pe…. ","html":"{}</p>"},"kv4.6:12.1":{"pli":"Atītāya bodhiyā buddho, na ca tāya bodhiyā dukkhaṃ parijānāti …pe… maggaṃ bhāvetīti? ","html":"<p data-doxy='orthodox'>{}"},"kv4.6:12.2":{"pli":"Āmantā. ","html":"{}"},"kv4.6:12.3":{"pli":"Paccuppannāya bodhiyā buddho, na ca tāya bodhiyā dukkhaṃ parijānāti …pe… maggaṃ bhāvetīti? ","html":"{}"},"kv4.6:12.4":{"pli":"Na hevaṃ vattabbe …pe…. ","html":"{}</p>"},"kv4.6:13.1":{"pli":"Anāgatāya bodhiyā buddho, na ca tāya bodhiyā bodhikaraṇīyaṃ karotīti? ","html":"<p data-doxy='orthodox'>{}"},"kv4.6:13.2":{"pli":"Āmantā. ","html":"{}"},"kv4.6:13.3":{"pli":"Paccuppannāya bodhiyā buddho, na ca tāya bodhiyā bodhikaraṇīyaṃ karotīti? ","html":"{}"},"kv4.6:13.4":{"pli":"Na hevaṃ vattabbe …pe…. ","html":"{}</p>"},"kv4.6:14.1":{"pli":"Anāgatāya bodhiyā buddho, na ca tāya bodhiyā dukkhaṃ parijānāti …pe… maggaṃ bhāvetīti? ","html":"<p data-doxy='orthodox'>{}"},"kv4.6:14.2":{"pli":"Āmantā. ","html":"{}"},"kv4.6:14.3":{"pli":"Paccuppannāya bodhiyā buddho, na ca tāya bodhiyā dukkhaṃ parijānāti …pe… maggaṃ bhāvetīti? ","html":"{}"},"kv4.6:14.4":{"pli":"Na hevaṃ vattabbe …pe…. ","html":"{}</p>"},"kv4.6:15.1":{"pli":"Atītāya bodhiyā buddho, anāgatāya bodhiyā buddho, paccuppannāya bodhiyā buddhoti? ","html":"<p data-doxy='orthodox'>{}"},"kv4.6:15.2":{"pli":"Āmantā. ","html":"{}"},"kv4.6:15.3":{"pli":"Tīhi bodhīhi buddhoti? ","html":"{}"},"kv4.6:15.4":{"pli":"Na hevaṃ vattabbe …pe…. ","html":"{}</p>"},"kv4.6:16.1":{"pli":"Tīhi bodhīhi buddhoti? ","html":"<p data-doxy='orthodox'>{}"},"kv4.6:16.2":{"pli":"Āmantā. ","html":"{}"},"kv4.6:16.3":{"pli":"Satataṃ samitaṃ abbokiṇṇaṃ tīhi bodhīhi samannāgato samohito, tisso bodhiyo paccupaṭṭhitāti? ","html":"{}"},"kv4.6:16.4":{"pli":"Na hevaṃ vattabbe …pe…. ","html":"{}</p>"},"kv4.6:17.1":{"pli":"Na vattabbaṃ—","html":"<p data-doxy='heterodox'>{}"},"kv4.6:17.2":{"pli":"“bodhiyā buddho”ti? ","html":"{}"},"kv4.6:17.3":{"pli":"Āmantā. ","html":"{}"},"kv4.6:17.4":{"pli":"Nanu bodhipaṭilābhā buddhoti? ","html":"{}"},"kv4.6:17.5":{"pli":"Āmantā. ","html":"{}"},"kv4.6:17.6":{"pli":"Hañci bodhipaṭilābhā buddho, tena vata re vattabbe—","html":"{}"},"kv4.6:17.7":{"pli":"“bodhiyā buddho”ti. ","html":"{}</p>"},"kv4.6:18.1":{"pli":"Bodhipaṭilābhā buddhoti, bodhiyā buddhoti? ","html":"<p data-doxy='orthodox'>{}"},"kv4.6:18.2":{"pli":"Āmantā. ","html":"{}"},"kv4.6:18.3":{"pli":"Bodhipaṭilābhā bodhīti? ","html":"{}"},"kv4.6:18.4":{"pli":"Na hevaṃ vattabbe …pe…. ","html":"{}</p>"},"kv4.6:18.5":{"pli":"Bodhiyā buddhotikathā niṭṭhitā. ","html":"<p class='endsutta'>{}</p></article>"}},"kv4.7":{"kv4.7:0.1":{"pli":"Kathāvatthu ","html":"<article id='kv4.7'><header><ul><li class='division'>{}</li>"},"kv4.7:0.2":{"pli":"Mahāpaṇṇāsaka ","html":"<li>{}</li>"},"kv4.7:0.3":{"pli":"Catutthavagga ","html":"<li>{}</li></ul>"},"kv4.7:0.4":{"pli":"Lakkhaṇakathā ","html":"<h1 class='sutta-title'>{}</h1></header>"},"kv4.7:1.1":{"pli":"Lakkhaṇasamannāgato bodhisattoti? ","html":"<p data-doxy='orthodox'>{}"},"kv4.7:1.2":{"pli":"Āmantā. ","html":"{}"},"kv4.7:1.3":{"pli":"Padesalakkhaṇehi samannāgato padesabodhisattoti? ","html":"{}"},"kv4.7:1.4":{"pli":"Na hevaṃ vattabbe …pe…. ","html":"{}</p>"},"kv4.7:2.1":{"pli":"Lakkhaṇasamannāgato bodhisattoti? ","html":"<p data-doxy='orthodox'>{}"},"kv4.7:2.2":{"pli":"Āmantā. ","html":"{}"},"kv4.7:2.3":{"pli":"Tibhāgalakkhaṇehi samannāgato tibhāgabodhisattoti? ","html":"{}"},"kv4.7:2.4":{"pli":"Na hevaṃ vattabbe …pe…. ","html":"{}</p>"},"kv4.7:3.1":{"pli":"Lakkhaṇasamannāgato bodhisattoti? ","html":"<p data-doxy='orthodox'>{}"},"kv4.7:3.2":{"pli":"Āmantā. ","html":"{}"},"kv4.7:3.3":{"pli":"Upaḍḍhalakkhaṇehi samannāgato upaḍḍhabodhisattoti? ","html":"{}"},"kv4.7:3.4":{"pli":"Na hevaṃ vattabbe …pe…. ","html":"{}</p>"},"kv4.7:4.1":{"pli":"Lakkhaṇasamannāgato bodhisattoti? ","html":"<p data-doxy='orthodox'>{}"},"kv4.7:4.2":{"pli":"Āmantā. ","html":"{}"},"kv4.7:4.3":{"pli":"Cakkavattisatto lakkhaṇasamannāgato, cakkavattisatto bodhisattoti? ","html":"{}"},"kv4.7:4.4":{"pli":"Na hevaṃ vattabbe …pe…. ","html":"{}</p>"},"kv4.7:5.1":{"pli":"Cakkavattisatto lakkhaṇasamannāgato, cakkavattisatto bodhisattoti? ","html":"<p data-doxy='orthodox'>{}"},"kv4.7:5.2":{"pli":"Āmantā. ","html":"{}"},"kv4.7:5.3":{"pli":"Yādiso bodhisattassa pubbayogo pubbacariyā dhammakkhānaṃ dhammadesanā, tādiso cakkavattisattassa pubbayogo pubbacariyā dhammakkhānaṃ dhammadesanāti? ","html":"{}"},"kv4.7:5.4":{"pli":"Na hevaṃ vattabbe …pe…. ","html":"{}</p>"},"kv4.7:6.1":{"pli":"Yathā bodhisattassa jāyamānassa devā paṭhamaṃ paṭiggaṇhanti pacchā manussā, evamevaṃ cakkavattisattassa jāyamānassa devā paṭhamaṃ paṭiggaṇhanti pacchā manussāti? ","html":"<p data-doxy='orthodox'>{}"},"kv4.7:6.2":{"pli":"Na hevaṃ vattabbe …pe…. ","html":"{}</p>"},"kv4.7:7.1":{"pli":"Yathā bodhisattassa jāyamānassa cattāro naṃ devaputtā paṭiggahetvā mātu purato ṭhapenti—","html":"<p data-doxy='orthodox'>{}"},"kv4.7:7.2":{"pli":"“attamanā, devi, hohi. ","html":"{}"},"kv4.7:7.3":{"pli":"Mahesakkho te putto uppanno”ti, evamevaṃ cakkavattisattassa jāyamānassa cattāro naṃ devaputtā paṭiggahetvā mātu purato ṭhapenti—","html":"{}"},"kv4.7:7.4":{"pli":"“attamanā, devi, hohi. ","html":"{}"},"kv4.7:7.5":{"pli":"Mahesakkho te putto uppanno”ti? ","html":"{}"},"kv4.7:7.6":{"pli":"Na hevaṃ vattabbe …pe…. ","html":"{}</p>"},"kv4.7:8.1":{"pli":"Yathā bodhisattassa jāyamānassa dve udakassa dhārā antalikkhā pātubhavanti—","html":"<p data-doxy='orthodox'>{}"},"kv4.7:8.2":{"pli":"ekā sītassa, ekā uṇhassa—","html":"{}"},"kv4.7:8.3":{"pli":"yena bodhisattassa udakakiccaṃ karonti mātu ca, evamevaṃ cakkavattisattassa jāyamānassa dve udakassa dhārā antalikkhā pātubhavanti—","html":"{}"},"kv4.7:8.4":{"pli":"ekā sītassa, ekā uṇhassa—","html":"{}"},"kv4.7:8.5":{"pli":"yena cakkavattisattassa udakakiccaṃ karonti mātu cāti? ","html":"{}"},"kv4.7:8.6":{"pli":"Na hevaṃ vattabbe …pe…. ","html":"{}</p>"},"kv4.7:9.1":{"pli":"Yathā sampatijāto bodhisatto samehi pādehi patiṭṭhahitvā uttarena abhimukho sattapadavītihārena gacchati setamhi chatte anudhāriyamāne, sabbā ca disā viloketi, āsabhiñca vācaṃ bhāsati—","html":"<p data-doxy='orthodox'>{}"},"kv4.7:9.2":{"pli":"“aggohamasmi lokassa, jeṭṭhohamasmi lokassa, seṭṭhohamasmi lokassa, ayamantimā jāti, natthi dāni punabbhavo”ti, evamevaṃ sampatijāto cakkavattisatto samehi pādehi patiṭṭhahitvā uttarena abhimukho sattapadavītihārena gacchati setamhi chatte anudhāriyamāne, sabbā ca disā viloketi, āsabhiñca vācaṃ bhāsati—","html":"{}"},"kv4.7:9.3":{"pli":"“aggohamasmi lokassa, jeṭṭhohamasmi lokassa, seṭṭhohamasmi lokassa, ayamantimā jāti, natthi dāni punabbhavo”ti? ","html":"{}"},"kv4.7:9.4":{"pli":"Na hevaṃ vattabbe …pe…. ","html":"{}</p>"},"kv4.7:10.1":{"pli":"Yathā bodhisattassa jāyamānassa mahato ālokassa mahato obhāsassa mahato bhūmicālassa pātubhāvo hoti, evamevaṃ cakkavattisattassa jāyamānassa mahato ālokassa mahato obhāsassa mahato bhūmicālassa pātubhāvo hotīti? ","html":"<p data-doxy='orthodox'>{}"},"kv4.7:10.2":{"pli":"Na hevaṃ vattabbe …pe…. ","html":"{}</p>"},"kv4.7:11.1":{"pli":"Yathā bodhisattassa pakatikāyo samantā byāmaṃ obhāsati, evamevaṃ cakkavattisattassa pakatikāyo samantā byāmaṃ obhāsatīti? ","html":"<p data-doxy='orthodox'>{}"},"kv4.7:11.2":{"pli":"Na hevaṃ vattabbe …pe…. ","html":"{}</p>"},"kv4.7:12.1":{"pli":"Yathā bodhisatto mahāsupinaṃ passati, evamevaṃ cakkavattisatto mahāsupinaṃ passatīti? ","html":"<p data-doxy='orthodox'>{}"},"kv4.7:12.2":{"pli":"Na hevaṃ vattabbe …pe…. ","html":"{}</p>"},"kv4.7:13.1":{"pli":"Na vattabbaṃ—","html":"<p data-doxy='heterodox'>{}"},"kv4.7:13.2":{"pli":"“lakkhaṇasamannāgato bodhisatto”ti? ","html":"{}"},"kv4.7:13.3":{"pli":"Āmantā. ","html":"{}"},"kv4.7:13.4":{"pli":"Nanu vuttaṃ bhagavatā—","html":"{}"},"kv4.7:13.5":{"pli":"“dvattiṃsimāni, bhikkhave, mahāpurisassa mahāpurisalakkhaṇāni, yehi samannāgatassa mahāpurisassa dveva gatiyo bhavanti anaññā. ","html":"{}"},"kv4.7:13.6":{"pli":"Sace agāraṃ ajjhāvasati, rājā hoti cakkavattī dhammiko dhammarājā cāturanto vijitāvī janapadatthāvariyappatto sattaratanasamannāgato. ","html":"{}"},"kv4.7:13.7":{"pli":"Tassimāni satta ratanāni bhavanti, seyyathidaṃ—","html":"{}"},"kv4.7:13.8":{"pli":"cakkaratanaṃ, hatthiratanaṃ, assaratanaṃ, maṇiratanaṃ, itthiratanaṃ, gahapatiratanaṃ, pariṇāyakaratanameva sattamaṃ. ","html":"{}"},"kv4.7:13.9":{"pli":"Parosahassaṃ kho panassa puttā bhavanti sūrā vīraṅgarūpā parasenappamaddanā. ","html":"{}"},"kv4.7:13.10":{"pli":"So imaṃ pathaviṃ sāgarapariyantaṃ adaṇḍena asatthena dhammena abhivijiya ajjhāvasati. ","html":"{}"},"kv4.7:13.11":{"pli":"Sace kho pana agārasmā anagāriyaṃ pabbajati, arahaṃ hoti sammāsambuddho loke vivaṭṭacchado”ti. ","html":"{}"},"kv4.7:13.12":{"pli":"Attheva suttantoti? ","html":"{}"},"kv4.7:13.13":{"pli":"Āmantā. ","html":"{}"},"kv4.7:13.14":{"pli":"Tena hi lakkhaṇasamannāgato bodhisattoti. ","html":"{}</p>"},"kv4.7:13.15":{"pli":"Lakkhaṇakathā niṭṭhitā. ","html":"<p class='endsutta'>{}</p></article>"}}}