{"kv8.10":{"kv8.10:0.1":{"pli":"Kathāvatthu ","html":"<article id='kv8.10'><header><ul><li class='division'>{}</li>"},"kv8.10:0.2":{"pli":"Mahāpaṇṇāsaka ","html":"<li>{}</li>"},"kv8.10:0.3":{"pli":"Aṭṭhamavagga ","html":"<li>{}</li></ul>"},"kv8.10:0.4":{"pli":"Jīvitindriyakathā ","html":"<h1 class='sutta-title'>{}</h1></header>"},"kv8.10:1.1":{"pli":"Natthi rūpajīvitindriyanti? ","html":"<p data-doxy='orthodox'>{}"},"kv8.10:1.2":{"pli":"Āmantā. ","html":"{}"},"kv8.10:1.3":{"pli":"Natthi rūpīnaṃ dhammānaṃ āyu ṭhiti yapanā yāpanā iriyanā vattanā pālanāti? ","html":"{}"},"kv8.10:1.4":{"pli":"Na hevaṃ vattabbe …pe… ","html":"{}"},"kv8.10:1.5":{"pli":"atthi rūpīnaṃ dhammānaṃ āyu ṭhiti yapanā yāpanā iriyanā vattanā pālanāti? ","html":"{}"},"kv8.10:1.6":{"pli":"Āmantā. ","html":"{}"},"kv8.10:1.7":{"pli":"Hañci atthi rūpīnaṃ dhammānaṃ āyu ṭhiti yapanā yāpanā iriyanā vattanā pālanā, no ca vata re vattabbe—","html":"{}"},"kv8.10:1.8":{"pli":"“natthi rūpajīvitindriyan”ti. ","html":"{}</p>"},"kv8.10:2.1":{"pli":"Atthi arūpīnaṃ dhammānaṃ āyu ṭhiti yapanā yāpanā iriyanā vattanā pālanā, atthi arūpajīvitindriyanti? ","html":"<p data-doxy='orthodox'>{}"},"kv8.10:2.2":{"pli":"Āmantā. ","html":"{}"},"kv8.10:2.3":{"pli":"Atthi rūpīnaṃ dhammānaṃ āyu ṭhiti yapanā yāpanā iriyanā vattanā pālanā, atthi rūpajīvitindriyanti? ","html":"{}"},"kv8.10:2.4":{"pli":"Na hevaṃ vattabbe …pe… ","html":"{}"},"kv8.10:2.5":{"pli":"atthi rūpīnaṃ dhammānaṃ āyu ṭhiti yapanā yāpanā iriyanā vattanā pālanā, natthi rūpajīvitindriyanti? ","html":"{}"},"kv8.10:2.6":{"pli":"Āmantā. ","html":"{}"},"kv8.10:2.7":{"pli":"Atthi arūpīnaṃ dhammānaṃ āyu ṭhiti yapanā yāpanā iriyanā vattanā pālanā, natthi arūpajīvitindriyanti? ","html":"{}"},"kv8.10:2.8":{"pli":"Na hevaṃ vattabbe …pe…. ","html":"{}</p>"},"kv8.10:3.1":{"pli":"Arūpīnaṃ dhammānaṃ āyu arūpajīvitindriyanti? ","html":"<p data-doxy='orthodox'>{}"},"kv8.10:3.2":{"pli":"Āmantā. ","html":"{}"},"kv8.10:3.3":{"pli":"Rūpīnaṃ dhammānaṃ āyu rūpajīvitindriyanti? ","html":"{}"},"kv8.10:3.4":{"pli":"Na hevaṃ vattabbe …pe… ","html":"{}"},"kv8.10:3.5":{"pli":"rūpīnaṃ dhammānaṃ āyu na vattabbaṃ—","html":"{}"},"kv8.10:3.6":{"pli":"“rūpajīvitindriyan”ti? ","html":"{}"},"kv8.10:3.7":{"pli":"Āmantā. ","html":"{}"},"kv8.10:3.8":{"pli":"Arūpīnaṃ dhammānaṃ āyu na vattabbaṃ—","html":"{}"},"kv8.10:3.9":{"pli":"“arūpajīvitindriyan”ti? ","html":"{}"},"kv8.10:3.10":{"pli":"Na hevaṃ vattabbe …pe…. ","html":"{}</p>"},"kv8.10:4.1":{"pli":"Rūpīnaṃ dhammānaṃ āyu arūpajīvitindriyanti? ","html":"<p data-doxy='orthodox'>{}"},"kv8.10:4.2":{"pli":"Āmantā. ","html":"{}"},"kv8.10:4.3":{"pli":"Arūpīnaṃ dhammānaṃ āyu rūpajīvitindriyanti? ","html":"{}"},"kv8.10:4.4":{"pli":"Na hevaṃ vattabbe …pe…. ","html":"{}</p>"},"kv8.10:5.1":{"pli":"Arūpīnaṃ dhammānaṃ āyu na vattabbaṃ—","html":"<p data-doxy='orthodox'>{}"},"kv8.10:5.2":{"pli":"“rūpajīvitindriyan”ti? ","html":"{}"},"kv8.10:5.3":{"pli":"Āmantā. ","html":"{}"},"kv8.10:5.4":{"pli":"Rūpīnaṃ dhammānaṃ āyu na vattabbaṃ—","html":"{}"},"kv8.10:5.5":{"pli":"“arūpajīvitindriyan”ti? ","html":"{}"},"kv8.10:5.6":{"pli":"Na hevaṃ vattabbe …pe…. ","html":"{}</p>"},"kv8.10:6.1":{"pli":"Rūpīnañca arūpīnañca dhammānaṃ āyu arūpajīvitindriyanti? ","html":"<p data-doxy='orthodox'>{}"},"kv8.10:6.2":{"pli":"Āmantā. ","html":"{}"},"kv8.10:6.3":{"pli":"Rūpīnañca arūpīnañca dhammānaṃ āyu rūpajīvitindriyanti? ","html":"{}"},"kv8.10:6.4":{"pli":"Na hevaṃ vattabbe …pe…. ","html":"{}</p>"},"kv8.10:7.1":{"pli":"Rūpīnañca arūpīnañca dhammānaṃ āyu na vattabbaṃ—","html":"<p data-doxy='orthodox'>{}"},"kv8.10:7.2":{"pli":"“rūpajīvitindriyan”ti? ","html":"{}"},"kv8.10:7.3":{"pli":"Āmantā. ","html":"{}"},"kv8.10:7.4":{"pli":"Rūpīnañca arūpīnañca dhammānaṃ āyu na vattabbaṃ—","html":"{}"},"kv8.10:7.5":{"pli":"“arūpajīvitindriyan”ti? ","html":"{}"},"kv8.10:7.6":{"pli":"Na hevaṃ vattabbe …pe… ","html":"{}"},"kv8.10:7.7":{"pli":"natthi rūpajīvitindriyanti? ","html":"{}"},"kv8.10:7.8":{"pli":"Āmantā. ","html":"{}"},"kv8.10:7.9":{"pli":"Nirodhaṃ samāpannassa natthi jīvitindriyanti? ","html":"{}"},"kv8.10:7.10":{"pli":"Na hevaṃ vattabbe …pe…. ","html":"{}</p>"},"kv8.10:8.1":{"pli":"Nirodhaṃ samāpannassa atthi jīvitindriyanti? ","html":"<p data-doxy='orthodox'>{}"},"kv8.10:8.2":{"pli":"Āmantā. ","html":"{}"},"kv8.10:8.3":{"pli":"Hañci nirodhaṃ samāpannassa atthi jīvitindriyaṃ, no ca vata re vattabbe—","html":"{}"},"kv8.10:8.4":{"pli":"“natthi rūpajīvitindriyan”ti. ","html":"{}</p>"},"kv8.10:9.1":{"pli":"Nirodhaṃ samāpannassa atthi jīvitindriyanti? ","html":"<p data-doxy='orthodox'>{}"},"kv8.10:9.2":{"pli":"Āmantā. ","html":"{}"},"kv8.10:9.3":{"pli":"Katamakkhandhapariyāpannanti? ","html":"{}"},"kv8.10:9.4":{"pli":"Saṅkhārakkhandhapariyāpannanti. ","html":"{}"},"kv8.10:9.5":{"pli":"Nirodhaṃ samāpannassa atthi saṅkhārakkhandhoti? ","html":"{}"},"kv8.10:9.6":{"pli":"Na hevaṃ vattabbe …pe…. ","html":"{}</p>"},"kv8.10:10.1":{"pli":"Nirodhaṃ samāpannassa atthi saṅkhārakkhandhoti? ","html":"<p data-doxy='orthodox'>{}"},"kv8.10:10.2":{"pli":"Āmantā. ","html":"{}"},"kv8.10:10.3":{"pli":"Nirodhaṃ samāpannassa atthi vedanākkhandho …pe… ","html":"{}"},"kv8.10:10.4":{"pli":"saññākkhandho …pe… ","html":"{}"},"kv8.10:10.5":{"pli":"viññāṇakkhandhoti? ","html":"{}"},"kv8.10:10.6":{"pli":"Na hevaṃ vattabbe …pe…. ","html":"{}</p>"},"kv8.10:11.1":{"pli":"Nirodhaṃ samāpannassa atthi vedanākkhandho …pe… ","html":"<p data-doxy='orthodox'>{}"},"kv8.10:11.2":{"pli":"saññākkhandho …pe… ","html":"{}"},"kv8.10:11.3":{"pli":"viññāṇakkhandhoti? ","html":"{}"},"kv8.10:11.4":{"pli":"Āmantā. ","html":"{}"},"kv8.10:11.5":{"pli":"Na nirodhaṃ samāpannoti? ","html":"{}"},"kv8.10:11.6":{"pli":"Na hevaṃ vattabbe …pe…. ","html":"{}</p>"},"kv8.10:12.1":{"pli":"Natthi rūpajīvitindriyanti? ","html":"<p data-doxy='orthodox'>{}"},"kv8.10:12.2":{"pli":"Āmantā. ","html":"{}"},"kv8.10:12.3":{"pli":"Asaññasattānaṃ natthi jīvitindriyanti? ","html":"{}"},"kv8.10:12.4":{"pli":"Na hevaṃ vattabbe …pe…. ","html":"{}</p>"},"kv8.10:13.1":{"pli":"Asaññasattānaṃ atthi jīvitindriyanti? ","html":"<p data-doxy='orthodox'>{}"},"kv8.10:13.2":{"pli":"Āmantā. ","html":"{}"},"kv8.10:13.3":{"pli":"Hañci asaññasattānaṃ atthi jīvitindriyaṃ, no ca vata re vattabbe—","html":"{}"},"kv8.10:13.4":{"pli":"“natthi rūpajīvitindriyan”ti. ","html":"{}"},"kv8.10:13.5":{"pli":"Asaññasattānaṃ atthi jīvitindriyanti? ","html":"{}"},"kv8.10:13.6":{"pli":"Āmantā. ","html":"{}"},"kv8.10:13.7":{"pli":"Katamakkhandhapariyāpannanti? ","html":"{}"},"kv8.10:13.8":{"pli":"Saṅkhārakkhandhapariyāpannanti. ","html":"{}"},"kv8.10:13.9":{"pli":"Asaññasattānaṃ atthi saṅkhārakkhandhoti? ","html":"{}"},"kv8.10:13.10":{"pli":"Na hevaṃ vattabbe …pe…. ","html":"{}</p>"},"kv8.10:14.1":{"pli":"Asaññasattānaṃ atthi saṅkhārakkhandhoti? ","html":"<p data-doxy='orthodox'>{}"},"kv8.10:14.2":{"pli":"Āmantā. ","html":"{}"},"kv8.10:14.3":{"pli":"Asaññasattānaṃ atthi vedanākkhandho …pe… ","html":"{}"},"kv8.10:14.4":{"pli":"saññākkhandho …pe… ","html":"{}"},"kv8.10:14.5":{"pli":"viññāṇakkhandhoti? ","html":"{}"},"kv8.10:14.6":{"pli":"Na hevaṃ vattabbe …pe…. ","html":"{}</p>"},"kv8.10:15.1":{"pli":"Asaññasattānaṃ atthi vedanākkhandho …pe… ","html":"<p data-doxy='orthodox'>{}"},"kv8.10:15.2":{"pli":"saññākkhandho …pe… ","html":"{}"},"kv8.10:15.3":{"pli":"viññāṇakkhandhoti? ","html":"{}"},"kv8.10:15.4":{"pli":"Āmantā. ","html":"{}"},"kv8.10:15.5":{"pli":"Pañcavokārabhavoti? ","html":"{}"},"kv8.10:15.6":{"pli":"Na hevaṃ vattabbe …pe…. ","html":"{}</p>"},"kv8.10:16.1":{"pli":"Upapattesiyena cittena samuṭṭhitaṃ jīvitindriyaṃ upapattesiye citte bhijjamāne ekadesaṃ bhijjatīti? ","html":"<p data-doxy='orthodox'>{}"},"kv8.10:16.2":{"pli":"Āmantā. ","html":"{}"},"kv8.10:16.3":{"pli":"Upapattesiyena cittena samuṭṭhito phasso upapattesiye citte bhijjamāne ekadeso bhijjatīti? ","html":"{}"},"kv8.10:16.4":{"pli":"Na hevaṃ vattabbe …pe…. ","html":"{}</p>"},"kv8.10:17.1":{"pli":"Upapattesiyena cittena samuṭṭhito phasso upapattesiye citte bhijjamāne anavaseso bhijjatīti? ","html":"<p data-doxy='orthodox'>{}"},"kv8.10:17.2":{"pli":"Āmantā. ","html":"{}"},"kv8.10:17.3":{"pli":"Upapattesiyena cittena samuṭṭhitaṃ jīvitindriyaṃ upapattesiye citte bhijjamāne anavasesaṃ bhijjatīti? ","html":"{}"},"kv8.10:17.4":{"pli":"Na hevaṃ vattabbe …pe…. ","html":"{}</p>"},"kv8.10:18.1":{"pli":"Dve jīvitindriyānīti? ","html":"<p data-doxy='heterodox'>{}"},"kv8.10:18.2":{"pli":"Āmantā. ","html":"{}"},"kv8.10:18.3":{"pli":"Dvīhi jīvitehi jīvati, dvīhi maraṇehi mīyatīti? ","html":"{}"},"kv8.10:18.4":{"pli":"Āmantā. ","html":"{}</p>"},"kv8.10:18.5":{"pli":"Jīvitindriyakathā niṭṭhitā. ","html":"<p class='endsutta'>{}</p></article>"}},"kv8.11":{"kv8.11:0.1":{"pli":"Kathāvatthu ","html":"<article id='kv8.11'><header><ul><li class='division'>{}</li>"},"kv8.11:0.2":{"pli":"Mahāpaṇṇāsaka ","html":"<li>{}</li>"},"kv8.11:0.3":{"pli":"Aṭṭhamavagga ","html":"<li>{}</li></ul>"},"kv8.11:0.4":{"pli":"Kammahetukathā ","html":"<h1 class='sutta-title'>{}</h1></header>"},"kv8.11:1.1":{"pli":"Kammahetu arahā arahattā parihāyatīti? ","html":"<p data-doxy='orthodox'>{}"},"kv8.11:1.2":{"pli":"Āmantā. ","html":"{}"},"kv8.11:1.3":{"pli":"Kammahetu sotāpanno sotāpattiphalā parihāyatīti? ","html":"{}"},"kv8.11:1.4":{"pli":"Na hevaṃ vattabbe …pe… ","html":"{}"},"kv8.11:1.5":{"pli":"kammahetu arahā arahattā parihāyatīti? ","html":"{}"},"kv8.11:1.6":{"pli":"Āmantā. ","html":"{}"},"kv8.11:1.7":{"pli":"Kammahetu sakadāgāmī …pe… ","html":"{}"},"kv8.11:1.8":{"pli":"anāgāmī anāgāmiphalā parihāyatīti? ","html":"{}"},"kv8.11:1.9":{"pli":"Na hevaṃ vattabbe …pe…. ","html":"{}</p>"},"kv8.11:2.1":{"pli":"Kammahetu sotāpanno sotāpattiphalā na parihāyatīti? ","html":"<p data-doxy='orthodox'>{}"},"kv8.11:2.2":{"pli":"Āmantā. ","html":"{}"},"kv8.11:2.3":{"pli":"Kammahetu arahā arahattā na parihāyatīti? ","html":"{}"},"kv8.11:2.4":{"pli":"Na hevaṃ vattabbe …pe… ","html":"{}"},"kv8.11:2.5":{"pli":"kammahetu sakadāgāmī …pe… ","html":"{}"},"kv8.11:2.6":{"pli":"anāgāmī anāgāmiphalā na parihāyatīti? ","html":"{}"},"kv8.11:2.7":{"pli":"Āmantā. ","html":"{}"},"kv8.11:2.8":{"pli":"Kammahetu arahā arahattā na parihāyatīti? ","html":"{}"},"kv8.11:2.9":{"pli":"Na hevaṃ vattabbe …pe…. ","html":"{}</p>"},"kv8.11:3.1":{"pli":"Kammahetu arahā arahattā parihāyatīti? ","html":"<p data-doxy='orthodox'>{}"},"kv8.11:3.2":{"pli":"Āmantā. ","html":"{}"},"kv8.11:3.3":{"pli":"Pāṇātipātakammassa hetūti? ","html":"{}"},"kv8.11:3.4":{"pli":"Na hevaṃ vattabbe …pe… ","html":"{}"},"kv8.11:3.5":{"pli":"adinnādānakammassa hetu …pe… ","html":"{}"},"kv8.11:3.6":{"pli":"kāmesumicchācārakammassa hetu … ","html":"{}"},"kv8.11:3.7":{"pli":"musāvādakammassa hetu … ","html":"{}"},"kv8.11:3.8":{"pli":"pisuṇavācākammassa hetu … ","html":"{}"},"kv8.11:3.9":{"pli":"pharusavācākammassa hetu … ","html":"{}"},"kv8.11:3.10":{"pli":"samphappalāpakammassa hetu … ","html":"{}"},"kv8.11:3.11":{"pli":"mātughātakammassa hetu … ","html":"{}"},"kv8.11:3.12":{"pli":"pitughātakammassa hetu … ","html":"{}"},"kv8.11:3.13":{"pli":"arahantaghātakammassa hetu … ","html":"{}"},"kv8.11:3.14":{"pli":"ruhiruppādakammassa hetu …pe… ","html":"{}"},"kv8.11:3.15":{"pli":"saṅghabhedakammassa hetūti? ","html":"{}"},"kv8.11:3.16":{"pli":"Na hevaṃ vattabbe …pe…. ","html":"{}</p>"},"kv8.11:4.1":{"pli":"Katamassa kammassa hetūti? ","html":"<p data-doxy='orthodox'>{}"},"kv8.11:4.2":{"pli":"Handa hi arahantānaṃ abbhācikkhatīti. ","html":"{}"},"kv8.11:4.3":{"pli":"Arahantānaṃ abbhācikkhanakammassa hetu arahā arahattā parihāyatīti? ","html":"{}"},"kv8.11:4.4":{"pli":"Āmantā. ","html":"{}"},"kv8.11:4.5":{"pli":"Ye keci arahantānaṃ abbhācikkhanti, sabbe te arahattaṃ sacchikarontīti? ","html":"{}"},"kv8.11:4.6":{"pli":"Na hevaṃ vattabbe …pe…. ","html":"{}</p>"},"kv8.11:4.7":{"pli":"Kammahetukathā niṭṭhitā. ","html":"<p class='endsutta'>{}<br>"},"kv8.11:4.8":{"pli":"Aṭṭhamo vaggo. ","html":"{}</p>"},"kv8.11:4.9":{"pli":"Tassuddānaṃ ","html":"<p class='uddana-intro'>{}</p>"},"kv8.11:5.1":{"pli":"Cha gatiyo, antarābhavo, pañceva kāmaguṇā kāmadhātu, pañceva āyatanā kāmā, rūpino dhammā rūpadhātu, arūpino dhammā arūpadhātu, saḷāyataniko attabhāvo rūpadhātuyā, atthi rūpaṃ arūpesu, rūpaṃ kammaṃ, rūpaṃ jīvitaṃ, kammahetukā parihāyatīti. ","html":"<p class='uddana'>{}</p></article>"}},"kv8.2":{"kv8.2:0.1":{"pli":"Kathāvatthu ","html":"<article id='kv8.2'><header><ul><li class='division'>{}</li>"},"kv8.2:0.2":{"pli":"Mahāpaṇṇāsaka ","html":"<li>{}</li>"},"kv8.2:0.3":{"pli":"Aṭṭhamavagga ","html":"<li>{}</li></ul>"},"kv8.2:0.4":{"pli":"Antarābhavakathā ","html":"<h1 class='sutta-title'>{}</h1></header>"},"kv8.2:1.1":{"pli":"Atthi antarābhavoti? ","html":"<p data-doxy='orthodox'>{}"},"kv8.2:1.2":{"pli":"Āmantā. ","html":"{}"},"kv8.2:1.3":{"pli":"Kāmabhavoti? ","html":"{}"},"kv8.2:1.4":{"pli":"Na hevaṃ vattabbe …pe… ","html":"{}"},"kv8.2:1.5":{"pli":"atthi antarābhavoti? ","html":"{}"},"kv8.2:1.6":{"pli":"Āmantā. ","html":"{}"},"kv8.2:1.7":{"pli":"Rūpabhavoti? ","html":"{}"},"kv8.2:1.8":{"pli":"Na hevaṃ vattabbe …pe… ","html":"{}"},"kv8.2:1.9":{"pli":"atthi antarābhavoti? ","html":"{}"},"kv8.2:1.10":{"pli":"Āmantā. ","html":"{}"},"kv8.2:1.11":{"pli":"Arūpabhavoti? ","html":"{}"},"kv8.2:1.12":{"pli":"Na hevaṃ vattabbe …pe… ","html":"{}"},"kv8.2:1.13":{"pli":"atthi antarābhavoti? ","html":"{}"},"kv8.2:1.14":{"pli":"Āmantā. ","html":"{}"},"kv8.2:1.15":{"pli":"Kāmabhavassa ca rūpabhavassa ca antare atthi antarābhavoti? ","html":"{}"},"kv8.2:1.16":{"pli":"Na hevaṃ vattabbe …pe… ","html":"{}"},"kv8.2:1.17":{"pli":"atthi antarābhavoti? ","html":"{}"},"kv8.2:1.18":{"pli":"Āmantā. ","html":"{}"},"kv8.2:1.19":{"pli":"Rūpabhavassa ca arūpabhavassa ca antare atthi antarābhavoti? ","html":"{}"},"kv8.2:1.20":{"pli":"Na hevaṃ vattabbe …pe…. ","html":"{}</p>"},"kv8.2:2.1":{"pli":"Kāmabhavassa ca rūpabhavassa ca antare natthi antarābhavoti? ","html":"<p data-doxy='orthodox'>{}"},"kv8.2:2.2":{"pli":"Āmantā. ","html":"{}"},"kv8.2:2.3":{"pli":"Hañci kāmabhavassa ca rūpabhavassa ca antare natthi antarābhavo, no ca vata re vattabbe—","html":"{}"},"kv8.2:2.4":{"pli":"“atthi antarābhavo”ti. ","html":"{}"},"kv8.2:2.5":{"pli":"Rūpabhavassa ca arūpabhavassa ca antare natthi antarābhavoti? ","html":"{}"},"kv8.2:2.6":{"pli":"Āmantā. ","html":"{}"},"kv8.2:2.7":{"pli":"Hañci rūpabhavassa ca arūpabhavassa ca antare natthi antarābhavo, no ca vata re vattabbe—","html":"{}"},"kv8.2:2.8":{"pli":"“atthi antarābhavo”ti. ","html":"{}</p>"},"kv8.2:3.1":{"pli":"Atthi antarābhavoti? ","html":"<p data-doxy='orthodox'>{}"},"kv8.2:3.2":{"pli":"Āmantā. ","html":"{}"},"kv8.2:3.3":{"pli":"Pañcamī sā yoni, chaṭṭhamī sā gati, aṭṭhamī sā viññāṇaṭṭhiti, dasamo so sattāvāsoti? ","html":"{}"},"kv8.2:3.4":{"pli":"Na hevaṃ vattabbe …pe… ","html":"{}"},"kv8.2:3.5":{"pli":"atthi antarābhavoti? ","html":"{}"},"kv8.2:3.6":{"pli":"Āmantā. ","html":"{}"},"kv8.2:3.7":{"pli":"Antarābhavo bhavo gati sattāvāso saṃsāro yoni viññāṇaṭṭhiti attabhāvapaṭilābhoti? ","html":"{}"},"kv8.2:3.8":{"pli":"Na hevaṃ vattabbe …pe… ","html":"{}"},"kv8.2:3.9":{"pli":"atthi antarābhavūpagaṃ kammanti? ","html":"{}"},"kv8.2:3.10":{"pli":"Na hevaṃ vattabbe …pe… ","html":"{}"},"kv8.2:3.11":{"pli":"atthi antarābhavūpagā sattāti? ","html":"{}"},"kv8.2:3.12":{"pli":"Na hevaṃ vattabbe …pe… ","html":"{}"},"kv8.2:3.13":{"pli":"antarābhave sattā jāyanti jīyanti mīyanti cavanti upapajjantīti? ","html":"{}"},"kv8.2:3.14":{"pli":"Na hevaṃ vattabbe …pe… ","html":"{}"},"kv8.2:3.15":{"pli":"antarābhave atthi rūpaṃ vedanā saññā saṅkhārā viññāṇanti? ","html":"{}"},"kv8.2:3.16":{"pli":"Na hevaṃ vattabbe …pe… ","html":"{}"},"kv8.2:3.17":{"pli":"antarābhavo pañcavokārabhavoti? ","html":"{}"},"kv8.2:3.18":{"pli":"Na hevaṃ vattabbe …pe…. ","html":"{}</p>"},"kv8.2:4.1":{"pli":"Atthi kāmabhavo, kāmabhavo bhavo gati sattāvāso saṃsāro yoni viññāṇaṭṭhiti attabhāvapaṭilābhoti? ","html":"<p data-doxy='orthodox'>{}"},"kv8.2:4.2":{"pli":"Āmantā. ","html":"{}"},"kv8.2:4.3":{"pli":"Atthi antarābhavo, antarābhavo bhavo gati sattāvāso saṃsāro yoni viññāṇaṭṭhiti attabhāvapaṭilābhoti? ","html":"{}"},"kv8.2:4.4":{"pli":"Na hevaṃ vattabbe …pe… ","html":"{}"},"kv8.2:4.5":{"pli":"atthi kāmabhavūpagaṃ kammanti? ","html":"{}"},"kv8.2:4.6":{"pli":"Āmantā. ","html":"{}"},"kv8.2:4.7":{"pli":"Atthi antarābhavūpagaṃ kammanti? ","html":"{}"},"kv8.2:4.8":{"pli":"Na hevaṃ vattabbe …pe… ","html":"{}"},"kv8.2:4.9":{"pli":"atthi kāmabhavūpagā sattāti? ","html":"{}"},"kv8.2:4.10":{"pli":"Āmantā. ","html":"{}"},"kv8.2:4.11":{"pli":"Atthi antarābhavūpagā sattāti? ","html":"{}"},"kv8.2:4.12":{"pli":"Na hevaṃ vattabbe …pe… ","html":"{}"},"kv8.2:4.13":{"pli":"kāmabhave sattā jāyanti jīyanti mīyanti cavanti upapajjantīti? ","html":"{}"},"kv8.2:4.14":{"pli":"Āmantā. ","html":"{}"},"kv8.2:4.15":{"pli":"Antarābhave sattā jāyanti jīyanti mīyanti cavanti upapajjantīti? ","html":"{}"},"kv8.2:4.16":{"pli":"Na hevaṃ vattabbe …pe… ","html":"{}"},"kv8.2:4.17":{"pli":"kāmabhave atthi rūpaṃ vedanā saññā saṅkhārā viññāṇanti? ","html":"{}"},"kv8.2:4.18":{"pli":"Āmantā. ","html":"{}"},"kv8.2:4.19":{"pli":"Antarābhave atthi rūpaṃ vedanā saññā saṅkhārā viññāṇanti? ","html":"{}"},"kv8.2:4.20":{"pli":"Na hevaṃ vattabbe …pe… ","html":"{}"},"kv8.2:4.21":{"pli":"kāmabhavo pañcavokārabhavoti? ","html":"{}"},"kv8.2:4.22":{"pli":"Āmantā. ","html":"{}"},"kv8.2:4.23":{"pli":"Antarābhavo pañcavokārabhavoti? ","html":"{}"},"kv8.2:4.24":{"pli":"Na hevaṃ vattabbe …pe…. ","html":"{}</p>"},"kv8.2:5.1":{"pli":"Atthi rūpabhavo, rūpabhavo bhavo gati sattāvāso saṃsāro yoni viññāṇaṭṭhiti attabhāvapaṭilābhoti? ","html":"<p data-doxy='orthodox'>{}"},"kv8.2:5.2":{"pli":"Āmantā. ","html":"{}"},"kv8.2:5.3":{"pli":"Atthi antarābhavo, antarābhavo bhavo gati sattāvāso saṃsāro yoni viññāṇaṭṭhiti attabhāvapaṭilābhoti? ","html":"{}"},"kv8.2:5.4":{"pli":"Na hevaṃ vattabbe …pe… ","html":"{}"},"kv8.2:5.5":{"pli":"atthi rūpabhavūpagaṃ kammanti? ","html":"{}"},"kv8.2:5.6":{"pli":"Āmantā. ","html":"{}"},"kv8.2:5.7":{"pli":"Atthi antarābhavūpagaṃ kammanti? ","html":"{}"},"kv8.2:5.8":{"pli":"Na hevaṃ vattabbe …pe… ","html":"{}"},"kv8.2:5.9":{"pli":"atthi rūpabhavūpagā sattāti? ","html":"{}"},"kv8.2:5.10":{"pli":"Āmantā. ","html":"{}"},"kv8.2:5.11":{"pli":"Atthi antarābhavūpagā sattāti? ","html":"{}"},"kv8.2:5.12":{"pli":"Na hevaṃ vattabbe …pe… ","html":"{}"},"kv8.2:5.13":{"pli":"rūpabhave sattā jāyanti jīyanti mīyanti cavanti upapajjantīti? ","html":"{}"},"kv8.2:5.14":{"pli":"Āmantā. ","html":"{}"},"kv8.2:5.15":{"pli":"Antarābhave sattā jāyanti jīyanti mīyanti cavanti upapajjantīti? ","html":"{}"},"kv8.2:5.16":{"pli":"Na hevaṃ vattabbe …pe… ","html":"{}"},"kv8.2:5.17":{"pli":"rūpabhave atthi rūpaṃ vedanā saññā saṅkhārā viññāṇanti? ","html":"{}"},"kv8.2:5.18":{"pli":"Āmantā. ","html":"{}"},"kv8.2:5.19":{"pli":"Antarābhave atthi rūpaṃ vedanā saññā saṅkhārā viññāṇanti? ","html":"{}"},"kv8.2:5.20":{"pli":"Na hevaṃ vattabbe …pe… ","html":"{}"},"kv8.2:5.21":{"pli":"rūpabhavo pañcavokārabhavoti? ","html":"{}"},"kv8.2:5.22":{"pli":"Āmantā. ","html":"{}"},"kv8.2:5.23":{"pli":"Antarābhavo pañcavokārabhavoti? ","html":"{}"},"kv8.2:5.24":{"pli":"Na hevaṃ vattabbe …pe…. ","html":"{}</p>"},"kv8.2:6.1":{"pli":"Atthi arūpabhavo, arūpabhavo bhavo gati sattāvāso saṃsāro yoni viññāṇaṭṭhiti attabhāvapaṭilābhoti? ","html":"<p data-doxy='orthodox'>{}"},"kv8.2:6.2":{"pli":"Āmantā. ","html":"{}"},"kv8.2:6.3":{"pli":"Atthi antarābhavo, antarābhavo bhavo gati sattāvāso saṃsāro yoni viññāṇaṭṭhiti attabhāvapaṭilābhoti? ","html":"{}"},"kv8.2:6.4":{"pli":"Na hevaṃ vattabbe …pe… ","html":"{}"},"kv8.2:6.5":{"pli":"atthi arūpabhavūpagaṃ kammanti? ","html":"{}"},"kv8.2:6.6":{"pli":"Āmantā. ","html":"{}"},"kv8.2:6.7":{"pli":"Atthi antarābhavūpagaṃ kammanti? ","html":"{}"},"kv8.2:6.8":{"pli":"Na hevaṃ vattabbe …pe… ","html":"{}"},"kv8.2:6.9":{"pli":"atthi arūpabhavūpagā sattāti? ","html":"{}"},"kv8.2:6.10":{"pli":"Āmantā. ","html":"{}"},"kv8.2:6.11":{"pli":"Atthi antarābhavūpagā sattāti? ","html":"{}"},"kv8.2:6.12":{"pli":"Na hevaṃ vattabbe …pe… ","html":"{}"},"kv8.2:6.13":{"pli":"arūpabhave sattā jāyanti jīyanti mīyanti cavanti upapajjantīti? ","html":"{}"},"kv8.2:6.14":{"pli":"Āmantā. ","html":"{}"},"kv8.2:6.15":{"pli":"Antarābhave sattā jāyanti jīyanti mīyanti cavanti upapajjantīti? ","html":"{}"},"kv8.2:6.16":{"pli":"Na hevaṃ vattabbe …pe… ","html":"{}"},"kv8.2:6.17":{"pli":"arūpabhave atthi vedanā saññā saṅkhārā viññāṇanti? ","html":"{}"},"kv8.2:6.18":{"pli":"Āmantā. ","html":"{}"},"kv8.2:6.19":{"pli":"Antarābhave atthi vedanā saññā saṅkhārā viññāṇanti? ","html":"{}"},"kv8.2:6.20":{"pli":"Na hevaṃ vattabbe …pe… ","html":"{}"},"kv8.2:6.21":{"pli":"arūpabhavo catuvokārabhavoti? ","html":"{}"},"kv8.2:6.22":{"pli":"Āmantā. ","html":"{}"},"kv8.2:6.23":{"pli":"Antarābhavo catuvokārabhavoti? ","html":"{}"},"kv8.2:6.24":{"pli":"Na hevaṃ vattabbe …pe…. ","html":"{}</p>"},"kv8.2:7.1":{"pli":"Atthi antarābhavoti? ","html":"<p data-doxy='orthodox'>{}"},"kv8.2:7.2":{"pli":"Āmantā. ","html":"{}"},"kv8.2:7.3":{"pli":"Sabbesaññeva sattānaṃ atthi antarābhavoti? ","html":"{}"},"kv8.2:7.4":{"pli":"Na hevaṃ vattabbe …pe… ","html":"{}"},"kv8.2:7.5":{"pli":"sabbesaññeva sattānaṃ natthi antarābhavoti? ","html":"{}"},"kv8.2:7.6":{"pli":"Āmantā. ","html":"{}"},"kv8.2:7.7":{"pli":"Hañci sabbesaññeva sattānaṃ natthi antarābhavo, no ca vata re vattabbe—","html":"{}"},"kv8.2:7.8":{"pli":"“atthi antarābhavo”ti. ","html":"{}</p>"},"kv8.2:8.1":{"pli":"Atthi antarābhavoti? ","html":"<p data-doxy='orthodox'>{}"},"kv8.2:8.2":{"pli":"Āmantā. ","html":"{}"},"kv8.2:8.3":{"pli":"Ānantariyassa puggalassa atthi antarābhavoti? ","html":"{}"},"kv8.2:8.4":{"pli":"Na hevaṃ vattabbe …pe… ","html":"{}"},"kv8.2:8.5":{"pli":"ānantariyassa puggalassa natthi antarābhavoti? ","html":"{}"},"kv8.2:8.6":{"pli":"Āmantā. ","html":"{}"},"kv8.2:8.7":{"pli":"Hañci ānantariyassa puggalassa natthi antarābhavo, no ca vata re vattabbe—","html":"{}"},"kv8.2:8.8":{"pli":"“atthi antarābhavo”ti. ","html":"{}</p>"},"kv8.2:9.1":{"pli":"Na ānantariyassa puggalassa atthi antarābhavoti? ","html":"<p data-doxy='orthodox'>{}"},"kv8.2:9.2":{"pli":"Āmantā. ","html":"{}"},"kv8.2:9.3":{"pli":"Ānantariyassa puggalassa atthi antarābhavoti? ","html":"{}"},"kv8.2:9.4":{"pli":"Na hevaṃ vattabbe …pe… ","html":"{}"},"kv8.2:9.5":{"pli":"ānantariyassa puggalassa natthi antarābhavoti? ","html":"{}"},"kv8.2:9.6":{"pli":"Āmantā. ","html":"{}"},"kv8.2:9.7":{"pli":"Na ānantariyassa puggalassa natthi antarābhavoti? ","html":"{}"},"kv8.2:9.8":{"pli":"Na hevaṃ vattabbe …pe… ","html":"{}"},"kv8.2:9.9":{"pli":"nirayūpagassa puggalassa …pe… ","html":"{}"},"kv8.2:9.10":{"pli":"asaññasattūpagassa puggalassa …pe… ","html":"{}"},"kv8.2:9.11":{"pli":"arūpūpagassa puggalassa atthi antarābhavoti? ","html":"{}"},"kv8.2:9.12":{"pli":"Na hevaṃ vattabbe …pe… ","html":"{}"},"kv8.2:9.13":{"pli":"arūpūpagassa puggalassa natthi antarābhavoti? ","html":"{}"},"kv8.2:9.14":{"pli":"Āmantā. ","html":"{}"},"kv8.2:9.15":{"pli":"Hañci arūpūpagassa puggalassa natthi antarābhavo, no ca vata re vattabbe—","html":"{}"},"kv8.2:9.16":{"pli":"“atthi antarābhavo”ti. ","html":"{}</p>"},"kv8.2:10.1":{"pli":"Na arūpūpagassa puggalassa atthi antarābhavoti? ","html":"<p data-doxy='orthodox'>{}"},"kv8.2:10.2":{"pli":"Āmantā. ","html":"{}"},"kv8.2:10.3":{"pli":"Arūpūpagassa puggalassa atthi antarābhavoti? ","html":"{}"},"kv8.2:10.4":{"pli":"Na hevaṃ vattabbe …pe… ","html":"{}"},"kv8.2:10.5":{"pli":"arūpūpagassa puggalassa natthi antarābhavoti? ","html":"{}"},"kv8.2:10.6":{"pli":"Āmantā. ","html":"{}"},"kv8.2:10.7":{"pli":"Na arūpūpagassa puggalassa natthi antarābhavoti? ","html":"{}"},"kv8.2:10.8":{"pli":"Na hevaṃ vattabbe …pe…. ","html":"{}</p>"},"kv8.2:11.1":{"pli":"Na vattabbaṃ atthi antarābhavoti? ","html":"<p data-doxy='heterodox'>{}"},"kv8.2:11.2":{"pli":"Āmantā. ","html":"{}"},"kv8.2:11.3":{"pli":"Nanu antarāparinibbāyī puggalo atthīti? ","html":"{}"},"kv8.2:11.4":{"pli":"Āmantā. ","html":"{}"},"kv8.2:11.5":{"pli":"Hañci antarāparinibbāyī puggalo atthi, tena vata re vattabbe—","html":"{}"},"kv8.2:11.6":{"pli":"“atthi antarābhavo”ti. ","html":"{}</p>"},"kv8.2:12.1":{"pli":"Antarāparinibbāyī puggalo atthīti katvā atthi antarābhavoti? ","html":"<p data-doxy='orthodox'>{}"},"kv8.2:12.2":{"pli":"Āmantā. ","html":"{}"},"kv8.2:12.3":{"pli":"Upahaccaparinibbāyī puggalo atthīti katvā atthi upahaccabhavoti? ","html":"{}"},"kv8.2:12.4":{"pli":"Na hevaṃ vattabbe …pe… ","html":"{}"},"kv8.2:12.5":{"pli":"antarāparinibbāyī puggalo atthīti katvā atthi antarābhavoti? ","html":"{}"},"kv8.2:12.6":{"pli":"Āmantā. ","html":"{}"},"kv8.2:12.7":{"pli":"Asaṅkhāraparinibbāyī puggalo …pe… ","html":"{}"},"kv8.2:12.8":{"pli":"sasaṅkhāraparinibbāyī puggalo atthīti katvā atthi sasaṅkhārabhavoti? ","html":"{}"},"kv8.2:12.9":{"pli":"Na hevaṃ vattabbe …pe…. ","html":"{}</p>"},"kv8.2:12.10":{"pli":"Antarābhavakathā niṭṭhitā. ","html":"<p class='endsutta'>{}</p></article>"}},"kv8.3":{"kv8.3:0.1":{"pli":"Kathāvatthu ","html":"<article id='kv8.3'><header><ul><li class='division'>{}</li>"},"kv8.3:0.2":{"pli":"Mahāpaṇṇāsaka ","html":"<li>{}</li>"},"kv8.3:0.3":{"pli":"Aṭṭhamavagga ","html":"<li>{}</li></ul>"},"kv8.3:0.4":{"pli":"Kāmaguṇakathā ","html":"<h1 class='sutta-title'>{}</h1></header>"},"kv8.3:1.1":{"pli":"Pañceva kāmaguṇā kāmadhātūti? ","html":"<p data-doxy='orthodox'>{}"},"kv8.3:1.2":{"pli":"Āmantā. ","html":"{}"},"kv8.3:1.3":{"pli":"Nanu atthi tappaṭisaññutto chandoti? ","html":"{}"},"kv8.3:1.4":{"pli":"Āmantā. ","html":"{}"},"kv8.3:1.5":{"pli":"Hañci atthi tappaṭisaññutto chando, no ca vata re vattabbe—","html":"{}"},"kv8.3:1.6":{"pli":"“pañceva kāmaguṇā kāmadhātū”ti. ","html":"{}"},"kv8.3:1.7":{"pli":"Nanu atthi tappaṭisaññutto rāgo tappaṭisaññutto chando tappaṭisaññutto chandarāgo tappaṭisaññutto saṅkappo tappaṭisaññutto rāgo tappaṭisaññutto saṅkapparāgo tappaṭisaññuttā pīti tappaṭisaññuttaṃ somanassaṃ tappaṭisaññuttaṃ pītisomanassanti? ","html":"{}"},"kv8.3:1.8":{"pli":"Āmantā. ","html":"{}"},"kv8.3:1.9":{"pli":"Hañci atthi tappaṭisaññuttaṃ pītisomanassaṃ, no ca vata re vattabbe—","html":"{}"},"kv8.3:1.10":{"pli":"“pañceva kāmaguṇā kāmadhātū”ti. ","html":"{}</p>"},"kv8.3:2.1":{"pli":"Pañceva kāmaguṇā kāmadhātūti? ","html":"<p data-doxy='orthodox'>{}"},"kv8.3:2.2":{"pli":"Āmantā. ","html":"{}"},"kv8.3:2.3":{"pli":"Manussānaṃ cakkhu na kāmadhātūti? ","html":"{}"},"kv8.3:2.4":{"pli":"Na hevaṃ vattabbe …pe… ","html":"{}"},"kv8.3:2.5":{"pli":"manussānaṃ sotaṃ …pe… ","html":"{}"},"kv8.3:2.6":{"pli":"manussānaṃ ghānaṃ …pe… ","html":"{}"},"kv8.3:2.7":{"pli":"manussānaṃ jivhā …pe… ","html":"{}"},"kv8.3:2.8":{"pli":"manussānaṃ kāyo …pe… ","html":"{}"},"kv8.3:2.9":{"pli":"manussānaṃ mano na kāmadhātūti? ","html":"{}"},"kv8.3:2.10":{"pli":"Na hevaṃ vattabbe …pe…. ","html":"{}</p>"},"kv8.3:3.1":{"pli":"Manussānaṃ mano na kāmadhātūti? ","html":"<p data-doxy='orthodox'>{}"},"kv8.3:3.2":{"pli":"Āmantā. ","html":"{}"},"kv8.3:3.3":{"pli":"Nanu vuttaṃ bhagavatā—","html":"{}</p>"},"kv8.3:4.1":{"pli":"“Pañca kāmaguṇā loke, ","html":"<blockquote class='gatha'><p><span class='verse-line'>{}</span>"},"kv8.3:4.2":{"pli":"manocchaṭṭhā paveditā; ","html":"<span class='verse-line'>{}</span>"},"kv8.3:4.3":{"pli":"Ettha chandaṃ virājetvā, ","html":"<span class='verse-line'>{}</span>"},"kv8.3:4.4":{"pli":"evaṃ dukkhā pamuccatī”ti. ","html":"<span class='verse-line'>{}</span></p></blockquote>"},"kv8.3:5.1":{"pli":"Attheva suttantoti? ","html":"<p>{}"},"kv8.3:5.2":{"pli":"Āmantā. ","html":"{}"},"kv8.3:5.3":{"pli":"Tena hi na vattabbaṃ—","html":"{}"},"kv8.3:5.4":{"pli":"“manussānaṃ mano na kāmadhātū”ti. ","html":"{}</p>"},"kv8.3:6.1":{"pli":"Pañceva kāmaguṇā kāmadhātūti? ","html":"<p data-doxy='orthodox'>{}"},"kv8.3:6.2":{"pli":"Āmantā. ","html":"{}"},"kv8.3:6.3":{"pli":"Kāmaguṇā bhavo gati sattāvāso saṃsāro yoni viññāṇaṭṭhiti attabhāvapaṭilābhoti? ","html":"{}"},"kv8.3:6.4":{"pli":"Na hevaṃ vattabbe …pe… ","html":"{}"},"kv8.3:6.5":{"pli":"atthi kāmaguṇūpagaṃ kammanti? ","html":"{}"},"kv8.3:6.6":{"pli":"Na hevaṃ vattabbe …pe… ","html":"{}"},"kv8.3:6.7":{"pli":"atthi kāmaguṇūpagā sattāti? ","html":"{}"},"kv8.3:6.8":{"pli":"Na hevaṃ vattabbe …pe… ","html":"{}"},"kv8.3:6.9":{"pli":"kāmaguṇe sattā jāyanti jīyanti mīyanti cavanti upapajjantīti? ","html":"{}"},"kv8.3:6.10":{"pli":"Na hevaṃ vattabbe …pe… ","html":"{}"},"kv8.3:6.11":{"pli":"kāmaguṇe atthi rūpaṃ vedanā saññā saṅkhārā viññāṇanti? ","html":"{}"},"kv8.3:6.12":{"pli":"Na hevaṃ vattabbe …pe… ","html":"{}"},"kv8.3:6.13":{"pli":"kāmaguṇā pañcavokārabhavoti? ","html":"{}"},"kv8.3:6.14":{"pli":"Na hevaṃ vattabbe …pe… ","html":"{}"},"kv8.3:6.15":{"pli":"kāmaguṇe sammāsambuddhā uppajjanti, paccekasambuddhā uppajjanti, sāvakayugaṃ uppajjatīti? ","html":"{}"},"kv8.3:6.16":{"pli":"Na hevaṃ vattabbe …pe…. ","html":"{}</p>"},"kv8.3:7.1":{"pli":"Kāmadhātu bhavo gati sattāvāso saṃsāro yoni viññāṇaṭṭhiti attabhāvapaṭilābhoti? ","html":"<p data-doxy='orthodox'>{}"},"kv8.3:7.2":{"pli":"Āmantā. ","html":"{}"},"kv8.3:7.3":{"pli":"Kāmaguṇā bhavo gati sattāvāso saṃsāro yoni viññāṇaṭṭhiti attabhāvapaṭilābhoti? ","html":"{}"},"kv8.3:7.4":{"pli":"Na hevaṃ vattabbe …pe… ","html":"{}"},"kv8.3:7.5":{"pli":"atthi kāmadhātūpagaṃ kammanti? ","html":"{}"},"kv8.3:7.6":{"pli":"Āmantā. ","html":"{}"},"kv8.3:7.7":{"pli":"Atthi kāmaguṇūpagaṃ kammanti? ","html":"{}"},"kv8.3:7.8":{"pli":"Na hevaṃ vattabbe …pe… ","html":"{}"},"kv8.3:7.9":{"pli":"atthi kāmadhātūpagā sattāti? ","html":"{}"},"kv8.3:7.10":{"pli":"Āmantā. ","html":"{}"},"kv8.3:7.11":{"pli":"Atthi kāmaguṇūpagā sattāti? ","html":"{}"},"kv8.3:7.12":{"pli":"Na hevaṃ vattabbe …pe…. ","html":"{}</p>"},"kv8.3:8.1":{"pli":"Kāmadhātuyā sattā jāyanti jīyanti mīyanti cavanti upapajjantīti? ","html":"<p data-doxy='orthodox'>{}"},"kv8.3:8.2":{"pli":"Āmantā. ","html":"{}"},"kv8.3:8.3":{"pli":"Kāmaguṇe sattā jāyanti jīyanti mīyanti cavanti upapajjantīti? ","html":"{}"},"kv8.3:8.4":{"pli":"Na hevaṃ vattabbe …pe… ","html":"{}"},"kv8.3:8.5":{"pli":"kāmadhātuyā atthi rūpaṃ vedanā saññā saṅkhārā viññāṇanti? ","html":"{}"},"kv8.3:8.6":{"pli":"Āmantā. ","html":"{}"},"kv8.3:8.7":{"pli":"Kāmaguṇe atthi rūpaṃ vedanā saññā saṅkhārā viññāṇanti? ","html":"{}"},"kv8.3:8.8":{"pli":"Na hevaṃ vattabbe …pe… ","html":"{}"},"kv8.3:8.9":{"pli":"kāmadhātu pañcavokārabhavoti? ","html":"{}"},"kv8.3:8.10":{"pli":"Āmantā. ","html":"{}"},"kv8.3:8.11":{"pli":"Kāmaguṇā pañcavokārabhavoti? ","html":"{}"},"kv8.3:8.12":{"pli":"Na hevaṃ vattabbe …pe… ","html":"{}"},"kv8.3:8.13":{"pli":"kāmadhātuyā sammāsambuddhā uppajjanti, paccekasambuddhā uppajjanti, sāvakayugaṃ uppajjatīti? ","html":"{}"},"kv8.3:8.14":{"pli":"Āmantā. ","html":"{}"},"kv8.3:8.15":{"pli":"Kāmaguṇe sammāsambuddhā uppajjanti, paccekasambuddhā uppajjanti, sāvakayugaṃ uppajjatīti? ","html":"{}"},"kv8.3:8.16":{"pli":"Na hevaṃ vattabbe …pe…. ","html":"{}</p>"},"kv8.3:9.1":{"pli":"Na vattabbaṃ—","html":"<p data-doxy='heterodox'>{}"},"kv8.3:9.2":{"pli":"“pañceva kāmaguṇā kāmadhātū”ti? ","html":"{}"},"kv8.3:9.3":{"pli":"Āmantā. ","html":"{}"},"kv8.3:9.4":{"pli":"Nanu vuttaṃ bhagavatā—","html":"{}"},"kv8.3:9.5":{"pli":"“pañcime, bhikkhave, kāmaguṇā. ","html":"{}"},"kv8.3:9.6":{"pli":"Katame pañca? ","html":"{}"},"kv8.3:9.7":{"pli":"Cakkhuviññeyyā rūpā iṭṭhā kantā manāpā piyarūpā kāmūpasaṃhitā rajanīyā, sotaviññeyyā saddā …pe… ","html":"{}"},"kv8.3:9.8":{"pli":"ghānaviññeyyā gandhā …pe… ","html":"{}"},"kv8.3:9.9":{"pli":"jivhāviññeyyā rasā …pe… ","html":"{}"},"kv8.3:9.10":{"pli":"kāyaviññeyyā phoṭṭhabbā iṭṭhā kantā manāpā piyarūpā kāmūpasaṃhitā rajanīyā—","html":"{}"},"kv8.3:9.11":{"pli":"ime kho, bhikkhave, pañca kāmaguṇā”ti. ","html":"{}"},"kv8.3:9.12":{"pli":"Attheva suttantoti? ","html":"{}"},"kv8.3:9.13":{"pli":"Āmantā. ","html":"{}"},"kv8.3:9.14":{"pli":"Tena hi pañceva kāmaguṇā kāmadhātūti. ","html":"{}</p>"},"kv8.3:9.15":{"pli":"Kāmaguṇakathā niṭṭhitā. ","html":"<p class='endsutta'>{}</p></article>"}},"kv8.4":{"kv8.4:0.1":{"pli":"Kathāvatthu ","html":"<article id='kv8.4'><header><ul><li class='division'>{}</li>"},"kv8.4:0.2":{"pli":"Mahāpaṇṇāsaka ","html":"<li>{}</li>"},"kv8.4:0.3":{"pli":"Aṭṭhamavagga ","html":"<li>{}</li></ul>"},"kv8.4:0.4":{"pli":"Kāmakathā ","html":"<h1 class='sutta-title'>{}</h1></header>"},"kv8.4:1.1":{"pli":"Pañcevāyatanā kāmāti? ","html":"<p data-doxy='orthodox'>{}"},"kv8.4:1.2":{"pli":"Āmantā. ","html":"{}"},"kv8.4:1.3":{"pli":"Nanu atthi tappaṭisaṃyutto chandoti? ","html":"{}"},"kv8.4:1.4":{"pli":"Āmantā. ","html":"{}"},"kv8.4:1.5":{"pli":"Hañci atthi tappaṭisaṃyutto chando, no ca vata re vattabbe—","html":"{}"},"kv8.4:1.6":{"pli":"“pañcevāyatanā kāmā”ti. ","html":"{}"},"kv8.4:1.7":{"pli":"Nanu atthi tappaṭisaṃyutto rāgo tappaṭisaṃyutto chando tappaṭisaṃyutto chandarāgo tappaṭisaṃyutto saṅkappo tappaṭisaṃyutto rāgo tappaṭisaṃyutto saṅkapparāgo tappaṭisaṃyuttā pīti tappaṭisaṃyuttaṃ somanassaṃ tappaṭisaṃyuttaṃ pītisomanassanti? ","html":"{}"},"kv8.4:1.8":{"pli":"Āmantā. ","html":"{}"},"kv8.4:1.9":{"pli":"Hañci atthi tappaṭisaṃyuttaṃ pītisomanassaṃ, no ca vata re vattabbe—","html":"{}"},"kv8.4:1.10":{"pli":"“pañcevāyatanā kāmā”ti. ","html":"{}</p>"},"kv8.4:2.1":{"pli":"Na vattabbaṃ—","html":"<p data-doxy='heterodox'>{}"},"kv8.4:2.2":{"pli":"“pañcevāyatanā kāmā”ti? ","html":"{}"},"kv8.4:2.3":{"pli":"Āmantā. ","html":"{}"},"kv8.4:2.4":{"pli":"Nanu vuttaṃ bhagavatā—","html":"{}"},"kv8.4:2.5":{"pli":"“pañcime, bhikkhave, kāmaguṇā. ","html":"{}"},"kv8.4:2.6":{"pli":"Katame pañca? ","html":"{}"},"kv8.4:2.7":{"pli":"Cakkhuviññeyyā rūpā …pe… ","html":"{}"},"kv8.4:2.8":{"pli":"kāyaviññeyyā phoṭṭhabbā iṭṭhā kantā manāpā piyarūpā kāmūpasaṃhitā rajanīyā—","html":"{}"},"kv8.4:2.9":{"pli":"ime kho, bhikkhave, pañca kāmaguṇā”ti. ","html":"{}"},"kv8.4:2.10":{"pli":"Attheva suttantoti? ","html":"{}"},"kv8.4:2.11":{"pli":"Āmantā. ","html":"{}"},"kv8.4:2.12":{"pli":"Tena hi pañcevāyatanā kāmāti. ","html":"{}</p>"},"kv8.4:3.1":{"pli":"Pañcevāyatanā kāmāti? ","html":"<p data-doxy='orthodox'>{}"},"kv8.4:3.2":{"pli":"Āmantā. ","html":"{}"},"kv8.4:3.3":{"pli":"Nanu vuttaṃ bhagavatā—","html":"{}"},"kv8.4:3.4":{"pli":"“pañcime, bhikkhave, kāmaguṇā. ","html":"{}"},"kv8.4:3.5":{"pli":"Katame pañca? ","html":"{}"},"kv8.4:3.6":{"pli":"Cakkhuviññeyyā rūpā …pe… ","html":"{}"},"kv8.4:3.7":{"pli":"kāyaviññeyyā phoṭṭhabbā iṭṭhā kantā manāpā piyarūpā kāmūpasaṃhitā rajanīyā—","html":"{}"},"kv8.4:3.8":{"pli":"ime kho, bhikkhave, pañca kāmaguṇā. ","html":"{}"},"kv8.4:3.9":{"pli":"Api ca, bhikkhave, nete kāmā kāmaguṇā nāmete ariyassa vinaye vuccan”ti—","html":"{}</p>"},"kv8.4:4.1":{"pli":"“Saṅkapparāgo purisassa kāmo, ","html":"<blockquote class='gatha'><p><span class='verse-line'>{}</span>"},"kv8.4:4.2":{"pli":"Na te kāmā yāni citrāni loke; ","html":"<span class='verse-line'>{}</span>"},"kv8.4:4.3":{"pli":"Saṅkapparāgo purisassa kāmo, ","html":"<span class='verse-line'>{}</span>"},"kv8.4:4.4":{"pli":"Tiṭṭhanti citrāni tatheva loke; ","html":"<span class='verse-line'>{}</span>"},"kv8.4:4.5":{"pli":"Athettha dhīrā vinayanti chandan”ti. ","html":"<span class='verse-line'>{}</span></p></blockquote>"},"kv8.4:5.1":{"pli":"Attheva suttantoti? ","html":"<p>{}"},"kv8.4:5.2":{"pli":"Āmantā. ","html":"{}"},"kv8.4:5.3":{"pli":"Tena hi na vattabbaṃ—","html":"{}"},"kv8.4:5.4":{"pli":"“pañcevāyatanā kāmā”ti. ","html":"{}</p>"},"kv8.4:5.5":{"pli":"Kāmakathā niṭṭhitā. ","html":"<p class='endsutta'>{}</p></article>"}},"kv8.5":{"kv8.5:0.1":{"pli":"Kathāvatthu ","html":"<article id='kv8.5'><header><ul><li class='division'>{}</li>"},"kv8.5:0.2":{"pli":"Mahāpaṇṇāsaka ","html":"<li>{}</li>"},"kv8.5:0.3":{"pli":"Aṭṭhamavagga ","html":"<li>{}</li></ul>"},"kv8.5:0.4":{"pli":"Rūpadhātukathā ","html":"<h1 class='sutta-title'>{}</h1></header>"},"kv8.5:1.1":{"pli":"Rūpino dhammā rūpadhātūti? ","html":"<p data-doxy='orthodox'>{}"},"kv8.5:1.2":{"pli":"Āmantā. ","html":"{}"},"kv8.5:1.3":{"pli":"Rūpaṃ bhavo gati sattāvāso saṃsāro yoni viññāṇaṭṭhiti attabhāvapaṭilābhoti? ","html":"{}"},"kv8.5:1.4":{"pli":"Na hevaṃ vattabbe …pe… ","html":"{}"},"kv8.5:1.5":{"pli":"atthi rūpūpagaṃ kammanti? ","html":"{}"},"kv8.5:1.6":{"pli":"Na hevaṃ vattabbe …pe… ","html":"{}"},"kv8.5:1.7":{"pli":"atthi rūpūpagā sattāti? ","html":"{}"},"kv8.5:1.8":{"pli":"Na hevaṃ vattabbe …pe… ","html":"{}"},"kv8.5:1.9":{"pli":"rūpe sattā jāyanti jīyanti mīyanti cavanti upapajjantīti? ","html":"{}"},"kv8.5:1.10":{"pli":"Na hevaṃ vattabbe …pe… ","html":"{}"},"kv8.5:1.11":{"pli":"rūpe atthi rūpaṃ vedanā saññā saṅkhārā viññāṇanti? ","html":"{}"},"kv8.5:1.12":{"pli":"Na hevaṃ vattabbe …pe… ","html":"{}"},"kv8.5:1.13":{"pli":"rūpaṃ pañcavokārabhavoti? ","html":"{}"},"kv8.5:1.14":{"pli":"Na hevaṃ vattabbe …pe…. ","html":"{}</p>"},"kv8.5:2.1":{"pli":"Rūpadhātu bhavo gati …pe… ","html":"<p data-doxy='orthodox'>{}"},"kv8.5:2.2":{"pli":"attabhāvapaṭilābhoti? ","html":"{}"},"kv8.5:2.3":{"pli":"Āmantā. ","html":"{}"},"kv8.5:2.4":{"pli":"Rūpaṃ bhavo gati …pe… ","html":"{}"},"kv8.5:2.5":{"pli":"attabhāvapaṭilābhoti? ","html":"{}"},"kv8.5:2.6":{"pli":"Na hevaṃ vattabbe …pe… ","html":"{}"},"kv8.5:2.7":{"pli":"atthi rūpadhātūpagaṃ kammanti? ","html":"{}"},"kv8.5:2.8":{"pli":"Āmantā. ","html":"{}"},"kv8.5:2.9":{"pli":"Atthi rūpūpagaṃ kammanti? ","html":"{}"},"kv8.5:2.10":{"pli":"Na hevaṃ vattabbe …pe… ","html":"{}"},"kv8.5:2.11":{"pli":"atthi rūpadhātūpagā sattāti? ","html":"{}"},"kv8.5:2.12":{"pli":"Āmantā. ","html":"{}"},"kv8.5:2.13":{"pli":"Atthi rūpūpagā sattāti? ","html":"{}"},"kv8.5:2.14":{"pli":"Na hevaṃ vattabbe …pe…. ","html":"{}</p>"},"kv8.5:3.1":{"pli":"Rūpadhātuyā sattā jāyanti jīyanti mīyanti cavanti upapajjantīti? ","html":"<p data-doxy='orthodox'>{}"},"kv8.5:3.2":{"pli":"Āmantā. ","html":"{}"},"kv8.5:3.3":{"pli":"Rūpe sattā jāyanti jīyanti mīyanti cavanti upapajjantīti? ","html":"{}"},"kv8.5:3.4":{"pli":"Na hevaṃ vattabbe …pe… ","html":"{}"},"kv8.5:3.5":{"pli":"rūpadhātuyā atthi rūpaṃ vedanā saññā saṅkhārā viññāṇanti? ","html":"{}"},"kv8.5:3.6":{"pli":"Āmantā. ","html":"{}"},"kv8.5:3.7":{"pli":"Rūpe atthi rūpaṃ vedanā saññā saṅkhārā viññāṇanti? ","html":"{}"},"kv8.5:3.8":{"pli":"Na hevaṃ vattabbe …pe… ","html":"{}"},"kv8.5:3.9":{"pli":"rūpadhātu pañcavokārabhavoti? ","html":"{}"},"kv8.5:3.10":{"pli":"Āmantā. ","html":"{}"},"kv8.5:3.11":{"pli":"Rūpaṃ pañcavokārabhavoti? ","html":"{}"},"kv8.5:3.12":{"pli":"Na hevaṃ vattabbe …pe…. ","html":"{}</p>"},"kv8.5:4.1":{"pli":"Rūpino dhammā rūpadhātu, kāmadhātuyā atthi rūpanti? ","html":"<p data-doxy='orthodox'>{}"},"kv8.5:4.2":{"pli":"Āmantā. ","html":"{}"},"kv8.5:4.3":{"pli":"Sāva kāmadhātu, sā rūpadhātūti? ","html":"{}"},"kv8.5:4.4":{"pli":"Na hevaṃ vattabbe …pe… ","html":"{}"},"kv8.5:4.5":{"pli":"sāva kāmadhātu, sā rūpadhātūti? ","html":"{}"},"kv8.5:4.6":{"pli":"Āmantā. ","html":"{}"},"kv8.5:4.7":{"pli":"Kāmabhavena samannāgato puggalo dvīhi bhavehi samannāgato hoti—","html":"{}"},"kv8.5:4.8":{"pli":"kāmabhavena ca rūpabhavena cāti? ","html":"{}"},"kv8.5:4.9":{"pli":"Na hevaṃ vattabbe. ","html":"{}</p>"},"kv8.5:4.10":{"pli":"Rūpadhātukathā niṭṭhitā. ","html":"<p class='endsutta'>{}</p></article>"}},"kv8.6":{"kv8.6:0.1":{"pli":"Kathāvatthu ","html":"<article id='kv8.6'><header><ul><li class='division'>{}</li>"},"kv8.6:0.2":{"pli":"Mahāpaṇṇāsaka ","html":"<li>{}</li>"},"kv8.6:0.3":{"pli":"Aṭṭhamavagga ","html":"<li>{}</li></ul>"},"kv8.6:0.4":{"pli":"Arūpadhātukathā ","html":"<h1 class='sutta-title'>{}</h1></header>"},"kv8.6:1.1":{"pli":"Arūpino dhammā arūpadhātūti? ","html":"<p data-doxy='orthodox'>{}"},"kv8.6:1.2":{"pli":"Āmantā. ","html":"{}"},"kv8.6:1.3":{"pli":"Vedanā bhavo gati sattāvāso saṃsāro yoni viññāṇaṭṭhiti attabhāvapaṭilābhoti? ","html":"{}"},"kv8.6:1.4":{"pli":"Na hevaṃ vattabbe …pe… ","html":"{}"},"kv8.6:1.5":{"pli":"atthi vedanūpagaṃ kammanti? ","html":"{}"},"kv8.6:1.6":{"pli":"Na hevaṃ vattabbe …pe… ","html":"{}"},"kv8.6:1.7":{"pli":"atthi vedanūpagā sattāti? ","html":"{}"},"kv8.6:1.8":{"pli":"Na hevaṃ vattabbe …pe… ","html":"{}"},"kv8.6:1.9":{"pli":"vedanāya sattā jāyanti jīyanti mīyanti cavanti upapajjantīti? ","html":"{}"},"kv8.6:1.10":{"pli":"Na hevaṃ vattabbe …pe… ","html":"{}"},"kv8.6:1.11":{"pli":"vedanāya atthi vedanā saññā saṅkhārā viññāṇanti? ","html":"{}"},"kv8.6:1.12":{"pli":"Na hevaṃ vattabbe …pe… ","html":"{}"},"kv8.6:1.13":{"pli":"vedanā catuvokārabhavoti? ","html":"{}"},"kv8.6:1.14":{"pli":"Na hevaṃ vattabbe …pe… ","html":"{}</p>"},"kv8.6:2.1":{"pli":"Arūpadhātu bhavo gati …pe… ","html":"<p data-doxy='orthodox'>{}"},"kv8.6:2.2":{"pli":"attabhāvapaṭilābhoti? ","html":"{}"},"kv8.6:2.3":{"pli":"Āmantā. ","html":"{}"},"kv8.6:2.4":{"pli":"Vedanā bhavo gati …pe… ","html":"{}"},"kv8.6:2.5":{"pli":"attabhāvapaṭilābhoti? ","html":"{}"},"kv8.6:2.6":{"pli":"Na hevaṃ vattabbe …pe… ","html":"{}"},"kv8.6:2.7":{"pli":"atthi arūpadhātūpagaṃ kammanti? ","html":"{}"},"kv8.6:2.8":{"pli":"Āmantā. ","html":"{}"},"kv8.6:2.9":{"pli":"Atthi vedanūpagaṃ kammanti? ","html":"{}"},"kv8.6:2.10":{"pli":"Na hevaṃ vattabbe …pe… ","html":"{}"},"kv8.6:2.11":{"pli":"atthi arūpadhātūpagā sattāti? ","html":"{}"},"kv8.6:2.12":{"pli":"Āmantā. ","html":"{}"},"kv8.6:2.13":{"pli":"Atthi vedanūpagā sattāti? ","html":"{}"},"kv8.6:2.14":{"pli":"Na hevaṃ vattabbe …pe…. ","html":"{}</p>"},"kv8.6:3.1":{"pli":"Arūpadhātuyā sattā jāyanti jīyanti mīyanti cavanti upapajjantīti? ","html":"<p data-doxy='orthodox'>{}"},"kv8.6:3.2":{"pli":"Āmantā. ","html":"{}"},"kv8.6:3.3":{"pli":"Vedanāya sattā jāyanti jīyanti mīyanti cavanti upapajjantīti? ","html":"{}"},"kv8.6:3.4":{"pli":"Na hevaṃ vattabbe …pe… ","html":"{}"},"kv8.6:3.5":{"pli":"arūpadhātuyā atthi vedanā saññā saṅkhārā viññāṇanti? ","html":"{}"},"kv8.6:3.6":{"pli":"Āmantā. ","html":"{}"},"kv8.6:3.7":{"pli":"Vedanāya atthi vedanā saññā saṅkhārā viññāṇanti? ","html":"{}"},"kv8.6:3.8":{"pli":"Na hevaṃ vattabbe …pe… ","html":"{}"},"kv8.6:3.9":{"pli":"arūpadhātu catuvokārabhavoti? ","html":"{}"},"kv8.6:3.10":{"pli":"Āmantā. ","html":"{}"},"kv8.6:3.11":{"pli":"Vedanā catuvokārabhavoti? ","html":"{}"},"kv8.6:3.12":{"pli":"Na hevaṃ vattabbe …pe…. ","html":"{}</p>"},"kv8.6:4.1":{"pli":"Arūpino dhammā arūpadhātu, kāmadhātuyā atthi vedanā saññā saṅkhārā viññāṇanti? ","html":"<p data-doxy='orthodox'>{}"},"kv8.6:4.2":{"pli":"Āmantā. ","html":"{}"},"kv8.6:4.3":{"pli":"Sāva kāmadhātu, sā arūpadhātūti? ","html":"{}"},"kv8.6:4.4":{"pli":"Na hevaṃ vattabbe …pe… ","html":"{}"},"kv8.6:4.5":{"pli":"sāva kāmadhātu, sā arūpadhātūti? ","html":"{}"},"kv8.6:4.6":{"pli":"Āmantā. ","html":"{}"},"kv8.6:4.7":{"pli":"Kāmabhavena samannāgato puggalo dvīhi bhavehi samannāgato hoti—","html":"{}"},"kv8.6:4.8":{"pli":"kāmabhavena ca arūpabhavena cāti? ","html":"{}"},"kv8.6:4.9":{"pli":"Na hevaṃ vattabbe …pe…. ","html":"{}</p>"},"kv8.6:5.1":{"pli":"Rūpino dhammā rūpadhātu, arūpino dhammā arūpadhātu, kāmadhātuyā atthi rūpaṃ vedanā saññā saṅkhārā viññāṇanti? ","html":"<p data-doxy='orthodox'>{}"},"kv8.6:5.2":{"pli":"Āmantā. ","html":"{}"},"kv8.6:5.3":{"pli":"Sāva kāmadhātu, sā rūpadhātu, sā arūpadhātūti? ","html":"{}"},"kv8.6:5.4":{"pli":"Na hevaṃ vattabbe …pe… ","html":"{}"},"kv8.6:5.5":{"pli":"sāva kāmadhātu, sā rūpadhātu, sā arūpadhātūti? ","html":"{}"},"kv8.6:5.6":{"pli":"Āmantā. ","html":"{}"},"kv8.6:5.7":{"pli":"Kāmabhavena samannāgato puggalo tīhi bhavehi samannāgato hoti—","html":"{}"},"kv8.6:5.8":{"pli":"kāmabhavena ca rūpabhavena ca arūpabhavena cāti? ","html":"{}"},"kv8.6:5.9":{"pli":"Na hevaṃ vattabbe …pe…. ","html":"{}</p>"},"kv8.6:5.10":{"pli":"Arūpadhātukathā niṭṭhitā. ","html":"<p class='endsutta'>{}</p></article>"}}}