{"kv2.4":{"kv2.4:0.1":{"pli":"Kathāvatthu ","html":"<article id='kv2.4'><header><ul><li class='division'>{}</li>"},"kv2.4:0.2":{"pli":"Mahāpaṇṇāsaka ","html":"<li>{}</li>"},"kv2.4:0.3":{"pli":"Dutiyavagga ","html":"<li>{}</li></ul>"},"kv2.4:0.4":{"pli":"Paravitāraṇakathā ","html":"<h1 class='sutta-title'>{}</h1></header>"},"kv2.4:1.1":{"pli":"Atthi arahato paravitāraṇāti? ","html":"<p data-doxy='orthodox'>{}"},"kv2.4:1.2":{"pli":"Āmantā. ","html":"{}"},"kv2.4:1.3":{"pli":"Arahā paraneyyo parapattiyo parapaccayo parapaṭibaddhabhū, na jānāti na passati sammūḷho asampajānoti? ","html":"{}"},"kv2.4:1.4":{"pli":"Na hevaṃ vattabbe …pe…. ","html":"{}</p>"},"kv2.4:2.1":{"pli":"Nanu arahā na paraneyyo na parapattiyo na parapaccayo na parapaṭibaddhabhū jānāti passati asammūḷho sampajānoti? ","html":"<p data-doxy='orthodox'>{}"},"kv2.4:2.2":{"pli":"Āmantā. ","html":"{}"},"kv2.4:2.3":{"pli":"Hañci arahā na paraneyyo na parapattiyo na parapaccayo na parapaṭibaddhabhū, jānāti passati asammūḷho sampajāno, no ca vata re vattabbe—","html":"{}"},"kv2.4:2.4":{"pli":"“atthi arahato paravitāraṇā”ti. ","html":"{}</p>"},"kv2.4:3.1":{"pli":"Atthi puthujjanassa paravitāraṇā, so ca paraneyyo parapattiyo parapaccayo parapaṭibaddhabhū, na jānāti na passati sammūḷho asampajānoti? ","html":"<p data-doxy='orthodox'>{}"},"kv2.4:3.2":{"pli":"Āmantā. ","html":"{}"},"kv2.4:3.3":{"pli":"Atthi arahato paravitāraṇā, so ca paraneyyo parapattiyo parapaccayo parapaṭibaddhabhū, na jānāti na passati sammūḷho asampajānoti? ","html":"{}"},"kv2.4:3.4":{"pli":"Na hevaṃ vattabbe …pe…. ","html":"{}</p>"},"kv2.4:4.1":{"pli":"Atthi arahato paravitāraṇā, so ca na paraneyyo na parapattiyo na parapaccayo na parapaṭibaddhabhū, jānāti passati asammūḷho sampajānoti? ","html":"<p data-doxy='orthodox'>{}"},"kv2.4:4.2":{"pli":"Āmantā. ","html":"{}"},"kv2.4:4.3":{"pli":"Atthi puthujjanassa paravitāraṇā, so ca na paraneyyo na parapattiyo na parapaccayo na parapaṭibaddhabhū, jānāti passati asammūḷho sampajānoti? ","html":"{}"},"kv2.4:4.4":{"pli":"Na hevaṃ vattabbe …pe…. ","html":"{}</p>"},"kv2.4:5.1":{"pli":"Atthi arahato paravitāraṇāti? ","html":"<p data-doxy='orthodox'>{}"},"kv2.4:5.2":{"pli":"Āmantā. ","html":"{}"},"kv2.4:5.3":{"pli":"Atthi arahato satthari paravitāraṇā, dhamme paravitāraṇā, saṅghe paravitāraṇā, sikkhāya paravitāraṇā, pubbante paravitāraṇā, aparante paravitāraṇā, pubbantāparante paravitāraṇā, idappaccayatāpaṭiccasamuppannesu dhammesu paravitāraṇāti? ","html":"{}"},"kv2.4:5.4":{"pli":"Na hevaṃ vattabbe …pe…. ","html":"{}</p>"},"kv2.4:6.1":{"pli":"Natthi arahato satthari paravitāraṇā, dhamme paravitāraṇā …pe… idappaccayatāpaṭiccasamuppannesu dhammesu paravitāraṇāti? ","html":"<p data-doxy='orthodox'>{}"},"kv2.4:6.2":{"pli":"Āmantā. ","html":"{}"},"kv2.4:6.3":{"pli":"Hañci natthi arahato satthari paravitāraṇā, dhamme paravitāraṇā …pe… idappaccayatāpaṭiccasamuppannesu dhammesu paravitāraṇā, no ca vata re vattabbe—","html":"{}"},"kv2.4:6.4":{"pli":"“atthi arahato paravitāraṇā”ti. ","html":"{}</p>"},"kv2.4:7.1":{"pli":"Atthi puthujjanassa paravitāraṇā, atthi tassa satthari paravitāraṇā, dhamme paravitāraṇā …pe… idappaccayatāpaṭiccasamuppannesu dhammesu paravitāraṇāti? ","html":"<p data-doxy='orthodox'>{}"},"kv2.4:7.2":{"pli":"Āmantā. ","html":"{}"},"kv2.4:7.3":{"pli":"Atthi arahato paravitāraṇā, atthi tassa satthari paravitāraṇā, dhamme paravitāraṇā …pe… idappaccayatāpaṭiccasamuppannesu dhammesu paravitāraṇāti? ","html":"{}"},"kv2.4:7.4":{"pli":"Na hevaṃ vattabbe …pe…. ","html":"{}</p>"},"kv2.4:8.1":{"pli":"Atthi arahato paravitāraṇā, natthi tassa satthari paravitāraṇā, dhamme paravitāraṇā …pe… idappaccayatāpaṭiccasamuppannesu dhammesu paravitāraṇāti? ","html":"<p data-doxy='orthodox'>{}"},"kv2.4:8.2":{"pli":"Āmantā. ","html":"{}"},"kv2.4:8.3":{"pli":"Atthi puthujjanassa paravitāraṇā, natthi tassa satthari paravitāraṇā, dhamme paravitāraṇā …pe… idappaccayatāpaṭiccasamuppannesu dhammesu paravitāraṇāti? ","html":"{}"},"kv2.4:8.4":{"pli":"Na hevaṃ vattabbe …pe…. ","html":"{}</p>"},"kv2.4:9.1":{"pli":"Atthi arahato paravitāraṇāti? ","html":"<p data-doxy='orthodox'>{}"},"kv2.4:9.2":{"pli":"Āmantā. ","html":"{}"},"kv2.4:9.3":{"pli":"Nanu arahato rāgo pahīno ucchinnamūlo tālāvatthukato anabhāvaṅkato āyatiṃ anuppādadhammoti? ","html":"{}"},"kv2.4:9.4":{"pli":"Āmantā. ","html":"{}"},"kv2.4:9.5":{"pli":"Hañci arahato rāgo pahīno ucchinnamūlo tālāvatthukato anabhāvaṅkato āyatiṃ anuppādadhammo, no ca vata re vattabbe—","html":"{}"},"kv2.4:9.6":{"pli":"“atthi arahato paravitāraṇā”ti. ","html":"{}</p>"},"kv2.4:10.1":{"pli":"Atthi arahato paravitāraṇāti? ","html":"<p data-doxy='orthodox'>{}"},"kv2.4:10.2":{"pli":"Āmantā. ","html":"{}"},"kv2.4:10.3":{"pli":"Nanu arahato doso pahīno …pe… ","html":"{}"},"kv2.4:10.4":{"pli":"moho pahīno …pe… ","html":"{}"},"kv2.4:10.5":{"pli":"anottappaṃ pahīnaṃ ucchinnamūlaṃ tālāvatthukataṃ anabhāvaṅkataṃ āyatiṃ anuppādadhammaṃ …pe… ","html":"{}"},"kv2.4:10.6":{"pli":"rāgappahānāya maggo bhāvito …pe… ","html":"{}"},"kv2.4:10.7":{"pli":"bojjhaṅgā bhāvitā …pe… ","html":"{}"},"kv2.4:10.8":{"pli":"dosappahānāya …pe… ","html":"{}"},"kv2.4:10.9":{"pli":"anottappapahānāya maggo bhāvito …pe… ","html":"{}"},"kv2.4:10.10":{"pli":"bojjhaṅgā bhāvitā …pe… ","html":"{}"},"kv2.4:10.11":{"pli":"nanu arahā vītarāgo vītadoso vītamoho …pe… ","html":"{}"},"kv2.4:10.12":{"pli":"sacchikātabbaṃ sacchikatanti? ","html":"{}"},"kv2.4:10.13":{"pli":"Āmantā. ","html":"{}"},"kv2.4:10.14":{"pli":"Hañci arahā vītarāgo vītadoso vītamoho sacchikātabbaṃ sacchikataṃ, no ca vata re vattabbe—","html":"{}"},"kv2.4:10.15":{"pli":"“atthi arahato paravitāraṇā”ti. ","html":"{}</p>"},"kv2.4:11.1":{"pli":"Atthi arahato paravitāraṇāti? ","html":"<p data-doxy='orthodox'>{}"},"kv2.4:11.2":{"pli":"Sadhammakusalassa arahato atthi paravitāraṇā, paradhammakusalassa arahato natthi paravitāraṇāti. ","html":"{}"},"kv2.4:11.3":{"pli":"Sadhammakusalassa arahato atthi paravitāraṇāti? ","html":"{}"},"kv2.4:11.4":{"pli":"Āmantā. ","html":"{}"},"kv2.4:11.5":{"pli":"Paradhammakusalassa arahato atthi paravitāraṇāti? ","html":"{}"},"kv2.4:11.6":{"pli":"Na hevaṃ vattabbe …pe…. ","html":"{}</p>"},"kv2.4:12.1":{"pli":"Paradhammakusalassa arahato natthi paravitāraṇāti? ","html":"<p data-doxy='orthodox'>{}"},"kv2.4:12.2":{"pli":"Āmantā. ","html":"{}"},"kv2.4:12.3":{"pli":"Sadhammakusalassa arahato natthi paravitāraṇāti? ","html":"{}"},"kv2.4:12.4":{"pli":"Na hevaṃ vattabbe …pe…. ","html":"{}</p>"},"kv2.4:13.1":{"pli":"Sadhammakusalassa arahato rāgo pahīno, atthi tassa paravitāraṇāti? ","html":"<p data-doxy='orthodox'>{}"},"kv2.4:13.2":{"pli":"Āmantā. ","html":"{}"},"kv2.4:13.3":{"pli":"Paradhammakusalassa arahato rāgo pahīno, atthi tassa paravitāraṇāti? ","html":"{}"},"kv2.4:13.4":{"pli":"Na hevaṃ vattabbe. ","html":"{}</p>"},"kv2.4:14.1":{"pli":"Sadhammakusalassa arahato doso pahīno …pe… ","html":"<p data-doxy='orthodox'>{}"},"kv2.4:14.2":{"pli":"moho pahīno …pe… ","html":"{}"},"kv2.4:14.3":{"pli":"anottappaṃ pahīnaṃ …pe… ","html":"{}"},"kv2.4:14.4":{"pli":"rāgappahānāya maggo bhāvito …pe… ","html":"{}"},"kv2.4:14.5":{"pli":"bojjhaṅgā bhāvitā …pe… ","html":"{}"},"kv2.4:14.6":{"pli":"dosappahānāya …pe… ","html":"{}"},"kv2.4:14.7":{"pli":"anottappapahānāya maggo bhāvito …pe… ","html":"{}"},"kv2.4:14.8":{"pli":"bojjhaṅgā bhāvitā …pe… ","html":"{}"},"kv2.4:14.9":{"pli":"sadhammakusalo arahā vītarāgo vītadoso vītamoho …pe… ","html":"{}"},"kv2.4:14.10":{"pli":"sacchikātabbaṃ sacchikataṃ, atthi tassa paravitāraṇāti? ","html":"{}"},"kv2.4:14.11":{"pli":"Āmantā. ","html":"{}"},"kv2.4:14.12":{"pli":"Paradhammakusalo arahā vītarāgo vītadoso vītamoho …pe… ","html":"{}"},"kv2.4:14.13":{"pli":"sacchikātabbaṃ sacchikataṃ, atthi tassa paravitāraṇāti? ","html":"{}"},"kv2.4:14.14":{"pli":"Na hevaṃ vattabbe …pe…. ","html":"{}</p>"},"kv2.4:15.1":{"pli":"Paradhammakusalassa arahato rāgo pahīno, natthi tassa paravitāraṇāti? ","html":"<p data-doxy='orthodox'>{}"},"kv2.4:15.2":{"pli":"Āmantā. ","html":"{}"},"kv2.4:15.3":{"pli":"Sadhammakusalassa arahato rāgo pahīno, natthi tassa paravitāraṇāti? ","html":"{}"},"kv2.4:15.4":{"pli":"Na hevaṃ vattabbe. ","html":"{}</p>"},"kv2.4:16.1":{"pli":"Paradhammakusalassa arahato doso pahīno, moho pahīno …pe… ","html":"<p data-doxy='orthodox'>{}"},"kv2.4:16.2":{"pli":"anottappaṃ pahīnaṃ …pe… ","html":"{}"},"kv2.4:16.3":{"pli":"rāgappahānāya maggo bhāvito …pe… ","html":"{}"},"kv2.4:16.4":{"pli":"bojjhaṅgā bhāvitā …pe… ","html":"{}"},"kv2.4:16.5":{"pli":"dosappahānāya …pe… ","html":"{}"},"kv2.4:16.6":{"pli":"anottappapahānāya maggo bhāvito …pe… ","html":"{}"},"kv2.4:16.7":{"pli":"bojjhaṅgā bhāvitā …pe… ","html":"{}"},"kv2.4:16.8":{"pli":"paradhammakusalo arahā vītarāgo vītadoso vītamoho …pe… ","html":"{}"},"kv2.4:16.9":{"pli":"sacchikātabbaṃ sacchikataṃ, natthi tassa paravitāraṇāti? ","html":"{}"},"kv2.4:16.10":{"pli":"Āmantā. ","html":"{}"},"kv2.4:16.11":{"pli":"Sadhammakusalo arahā vītarāgo vītadoso vītamoho …pe… ","html":"{}"},"kv2.4:16.12":{"pli":"sacchikātabbaṃ sacchikataṃ, natthi tassa paravitāraṇāti? ","html":"{}"},"kv2.4:16.13":{"pli":"Na hevaṃ vattabbe …pe…. ","html":"{}</p>"},"kv2.4:17.1":{"pli":"Atthi arahato paravitāraṇāti? ","html":"<p data-doxy='orthodox'>{}"},"kv2.4:17.2":{"pli":"Āmantā. ","html":"{}"},"kv2.4:17.3":{"pli":"Nanu vuttaṃ bhagavatā—","html":"{}"},"kv2.4:17.4":{"pli":"“jānatohaṃ, bhikkhave, passato āsavānaṃ khayaṃ vadāmi, no ajānato no apassato. ","html":"{}"},"kv2.4:17.5":{"pli":"Kiñca, bhikkhave, jānato kiṃ passato āsavānaṃ khayo hoti, ‘iti rūpaṃ’ …pe… ","html":"{}"},"kv2.4:17.6":{"pli":"‘iti viññāṇassa atthaṅgamo’ti—","html":"{}"},"kv2.4:17.7":{"pli":"evaṃ kho, bhikkhave, jānato evaṃ passato āsavānaṃ khayo hotī”ti. ","html":"{}"},"kv2.4:17.8":{"pli":"Attheva suttantoti? ","html":"{}"},"kv2.4:17.9":{"pli":"Āmantā. ","html":"{}"},"kv2.4:17.10":{"pli":"Tena hi na vattabbaṃ—","html":"{}"},"kv2.4:17.11":{"pli":"“atthi arahato paravitāraṇā”ti. ","html":"{}</p>"},"kv2.4:18.1":{"pli":"Atthi arahato paravitāraṇāti? ","html":"<p data-doxy='orthodox'>{}"},"kv2.4:18.2":{"pli":"Āmantā. ","html":"{}"},"kv2.4:18.3":{"pli":"Nanu vuttaṃ bhagavatā—","html":"{}"},"kv2.4:18.4":{"pli":"“jānatohaṃ, bhikkhave, passato āsavānaṃ khayaṃ vadāmi, no ajānato no apassato. ","html":"{}"},"kv2.4:18.5":{"pli":"Kiñca, bhikkhave, jānato kiṃ passato āsavānaṃ khayo hoti, ‘idaṃ dukkhan’ti—","html":"{}"},"kv2.4:18.6":{"pli":"bhikkhave, jānato passato āsavānaṃ khayo hoti, ‘ayaṃ dukkhasamudayo’ti …pe… ","html":"{}"},"kv2.4:18.7":{"pli":"‘ayaṃ dukkhanirodho’ti …pe… ","html":"{}"},"kv2.4:18.8":{"pli":"‘ayaṃ dukkhanirodhagāminī paṭipadā’ti jānato passato āsavānaṃ khayo hoti. ","html":"{}"},"kv2.4:18.9":{"pli":"Evaṃ kho, bhikkhave, jānato evaṃ passato āsavānaṃ khayo hotī”ti. ","html":"{}"},"kv2.4:18.10":{"pli":"Attheva suttantoti? ","html":"{}"},"kv2.4:18.11":{"pli":"Āmantā. ","html":"{}"},"kv2.4:18.12":{"pli":"Tena hi na vattabbaṃ—","html":"{}"},"kv2.4:18.13":{"pli":"“atthi arahato paravitāraṇā”ti. ","html":"{}</p>"},"kv2.4:19.1":{"pli":"Atthi arahato paravitāraṇāti? ","html":"<p data-doxy='orthodox'>{}"},"kv2.4:19.2":{"pli":"Āmantā. ","html":"{}"},"kv2.4:19.3":{"pli":"Nanu vuttaṃ bhagavatā—","html":"{}"},"kv2.4:19.4":{"pli":"“sabbaṃ, bhikkhave, anabhijānaṃ aparijānaṃ avirājayaṃ appajahaṃ abhabbo dukkhakkhayāya; ","html":"{}"},"kv2.4:19.5":{"pli":"sabbañca kho, bhikkhave, abhijānaṃ parijānaṃ virājayaṃ pajahaṃ bhabbo dukkhakkhayāyā”ti. ","html":"{}"},"kv2.4:19.6":{"pli":"Attheva suttantoti? ","html":"{}"},"kv2.4:19.7":{"pli":"Āmantā. ","html":"{}"},"kv2.4:19.8":{"pli":"Tena hi na vattabbaṃ—","html":"{}"},"kv2.4:19.9":{"pli":"“atthi arahato paravitāraṇā”ti. ","html":"{}</p>"},"kv2.4:20.1":{"pli":"Atthi arahato paravitāraṇāti? ","html":"<p data-doxy='orthodox'>{}"},"kv2.4:20.2":{"pli":"Āmantā. ","html":"{}"},"kv2.4:20.3":{"pli":"Nanu vuttaṃ bhagavatā—","html":"{}"},"kv2.4:20.4":{"pli":"“sahāvassa dassanasampadāya …pe… ","html":"{}"},"kv2.4:20.5":{"pli":"chaccābhiṭhānāni abhabba kātun”ti. ","html":"{}"},"kv2.4:20.6":{"pli":"Attheva suttantoti? ","html":"{}"},"kv2.4:20.7":{"pli":"Āmantā. ","html":"{}"},"kv2.4:20.8":{"pli":"Tena hi na vattabbaṃ—","html":"{}"},"kv2.4:20.9":{"pli":"“atthi arahato paravitāraṇā”ti. ","html":"{}</p>"},"kv2.4:21.1":{"pli":"Atthi arahato paravitāraṇāti? ","html":"<p data-doxy='orthodox'>{}"},"kv2.4:21.2":{"pli":"Āmantā. ","html":"{}"},"kv2.4:21.3":{"pli":"Nanu vuttaṃ bhagavatā—","html":"{}"},"kv2.4:21.4":{"pli":"“yasmiṃ, bhikkhave, samaye ariyasāvakassa virajaṃ vītamalaṃ dhammacakkhuṃ udapādi—","html":"{}"},"kv2.4:21.5":{"pli":"‘yaṃ kiñci samudayadhammaṃ, sabbaṃ taṃ nirodhadhamman’ti, saha dassanuppādā, bhikkhave, ariyasāvakassa tīṇi saṃyojanāni pahīyanti—","html":"{}"},"kv2.4:21.6":{"pli":"sakkāyadiṭṭhi, vicikicchā, sīlabbataparāmāso”ti. ","html":"{}"},"kv2.4:21.7":{"pli":"Attheva suttantoti? ","html":"{}"},"kv2.4:21.8":{"pli":"Āmantā. ","html":"{}"},"kv2.4:21.9":{"pli":"Tena hi na vattabbaṃ—","html":"{}"},"kv2.4:21.10":{"pli":"“atthi arahato paravitāraṇā”ti. ","html":"{}</p>"},"kv2.4:22.1":{"pli":"Atthi arahato paravitāraṇāti? ","html":"<p data-doxy='orthodox'>{}"},"kv2.4:22.2":{"pli":"Āmantā. ","html":"{}"},"kv2.4:22.3":{"pli":"Nanu vuttaṃ bhagavatā—","html":"{}</p>"},"kv2.4:23.1":{"pli":"“Nāhaṃ sahissāmi pamocanāya, ","html":"<blockquote class='gatha'><p><span class='verse-line'>{}</span>"},"kv2.4:23.2":{"pli":"Kathaṅkathiṃ dhotaka kañci loke; ","html":"<span class='verse-line'>{}</span>"},"kv2.4:23.3":{"pli":"Dhammañca seṭṭhaṃ abhijānamāno, ","html":"<span class='verse-line'>{}</span>"},"kv2.4:23.4":{"pli":"Evaṃ tuvaṃ oghamimaṃ taresī”ti. ","html":"<span class='verse-line'>{}</span></p></blockquote>"},"kv2.4:24.1":{"pli":"Attheva suttantoti? ","html":"<p>{}"},"kv2.4:24.2":{"pli":"Āmantā. ","html":"{}"},"kv2.4:24.3":{"pli":"Tena hi na vattabbaṃ—","html":"{}"},"kv2.4:24.4":{"pli":"“atthi arahato paravitāraṇā”ti. ","html":"{}</p>"},"kv2.4:25.1":{"pli":"Na vattabbaṃ—","html":"<p data-doxy='heterodox'>{}"},"kv2.4:25.2":{"pli":"“atthi arahato paravitāraṇā”ti? ","html":"{}"},"kv2.4:25.3":{"pli":"Āmantā. ","html":"{}"},"kv2.4:25.4":{"pli":"Nanu arahato itthipurisānaṃ nāmagottaṃ pare vitāreyyuṃ, maggāmaggaṃ pare vitāreyyuṃ, tiṇakaṭṭhavanappatīnaṃ nāmaṃ pare vitāreyyunti? ","html":"{}"},"kv2.4:25.5":{"pli":"Āmantā. ","html":"{}"},"kv2.4:25.6":{"pli":"Hañci arahato itthipurisānaṃ nāmagottaṃ pare vitāreyyuṃ, maggāmaggaṃ pare vitāreyyuṃ, tiṇakaṭṭhavanappatīnaṃ nāmaṃ pare vitāreyyuṃ, tena vata re vattabbe—","html":"{}"},"kv2.4:25.7":{"pli":"“atthi arahato paravitāraṇā”ti. ","html":"{}</p>"},"kv2.4:26.1":{"pli":"Arahato itthipurisānaṃ nāmagottaṃ pare vitāreyyuṃ, maggāmaggaṃ pare vitāreyyuṃ, tiṇakaṭṭhavanappatīnaṃ nāmaṃ pare vitāreyyunti, atthi arahato paravitāraṇāti? ","html":"<p data-doxy='orthodox'>{}"},"kv2.4:26.2":{"pli":"Āmantā. ","html":"{}"},"kv2.4:26.3":{"pli":"Arahato sotāpattiphalaṃ vā sakadāgāmiphalaṃ vā anāgāmiphalaṃ vā arahattaṃ vā pare vitāreyyunti? ","html":"{}"},"kv2.4:26.4":{"pli":"Na hevaṃ vattabbe …pe…. ","html":"{}</p>"},"kv2.4:26.5":{"pli":"Paravitāraṇakathā niṭṭhitā. ","html":"<p class='endsutta'>{}</p></article>"}},"kv2.5":{"kv2.5:0.1":{"pli":"Kathāvatthu ","html":"<article id='kv2.5'><header><ul><li class='division'>{}</li>"},"kv2.5:0.2":{"pli":"Mahāpaṇṇāsaka ","html":"<li>{}</li>"},"kv2.5:0.3":{"pli":"Dutiyavagga ","html":"<li>{}</li></ul>"},"kv2.5:0.4":{"pli":"Vacībhedakathā ","html":"<h1 class='sutta-title'>{}</h1></header>"},"kv2.5:1.1":{"pli":"Samāpannassa atthi vacībhedoti? ","html":"<p data-doxy='orthodox'>{}"},"kv2.5:1.2":{"pli":"Āmantā. ","html":"{}"},"kv2.5:1.3":{"pli":"Sabbattha samāpannānaṃ atthi vacībhedoti, na hevaṃ vattabbe …pe… ","html":"{}</p>"},"kv2.5:2.1":{"pli":"Samāpannassa atthi vacībhedoti? ","html":"<p data-doxy='orthodox'>{}"},"kv2.5:2.2":{"pli":"Āmantā. ","html":"{}"},"kv2.5:2.3":{"pli":"Sabbadā samāpannānaṃ atthi vacībhedoti? ","html":"{}"},"kv2.5:2.4":{"pli":"Na hevaṃ vattabbe …pe… ","html":"{}</p>"},"kv2.5:3.1":{"pli":"Samāpannassa atthi vacībhedoti? ","html":"<p data-doxy='orthodox'>{}"},"kv2.5:3.2":{"pli":"Āmantā. ","html":"{}"},"kv2.5:3.3":{"pli":"Sabbesaṃ samāpannānaṃ atthi vacībhedoti? ","html":"{}"},"kv2.5:3.4":{"pli":"Na hevaṃ vattabbe …pe… ","html":"{}</p>"},"kv2.5:4.1":{"pli":"Samāpannassa atthi vacībhedoti? ","html":"<p data-doxy='orthodox'>{}"},"kv2.5:4.2":{"pli":"Āmantā. ","html":"{}"},"kv2.5:4.3":{"pli":"Sabbasamāpattīsu atthi vacībhedoti? ","html":"{}"},"kv2.5:4.4":{"pli":"Na hevaṃ vattabbe …pe… ","html":"{}</p>"},"kv2.5:5.1":{"pli":"Samāpannassa atthi vacībhedoti? ","html":"<p data-doxy='orthodox'>{}"},"kv2.5:5.2":{"pli":"Āmantā. ","html":"{}"},"kv2.5:5.3":{"pli":"Samāpannassa atthi kāyabhedoti? ","html":"{}"},"kv2.5:5.4":{"pli":"Na hevaṃ vattabbe …pe… ","html":"{}</p>"},"kv2.5:6.1":{"pli":"Samāpannassa natthi kāyabhedoti? ","html":"<p data-doxy='orthodox'>{}"},"kv2.5:6.2":{"pli":"Āmantā. ","html":"{}"},"kv2.5:6.3":{"pli":"Samāpannassa natthi vacībhedoti? ","html":"{}"},"kv2.5:6.4":{"pli":"Na hevaṃ vattabbe …pe… ","html":"{}</p>"},"kv2.5:7.1":{"pli":"Samāpannassa atthi vācā, atthi vacībhedoti? ","html":"<p data-doxy='orthodox'>{}"},"kv2.5:7.2":{"pli":"Āmantā. ","html":"{}"},"kv2.5:7.3":{"pli":"Samāpannassa atthi kāyo, atthi kāyabhedoti? ","html":"{}"},"kv2.5:7.4":{"pli":"Na hevaṃ vattabbe …pe… ","html":"{}</p>"},"kv2.5:8.1":{"pli":"Samāpannassa atthi kāyo, natthi kāyabhedoti? ","html":"<p data-doxy='orthodox'>{}"},"kv2.5:8.2":{"pli":"Āmantā. ","html":"{}"},"kv2.5:8.3":{"pli":"Samāpannassa atthi vācā, natthi vacībhedoti? ","html":"{}"},"kv2.5:8.4":{"pli":"Na hevaṃ vattabbe …pe… ","html":"{}</p>"},"kv2.5:9.1":{"pli":"Dukkhanti jānanto dukkhanti vācaṃ bhāsatīti? ","html":"<p data-doxy='orthodox'>{}"},"kv2.5:9.2":{"pli":"Āmantā. ","html":"{}"},"kv2.5:9.3":{"pli":"Samudayoti jānanto samudayoti vācaṃ bhāsatīti? ","html":"{}"},"kv2.5:9.4":{"pli":"Na hevaṃ vattabbe …pe… ","html":"{}</p>"},"kv2.5:10.1":{"pli":"Dukkhanti jānanto dukkhanti vācaṃ bhāsatīti? ","html":"<p data-doxy='orthodox'>{}"},"kv2.5:10.2":{"pli":"Āmantā. ","html":"{}"},"kv2.5:10.3":{"pli":"Nirodhoti jānanto nirodhoti vācaṃ bhāsatīti? ","html":"{}"},"kv2.5:10.4":{"pli":"Na hevaṃ vattabbe …pe… ","html":"{}</p>"},"kv2.5:11.1":{"pli":"Dukkhanti jānanto dukkhanti vācaṃ bhāsatīti? ","html":"<p data-doxy='orthodox'>{}"},"kv2.5:11.2":{"pli":"Āmantā. ","html":"{}"},"kv2.5:11.3":{"pli":"Maggoti jānanto maggoti vācaṃ bhāsatīti? ","html":"{}"},"kv2.5:11.4":{"pli":"Na hevaṃ vattabbe …pe… ","html":"{}</p>"},"kv2.5:12.1":{"pli":"Samudayoti jānanto na ca samudayoti vācaṃ bhāsatīti? ","html":"<p data-doxy='orthodox'>{}"},"kv2.5:12.2":{"pli":"Āmantā. ","html":"{}"},"kv2.5:12.3":{"pli":"Dukkhanti jānanto na ca dukkhanti vācaṃ bhāsatīti? ","html":"{}"},"kv2.5:12.4":{"pli":"Na hevaṃ vattabbe …pe… ","html":"{}</p>"},"kv2.5:13.1":{"pli":"Nirodhoti jānanto na ca nirodhoti vācaṃ bhāsatīti? ","html":"<p data-doxy='orthodox'>{}"},"kv2.5:13.2":{"pli":"Āmantā. ","html":"{}"},"kv2.5:13.3":{"pli":"Dukkhanti jānanto na ca dukkhanti vācaṃ bhāsatīti? ","html":"{}"},"kv2.5:13.4":{"pli":"Na hevaṃ vattabbe …pe… ","html":"{}</p>"},"kv2.5:14.1":{"pli":"Maggoti jānanto na ca maggoti vācaṃ bhāsatīti? ","html":"<p data-doxy='orthodox'>{}"},"kv2.5:14.2":{"pli":"Āmantā. ","html":"{}"},"kv2.5:14.3":{"pli":"Dukkhanti jānanto na ca dukkhanti vācaṃ bhāsatīti? ","html":"{}"},"kv2.5:14.4":{"pli":"Na hevaṃ vattabbe …pe… ","html":"{}</p>"},"kv2.5:15.1":{"pli":"Samāpannassa atthi vacībhedoti? ","html":"<p data-doxy='orthodox'>{}"},"kv2.5:15.2":{"pli":"Āmantā. ","html":"{}"},"kv2.5:15.3":{"pli":"Ñāṇaṃ kiṅgocaranti? ","html":"{}"},"kv2.5:15.4":{"pli":"Ñāṇaṃ saccagocaranti. ","html":"{}"},"kv2.5:15.5":{"pli":"Sotaṃ saccagocaranti? ","html":"{}"},"kv2.5:15.6":{"pli":"Na hevaṃ vattabbe …pe… ","html":"{}</p>"},"kv2.5:16.1":{"pli":"Samāpannassa atthi vacībhedoti? ","html":"<p data-doxy='orthodox'>{}"},"kv2.5:16.2":{"pli":"Āmantā. ","html":"{}"},"kv2.5:16.3":{"pli":"Sotaṃ kiṃ gocaranti. ","html":"{}"},"kv2.5:16.4":{"pli":"Sotaṃ saddagocaranti. ","html":"{}"},"kv2.5:16.5":{"pli":"Ñāṇaṃ saddagocaranti? ","html":"{}"},"kv2.5:16.6":{"pli":"Na hevaṃ vattabbe. ","html":"{}</p>"},"kv2.5:17.1":{"pli":"Samāpannassa atthi vacībhedo ñāṇaṃ saccagocaraṃ, sotaṃ saddagocaranti? ","html":"<p data-doxy='orthodox'>{}"},"kv2.5:17.2":{"pli":"Āmantā. ","html":"{}"},"kv2.5:17.3":{"pli":"Hañci ñāṇaṃ saccagocaraṃ, sotaṃ saddagocaraṃ, no ca vata re vattabbe—","html":"{}"},"kv2.5:17.4":{"pli":"“samāpannassa atthi vacībhedo”ti. ","html":"{}</p>"},"kv2.5:18.1":{"pli":"Samāpannassa atthi vacībhedo ñāṇaṃ saccagocaraṃ, sotaṃ saddagocaranti? ","html":"<p data-doxy='orthodox'>{}"},"kv2.5:18.2":{"pli":"Āmantā. ","html":"{}"},"kv2.5:18.3":{"pli":"Dvinnaṃ phassānaṃ, dvinnaṃ vedanānaṃ, dvinnaṃ saññānaṃ, dvinnaṃ cetanānaṃ, dvinnaṃ cittānaṃ samodhānaṃ hotīti? ","html":"{}"},"kv2.5:18.4":{"pli":"Na hevaṃ vattabbe. ","html":"{}</p>"},"kv2.5:19.1":{"pli":"Samāpannassa atthi vacībhedoti? ","html":"<p data-doxy='orthodox'>{}"},"kv2.5:19.2":{"pli":"Āmantā. ","html":"{}"},"kv2.5:19.3":{"pli":"Pathavīkasiṇaṃ samāpattiṃ samāpannassa atthi vacībhedoti? ","html":"{}"},"kv2.5:19.4":{"pli":"Na hevaṃ vattabbe. ","html":"{}</p>"},"kv2.5:20.1":{"pli":"Samāpannassa atthi vacībhedoti? ","html":"<p data-doxy='orthodox'>{}"},"kv2.5:20.2":{"pli":"Āmantā. ","html":"{}"},"kv2.5:20.3":{"pli":"Āpokasiṇaṃ …pe… ","html":"{}"},"kv2.5:20.4":{"pli":"tejokasiṇaṃ … ","html":"{}"},"kv2.5:20.5":{"pli":"vāyokasiṇaṃ … ","html":"{}"},"kv2.5:20.6":{"pli":"nīlakasiṇaṃ … ","html":"{}"},"kv2.5:20.7":{"pli":"pītakasiṇaṃ … ","html":"{}"},"kv2.5:20.8":{"pli":"lohitakasiṇaṃ … ","html":"{}"},"kv2.5:20.9":{"pli":"odātakasiṇaṃ … ","html":"{}"},"kv2.5:20.10":{"pli":"ākāsānañcāyatanaṃ … ","html":"{}"},"kv2.5:20.11":{"pli":"viññāṇañcāyatanaṃ … ","html":"{}"},"kv2.5:20.12":{"pli":"ākiñcaññāyatanaṃ …pe… ","html":"{}"},"kv2.5:20.13":{"pli":"nevasaññānāsaññāyatanaṃ samāpannassa atthi vacībhedoti? ","html":"{}"},"kv2.5:20.14":{"pli":"Na hevaṃ vattabbe …pe…. ","html":"{}</p>"},"kv2.5:21.1":{"pli":"Pathavīkasiṇaṃ samāpattiṃ samāpannassa natthi vacībhedoti? ","html":"<p data-doxy='orthodox'>{}"},"kv2.5:21.2":{"pli":"Āmantā. ","html":"{}"},"kv2.5:21.3":{"pli":"Hañci pathavīkasiṇaṃ samāpattiṃ samāpannassa natthi vacībhedo, no ca vata re vattabbe “samāpannassa atthi vacībhedo”ti. ","html":"{}</p>"},"kv2.5:22.1":{"pli":"Āpokasiṇaṃ … ","html":"<p data-doxy='orthodox'>{}"},"kv2.5:22.2":{"pli":"tejokasiṇaṃ … ","html":"{}"},"kv2.5:22.3":{"pli":"vāyokasiṇaṃ … ","html":"{}"},"kv2.5:22.4":{"pli":"nīlakasiṇaṃ … ","html":"{}"},"kv2.5:22.5":{"pli":"pītakasiṇaṃ … ","html":"{}"},"kv2.5:22.6":{"pli":"lohitakasiṇaṃ … ","html":"{}"},"kv2.5:22.7":{"pli":"odātakasiṇaṃ … ","html":"{}"},"kv2.5:22.8":{"pli":"ākāsānañcāyatanaṃ … ","html":"{}"},"kv2.5:22.9":{"pli":"viññāṇañcāyatanaṃ … ","html":"{}"},"kv2.5:22.10":{"pli":"ākiñcaññāyatanaṃ … ","html":"{}"},"kv2.5:22.11":{"pli":"nevasaññānāsaññāyatanaṃ samāpannassa natthi vacībhedoti? ","html":"{}"},"kv2.5:22.12":{"pli":"Āmantā. ","html":"{}"},"kv2.5:22.13":{"pli":"Hañci nevasaññānāsaññāyatanaṃ samāpannassa natthi vacībhedo, no ca vata re vattabbe—","html":"{}"},"kv2.5:22.14":{"pli":"“samāpannassa atthi vacībhedo”ti. ","html":"{}</p>"},"kv2.5:23.1":{"pli":"Samāpannassa atthi vacībhedoti? ","html":"<p data-doxy='orthodox'>{}"},"kv2.5:23.2":{"pli":"Āmantā. ","html":"{}"},"kv2.5:23.3":{"pli":"Lokiyasamāpattiṃ samāpannassa atthi vacībhedoti? ","html":"{}"},"kv2.5:23.4":{"pli":"Na hevaṃ vattabbe …pe…. ","html":"{}</p>"},"kv2.5:24.1":{"pli":"Samāpannassa atthi vacībhedoti? ","html":"<p data-doxy='orthodox'>{}"},"kv2.5:24.2":{"pli":"Āmantā. ","html":"{}"},"kv2.5:24.3":{"pli":"Lokiyaṃ paṭhamaṃ jhānaṃ samāpannassa atthi vacībhedoti? ","html":"{}"},"kv2.5:24.4":{"pli":"Na hevaṃ vattabbe …pe…. ","html":"{}"},"kv2.5:24.5":{"pli":"Samāpannassa atthi vacībhedoti? ","html":"{}"},"kv2.5:24.6":{"pli":"Āmantā. ","html":"{}"},"kv2.5:24.7":{"pli":"Lokiyaṃ dutiyaṃ jhānaṃ … ","html":"{}"},"kv2.5:24.8":{"pli":"tatiyaṃ jhānaṃ … ","html":"{}"},"kv2.5:24.9":{"pli":"catutthaṃ jhānaṃ samāpannassa atthi vacībhedoti? ","html":"{}"},"kv2.5:24.10":{"pli":"Na hevaṃ vattabbe …pe…. ","html":"{}</p>"},"kv2.5:25.1":{"pli":"Lokiyaṃ samāpattiṃ samāpannassa natthi vacībhedoti? ","html":"<p data-doxy='orthodox'>{}"},"kv2.5:25.2":{"pli":"Āmantā. ","html":"{}"},"kv2.5:25.3":{"pli":"Hañci lokiyaṃ samāpattiṃ samāpannassa natthi vacībhedo, no ca vata re vattabbe—","html":"{}"},"kv2.5:25.4":{"pli":"“samāpannassa atthi vacībhedo”ti. ","html":"{}</p>"},"kv2.5:26.1":{"pli":"Lokiyaṃ paṭhamaṃ jhānaṃ samāpannassa natthi vacībhedoti? ","html":"<p data-doxy='orthodox'>{}"},"kv2.5:26.2":{"pli":"Āmantā. ","html":"{}"},"kv2.5:26.3":{"pli":"Hañci lokiyaṃ paṭhamaṃ jhānaṃ samāpannassa natthi vacībhedo, no ca vata re vattabbe—","html":"{}"},"kv2.5:26.4":{"pli":"“samāpannassa atthi vacībhedo”ti. ","html":"{}</p>"},"kv2.5:27.1":{"pli":"Lokiyaṃ dutiyaṃ jhānaṃ … ","html":"<p data-doxy='orthodox'>{}"},"kv2.5:27.2":{"pli":"tatiyaṃ jhānaṃ … ","html":"{}"},"kv2.5:27.3":{"pli":"catutthaṃ jhānaṃ samāpannassa natthi vacībhedoti? ","html":"{}"},"kv2.5:27.4":{"pli":"Āmantā. ","html":"{}"},"kv2.5:27.5":{"pli":"Hañci lokiyaṃ catutthaṃ jhānaṃ samāpannassa natthi vacībhedo, no ca vata re vattabbe “samāpannassa atthi vacībhedo”ti. ","html":"{}</p>"},"kv2.5:28.1":{"pli":"Lokuttaraṃ paṭhamaṃ jhānaṃ samāpannassa atthi vacībhedoti? ","html":"<p data-doxy='orthodox'>{}"},"kv2.5:28.2":{"pli":"Āmantā. ","html":"{}"},"kv2.5:28.3":{"pli":"Lokiyaṃ paṭhamaṃ jhānaṃ samāpannassa atthi vacībhedoti? ","html":"{}"},"kv2.5:28.4":{"pli":"Na hevaṃ vattabbe …pe…. ","html":"{}</p>"},"kv2.5:29.1":{"pli":"Lokuttaraṃ paṭhamaṃ jhānaṃ samāpannassa atthi vacībhedoti? ","html":"<p data-doxy='orthodox'>{}"},"kv2.5:29.2":{"pli":"Āmantā. ","html":"{}"},"kv2.5:29.3":{"pli":"Lokiyaṃ dutiyaṃ jhānaṃ … ","html":"{}"},"kv2.5:29.4":{"pli":"tatiyaṃ jhānaṃ … ","html":"{}"},"kv2.5:29.5":{"pli":"catutthaṃ jhānaṃ samāpannassa atthi vacībhedoti? ","html":"{}"},"kv2.5:29.6":{"pli":"Na hevaṃ vattabbe …pe…. ","html":"{}</p>"},"kv2.5:30.1":{"pli":"Lokiyaṃ paṭhamaṃ jhānaṃ samāpannassa natthi vacībhedoti? ","html":"<p data-doxy='orthodox'>{}"},"kv2.5:30.2":{"pli":"Āmantā. ","html":"{}"},"kv2.5:30.3":{"pli":"Lokuttaraṃ paṭhamaṃ jhānaṃ samāpannassa natthi vacībhedoti? ","html":"{}"},"kv2.5:30.4":{"pli":"Na hevaṃ vattabbe …pe…. ","html":"{}</p>"},"kv2.5:31.1":{"pli":"Lokiyaṃ dutiyaṃ jhānaṃ … ","html":"<p data-doxy='orthodox'>{}"},"kv2.5:31.2":{"pli":"tatiyaṃ jhānaṃ … ","html":"{}"},"kv2.5:31.3":{"pli":"catutthaṃ jhānaṃ samāpannassa natthi vacībhedoti? ","html":"{}"},"kv2.5:31.4":{"pli":"Āmantā. ","html":"{}"},"kv2.5:31.5":{"pli":"Lokuttaraṃ paṭhamaṃ jhānaṃ samāpannassa natthi vacībhedoti? ","html":"{}"},"kv2.5:31.6":{"pli":"Na hevaṃ vattabbe …pe…. ","html":"{}</p>"},"kv2.5:32.1":{"pli":"Lokuttaraṃ paṭhamaṃ jhānaṃ samāpannassa atthi vacībhedoti? ","html":"<p data-doxy='orthodox'>{}"},"kv2.5:32.2":{"pli":"Āmantā. ","html":"{}"},"kv2.5:32.3":{"pli":"Lokuttaraṃ dutiyaṃ jhānaṃ samāpannassa atthi vacībhedoti? ","html":"{}"},"kv2.5:32.4":{"pli":"Na hevaṃ vattabbe …pe…. ","html":"{}</p>"},"kv2.5:33.1":{"pli":"Lokuttaraṃ paṭhamaṃ jhānaṃ samāpannassa atthi vacībhedoti? ","html":"<p data-doxy='orthodox'>{}"},"kv2.5:33.2":{"pli":"Āmantā. ","html":"{}"},"kv2.5:33.3":{"pli":"Lokuttaraṃ tatiyaṃ jhānaṃ … ","html":"{}"},"kv2.5:33.4":{"pli":"catutthaṃ jhānaṃ samāpannassa atthi vacībhedoti? ","html":"{}"},"kv2.5:33.5":{"pli":"Na hevaṃ vattabbe …pe…. ","html":"{}</p>"},"kv2.5:34.1":{"pli":"Lokuttaraṃ dutiyaṃ jhānaṃ samāpannassa natthi vacībhedoti? ","html":"<p data-doxy='orthodox'>{}"},"kv2.5:34.2":{"pli":"Āmantā. ","html":"{}"},"kv2.5:34.3":{"pli":"Lokuttaraṃ paṭhamaṃ jhānaṃ samāpannassa natthi vacībhedoti? ","html":"{}"},"kv2.5:34.4":{"pli":"Na hevaṃ vattabbe …pe…. ","html":"{}</p>"},"kv2.5:35.1":{"pli":"Lokuttaraṃ dutiyaṃ jhānaṃ … ","html":"<p data-doxy='orthodox'>{}"},"kv2.5:35.2":{"pli":"tatiyaṃ jhānaṃ … ","html":"{}"},"kv2.5:35.3":{"pli":"catutthaṃ jhānaṃ samāpannassa natthi vacībhedoti? ","html":"{}"},"kv2.5:35.4":{"pli":"Āmantā. ","html":"{}"},"kv2.5:35.5":{"pli":"Lokuttaraṃ paṭhamaṃ jhānaṃ samāpannassa natthi vacībhedoti? ","html":"{}"},"kv2.5:35.6":{"pli":"Na hevaṃ vattabbe …pe…. ","html":"{}</p>"},"kv2.5:36.1":{"pli":"Na vattabbaṃ—","html":"<p data-doxy='heterodox'>{}"},"kv2.5:36.2":{"pli":"“samāpannassa atthi vacībhedo”ti? ","html":"{}"},"kv2.5:36.3":{"pli":"Āmantā. ","html":"{}"},"kv2.5:36.4":{"pli":"Nanu vitakkavicārā vacīsaṅkhārā vuttā bhagavatā—","html":"{}"},"kv2.5:36.5":{"pli":"“paṭhamaṃ jhānaṃ samāpannassa atthi vitakkavicārā”ti? ","html":"{}"},"kv2.5:36.6":{"pli":"Āmantā. ","html":"{}"},"kv2.5:36.7":{"pli":"Hañci vitakkavicārā vacīsaṅkhārā vuttā bhagavatā—","html":"{}"},"kv2.5:36.8":{"pli":"“paṭhamaṃ jhānaṃ samāpannassa atthi vitakkavicārā”, tena vata re vattabbe—","html":"{}"},"kv2.5:36.9":{"pli":"“samāpannassa atthi vacībhedo”ti. ","html":"{}</p>"},"kv2.5:37.1":{"pli":"Vitakkavicārā vacīsaṅkhārā vuttā bhagavatā—","html":"<p data-doxy='orthodox'>{}"},"kv2.5:37.2":{"pli":"“paṭhamaṃ jhānaṃ samāpannassa atthi vitakkavicārā”ti, atthi tassa vacībhedoti? ","html":"{}"},"kv2.5:37.3":{"pli":"Āmantā. ","html":"{}"},"kv2.5:37.4":{"pli":"Pathavīkasiṇaṃ paṭhamaṃ jhānaṃ samāpannassa atthi vitakkavicārā, atthi tassa vacībhedoti? ","html":"{}"},"kv2.5:37.5":{"pli":"Na hevaṃ vattabbe …pe…. ","html":"{}</p>"},"kv2.5:38.1":{"pli":"Vitakkavicārā vacīsaṅkhārā vuttā bhagavatā—","html":"<p data-doxy='orthodox'>{}"},"kv2.5:38.2":{"pli":"“paṭhamaṃ jhānaṃ samāpannassa atthi vitakkavicārā”ti, atthi tassa vacībhedoti? ","html":"{}"},"kv2.5:38.3":{"pli":"Āmantā. ","html":"{}"},"kv2.5:38.4":{"pli":"Āpokasiṇaṃ … ","html":"{}"},"kv2.5:38.5":{"pli":"tejokasiṇaṃ … ","html":"{}"},"kv2.5:38.6":{"pli":"vāyokasiṇaṃ … ","html":"{}"},"kv2.5:38.7":{"pli":"nīlakasiṇaṃ … ","html":"{}"},"kv2.5:38.8":{"pli":"pītakasiṇaṃ … ","html":"{}"},"kv2.5:38.9":{"pli":"lohitakasiṇaṃ … ","html":"{}"},"kv2.5:38.10":{"pli":"odātakasiṇaṃ paṭhamaṃ jhānaṃ samāpannassa atthi vitakkavicārā, atthi tassa vacībhedoti? ","html":"{}"},"kv2.5:38.11":{"pli":"Na hevaṃ vattabbe …pe…. ","html":"{}</p>"},"kv2.5:39.1":{"pli":"Na vattabbaṃ—","html":"<p data-doxy='heterodox'>{}"},"kv2.5:39.2":{"pli":"“samāpannassa atthi vacībhedo”ti? ","html":"{}"},"kv2.5:39.3":{"pli":"Āmantā. ","html":"{}"},"kv2.5:39.4":{"pli":"Nanu vitakkasamuṭṭhānā vācā vuttā bhagavatā—","html":"{}"},"kv2.5:39.5":{"pli":"“paṭhamaṃ jhānaṃ samāpannassa atthi vitakkavicārā”ti? ","html":"{}"},"kv2.5:39.6":{"pli":"Āmantā. ","html":"{}"},"kv2.5:39.7":{"pli":"Hañci vitakkasamuṭṭhānā vācā vuttā bhagavatā—","html":"{}"},"kv2.5:39.8":{"pli":"“paṭhamaṃ jhānaṃ samāpannassa atthi vitakkavicārā”, tena vata re vattabbe—","html":"{}"},"kv2.5:39.9":{"pli":"“samāpannassa atthi vacībhedo”ti. ","html":"{}</p>"},"kv2.5:40.1":{"pli":"Vitakkasamuṭṭhānā vācā vuttā bhagavatā—","html":"<p data-doxy='orthodox'>{}"},"kv2.5:40.2":{"pli":"“paṭhamaṃ jhānaṃ samāpannassa atthi vitakkavicārā”ti, atthi tassa vacībhedoti? ","html":"{}"},"kv2.5:40.3":{"pli":"Āmantā. ","html":"{}"},"kv2.5:40.4":{"pli":"Saññāsamuṭṭhānā vācā vuttā bhagavatā—","html":"{}"},"kv2.5:40.5":{"pli":"“dutiyaṃ jhānaṃ samāpannassa atthi saññā, atthi tassa vitakkavicārā”ti? ","html":"{}"},"kv2.5:40.6":{"pli":"Na hevaṃ vattabbe …pe…. ","html":"{}</p>"},"kv2.5:41.1":{"pli":"Vitakkasamuṭṭhānā vācā vuttā bhagavatā—","html":"<p data-doxy='orthodox'>{}"},"kv2.5:41.2":{"pli":"“paṭhamaṃ jhānaṃ samāpannassa atthi vitakkavicārā”ti, atthi tassa vacībhedoti? ","html":"{}"},"kv2.5:41.3":{"pli":"Āmantā. ","html":"{}"},"kv2.5:41.4":{"pli":"Saññāsamuṭṭhānā vācā vuttā bhagavatā—","html":"{}"},"kv2.5:41.5":{"pli":"tatiyaṃ jhānaṃ …pe… ","html":"{}"},"kv2.5:41.6":{"pli":"catutthaṃ jhānaṃ … ","html":"{}"},"kv2.5:41.7":{"pli":"ākāsānañcāyatanaṃ … ","html":"{}"},"kv2.5:41.8":{"pli":"viññāṇañcāyatanaṃ … ","html":"{}"},"kv2.5:41.9":{"pli":"ākiñcaññāyatanaṃ samāpannassa atthi saññā, atthi tassa vitakkavicārāti? ","html":"{}"},"kv2.5:41.10":{"pli":"Na hevaṃ vattabbe …pe…. ","html":"{}</p>"},"kv2.5:42.1":{"pli":"Samāpannassa atthi vacībhedoti? ","html":"<p data-doxy='orthodox'>{}"},"kv2.5:42.2":{"pli":"Āmantā. ","html":"{}"},"kv2.5:42.3":{"pli":"Nanu “paṭhamaṃ jhānaṃ samāpannassa vācā niruddhā hotī”ti. ","html":"{}"},"kv2.5:42.4":{"pli":"Attheva suttantoti? ","html":"{}"},"kv2.5:42.5":{"pli":"Āmantā. ","html":"{}"},"kv2.5:42.6":{"pli":"Hañci “paṭhamaṃ jhānaṃ samāpannassa vācā niruddhā hotī”ti, attheva suttantoti, no ca vata re vattabbe—","html":"{}"},"kv2.5:42.7":{"pli":"“samāpannassa atthi vacībhedo”ti. ","html":"{}</p>"},"kv2.5:43.1":{"pli":"“Paṭhamaṃ jhānaṃ samāpannassa vācā niruddhā hotī”ti, attheva suttantoti, atthi tassa vacībhedoti? ","html":"<p data-doxy='orthodox'>{}"},"kv2.5:43.2":{"pli":"Āmantā. ","html":"{}"},"kv2.5:43.3":{"pli":"“Dutiyaṃ jhānaṃ samāpannassa vitakkavicārā niruddhā hontī”ti, attheva suttantoti, atthi tassa vitakkavicārāti? ","html":"{}"},"kv2.5:43.4":{"pli":"Na hevaṃ vattabbe …pe…. ","html":"{}</p>"},"kv2.5:44.1":{"pli":"“Paṭhamaṃ jhānaṃ samāpannassa vācā niruddhā hotī”ti, attheva suttantoti, atthi tassa vacībhedoti? ","html":"<p data-doxy='orthodox'>{}"},"kv2.5:44.2":{"pli":"Āmantā. ","html":"{}"},"kv2.5:44.3":{"pli":"“Tatiyaṃ jhānaṃ samāpannassa pīti niruddhā hoti, catutthaṃ jhānaṃ samāpannassa assāsapassāsā niruddhā honti, ākāsānañcāyatanaṃ samāpannassa rūpasaññā niruddhā hoti, viññāṇañcāyatanaṃ samāpannassa ākāsānañcāyatanasaññā niruddhā hoti, ākiñcaññāyatanaṃ samāpannassa viññāṇañcāyatanasaññā niruddhā hoti, nevasaññānāsaññāyatanaṃ samāpannassa ākiñcaññāyatanasaññā niruddhā hoti, saññāvedayitanirodhaṃ samāpannassa saññā ca vedanā ca niruddhā hontī”ti, attheva suttantoti, atthi tassa saññā ca vedanā cāti? ","html":"{}"},"kv2.5:44.4":{"pli":"Na hevaṃ vattabbe …pe…. ","html":"{}</p>"},"kv2.5:45.1":{"pli":"Na vattabbaṃ—","html":"<p data-doxy='heterodox'>{}"},"kv2.5:45.2":{"pli":"“samāpannassa atthi vacībhedo”ti? ","html":"{}"},"kv2.5:45.3":{"pli":"Āmantā. ","html":"{}"},"kv2.5:45.4":{"pli":"Nanu—","html":"{}"},"kv2.5:45.5":{"pli":"“paṭhamassa jhānassa saddo kaṇḍako vutto bhagavatā”ti? ","html":"{}"},"kv2.5:45.6":{"pli":"Āmantā. ","html":"{}"},"kv2.5:45.7":{"pli":"Hañci paṭhamassa jhānassa saddo kaṇḍako vutto bhagavatā, tena vata re vattabbe—","html":"{}"},"kv2.5:45.8":{"pli":"“samāpannassa atthi vacībhedo”ti. ","html":"{}</p>"},"kv2.5:46.1":{"pli":"Paṭhamassa jhānassa saddo kaṇḍako vutto bhagavatāti, samāpannassa atthi vacībhedoti? ","html":"<p data-doxy='orthodox'>{}"},"kv2.5:46.2":{"pli":"Āmantā. ","html":"{}"},"kv2.5:46.3":{"pli":"Dutiyassa jhānassa vitakkavicārā kaṇḍako vutto bhagavatā … ","html":"{}"},"kv2.5:46.4":{"pli":"tatiyassa jhānassa pīti kaṇḍako vutto bhagavatā … ","html":"{}"},"kv2.5:46.5":{"pli":"catutthassa jhānassa assāsapassāsā kaṇḍako vutto bhagavatā … ","html":"{}"},"kv2.5:46.6":{"pli":"ākāsānañcāyatanaṃ samāpannassa rūpasaññā kaṇḍako vutto bhagavatā … ","html":"{}"},"kv2.5:46.7":{"pli":"viññāṇañcāyatanaṃ samāpannassa ākāsānañcāyatanasaññā kaṇḍako vutto bhagavatā … ","html":"{}"},"kv2.5:46.8":{"pli":"ākiñcaññāyatanaṃ samāpannassa viññāṇañcāyatanasaññā kaṇḍako vutto bhagavatā … ","html":"{}"},"kv2.5:46.9":{"pli":"nevasaññānāsaññāyatanaṃ samāpannassa ākiñcaññāyatanasaññā kaṇḍako vutto bhagavatā … ","html":"{}"},"kv2.5:46.10":{"pli":"saññāvedayitanirodhaṃ samāpannassa saññā ca vedanā ca kaṇḍako vutto bhagavatā, atthi tassa saññā ca vedanā cāti? ","html":"{}"},"kv2.5:46.11":{"pli":"Na hevaṃ vattabbe …pe…. ","html":"{}</p>"},"kv2.5:47.1":{"pli":"Na vattabbaṃ—","html":"<p data-doxy='heterodox'>{}"},"kv2.5:47.2":{"pli":"“samāpannassa atthi vacībhedo”ti? ","html":"{}"},"kv2.5:47.3":{"pli":"Āmantā. ","html":"{}"},"kv2.5:47.4":{"pli":"Nanu vuttaṃ bhagavatā—","html":"{}"},"kv2.5:47.5":{"pli":"“sikhissa, ānanda, bhagavato arahato sammāsambuddhassa abhibhū nāma sāvako brahmaloke ṭhito dasasahassilokadhātuṃ sarena viññāpesi—","html":"{}</p>"},"kv2.5:48.1":{"pli":"‘Ārabbhatha nikkamatha, ","html":"<blockquote class='gatha'><p><span class='verse-line'>{}</span>"},"kv2.5:48.2":{"pli":"yuñjatha buddhasāsane; ","html":"<span class='verse-line'>{}</span>"},"kv2.5:48.3":{"pli":"Dhunātha maccuno senaṃ, ","html":"<span class='verse-line'>{}</span>"},"kv2.5:48.4":{"pli":"naḷāgāraṃva kuñjaro. ","html":"<span class='verse-line'>{}</span></p>"},"kv2.5:49.1":{"pli":"Yo imasmiṃ dhammavinaye, ","html":"<p><span class='verse-line'>{}</span>"},"kv2.5:49.2":{"pli":"appamatto vihassati; ","html":"<span class='verse-line'>{}</span>"},"kv2.5:49.3":{"pli":"Pahāya jātisaṃsāraṃ, ","html":"<span class='verse-line'>{}</span>"},"kv2.5:49.4":{"pli":"dukkhassantaṃ karissatī’”ti. ","html":"<span class='verse-line'>{}</span></p></blockquote>"},"kv2.5:50.1":{"pli":"Attheva suttantoti? ","html":"<p>{}"},"kv2.5:50.2":{"pli":"Āmantā. ","html":"{}"},"kv2.5:50.3":{"pli":"Tena hi samāpannassa atthi vacībhedoti. ","html":"{}</p>"},"kv2.5:50.4":{"pli":"Vacībhedakathā niṭṭhitā. ","html":"<p class='endsutta'>{}</p></article>"}},"kv2.6":{"kv2.6:0.1":{"pli":"Kathāvatthu ","html":"<article id='kv2.6'><header><ul><li class='division'>{}</li>"},"kv2.6:0.2":{"pli":"Mahāpaṇṇāsaka ","html":"<li>{}</li>"},"kv2.6:0.3":{"pli":"Dutiyavagga ","html":"<li>{}</li></ul>"},"kv2.6:0.4":{"pli":"Dukkhāhārakathā ","html":"<h1 class='sutta-title'>{}</h1></header>"},"kv2.6:1.1":{"pli":"Dukkhāhāro maggaṅgaṃ maggapariyāpannanti? ","html":"<p data-doxy='orthodox'>{}"},"kv2.6:1.2":{"pli":"Āmantā. ","html":"{}"},"kv2.6:1.3":{"pli":"Ye keci dukkhanti vācaṃ bhāsanti, sabbe te maggaṃ bhāventīti? ","html":"{}"},"kv2.6:1.4":{"pli":"Na hevaṃ vattabbe. ","html":"{}</p>"},"kv2.6:2.1":{"pli":"Ye keci dukkhanti vācaṃ bhāsanti, sabbe te maggaṃ bhāventīti? ","html":"<p data-doxy='orthodox'>{}"},"kv2.6:2.2":{"pli":"Āmantā. ","html":"{}"},"kv2.6:2.3":{"pli":"Bālaputhujjanā dukkhanti vācaṃ bhāsanti, bālaputhujjanā maggaṃ bhāventīti? ","html":"{}"},"kv2.6:2.4":{"pli":"Na hevaṃ vattabbe. ","html":"{}"},"kv2.6:2.5":{"pli":"Mātughātako … ","html":"{}"},"kv2.6:2.6":{"pli":"pitughātako … ","html":"{}"},"kv2.6:2.7":{"pli":"arahantaghātako … ","html":"{}"},"kv2.6:2.8":{"pli":"ruhiruppādako … ","html":"{}"},"kv2.6:2.9":{"pli":"saṅghabhedako dukkhanti vācaṃ bhāsati, saṅghabhedako maggaṃ bhāvetīti? ","html":"{}"},"kv2.6:2.10":{"pli":"Na hevaṃ vattabbe …pe…. ","html":"{}</p>"},"kv2.6:2.11":{"pli":"Dukkhāhārakathā niṭṭhitā. ","html":"<p class='endsutta'>{}</p></article>"}}}