{"mil3.4.4":{"mil3.4.4:0.1":{"pli":"Milindapañha ","eng":"Milinda’s Questions ","html":"<article id='mil3.4.4'><header><ul><li class='division'>{}</li>"},"mil3.4.4:0.2":{"pli":"Nibbānavagga ","eng":"Nibbāna Chapter ","html":"<li>{}</li></ul>"},"mil3.4.4:0.3":{"pli":"4. Kammanānākaraṇapañha ","eng":"4. Question on the Workings of Different Kamma ","html":"<h1 class='sutta-title'>{}</h1></header>"},"mil3.4.4:1.1":{"pli":"Rājā āha—","eng":"The king asked: ","html":"<p>{}"},"mil3.4.4:1.2":{"pli":"“bhante nāgasena, kena kāraṇena manussā na sabbe samakā, aññe appāyukā, aññe dīghāyukā, aññe bahvābādhā aññe appābādhā, aññe dubbaṇṇā, aññe vaṇṇavanto, aññe appesakkhā, aññe mahesakkhā, aññe appabhogā, aññe mahābhogā, aññe nīcakulīnā, aññe mahākulīnā, aññe duppaññā, aññe paññavanto”ti? ","eng":"“Venerable Nāgasena, why is it that not all people are the same? Some people are short-lived, others long-lived, some have much affliction and others little affliction, some are ugly and others beautiful, some have little power and others great power, some have little wealth and others great wealth, some come from an inferior clan and others from a superior clan, some are foolish and others are wise.” ","html":"{}</p>"},"mil3.4.4:2.1":{"pli":"Thero āha—","eng":"The elder said: ","html":"<p>{}"},"mil3.4.4:2.2":{"pli":"“kissa pana, mahārāja, rukkhā na sabbe samakā, aññe ambilā, aññe lavaṇā, aññe tittakā, aññe kaṭukā, aññe kasāvā, aññe madhurā”ti? ","eng":"“Why then, your majesty, is it that not all trees are the same? Some are acidic, some are salty, some are bitter, some are pungent, some are astringent, and some are sweet?” ","html":"{}"},"mil3.4.4:2.3":{"pli":"“Maññāmi, bhante, bījānaṃ nānākaraṇenā”ti. ","eng":"“I think, venerable sir, that it is because of the difference in seeds.” ","html":"{}"},"mil3.4.4:2.4":{"pli":"“Evameva kho, mahārāja, kammānaṃ nānākaraṇena manussā na sabbe samakā, aññe appāyukā, aññe dīghāyukā, aññe bahvābādhā, aññe appābādhā, aññe dubbaṇṇā, aññe vaṇṇavanto, aññe appesakkhā, aññe mahesakkhā, aññe appabhogā, aññe mahābhogā, aññe nīcakulīnā, aññe mahākulīnā, aññe duppaññā, aññe paññavanto. ","eng":"“In the same way, your majesty, it is because of the difference in kamma that not all people are the same. Some people are short-lived, others long-lived, some have much affliction and others little affliction, some are ugly and others beautiful, some have little power and others great power, some have little wealth and others great wealth, some come from an inferior clan and others from a superior clan, some are foolish and others are wise. ","html":"{}"},"mil3.4.4:2.5":{"pli":"Bhāsitampetaṃ, mahārāja, bhagavatā—","eng":"And this too was said, your majesty, by the Blessed One: ","html":"{}"},"mil3.4.4:2.6":{"pli":"‘kammassakā, māṇava, sattā kammadāyādā kammayonī kammabandhū kammappaṭisaraṇā, kammaṃ satte vibhajati yadidaṃ hīnappaṇītatāyā’”ti. ","eng":"‘Young man, beings are the owners of their kamma, heirs to their kamma, born from their kamma, bound to their kamma, and protected by their kamma. Kamma divides beings into inferior and superior.’” ","html":"{}</p>"},"mil3.4.4:3.1":{"pli":"“Kallosi, bhante nāgasenā”ti. ","eng":"“You are clever, Venerable Nāgasena!” ","html":"<p>{}</p>"},"mil3.4.4:4.1":{"pli":"Kammanānākaraṇapañho catuttho. ","eng":"Question on the Workings of Different Kamma fourth ","html":"<p class='endsutta'>{}</p></article>"}},"mil3.4.5":{"mil3.4.5:0.1":{"pli":"Milindapañha ","eng":"Milinda’s Questions ","html":"<article id='mil3.4.5'><header><ul><li class='division'>{}</li>"},"mil3.4.5:0.2":{"pli":"Nibbānavagga ","eng":"Nibbāna Chapter ","html":"<li>{}</li></ul>"},"mil3.4.5:0.3":{"pli":"5. Vāyāmakaraṇapañha ","eng":"5. Question on the Reason for Effort ","html":"<h1 class='sutta-title'>{}</h1></header>"},"mil3.4.5:1.1":{"pli":"Rājā āha—","eng":"The king said: ","html":"<p>{}"},"mil3.4.5:1.2":{"pli":"“bhante nāgasena, tumhe bhaṇatha—","eng":"“Venerable Nāgasena, you told me ","html":"{}"},"mil3.4.5:1.3":{"pli":"‘kinti imaṃ dukkhaṃ nirujjheyya, aññañca dukkhaṃ nuppajjeyyāti. ","eng":"that, so that this suffering would cease and another suffering would not arise, ","html":"{}"},"mil3.4.5:1.4":{"pli":"Etadatthā, mahārāja, amhākaṃ pabbajjā’ti. ","eng":"that was the goal of your going forth. ","html":"{}"},"mil3.4.5:1.5":{"pli":"Kiṃ paṭikacceva vāyamitena, nanu sampatte kāle vāyamitabban”ti? ","eng":"Is it just because of previous effort? Should not one make an effort at the current time?” ","html":"{}"},"mil3.4.5:1.6":{"pli":"Thero āha—","eng":"The elder said: ","html":"{}"},"mil3.4.5:1.7":{"pli":"“sampatte kāle, mahārāja, vāyāmo akiccakaro bhavati, paṭikacceva vāyāmo kiccakaro bhavatī”ti. ","eng":"“Effort at the current time is not so useful, effort made previously is useful.” ","html":"{}</p>"},"mil3.4.5:2.1":{"pli":"“Opammaṃ karohī”ti. ","eng":"“Please give me an analogy.” ","html":"<p>{}"},"mil3.4.5:2.2":{"pli":"“Taṃ kiṃ maññasi, mahārāja, yadā tvaṃ pipāsito bhaveyyāsi, tadā tvaṃ udapānaṃ khaṇāpeyyāsi, taḷākaṃ khaṇāpeyyāsi ‘pānīyaṃ pivissāmī’”ti? ","eng":"“What do you think, your majesty, when you become thirsty, would you then have a well or a dam dug and say ‘I will drink water’?” ","html":"{}"},"mil3.4.5:2.3":{"pli":"“Na hi, bhante”ti. ","eng":"“Certainly not, venerable sir.” ","html":"{}"},"mil3.4.5:2.4":{"pli":"“Evameva kho, mahārāja, sampatte kāle vāyāmo akiccakaro bhavati, paṭikacceva vāyāmo kiccakaro bhavatī”ti. ","eng":"“In the same way, effort at the current time is not so useful, effort made previously is useful.” ","html":"{}</p>"},"mil3.4.5:3.1":{"pli":"“Bhiyyo opammaṃ karohī”ti. ","eng":"“Give me another analogy.” ","html":"<p>{}"},"mil3.4.5:3.2":{"pli":"“Taṃ kiṃ maññasi, mahārāja, yadā tvaṃ bubhukkhito bhaveyyāsi, tadā tvaṃ khettaṃ kasāpeyyāsi, sāliṃ ropāpeyyāsi, dhaññaṃ atiharāpeyyāsi ‘bhattaṃ bhuñjissāmī’”ti? ","eng":"“What do you think, your majesty, when you become hungry, would you then have a field ploughed, plant rice, and have the grain brought in, and say ‘I will eat rice’?” ","html":"{}"},"mil3.4.5:3.3":{"pli":"“Na hi, bhante”ti. ","eng":"“Certainly not, venerable sir.” ","html":"{}"},"mil3.4.5:3.4":{"pli":"“Evameva kho, mahārāja, sampatte kāle vāyāmo akiccakaro bhavati, paṭikacceva vāyāmo kiccakaro bhavatī”ti. ","eng":"“In the same way, effort at the current time is not so useful, effort made previously is useful.” ","html":"{}</p>"},"mil3.4.5:4.1":{"pli":"“Bhiyyo opammaṃ karohī”ti. ","eng":"“Give me another analogy.” ","html":"<p>{}"},"mil3.4.5:4.2":{"pli":"“Taṃ kiṃ maññasi, mahārāja, yadā te saṅgāmo paccupaṭṭhito bhaveyya, tadā tvaṃ parikhaṃ khaṇāpeyyāsi, pākāraṃ kārāpeyyāsi, gopuraṃ kārāpeyyāsi, aṭṭālakaṃ kārāpeyyāsi, dhaññaṃ atiharāpeyyāsi, tadā tvaṃ hatthismiṃ sikkheyyāsi, assasmiṃ sikkheyyāsi, rathasmiṃ sikkheyyāsi, dhanusmiṃ sikkheyyāsi, tharusmiṃ sikkheyyāsī”ti? ","eng":"“What do you think, your majesty, when you are faced with a battle, would you then have a moat dug, a rampart, a gateway, and a watchtower constructed, and then train in the use of elephants, horses, chariots, bows and swords?” ","html":"{}"},"mil3.4.5:4.3":{"pli":"“Na hi, bhante”ti. ","eng":"“Certainly not, venerable sir.” ","html":"{}"},"mil3.4.5:4.4":{"pli":"“Evameva kho, mahārāja, sampatte kāle vāyāmo akiccakaro bhavati, paṭikacceva vāyāmo kiccakaro bhavati. ","eng":"“In the same way, effort at the current time is not so useful, effort made previously is useful. ","html":"{}"},"mil3.4.5:4.5":{"pli":"Bhāsitampetaṃ, mahārāja bhagavatā—","eng":"And this too was said, your majesty, by the Blessed One: ","html":"{}</p>"},"mil3.4.5:5.1":{"pli":"‘Paṭikacceva taṃ kayirā, ","eng":"‘One should do formerly ","html":"<blockquote class='gatha'><p><span class='verse-line'>{}</span>"},"mil3.4.5:5.2":{"pli":"yaṃ jaññā hitamattano; ","eng":"what one knows is for one’s benefit; ","html":"<span class='verse-line'>{}</span>"},"mil3.4.5:5.3":{"pli":"Na sākaṭikacintāya, ","eng":"Not having thoughts like a wagon driver, ","html":"<span class='verse-line'>{}</span>"},"mil3.4.5:5.4":{"pli":"mantā dhīro parakkame. ","eng":"one is steadfast in wisdom. ","html":"<span class='verse-line'>{}</span></p>"},"mil3.4.5:6.1":{"pli":"Yathā sākaṭiko maṭṭhaṃ, ","eng":"As a wagon driver who has abandoned ","html":"<p><span class='verse-line'>{}</span>"},"mil3.4.5:6.2":{"pli":"samaṃ hitvā mahāpathaṃ; ","eng":"the well-prepared, even, high road, ","html":"<span class='verse-line'>{}</span>"},"mil3.4.5:6.3":{"pli":"Visamaṃ maggamāruyha, ","eng":"Climbing on the uneven path, ","html":"<span class='verse-line'>{}</span>"},"mil3.4.5:6.4":{"pli":"akkhacchinnova jhāyati. ","eng":"just broods with his axle broken, ","html":"<span class='verse-line'>{}</span></p>"},"mil3.4.5:7.1":{"pli":"Evaṃ dhammā apakkamma, ","eng":"Straying from the Dhamma thus, ","html":"<p><span class='verse-line'>{}</span>"},"mil3.4.5:7.2":{"pli":"adhammamanuvattiya; ","eng":"and following what isn’t Dhamma, ","html":"<span class='verse-line'>{}</span>"},"mil3.4.5:7.3":{"pli":"Mando maccu mukhaṃ patto, ","eng":"The lazy one coming face-to-face with death, ","html":"<span class='verse-line'>{}</span>"},"mil3.4.5:7.4":{"pli":"akkhacchinnova jhāyatī’”ti. ","eng":"just broods with his axle broken.’” ","html":"<span class='verse-line'>{}</span></p></blockquote>"},"mil3.4.5:8.1":{"pli":"“Kallosi, bhante nāgasenā”ti. ","eng":"“You are clever, Venerable Nāgasena!” ","html":"<p>{}</p>"},"mil3.4.5:9.1":{"pli":"Vāyāmakaraṇapañho pañcamo. ","eng":"Question on the Reason for Effort fifth ","html":"<p class='endsutta'>{}</p></article>"}},"mil3.4.6":{"mil3.4.6:0.1":{"pli":"Milindapañha ","eng":"Milinda’s Questions ","html":"<article id='mil3.4.6'><header><ul><li class='division'>{}</li>"},"mil3.4.6:0.2":{"pli":"Nibbānavagga ","eng":"Nibbāna Chapter ","html":"<li>{}</li></ul>"},"mil3.4.6:0.3":{"pli":"6. Nerayikaggiuṇhabhāvapañha ","eng":"6. Question on the Nature of Heat in the Fires of Hell ","html":"<h1 class='sutta-title'>{}</h1></header>"},"mil3.4.6:1.1":{"pli":"Rājā āha—","eng":"The king said: ","html":"<p>{}"},"mil3.4.6:1.2":{"pli":"“bhante nāgasena, tumhe bhaṇatha—","eng":"“Venerable Nāgasena, you say ","html":"{}"},"mil3.4.6:1.3":{"pli":"‘pākatikaaggito nerayiko aggi mahābhitāpataro hoti, khuddakopi pāsāṇo pākatike aggimhi pakkhitto divasampi paccamāno na vilayaṃ gacchati, kūṭāgāramattopi pāsāṇo nerayikaggimhi pakkhitto khaṇena vilayaṃ gacchatī’ti, etaṃ vacanaṃ na saddahāmi, evañca pana vadetha ‘ye ca tattha uppannā sattā, te anekānipi vassasahassāni niraye paccamānā na vilayaṃ gacchantī’ti, tampi vacanaṃ na saddahāmī”ti. ","eng":"that the heat of hell has a far greater intensity than that of a normal fire, and that a small stone placed in a normal fire cooking all day would not be dissolved, whereas a stone the size of a gabled house placed in the fire of hell would be dissolved in a moment. I do not believe this assertion. And then you say that those various beings who have arisen in hell, cooking in that hell for thousands of years are not dissolved. That assertion too I do not believe.” ","html":"{}</p>"},"mil3.4.6:2.1":{"pli":"Thero āha—","eng":"The elder asked, ","html":"<p>{}"},"mil3.4.6:2.2":{"pli":"“taṃ kiṃ maññasi, mahārāja, yā tā santi makariniyopi susumāriniyopi kacchapiniyopi moriniyopi kapotiniyopi, kiṃ nu tā kakkhaḷāni pāsāṇāni sakkharāyo ca khādantī”ti? ","eng":"“What do you think, your majesty, do those female sharks, crocodiles, turtles, pea-hens, and pigeons eat hard stones and gravel?” ","html":"{}"},"mil3.4.6:2.3":{"pli":"“Āma, bhante, khādantī”ti. ","eng":"“Yes, venerable sir, they eat them.” ","html":"{}"},"mil3.4.6:2.4":{"pli":"“Kiṃ pana tāni tāsaṃ kucchiyaṃ koṭṭhabbhantaragatāni vilayaṃ gacchantī”ti? ","eng":"“But then when those have gone down into their abdomens and stomachs are they dissolved?” ","html":"{}"},"mil3.4.6:2.5":{"pli":"“Āma, bhante, vilayaṃ gacchantī”ti. ","eng":"“Yes, venerable sir, they are dissolved.” ","html":"{}"},"mil3.4.6:2.6":{"pli":"“Yo pana tāsaṃ kucchiyaṃ gabbho, sopi vilayaṃ gacchatī”ti? ","eng":"“But then is an embryo in their abdomens dissolved?” ","html":"{}"},"mil3.4.6:2.7":{"pli":"“Na hi, bhante”ti. ","eng":"“Certainly not, venerable sir.” ","html":"{}"},"mil3.4.6:2.8":{"pli":"“Kena kāraṇenā”ti? ","eng":"“For what reason?” ","html":"{}"},"mil3.4.6:2.9":{"pli":"“Maññāmi, bhante, kammādhikatena na vilayaṃ gacchatī”ti. ","eng":"“I think, venerable sir, due to the workings of kamma it would not dissolve.” ","html":"{}"},"mil3.4.6:2.10":{"pli":"“Evameva kho, mahārāja, kammādhikatena nerayikā sattā anekānipi vassasahassāni niraye paccamānā na vilayaṃ gacchanti. ","eng":"“In the same way, your majesty, those various beings in hell, cooking in that hell for thousands of years are not dissolved. ","html":"{}"},"mil3.4.6:2.11":{"pli":"Bhāsitampetaṃ, mahārāja, bhagavatā—","eng":"And this too was said, your majesty, by the Blessed One: ","html":"{}"},"mil3.4.6:2.12":{"pli":"‘so na tāva kālaṃ karoti, yāva na taṃ pāpakammaṃ byantīhotī’”ti. ","eng":"‘One does not complete one’s time until there is an end to one’s evil kamma.’” ","html":"{}</p>"},"mil3.4.6:3.1":{"pli":"“Bhiyyo opammaṃ karohī”ti. ","eng":"“Give me another analogy.” ","html":"<p>{}"},"mil3.4.6:3.2":{"pli":"“Taṃ kiṃ maññasi, mahārāja, yā tā santi sīhiniyopi byagghiniyopi dīpiniyopi kukkuriniyopi, kiṃ nu tā kakkhaḷāni aṭṭhikāni maṃsāni khādantī”ti? ","eng":"“What do you think, your majesty, do female lions, tigers, panthers, and dogs eat hard bones and flesh?” ","html":"{}"},"mil3.4.6:3.3":{"pli":"“Āma, bhante, khādantī”ti. ","eng":"“Yes, venerable sir, they eat them.” ","html":"{}"},"mil3.4.6:3.4":{"pli":"“Kiṃ pana tāni tāsaṃ kucchiyaṃ koṭṭhabbhantaragatāni vilayaṃ gacchantī”ti? ","eng":"“But then when those have gone down into their abdomens and stomachs are they dissolved?” ","html":"{}"},"mil3.4.6:3.5":{"pli":"“Āma, bhante, vilayaṃ gacchantī”ti. ","eng":"“Yes, venerable sir, they are dissolved.” ","html":"{}"},"mil3.4.6:3.6":{"pli":"“Yo pana tāsaṃ kucchiyaṃ gabbho, sopi vilayaṃ gacchatī”ti? ","eng":"“But then is an embryo in their abdomens dissolved?” ","html":"{}"},"mil3.4.6:3.7":{"pli":"“Na hi, bhante”ti. ","eng":"“Certainly not, venerable sir.” ","html":"{}"},"mil3.4.6:3.8":{"pli":"“Kena kāraṇenā”ti? ","eng":"“For what reason?” ","html":"{}"},"mil3.4.6:3.9":{"pli":"“Maññāmi, bhante, kammādhikatena na vilayaṃ gacchatī”ti. ","eng":"“I think, venerable sir, due to the workings of kamma it would not dissolve.” ","html":"{}"},"mil3.4.6:3.10":{"pli":"“Evameva kho, mahārāja, kammādhikatena nerayikā sattā anekānipi vassasahassāni niraye paccamānā na vilayaṃ gacchantī”ti. ","eng":"“In the same way, your majesty, those various beings in hell, cooking in that hell for thousands of years are not dissolved.” ","html":"{}</p>"},"mil3.4.6:4.1":{"pli":"“Bhiyyo opammaṃ karohī”ti. ","eng":"“Give me another analogy.” ","html":"<p>{}"},"mil3.4.6:4.2":{"pli":"“Taṃ kiṃ maññasi, mahārāja, yā tā santi yonakasukhumāliniyopi khattiyasukhumāliniyopi brāhmaṇasukhumāliniyopi gahapatisukhumāliniyopi, kiṃ nu tā kakkhaḷāni khajjakāni maṃsāni khādantī”ti? ","eng":"“What do you think, your majesty, do those delicate Bactrian Greek women, noble women, brahmin women, and householder women eat hard cakes and meat?” ","html":"{}"},"mil3.4.6:4.3":{"pli":"“Āma, bhante, khādantī”ti. ","eng":"“Yes, venerable sir, they eat them.” ","html":"{}"},"mil3.4.6:4.4":{"pli":"“Kiṃ pana tāni tāsaṃ kucchiyaṃ koṭṭhabbhantaragatāni vilayaṃ gacchantī”ti? ","eng":"“But then when those have gone down into their abdomens and stomachs are they dissolved?” ","html":"{}"},"mil3.4.6:4.5":{"pli":"“Āma, bhante, vilayaṃ gacchantī”ti. ","eng":"“Yes, venerable sir, they are dissolved.” ","html":"{}"},"mil3.4.6:4.6":{"pli":"“Yo pana tāsaṃ kucchiyaṃ gabbho sopi vilayaṃ gacchatī”ti? ","eng":"“But then is an embryo in their abdomens dissolved?” ","html":"{}"},"mil3.4.6:4.7":{"pli":"“Na hi, bhante”ti. ","eng":"“Certainly not, venerable sir.” ","html":"{}"},"mil3.4.6:4.8":{"pli":"“Kena kāraṇenā”ti? ","eng":"“For what reason?” ","html":"{}"},"mil3.4.6:4.9":{"pli":"“Maññāmi, bhante, kammādhikatena na vilayaṃ gacchatī”ti. ","eng":"“I think, venerable sir, due to the workings of kamma it would not dissolve.” ","html":"{}"},"mil3.4.6:4.10":{"pli":"“Evameva kho, mahārāja, kammādhikatena nerayikā sattā anekānipi vassasahassāni niraye paccamānā na vilayaṃ gacchanti. ","eng":"“In the same way, your majesty, those various beings in hell, cooking in that hell for thousands of years are not dissolved. ","html":"{}"},"mil3.4.6:4.11":{"pli":"Bhāsitampetaṃ, mahārāja, bhagavatā—","eng":"And this too was said, your majesty, by the Blessed One: ","html":"{}"},"mil3.4.6:4.12":{"pli":"‘so na tāva kālaṃ karoti, yāva na taṃ pāpakammaṃ byantīhotī’”ti. ","eng":"‘One does not complete one’s time until there is an end to one’s evil kamma.’” ","html":"{}</p>"},"mil3.4.6:5.1":{"pli":"“Kallosi, bhante nāgasenā”ti. ","eng":"“You are clever, Venerable Nāgasena!” ","html":"<p>{}</p>"},"mil3.4.6:6.1":{"pli":"Nerayikaggiuṇhabhāvapañho chaṭṭho. ","eng":"Question on the Nature of Heat in the Fires of Hell sixth ","html":"<p class='endsutta'>{}</p></article>"}},"mil3.4.7":{"mil3.4.7:0.1":{"pli":"Milindapañha ","eng":"Milinda’s Questions ","html":"<article id='mil3.4.7'><header><ul><li class='division'>{}</li>"},"mil3.4.7:0.2":{"pli":"Nibbānavagga ","eng":"Nibbāna Chapter ","html":"<li>{}</li></ul>"},"mil3.4.7:0.3":{"pli":"7. Pathavisandhārakapañha ","eng":"7. Question on the Bearing Up of the Earth ","html":"<h1 class='sutta-title'>{}</h1></header>"},"mil3.4.7:1.1":{"pli":"Rājā āha—","eng":"The king said: ","html":"<p>{}"},"mil3.4.7:1.2":{"pli":"“bhante nāgasena, tumhe bhaṇatha—","eng":"“Venerable Nāgasena, you say ","html":"{}"},"mil3.4.7:1.3":{"pli":"‘ayaṃ mahā pathavī udake patiṭṭhitā, udakaṃ vāte patiṭṭhitaṃ, vāto ākāse patiṭṭhito’ti, etampi vacanaṃ na saddahāmī”ti. ","eng":"this great earth is established on water, water is established on air, and air is established on space. I do not believe this assertion.” ","html":"{}"},"mil3.4.7:1.4":{"pli":"Thero dhammakarakena udakaṃ gahetvā rājānaṃ milindaṃ saññāpesi—","eng":"The elder took some water in a water vessel and explained to King Milinda, ","html":"{}"},"mil3.4.7:1.5":{"pli":"“yathā, mahārāja, imaṃ udakaṃ vātena ādhāritaṃ, evaṃ tampi udakaṃ vātena ādhāritan”ti. ","eng":"“Just as, your majesty, this water is supported by the air, so too is that water supported by air.” ","html":"{}</p>"},"mil3.4.7:2.1":{"pli":"“Kallosi, bhante nāgasenā”ti. ","eng":"“You are clever, Venerable Nāgasena!” ","html":"<p>{}</p>"},"mil3.4.7:3.1":{"pli":"Pathavisandhārakapañho sattamo. ","eng":"Question on the Bearing Up of the Earth seventh ","html":"<p class='endsutta'>{}</p></article>"}},"mil3.4.8":{"mil3.4.8:0.1":{"pli":"Milindapañha ","eng":"Milinda’s Questions ","html":"<article id='mil3.4.8'><header><ul><li class='division'>{}</li>"},"mil3.4.8:0.2":{"pli":"Nibbānavagga ","eng":"Nibbāna Chapter ","html":"<li>{}</li></ul>"},"mil3.4.8:0.3":{"pli":"8. Nirodhanibbānapañha ","eng":"8. Question on Cessation and Nibbāna ","html":"<h1 class='sutta-title'>{}</h1></header>"},"mil3.4.8:1.1":{"pli":"Rājā āha—","eng":"The king asked: ","html":"<p>{}"},"mil3.4.8:1.2":{"pli":"“bhante nāgasena, nirodho nibbānan”ti? ","eng":"“Venerable Nāgasena, is cessation nibbāna?” ","html":"{}"},"mil3.4.8:1.3":{"pli":"“Āma, mahārāja, nirodho nibbānan”ti. ","eng":"“Yes, your majesty, cessation is nibbāna.” ","html":"{}"},"mil3.4.8:1.4":{"pli":"“Kathaṃ, bhante nāgasena, nirodho nibbānan”ti? ","eng":"“How, Venerable Nāgasena, is cessation nibbāna?” ","html":"{}"},"mil3.4.8:1.5":{"pli":"“Sabbe bālaputhujjanā kho, mahārāja, ajjhattikabāhire āyatane abhinandanti abhivadanti ajjhosāya tiṭṭhanti, te tena sotena vuyhanti, na parimuccanti jātiyā jarāya maraṇena sokena paridevena dukkhehi domanassehi upāyāsehi ‘na parimuccanti dukkhasmā’ti vadāmi. ","eng":"“All those foolish ordinary people, your majesty, who delight in the internal and external sense bases, welcome them, remain clinging to them, and are carried away by that stream, are not free from birth, old age, death, sorrow, lamentation, suffering, anguish, and despair, they are not free from suffering, I say. ","html":"{}"},"mil3.4.8:1.6":{"pli":"Sutavā ca kho, mahārāja, ariyasāvako ajjhattikabāhire āyatane nābhinandati nābhivadati nājjhosāya tiṭṭhati, tassa taṃ anabhinandato anabhivadato anajjhosāya tiṭṭhato taṇhā nirujjhati, taṇhānirodhā upādānanirodho, upādānanirodhā bhavanirodho, bhavanirodhā jātinirodho, jātinirodhā jarāmaraṇaṃ sokaparidevadukkhadomanassupāyāsā nirujjhanti, evametassa kevalassa dukkhakkhandhassa nirodho hoti, evaṃ kho, mahārāja, nirodho nibbānan”ti. ","eng":"A well-taught noble disciple, your majesty, does not delight in the internal and external sense bases, nor welcome them, nor remain clinging to them. The one, not delighting in them, not welcoming them, not remaining clinging to them, is free from craving. From the cessation of craving, there is cessation of birth. From the cessation of birth, old age, death, sorrow, lamentation, suffering, grief, and despair cease, and thus there is the cessation of this whole mass of suffering. In this way, your majesty, cessation is nibbāna.” ","html":"{}</p>"},"mil3.4.8:2.1":{"pli":"“Kallosi, bhante nāgasenā”ti. ","eng":"“You are clever, Venerable Nāgasena!” ","html":"<p>{}</p>"},"mil3.4.8:3.1":{"pli":"Nirodhanibbānapañho aṭṭhamo. ","eng":"Question on Cessation and Nibbāna eighth ","html":"<p class='endsutta'>{}</p></article>"}},"mil3.4.9":{"mil3.4.9:0.1":{"pli":"Milindapañha ","eng":"Milinda’s Questions ","html":"<article id='mil3.4.9'><header><ul><li class='division'>{}</li>"},"mil3.4.9:0.2":{"pli":"Nibbānavagga ","eng":"Nibbāna Chapter ","html":"<li>{}</li></ul>"},"mil3.4.9:0.3":{"pli":"9. Nibbānalabhanapañha ","eng":"9. Question on the Attaining of Nibbāna ","html":"<h1 class='sutta-title'>{}</h1></header>"},"mil3.4.9:1.1":{"pli":"Rājā āha—","eng":"The king asked: ","html":"<p>{}"},"mil3.4.9:1.2":{"pli":"“bhante nāgasena, sabbeva labhanti nibbānan”ti? ","eng":"“Venerable Nāgasena, does everyone attain nibbāna?” ","html":"{}"},"mil3.4.9:1.3":{"pli":"“Na kho, mahārāja, sabbeva labhanti nibbānaṃ, api ca kho, mahārāja, yo sammā paṭipanno abhiññeyye dhamme abhijānāti, pariññeyye dhamme parijānāti, pahātabbe dhamme pajahati, bhāvetabbe dhamme bhāveti, sacchikātabbe dhamme sacchikaroti, so labhati nibbānan”ti. ","eng":"“Not everyone, your majesty, attains nibbāna. Whoever, practicing rightly, directly knows those things which should be directly known, completely comprehends those things that should be completely comprehended, abandons those things that should be abandoned, develops those things that should be developed, personally realizes those things that should be personally realized, that one attains nibbāna.” ","html":"{}</p>"},"mil3.4.9:2.1":{"pli":"“Kallosi, bhante nāgasenā”ti. ","eng":"“You are clever, Venerable Nāgasena!” ","html":"<p>{}</p>"},"mil3.4.9:3.1":{"pli":"Nibbānalabhanapañho navamo. ","eng":"Question on the Attaining of Nibbāna ninth ","html":"<p class='endsutta'>{}</p></article>"}},"mil3.5.1":{"mil3.5.1:0.1":{"pli":"Milindapañha ","eng":"Milinda’s Questions ","html":"<article id='mil3.5.1'><header><ul><li class='division'>{}</li>"},"mil3.5.1:0.2":{"pli":"Buddhavagga ","eng":"Buddha Chapter ","html":"<li>{}</li></ul>"},"mil3.5.1:0.3":{"pli":"1. Buddhassaatthinatthibhāvapañha ","eng":"1. Question on the Existence or Non-existence of the Buddha ","html":"<h1 class='sutta-title'>{}</h1></header>"},"mil3.5.1:1.1":{"pli":"Rājā āha—","eng":"The king asked: ","html":"<p>{}"},"mil3.5.1:1.2":{"pli":"“bhante nāgasena, buddho tayā diṭṭho”ti? ","eng":"“Venerable Nāgasena, have you seen the Buddha?” ","html":"{}"},"mil3.5.1:1.3":{"pli":"“Na hi, mahārājā”ti. ","eng":"“Certainly not, your majesty.” ","html":"{}"},"mil3.5.1:1.4":{"pli":"“Atha te ācariyehi buddho diṭṭho”ti? ","eng":"“Then, have your teachers seen the Buddha?” ","html":"{}"},"mil3.5.1:1.5":{"pli":"“Na hi, mahārājā”ti. ","eng":"“Certainly not, your majesty.” ","html":"{}"},"mil3.5.1:1.6":{"pli":"“Tena hi, bhante nāgasena, natthi buddho”ti. ","eng":"“Therefore, Venerable Nāgasena, there is no Buddha.” ","html":"{}"},"mil3.5.1:1.7":{"pli":"“Kiṃ pana, mahārāja, himavati ūhā nadī tayā diṭṭhā”ti? ","eng":"“Well then, your majesty, have you seen the River Ūhā in the Himalayas?” ","html":"{}"},"mil3.5.1:1.8":{"pli":"“Na hi, bhante”ti. ","eng":"“Certainly not, venerable sir.” ","html":"{}"},"mil3.5.1:1.9":{"pli":"“Atha te pitarā ūhā nadī diṭṭhā”ti? ","eng":"“Then has your father seen the River Ūhā?” ","html":"{}"},"mil3.5.1:1.10":{"pli":"“Na hi, bhante”ti. ","eng":"“Certainly not, venerable sir.” ","html":"{}"},"mil3.5.1:1.11":{"pli":"“Tena hi, mahārāja, natthi ūhā nadī”ti. ","eng":"“Because of this, your majesty, there is no River Ūhā.” ","html":"{}"},"mil3.5.1:1.12":{"pli":"“Atthi, bhante, kiñcāpi mayā ūhā nadī na diṭṭhā, pitarāpi me ūhā nadī na diṭṭhā, api ca atthi ūhā nadī”ti. ","eng":"“There is, venerable sir. Even though the River Ūhā has not been seen by me nor by my father, there is a River Ūhā.” ","html":"{}"},"mil3.5.1:1.13":{"pli":"“Evameva kho, mahārāja, kiñcāpi mayā bhagavā na diṭṭho, ācariyehipi me bhagavā na diṭṭho, api ca atthi bhagavā”ti. ","eng":"“In the same way, your majesty, even though the Blessed One has not been seen by me nor by my teachers, there is a Blessed One.” ","html":"{}</p>"},"mil3.5.1:2.1":{"pli":"“Kallosi, bhante nāgasenā”ti. ","eng":"“You are clever, Venerable Nāgasena!” ","html":"<p>{}</p>"},"mil3.5.1:3.1":{"pli":"Buddhassa atthinatthibhāvapañho paṭhamo. ","eng":"Question on the Existence or Non-existence of the Buddha first ","html":"<p class='endsutta'>{}</p></article>"}},"mil3.5.10":{"mil3.5.10:0.1":{"pli":"Milindapañha ","eng":"Milinda’s Questions ","html":"<article id='mil3.5.10'><header><ul><li class='division'>{}</li>"},"mil3.5.10:0.2":{"pli":"Buddhavagga ","eng":"Buddha Chapter ","html":"<li>{}</li></ul>"},"mil3.5.10:0.3":{"pli":"10. Buddhanidassanapañha ","eng":"10. Question on Pointing Out the Buddha ","html":"<h1 class='sutta-title'>{}</h1></header>"},"mil3.5.10:1.1":{"pli":"Rājā āha—","eng":"The king asked: ","html":"<p>{}"},"mil3.5.10:1.2":{"pli":"“bhante nāgasena, buddho atthī”ti? ","eng":"“Venerable Nāgasena, does the Buddha exist?” ","html":"{}"},"mil3.5.10:1.3":{"pli":"“Āma, mahārāja, bhagavā atthī”ti. ","eng":"“Yes, your majesty, the Blessed One exists.” ","html":"{}"},"mil3.5.10:1.4":{"pli":"“Sakkā pana, bhante nāgasena, buddho nidassetuṃ idha vā idha vā”ti? ","eng":"“Is it then possible, venerable sir, to point to the Buddha as being either here or there?” ","html":"{}"},"mil3.5.10:1.5":{"pli":"“Parinibbuto, mahārāja, bhagavā anupādisesāya nibbānadhātuyā, na sakkā bhagavā nidassetuṃ ‘idha vā idha vā’”ti. ","eng":"“The Blessed One has passed away, your majesty, in the element of nibbāna without residue remaining, so it is not possible to point to the Blessed One as being either here or there.” ","html":"{}</p>"},"mil3.5.10:2.1":{"pli":"“Opammaṃ karohī”ti. ","eng":"“Please give me an analogy.” ","html":"<p>{}"},"mil3.5.10:2.2":{"pli":"“Taṃ kiṃ maññasi, mahārāja, mahato aggikkhandhassa jalamānassa yā acci atthaṅgatā, sakkā sā acci dassetuṃ ‘idha vā idha vā’”ti? ","eng":"“What do you think, your majesty, when the flame of a great burning mass of fire has been extinguished, is it possible to point to that flame and say it remains here or there?” ","html":"{}"},"mil3.5.10:2.3":{"pli":"“Na hi, bhante, niruddhā sā acci appaññattiṃ gatā”ti. ","eng":"“Certainly not, venerable sir, for that flame has ceased and gone beyond description.” ","html":"{}"},"mil3.5.10:2.4":{"pli":"“Evameva kho, mahārāja, bhagavā anupādisesāya nibbānadhātuyā parinibbuto atthaṅgato, na sakkā bhagavā nidassetuṃ ‘idha vā idha vā’ti, dhammakāyena pana kho, mahārāja, sakkā bhagavā nidassetuṃ. ","eng":"“In the same way, your majesty, the Blessed One has passed away in the element of nibbāna without residue remaining, so it is not possible to point to the Blessed One as being either here or there. However, your majesty, it is possible to point out the Blessed One through the body of Dhamma, ","html":"{}"},"mil3.5.10:2.5":{"pli":"Dhammo hi, mahārāja, bhagavatā desito”ti. ","eng":"for this Dhamma has been taught by the Blessed One.” ","html":"{}</p>"},"mil3.5.10:3.1":{"pli":"“Kallosi, bhante nāgasenā”ti. ","eng":"“You are clever, Venerable Nāgasena!” ","html":"<p>{}</p>"},"mil3.5.10:4.1":{"pli":"Buddhanidassanapañho dasamo. ","eng":"Question on Pointing Out the Buddha tenth ","html":"<p class='endsutta'>{}</p>"},"mil3.5.10:5.1":{"pli":"Buddhavaggo pañcamo. ","eng":"Buddha Chapter fifth ","html":"<p class='endsection'>{}</p>"},"mil3.5.10:6.1":{"pli":"Imasmiṃ vagge dasa pañhā. ","eng":"In this chapter ten questions ","html":"<p class='endsutta'>{}</p></article>"}},"mil3.5.2":{"mil3.5.2:0.1":{"pli":"Milindapañha ","eng":"Milinda’s Questions ","html":"<article id='mil3.5.2'><header><ul><li class='division'>{}</li>"},"mil3.5.2:0.2":{"pli":"Buddhavagga ","eng":"Buddha Chapter ","html":"<li>{}</li></ul>"},"mil3.5.2:0.3":{"pli":"2. Buddhassaanuttarabhāvapañha ","eng":"2. Question on the Unsurpassed Nature of the Buddha ","html":"<h1 class='sutta-title'>{}</h1></header>"},"mil3.5.2:1.1":{"pli":"Rājā āha—","eng":"The king asked: ","html":"<p>{}"},"mil3.5.2:1.2":{"pli":"“bhante nāgasena, buddho anuttaro”ti? ","eng":"“Venerable Nāgasena, is the Buddha unsurpassed?” ","html":"{}"},"mil3.5.2:1.3":{"pli":"“Āma, mahārāja, bhagavā anuttaro”ti. ","eng":"“Yes, your majesty, the Blessed One is unsurpassed.” ","html":"{}"},"mil3.5.2:1.4":{"pli":"“Kathaṃ, bhante nāgasena, adiṭṭhapubbaṃ jānāsi ‘buddho anuttaro’”ti? ","eng":"“How, Venerable Nāgasena, do you know the Buddha is unsurpassed if you haven’t seen him before?” ","html":"{}"},"mil3.5.2:1.5":{"pli":"“Taṃ kiṃ maññasi, mahārāja, yehi adiṭṭhapubbo mahāsamuddo, jāneyyuṃ te, mahārāja, mahanto kho mahāsamuddo gambhīro appameyyo duppariyogāho, yatthimā pañca mahānadiyo satataṃ samitaṃ appenti, seyyathidaṃ—","eng":"“What do you think, your majesty, would those who have not seen the great ocean before know that this great ocean is huge, deep, immeasurable, and unfathomable, such that as these five great rivers that flow into it constantly and continually, that is ","html":"{}"},"mil3.5.2:1.6":{"pli":"gaṅgā yamunā aciravatī sarabhū mahī, neva tassa ūnattaṃ vā pūrattaṃ vā paññāyatī”ti? ","eng":"the Gaṅgā, the Yamunā, the Aciravatī, the Sarabhū, and the Mahī, neither the depletion nor filling up of it is discerned?” ","html":"{}"},"mil3.5.2:1.7":{"pli":"“Āma, bhante, jāneyyun”ti. ","eng":"“Yes, venerable sir, they would know.” ","html":"{}"},"mil3.5.2:1.8":{"pli":"“Evameva kho, mahārāja, sāvake mahante parinibbute passitvā jānāmi ‘bhagavā anuttaro’”ti. ","eng":"“In the same way, your majesty, when I think of the great disciples who have attained final nibbāna, I know the Blessed One is unsurpassed.” ","html":"{}</p>"},"mil3.5.2:2.1":{"pli":"“Kallosi, bhante nāgasenā”ti. ","eng":"“You are clever, Venerable Nāgasena!” ","html":"<p>{}</p>"},"mil3.5.2:3.1":{"pli":"Buddhassa anuttarabhāvapañho dutiyo. ","eng":"Question on the Unsurpassed Nature of the Buddha second ","html":"<p class='endsutta'>{}</p></article>"}},"mil3.5.3":{"mil3.5.3:0.1":{"pli":"Milindapañha ","eng":"Milinda’s Questions ","html":"<article id='mil3.5.3'><header><ul><li class='division'>{}</li>"},"mil3.5.3:0.2":{"pli":"Buddhavagga ","eng":"Buddha Chapter ","html":"<li>{}</li></ul>"},"mil3.5.3:0.3":{"pli":"3. Buddhassaanuttarabhāvajānanapañha ","eng":"3. Question on Knowing the Unsurpassed Nature of the Buddha ","html":"<h1 class='sutta-title'>{}</h1></header>"},"mil3.5.3:1.1":{"pli":"Rājā āha—","eng":"The king asked: ","html":"<p>{}"},"mil3.5.3:1.2":{"pli":"“bhante nāgasena, sakkā jānituṃ ‘buddho anuttaro’”ti? ","eng":"“Venerable Nāgasena, is it possible to know that the Buddha is unsurpassed?” ","html":"{}"},"mil3.5.3:1.3":{"pli":"“Āma, mahārāja, sakkā jānituṃ ‘bhagavā anuttaro’”ti. ","eng":"“Yes, your majesty, it is possible to know that the Blessed One is unsurpassed.” ","html":"{}"},"mil3.5.3:1.4":{"pli":"“Kathaṃ, bhante nāgasena, sakkā jānituṃ ‘buddho anuttaro’”ti? ","eng":"“How, Venerable Nāgasena, is it possible to know that the Buddha is unsurpassed?” ","html":"{}"},"mil3.5.3:1.5":{"pli":"“Bhūtapubbaṃ, mahārāja, tissatthero nāma lekhācariyo ahosi, bahūni vassāni abbhatītāni kālaṅkatassa kathaṃ so ñāyatī”ti. ","eng":"“In the past, your majesty, an elder named Tissa was a teacher of writing and many years have passed since he passed away. How is it that he is still known?” ","html":"{}"},"mil3.5.3:1.6":{"pli":"“Lekhena, bhante”ti. ","eng":"“By his writing, venerable sir.” ","html":"{}"},"mil3.5.3:1.7":{"pli":"“Evameva kho, mahārāja, yo dhammaṃ passati, so bhagavantaṃ passati, dhammo hi, mahārāja, bhagavatā desito”ti. ","eng":"“In the same way, your majesty, whoever sees the Dhamma sees the Blessed One, for the Dhamma was taught by the Blessed One.” ","html":"{}</p>"},"mil3.5.3:2.1":{"pli":"“Kallosi, bhante nāgasenā”ti. ","eng":"“You are clever, Venerable Nāgasena!” ","html":"<p>{}</p>"},"mil3.5.3:3.1":{"pli":"Buddhassa anuttarabhāvajānanapañho tatiyo. ","eng":"Question on Knowing the Unsurpassed Nature of the Buddha third ","html":"<p class='endsutta'>{}</p></article>"}},"mil3.5.4":{"mil3.5.4:0.1":{"pli":"Milindapañha ","eng":"Milinda’s Questions ","html":"<article id='mil3.5.4'><header><ul><li class='division'>{}</li>"},"mil3.5.4:0.2":{"pli":"Buddhavagga ","eng":"Buddha Chapter ","html":"<li>{}</li></ul>"},"mil3.5.4:0.3":{"pli":"4. Dhammadiṭṭhapañha ","eng":"4. Question on Seeing the Dhamma ","html":"<h1 class='sutta-title'>{}</h1></header>"},"mil3.5.4:1.1":{"pli":"Rājā āha—","eng":"The king asked: ","html":"<p>{}"},"mil3.5.4:1.2":{"pli":"“bhante nāgasena, dhammo tayā diṭṭho”ti. ","eng":"“Venerable Nāgasena, have you seen the Dhamma?” ","html":"{}"},"mil3.5.4:1.3":{"pli":"“Buddhanettiyā kho, mahārāja, buddhapaññattiyā yāvajīvaṃ sāvakehi vattitabban”ti. ","eng":"“Throughout their lives, your majesty, disciples should proceed with the Buddha as their guide, the Buddha as the one showing the way.” ","html":"{}</p>"},"mil3.5.4:2.1":{"pli":"“Kallosi, bhante nāgasenā”ti. ","eng":"“You are clever, Venerable Nāgasena!” ","html":"<p>{}</p>"},"mil3.5.4:3.1":{"pli":"Dhammadiṭṭhapañho catuttho. ","eng":"Question on Seeing the Dhamma fourth ","html":"<p class='endsutta'>{}</p></article>"}},"mil3.5.5":{"mil3.5.5:0.1":{"pli":"Milindapañha ","eng":"Milinda’s Questions ","html":"<article id='mil3.5.5'><header><ul><li class='division'>{}</li>"},"mil3.5.5:0.2":{"pli":"Buddhavagga ","eng":"Buddha Chapter ","html":"<li>{}</li></ul>"},"mil3.5.5:0.3":{"pli":"5. Asaṅkamanapaṭisandahanapañha ","eng":"5. Question on Reconnecting and Not Transmigrating ","html":"<h1 class='sutta-title'>{}</h1></header>"},"mil3.5.5:1.1":{"pli":"Rājā āha—","eng":"The king asked: ","html":"<p>{}"},"mil3.5.5:1.2":{"pli":"“bhante nāgasena, na ca saṅkamati paṭisandahati cā”ti? ","eng":"“Venerable Nāgasena, is it so that one does not transmigrate and yet one reconnects?” ","html":"{}"},"mil3.5.5:1.3":{"pli":"“Āma, mahārāja, na ca saṅkamati paṭisandahati cā”ti. ","eng":"“Yes, your majesty, one does not transmigrate and yet one reconnects.” ","html":"{}"},"mil3.5.5:1.4":{"pli":"“Kathaṃ, bhante nāgasena, na ca saṅkamati paṭisandahati ca, opammaṃ karohī”ti? ","eng":"“How, Venerable Nāgasena, is it that one does not transmigrate and yet one reconnects? Please give me an analogy.” ","html":"{}"},"mil3.5.5:1.5":{"pli":"“Yathā, mahārāja, kocideva puriso padīpato padīpaṃ padīpeyya, kiṃ nu kho so, mahārāja, padīpo padīpamhā saṅkanto”ti? ","eng":"“Just as, your majesty, if a person kindled one lamp from another would that lamp have transmigrated from the other lamp?” ","html":"{}"},"mil3.5.5:1.6":{"pli":"“Na hi, bhante”ti. ","eng":"“Certainly not, venerable sir.” ","html":"{}"},"mil3.5.5:1.7":{"pli":"“Evameva kho, mahārāja, na ca saṅkamati paṭisandahati cā”ti. ","eng":"“In the same way, your majesty, one does not transmigrate and yet one reconnects.” ","html":"{}</p>"},"mil3.5.5:2.1":{"pli":"“Bhiyyo opammaṃ karohī”ti. ","eng":"“Give me another analogy.” ","html":"<p>{}"},"mil3.5.5:2.2":{"pli":"“Abhijānāsi nu tvaṃ, mahārāja, daharako santo silokācariyassa santike kiñci silokaṃ gahitan”ti? ","eng":"“Do you remember, your majesty, learning some verse from your teacher of verses?” ","html":"{}"},"mil3.5.5:2.3":{"pli":"“Āma, bhante”ti. ","eng":"“Yes, venerable sir.” ","html":"{}"},"mil3.5.5:2.4":{"pli":"“Kiṃ nu kho, mahārāja, so siloko ācariyamhā saṅkanto”ti? ","eng":"“Then, your majesty, has that verse transmigrated from the teacher?” ","html":"{}"},"mil3.5.5:2.5":{"pli":"“Na hi, bhante”ti. ","eng":"“Certainly not, venerable sir.” ","html":"{}"},"mil3.5.5:2.6":{"pli":"“Evameva kho, mahārāja, na ca saṅkamati paṭisandahati cā”ti. ","eng":"“In the same way, your majesty, one does not transmigrate and yet one reconnects.” ","html":"{}</p>"},"mil3.5.5:3.1":{"pli":"“Kallosi, bhante nāgasenā”ti. ","eng":"“You are clever, Venerable Nāgasena!” ","html":"<p>{}</p>"},"mil3.5.5:4.1":{"pli":"Asaṅkamanapaṭisandahanapañho pañcamo. ","eng":"Question on Reconnecting and Not Transmigrating fifth ","html":"<p class='endsutta'>{}</p></article>"}},"mil3.5.6":{"mil3.5.6:0.1":{"pli":"Milindapañha ","eng":"Milinda’s Questions ","html":"<article id='mil3.5.6'><header><ul><li class='division'>{}</li>"},"mil3.5.6:0.2":{"pli":"Buddhavagga ","eng":"Buddha Chapter ","html":"<li>{}</li></ul>"},"mil3.5.6:0.3":{"pli":"6. Vedagūpañha ","eng":"6. Question on the Experiencer ","html":"<h1 class='sutta-title'>{}</h1></header>"},"mil3.5.6:1.1":{"pli":"Rājā āha—","eng":"The king asked: ","html":"<p>{}"},"mil3.5.6:1.2":{"pli":"“bhante nāgasena, vedagū upalabbhatī”ti? ","eng":"“Venerable Nāgasena, is an experiencer to be found?” ","html":"{}"},"mil3.5.6:1.3":{"pli":"Thero āha—","eng":"The elder responded: ","html":"{}"},"mil3.5.6:1.4":{"pli":"“paramatthena kho, mahārāja, vedagū nupalabbhatī”ti. ","eng":"“According to ultimate reality, an experiencer is not to be found.” ","html":"{}</p>"},"mil3.5.6:2.1":{"pli":"“Kallosi, bhante nāgasenā”ti. ","eng":"“You are clever, Venerable Nāgasena!” ","html":"<p>{}</p>"},"mil3.5.6:3.1":{"pli":"Vedagūpañho chaṭṭho. ","eng":"Question on the Experiencer sixth ","html":"<p class='endsutta'>{}</p></article>"}},"mil3.5.7":{"mil3.5.7:0.1":{"pli":"Milindapañha ","eng":"Milinda’s Questions ","html":"<article id='mil3.5.7'><header><ul><li class='division'>{}</li>"},"mil3.5.7:0.2":{"pli":"Buddhavagga ","eng":"Buddha Chapter ","html":"<li>{}</li></ul>"},"mil3.5.7:0.3":{"pli":"7. Aññakāyasaṅkamanapañha ","eng":"7. Question on Transmigrating to Another Body ","html":"<h1 class='sutta-title'>{}</h1></header>"},"mil3.5.7:1.1":{"pli":"Rājā āha—","eng":"The king asked: ","html":"<p>{}"},"mil3.5.7:1.2":{"pli":"“bhante nāgasena, atthi koci satto yo imamhā kāyā aññaṃ kāyaṃ saṅkamatī”ti? ","eng":"“Venerable Nāgasena, is there any being at all that transmigrates from this body to another body?” ","html":"{}"},"mil3.5.7:1.3":{"pli":"“Na hi, mahārājā”ti. ","eng":"“Certainly not, your majesty.” ","html":"{}"},"mil3.5.7:1.4":{"pli":"“Yadi, bhante nāgasena, imamhā kāyā aññaṃ kāyaṃ saṅkamanto natthi, nanu mutto bhavissati pāpakehi kammehī”ti? ","eng":"“If, venerable sir, there is no transmigrating from this body to another body, is it not then that one would be freed from evil actions?” ","html":"{}"},"mil3.5.7:1.5":{"pli":"“Āma, mahārāja, yadi na paṭisandaheyya, mutto bhavissati pāpakehi kammehīti, yasmā ca kho, mahārāja, paṭisandahati, tasmā na parimutto pāpakehi kammehī”ti. ","eng":"“Yes, your majesty, if it would not reconnect, then one would be freed from evil actions. But because, your majesty, it does reconnect, one therefore is not freed from evil actions.” ","html":"{}</p>"},"mil3.5.7:2.1":{"pli":"“Opammaṃ karohī”ti. ","eng":"“Please give me an analogy.” ","html":"<p>{}"},"mil3.5.7:2.2":{"pli":"“Yathā, mahārāja, kocideva puriso aññatarassa purisassa ambaṃ avahareyya, kiṃ so daṇḍappatto bhaveyyā”ti? ","eng":"“Just as, your majesty, some person or other might steal another person’s mangos, would that man deserve punishment?” ","html":"{}"},"mil3.5.7:2.3":{"pli":"“Āma, bhante, daṇḍappatto bhaveyyā”ti. ","eng":"“Yes, venerable sir, he would deserve punishment.” ","html":"{}"},"mil3.5.7:2.4":{"pli":"“Na kho so, mahārāja, tāni ambāni avahari, yāni tena ropitāni, kasmā daṇḍappatto bhaveyyā”ti? ","eng":"“But, your majesty, those mangos that were taken are not the same as those that were planted, why would he deserve punishment?” ","html":"{}"},"mil3.5.7:2.5":{"pli":"“Tāni, bhante, ambāni nissāya jātāni, tasmā daṇḍappatto bhaveyyā”ti. ","eng":"“Those mangos, venerable sir, arose dependent on the others, therefore he would deserve punishment.” ","html":"{}"},"mil3.5.7:2.6":{"pli":"“Evameva kho, mahārāja, iminā nāmarūpena kammaṃ karoti sobhanaṃ vā asobhanaṃ vā, tena kammena aññaṃ nāmarūpaṃ paṭisandahati, tasmā na parimutto pāpakehi kammehī”ti. ","eng":"“In the same way, your majesty, with this name-and-form one performs a lovely or an evil action, and by this action another name-and-form reconnects. Therefore, one is not freed from evil actions.” ","html":"{}</p>"},"mil3.5.7:3.1":{"pli":"“Kallosi, bhante nāgasenā”ti. ","eng":"“You are clever, Venerable Nāgasena!” ","html":"<p>{}</p>"},"mil3.5.7:4.1":{"pli":"Aññakāyasaṅkamanapañho sattamo. ","eng":"Question on Transmigrating to Another Body seventh ","html":"<p class='endsutta'>{}</p></article>"}},"mil3.5.8":{"mil3.5.8:0.1":{"pli":"Milindapañha ","eng":"Milinda’s Questions ","html":"<article id='mil3.5.8'><header><ul><li class='division'>{}</li>"},"mil3.5.8:0.2":{"pli":"Buddhavagga ","eng":"Buddha Chapter ","html":"<li>{}</li></ul>"},"mil3.5.8:0.3":{"pli":"8. Kammaphalaatthibhāvapañha ","eng":"8. Question on the Existence of the Fruits of Actions ","html":"<h1 class='sutta-title'>{}</h1></header>"},"mil3.5.8:1.1":{"pli":"Rājā āha—","eng":"The king asked: ","html":"<p>{}"},"mil3.5.8:1.2":{"pli":"“bhante nāgasena, iminā nāmarūpena kammaṃ kataṃ kusalaṃ vā akusalaṃ vā, kuhiṃ tāni kammāni tiṭṭhantī”ti? ","eng":"“Venerable Nāgasena, for a wholesome or unwholesome action done by this name-and-form, where do those actions remain?” ","html":"{}"},"mil3.5.8:1.3":{"pli":"“Anubandheyyuṃ kho, mahārāja, tāni kammāni chāyāva anapāyinī”ti. ","eng":"“Those actions would follow one, your majesty, like a shadow that never leaves.” ","html":"{}"},"mil3.5.8:1.4":{"pli":"“Sakkā pana, bhante, tāni kammāni dassetuṃ ‘idha vā idha vā tāni kammāni tiṭṭhantī’”ti? ","eng":"“Is it then possible, venerable sir, to point to those actions and say they remain here or there?” ","html":"{}"},"mil3.5.8:1.5":{"pli":"“Na sakkā, mahārāja, tāni kammāni dassetuṃ ‘idha vā idha vā tāni kammāni tiṭṭhantī’”ti. ","eng":"“It is not possible, your majesty, to point to those actions and say they remain here or there.” ","html":"{}</p>"},"mil3.5.8:2.1":{"pli":"“Opammaṃ karohī”ti. ","eng":"“Please give me an analogy.” ","html":"<p>{}"},"mil3.5.8:2.2":{"pli":"“Taṃ kiṃ maññasi, mahārāja, yānimāni rukkhāni anibbattaphalāni, sakkā tesaṃ phalāni dassetuṃ ‘idha vā idha vā tāni phalāni tiṭṭhantī’”ti. ","eng":"“What do you think, your majesty, for those trees where the fruit has not yet arisen, is it possible to point to those fruits and say those fruits remain here or there?” ","html":"{}"},"mil3.5.8:2.3":{"pli":"“Na hi, bhante”ti. ","eng":"“Certainly not, venerable sir.” ","html":"{}"},"mil3.5.8:2.4":{"pli":"“Evameva kho, mahārāja, abbocchinnāya santatiyā na sakkā tāni kammāni dassetuṃ ‘idha vā idha vā tāni kammāni tiṭṭhantī’”ti. ","eng":"“In the same way, your majesty, as long as the continuity of life is not cut off, it is not possible to point to those actions and say they remain here or there.” ","html":"{}</p>"},"mil3.5.8:3.1":{"pli":"“Kallosi, bhante nāgasenā”ti. ","eng":"“You are clever, Venerable Nāgasena!” ","html":"<p>{}</p>"},"mil3.5.8:4.1":{"pli":"Kammaphalaatthibhāvapañho aṭṭhamo. ","eng":"Question on the Existence of the Fruits of Actions eighth ","html":"<p class='endsutta'>{}</p></article>"}},"mil3.5.9":{"mil3.5.9:0.1":{"pli":"Milindapañha ","eng":"Milinda’s Questions ","html":"<article id='mil3.5.9'><header><ul><li class='division'>{}</li>"},"mil3.5.9:0.2":{"pli":"Buddhavagga ","eng":"Buddha Chapter ","html":"<li>{}</li></ul>"},"mil3.5.9:0.3":{"pli":"9. Uppajjatijānanapañha ","eng":"9. Question on Knowing Re-arising ","html":"<h1 class='sutta-title'>{}</h1></header>"},"mil3.5.9:1.1":{"pli":"Rājā āha—","eng":"The king asked: ","html":"<p>{}"},"mil3.5.9:1.2":{"pli":"“bhante nāgasena, yo uppajjati, jānāti so ‘uppajjissāmī’”ti? ","eng":"“Venerable Nāgasena, does one who re-arises know, ‘I will re-arise’?” ","html":"{}"},"mil3.5.9:1.3":{"pli":"“Āma, mahārāja, yo uppajjati jānāti so ‘uppajjissāmī’”ti. ","eng":"“Yes, your majesty, one who re-arises knows, ‘I will re-arise’.” ","html":"{}</p>"},"mil3.5.9:2.1":{"pli":"“Opammaṃ karohī”ti. ","eng":"“Please give me an analogy.” ","html":"<p>{}"},"mil3.5.9:2.2":{"pli":"“Yathā, mahārāja, kassako gahapatiko bījāni pathaviyaṃ nikkhipitvā sammā deve vassante jānāti ‘dhaññaṃ nibbattissatī’”ti? ","eng":"“Just as, your majesty, when a householder farmer plants seeds in the ground and it rains well, does he know that grain will grow?” ","html":"{}"},"mil3.5.9:2.3":{"pli":"“Āma, bhante, jāneyyā”ti. ","eng":"“Yes, venerable sir, he would know.” ","html":"{}"},"mil3.5.9:2.4":{"pli":"“Evameva kho, mahārāja, yo uppajjati, jānāti so ‘uppajjissāmī’”ti. ","eng":"“In the same way, your majesty, one who re-arises knows, ‘I will re-arise’.” ","html":"{}</p>"},"mil3.5.9:3.1":{"pli":"“Kallosi, bhante nāgasenā”ti. ","eng":"“You are clever, Venerable Nāgasena!” ","html":"<p>{}</p>"},"mil3.5.9:4.1":{"pli":"Uppajjatijānanapañho navamo. ","eng":"Question on Knowing Re-arising ninth ","html":"<p class='endsutta'>{}</p></article>"}}}