{"mil5.1.2":{"mil5.1.2:0.1":{"pli":"Milindapañha ","eng":"Milinda’s Questions ","html":"<article id='mil5.1.2'><header><ul><li class='division'>{}</li>"},"mil5.1.2:0.2":{"pli":"Meṇḍakapañha ","eng":"Questions on Dilemmas ","html":"<li>{}</li>"},"mil5.1.2:0.3":{"pli":"Iddhibalavagga ","eng":"Supernatural Powers Chapter ","html":"<li>{}</li></ul>"},"mil5.1.2:0.4":{"pli":"2 Sabbaññubhāvapañha ","eng":"2. The Question on Omniscience ","html":"<h1 class='sutta-title'>{}</h1></header>"},"mil5.1.2:1.1":{"pli":"“Bhante nāgasena, buddho sabbaññū”ti? ","eng":"“Venerable Nāgasena, was the Buddha omniscient?” ","html":"<p>{}"},"mil5.1.2:1.2":{"pli":"“Āma, mahārāja, bhagavā sabbaññū, na ca bhagavato satataṃ samitaṃ ñāṇadassanaṃ paccupaṭṭhitaṃ, āvajjanapaṭibaddhaṃ bhagavato sabbaññutañāṇaṃ, āvajjitvā yadicchakaṃ jānātī”ti. ","eng":"“Yes, your majesty, the Blessed One was omniscient, but the knowledge and vision of the Blessed One was not continuously and constantly present. The omniscient knowledge of the Blessed One was connected with adverting; having adverted, he knew whatever he wished to.” ","html":"{}"},"mil5.1.2:1.3":{"pli":"“Tena hi, bhante nāgasena, buddho asabbaññūti. ","eng":"“Well then, Venerable Nāgasena, the Buddha was not omniscient, ","html":"{}"},"mil5.1.2:1.4":{"pli":"Yadi tassa pariyesanāya sabbaññutañāṇaṃ hotī”ti. ","eng":"if his omniscient knowledge was due to searching.” ","html":"{}"},"mil5.1.2:1.5":{"pli":"“Vāhasataṃ kho, mahārāja, vīhīnaṃ aḍḍhacūḷañca vāhā vīhisattambaṇāni dve ca tumbā ekaccharākkhaṇe pavattacittassa ettakā vīhī lakkhaṃ ṭhapīyamānā parikkhayaṃ pariyādānaṃ gaccheyyuṃ? ","eng":"“If there were a hundred cartloads of rice grain, your majesty, and each cartload had seven and a half standard grain measures, plus two barrels full, could anyone who put their mind to it compute the number of lakhs of rice grains in just a single finger-snap? ","html":"{}</p>"},"mil5.1.2:2.1":{"pli":"Tatrime sattavidhā cittā pavattanti—","eng":"Here these seven types of minds occur. ","html":"<p>{}"},"mil5.1.2:2.2":{"pli":"ye te, mahārāja, sarāgā sadosā samohā sakilesā abhāvitakāyā abhāvitasīlā abhāvitacittā abhāvitapaññā, tesaṃ taṃ cittaṃ garukaṃ uppajjati dandhaṃ pavattati. ","eng":"Those people, your majesty, who have lust, anger, delusion, and defilements, and whose body, virtue, mind, and wisdom are undeveloped—for them that mentality arises heavily and operates slowly. ","html":"{}"},"mil5.1.2:2.3":{"pli":"Kiṃ kāraṇā? ","eng":"Why is that? ","html":"{}"},"mil5.1.2:2.4":{"pli":"Abhāvitattā cittassa. ","eng":"Because of the undeveloped state of the mind. ","html":"{}"},"mil5.1.2:2.5":{"pli":"Yathā, mahārāja, vaṃsanāḷassa vitatassa visālassa vitthiṇṇassa saṃsibbitavisibbitassa sākhājaṭājaṭitassa ākaḍḍhiyantassa garukaṃ hoti āgamanaṃ dandhaṃ. ","eng":"Just as, your majesty, when a bamboo stalk that is spread out, wide, stretched out, tangled and intertwined, matted with branches and twigs, is being dragged along, its movement is heavy and slow. ","html":"{}"},"mil5.1.2:2.6":{"pli":"Kiṃ kāraṇā? ","eng":"Why is that? ","html":"{}"},"mil5.1.2:2.7":{"pli":"Saṃsibbitavisibbitattā sākhānaṃ. ","eng":"Because of the tangled and intertwined state of the branches. ","html":"{}"},"mil5.1.2:2.8":{"pli":"Evameva kho, mahārāja, ye te sarāgā sadosā samohā sakilesā abhāvitakāyā abhāvitasīlā abhāvitacittā abhāvitapaññā, tesaṃ taṃ cittaṃ garukaṃ uppajjati dandhaṃ pavattati. ","eng":"In the same way, your majesty, those who have lust, anger, delusion, and defilements, and whose body, virtue, mind, and wisdom are undeveloped—for them that mind arises heavily and operates slowly. ","html":"{}"},"mil5.1.2:2.9":{"pli":"Kiṃ kāraṇā? ","eng":"Why is that? ","html":"{}"},"mil5.1.2:2.10":{"pli":"Saṃsibbitavisibbitattā kilesehi, idaṃ paṭhamaṃ cittaṃ. ","eng":"Because of being tangled and intertwined by defilements. This is the first type of mind. ","html":"{}</p>"},"mil5.1.2:3.1":{"pli":"Tatridaṃ dutiyaṃ cittaṃ vibhattamāpajjati—","eng":"Here this is the second type of mind distinguished: ","html":"<p>{}"},"mil5.1.2:3.2":{"pli":"ye te, mahārāja, sotāpannā pihitāpāyā diṭṭhippattā viññātasatthusāsanā, tesaṃ taṃ cittaṃ tīsu ṭhānesu lahukaṃ uppajjati lahukaṃ pavattati. ","eng":"Those, your majesty, who are stream-enterers, who have closed the door to the lower realms, who have attained right view, who have understood the Teacher’s instruction—for them that mind arises buoyantly and operates buoyantly in three (lower) stages. ","html":"{}"},"mil5.1.2:3.3":{"pli":"Uparibhūmīsu garukaṃ uppajjati dandhaṃ pavattati. ","eng":"In the higher planes it arises heavily and operates slowly. ","html":"{}"},"mil5.1.2:3.4":{"pli":"Kiṃ kāraṇā? ","eng":"Why is that? ","html":"{}"},"mil5.1.2:3.5":{"pli":"Tīsu ṭhānesu cittassa parisuddhattā upari kilesānaṃ appahīnattā. ","eng":"Because of the purity of the mind in the three (lower) stages, and because of the non-abandonment of defilements in those higher. ","html":"{}"},"mil5.1.2:3.6":{"pli":"Yathā, mahārāja, vaṃsanāḷassa tipabbagaṇṭhiparisuddhassa upari sākhājaṭājaṭitassa ākaḍḍhiyantassa yāva tipabbaṃ tāva lahukaṃ eti, tato upari thaddhaṃ. ","eng":"Just as, your majesty, when a bamboo stalk that is purified of three nodes and joints but above is matted with branches and twigs is being dragged along, up to the three nodes it moves buoyantly, but above that it is obstructed. ","html":"{}"},"mil5.1.2:3.7":{"pli":"Kiṃ kāraṇā? ","eng":"Why is that? ","html":"{}"},"mil5.1.2:3.8":{"pli":"Heṭṭhā parisuddhattā upari sākhājaṭājaṭitattā. ","eng":"Because of purity below and because of being matted with branches and twigs above. ","html":"{}"},"mil5.1.2:3.9":{"pli":"Evameva kho, mahārāja, ye te sotāpannā pihitāpāyā diṭṭhippattā viññātasatthusāsanā, tesaṃ taṃ cittaṃ tīsu ṭhānesu lahukaṃ uppajjati lahukaṃ pavattati, uparibhūmīsu garukaṃ uppajjati dandhaṃ pavattati. ","eng":"In the same way, your majesty, those who are stream-enterers, who have closed the door to the lower realms, who have attained right view, who have understood the Teacher’s instruction—for them that mind arises buoyantly and operates buoyantly in three places, but in the higher planes it arises heavily and operates slowly. ","html":"{}"},"mil5.1.2:3.10":{"pli":"Kiṃ kāraṇā? ","eng":"Why is that? ","html":"{}"},"mil5.1.2:3.11":{"pli":"Tīsu ṭhānesu cittassa parisuddhattā upari kilesānaṃ appahīnattā, idaṃ dutiyaṃ cittaṃ. ","eng":"Because of the purity of the mind in the three (lower) stages and because of the non-abandonment of defilements in the higher. This is the second type of mind. ","html":"{}</p>"},"mil5.1.2:4.1":{"pli":"Tatridaṃ tatiyaṃ cittaṃ vibhattamāpajjati—","eng":"Here this is the third type of mind distinguished: ","html":"<p>{}"},"mil5.1.2:4.2":{"pli":"ye te, mahārāja, sakadāgāmino, yesaṃ rāgadosamohā tanubhūtā, tesaṃ taṃ cittaṃ pañcasu ṭhānesu lahukaṃ uppajjati lahukaṃ pavattati, uparibhūmīsu garukaṃ uppajjati dandhaṃ pavattati. ","eng":"Those, your majesty, who are once-returners, whose lust, anger, and delusion have become attenuated—for them that mind arises buoyantly and operates buoyantly in five places. In the higher planes it arises heavily and operates slowly. ","html":"{}"},"mil5.1.2:4.3":{"pli":"Kiṃ kāraṇā? ","eng":"Why is that? ","html":"{}"},"mil5.1.2:4.4":{"pli":"Pañcasu ṭhānesu cittassa parisuddhattā upari kilesānaṃ appahīnattā. ","eng":"Because of the purity of the mind in the five places and because of the non-abandonment of defilements above. ","html":"{}"},"mil5.1.2:4.5":{"pli":"Yathā, mahārāja, vaṃsanāḷassa pañcapabbagaṇṭhiparisuddhassa upari sākhājaṭājaṭitassa ākaḍḍhiyantassa yāva pañcapabbaṃ tāva lahukaṃ eti, tato upari thaddhaṃ. ","eng":"Just as, your majesty, when a bamboo stalk that is spread out, wide, stretched out, tangled and intertwined, matted with branches and twigs, is being dragged along, its movement is heavy and slow. ","html":"{}"},"mil5.1.2:4.6":{"pli":"Kiṃ kāraṇā? ","eng":"Why is that? ","html":"{}"},"mil5.1.2:4.7":{"pli":"Heṭṭhā parisuddhattā upari sākhājaṭājaṭitattā. ","eng":"Because of purity below and because of being matted with branches and twigs above. ","html":"{}"},"mil5.1.2:4.8":{"pli":"Evameva kho, mahārāja, ye te sakadāgāmino, yesaṃ rāgadosamohā tanubhūtā, tesaṃ taṃ cittaṃ pañcasu ṭhānesu lahukaṃ uppajjati lahukaṃ pavattati, uparibhūmīsu garukaṃ uppajjati dandhaṃ pavattati. ","eng":"In the same way, your majesty, those who are once-returners, whose lust, anger, and delusion have become attenuated—for them that mind arises buoyantly and operates buoyantly in five places, but in the higher planes it arises heavily and operates slowly. ","html":"{}"},"mil5.1.2:4.9":{"pli":"Kiṃ kāraṇā? ","eng":"Why is that? ","html":"{}"},"mil5.1.2:4.10":{"pli":"Pañcasu ṭhānesu cittassa parisuddhattā upari kilesānaṃ appahīnattā, idaṃ tatiyaṃ cittaṃ. ","eng":"Because of the purity of the mind in the five places and because of the non-abandonment of defilements above. This is the third type of mind. ","html":"{}</p>"},"mil5.1.2:5.1":{"pli":"Tatridaṃ catutthaṃ cittaṃ vibhattamāpajjati—","eng":"Here this is the fourth type of mind distinguished: ","html":"<p>{}"},"mil5.1.2:5.2":{"pli":"ye te, mahārāja, anāgāmino, yesaṃ pañcorambhāgiyāni saṃyojanāni pahīnāni, tesaṃ taṃ cittaṃ dasasu ṭhānesu lahukaṃ uppajjati lahukaṃ pavattati, uparibhūmīsu garukaṃ uppajjati dandhaṃ pavattati. ","eng":"Those, your majesty, who are non-returners, who have abandoned the five lower fetters—for them that mind arises buoyantly and operates buoyantly in ten places. In the higher planes it arises heavily and operates slowly. ","html":"{}"},"mil5.1.2:5.3":{"pli":"Kiṃ kāraṇā? ","eng":"Why is that? ","html":"{}"},"mil5.1.2:5.4":{"pli":"Dasasu ṭhānesu cittassa parisuddhattā upari kilesānaṃ appahīnattā. ","eng":"Because of the purity of the mind in the ten places and because of the non-abandonment of defilements above. ","html":"{}"},"mil5.1.2:5.5":{"pli":"Yathā, mahārāja, vaṃsanāḷassa dasapabbagaṇṭhiparisuddhassa upari sākhājaṭājaṭitassa ākaḍḍhiyantassa yāva dasapabbaṃ tāva lahukaṃ eti, tato upari thaddhaṃ. ","eng":"Just as, your majesty, when a bamboo stalk that is purified of ten nodes and joints but above is matted with branches and twigs is being dragged along, up to the ten nodes it moves buoyantly, but above that it is obstructed. ","html":"{}"},"mil5.1.2:5.6":{"pli":"Kiṃ kāraṇā? ","eng":"Why is that? ","html":"{}"},"mil5.1.2:5.7":{"pli":"Heṭṭhā parisuddhattā upari sākhājaṭājaṭitattā. ","eng":"Because of purity below and because of being matted with branches and twigs above. ","html":"{}"},"mil5.1.2:5.8":{"pli":"Evameva kho, mahārāja, ye te anāgāmino, yesaṃ pañcorambhāgiyāni saṃyojanāni pahīnāni, tesaṃ taṃ cittaṃ dasasu ṭhānesu lahukaṃ uppajjati lahukaṃ pavattati, uparibhūmīsu garukaṃ uppajjati dandhaṃ pavattati. ","eng":"In the same way, your majesty, those who are non-returners, who have abandoned the five lower fetters—for them that mind arises buoyantly and operates buoyantly in ten places, but in the higher planes it arises heavily and operates slowly. ","html":"{}"},"mil5.1.2:5.9":{"pli":"Kiṃ kāraṇā? ","eng":"Why is that? ","html":"{}"},"mil5.1.2:5.10":{"pli":"Dasasu ṭhānesu cittassa parisuddhattā upari kilesānaṃ appahīnattā, idaṃ catutthaṃ cittaṃ. ","eng":"Because of the purity of the mind in the ten places and because of the non-abandonment of defilements above. This is the fourth type of mind. ","html":"{}</p>"},"mil5.1.2:6.1":{"pli":"Tatridaṃ pañcamaṃ cittaṃ vibhattamāpajjati—","eng":"Here this is the fifth type of mind distinguished: ","html":"<p>{}"},"mil5.1.2:6.2":{"pli":"ye te, mahārāja, arahanto khīṇāsavā dhotamalā vantakilesā vusitavanto katakaraṇīyā ohitabhārā anuppattasadatthā parikkhīṇabhavasaṃyojanā pattapaṭisambhidā sāvakabhūmīsu parisuddhā, tesaṃ taṃ cittaṃ sāvakavisaye lahukaṃ uppajjati lahukaṃ pavattati, paccekabuddhabhūmīsu garukaṃ uppajjati dandhaṃ pavattati. ","eng":"Those, your majesty, who are arahants, whose mental influxes are destroyed, who have washed away impurities, who have cast out defilements, who have lived the holy life, who have done what was to be done, who have laid down the burden, who have attained their own goal, who have completely destroyed the fetters of existence, who have attained the analytical knowledges, who are purified in the planes of the disciple—for them that mind arises buoyantly and operates buoyantly in the disciple’s domains. In the planes of a paccekabuddha (one enlightened by and for himself) it arises heavily and operates slowly. ","html":"{}"},"mil5.1.2:6.3":{"pli":"Kiṃ kāraṇā? ","eng":"Why is that? ","html":"{}"},"mil5.1.2:6.4":{"pli":"Parisuddhattā sāvakavisaye, aparisuddhattā paccekabuddhavisaye. ","eng":"Because of purity in the disciple’s domains and because of non-purity in the paccekabuddha’s domains. ","html":"{}"},"mil5.1.2:6.5":{"pli":"Yathā, mahārāja, vaṃsanāḷassa sabbapabbagaṇṭhiparisuddhassa ākaḍḍhiyantassa lahukaṃ hoti āgamanaṃ adandhaṃ. ","eng":"Just as, your majesty, when a bamboo stalk that is purified of all nodes and joints is being dragged along, its movement is buoyant and not slow. ","html":"{}"},"mil5.1.2:6.6":{"pli":"Kiṃ kāraṇā? ","eng":"Why is that? ","html":"{}"},"mil5.1.2:6.7":{"pli":"Sabbapabbagaṇṭhiparisuddhattā agahanattā vaṃsassa. ","eng":"Because of being purified of all nodes and joints, because of the non-grasping of the bamboo. ","html":"{}"},"mil5.1.2:6.8":{"pli":"Evameva kho, mahārāja, ye te arahanto khīṇāsavā dhotamalā vantakilesā vusitavanto katakaraṇīyā ohitabhārā anuppattasadatthā parikkhīṇabhavasaṃyojanā pattapaṭisambhidā sāvakabhūmīsu parisuddhā, tesaṃ taṃ cittaṃ sāvakavisaye lahukaṃ uppajjati lahukaṃ pavattati, paccekabuddhabhūmīsu garukaṃ uppajjati dandhaṃ pavattati. ","eng":"In the same way, your majesty, those who are arahants, whose mental influxes are destroyed, who have washed away impurities, who have cast out defilements, who have lived the holy life, who have done what was to be done, who have laid down the burden, who have attained their own goal, who have completely destroyed the fetters of existence, who have attained the analytical knowledges, who are purified in the planes of the disciple—for them that mind arises buoyantly and operates buoyantly in the disciple’s domains, but in the paccekabuddha’s planes it arises heavily and operates slowly. ","html":"{}"},"mil5.1.2:6.9":{"pli":"Kiṃ kāraṇā? ","eng":"Why is that? ","html":"{}"},"mil5.1.2:6.10":{"pli":"Parisuddhattā sāvakavisaye, aparisuddhattā paccekabuddhavisaye, idaṃ pañcamaṃ cittaṃ. ","eng":"Because of purity in the disciple’s domain and because of non-purity in the domains of a paccekabuddha. This is the fifth type of mind. ","html":"{}</p>"},"mil5.1.2:7.1":{"pli":"Tatridaṃ chaṭṭhaṃ cittaṃ vibhattamāpajjati—","eng":"Here this is the sixth type of mind distinguished: ","html":"<p>{}"},"mil5.1.2:7.2":{"pli":"ye te, mahārāja, paccekabuddhā sayambhuno anācariyakā ekacārino khaggavisāṇakappā sakavisaye parisuddhavimalacittā, tesaṃ taṃ cittaṃ sakavisaye lahukaṃ uppajjati lahukaṃ pavattati, sabbaññubuddhabhūmīsu garukaṃ uppajjati dandhaṃ pavattati. ","eng":"Those, your majesty, who are paccekabuddhas—self-awakened, without a teacher, solitary wanderers, like a rhinoceros horn, with purified and spotless minds in their own domain—for them that mind arises buoyantly and operates buoyantly in their own domain. In the planes of the omniscient Buddha it arises heavily and operates slowly. ","html":"{}"},"mil5.1.2:7.3":{"pli":"Kiṃ kāraṇā? ","eng":"Why is that? ","html":"{}"},"mil5.1.2:7.4":{"pli":"Parisuddhattā sakavisaye mahantattā sabbaññubuddhavisayassa. ","eng":"Because of purity in their own domain and because of the vastness of the domain of the omniscient Buddha. ","html":"{}"},"mil5.1.2:7.5":{"pli":"Yathā, mahārāja, puriso sakavisayaṃ parittaṃ nadiṃ rattimpi divāpi yadicchakaṃ acchambhito otareyya, atha parato mahāsamuddaṃ gambhīraṃ vitthataṃ agādhamapāraṃ disvā bhāyeyya, dandhāyeyya na visaheyya otarituṃ. ","eng":"Just as, your majesty, a man might cross his own small river-domain by night or by day, whenever he wishes, without fear—but then, seeing from afar the great ocean, deep, wide, bottomless, shoreless, he would be afraid, would hesitate, would not be able to enter it. ","html":"{}"},"mil5.1.2:7.6":{"pli":"Kiṃ kāraṇā? ","eng":"Why is that? ","html":"{}"},"mil5.1.2:7.7":{"pli":"Tiṇṇattā sakavisayassa, mahantattā ca mahāsamuddassa. ","eng":"Because of having crossed his own domain, and because of the vastness of the great ocean. ","html":"{}"},"mil5.1.2:7.8":{"pli":"Evameva kho, mahārāja, ye te paccekabuddhā sayambhuno anācariyakā ekacārino khaggavisāṇakappā sakavisaye parisuddhavimalacittā, tesaṃ taṃ cittaṃ sakavisaye lahukaṃ uppajjati lahukaṃ pavattati, sabbaññubuddhabhūmīsu garukaṃ uppajjati dandhaṃ pavattati. ","eng":"In the same way, your majesty, those who are paccekabuddhas—self-awakened, without a teacher, solitary wanderers, like a rhinoceros horn, with purified and spotless minds in their own domain—for them that mind arises buoyantly and operates buoyantly in their own domain, but in the planes of the omniscient Buddha it arises heavily and operates slowly. ","html":"{}"},"mil5.1.2:7.9":{"pli":"Kiṃ kāraṇā? ","eng":"Why is that? ","html":"{}"},"mil5.1.2:7.10":{"pli":"Parisuddhattā sakavisaye mahantattā sabbaññubuddhavisayassa, idaṃ chaṭṭhaṃ cittaṃ. ","eng":"Because of purity in their own domain and because of the vastness of the domain of the omniscient Buddha. This is the sixth type of mind. ","html":"{}</p>"},"mil5.1.2:8.1":{"pli":"Tatridaṃ sattamaṃ cittaṃ vibhattamāpajjati—","eng":"Here this is the seventh type of mind distinguished: ","html":"<p>{}"},"mil5.1.2:8.2":{"pli":"ye te, mahārāja, sammāsambuddhā sabbaññuno dasabaladharā catuvesārajjavisāradā aṭṭhārasahi buddhadhammehi samannāgatā anantajinā anāvaraṇañāṇā, tesaṃ taṃ cittaṃ sabbattha lahukaṃ uppajjati lahukaṃ pavattati. ","eng":"Those, your majesty, who are perfectly enlightened Buddhas, omniscient, possessors of the ten powers, confident with the four kinds of self-confidence, endowed with the eighteen Buddha-qualities, infinite victors, with unobstructed knowledge—for them that mind arises buoyantly and operates buoyantly everywhere. ","html":"{}"},"mil5.1.2:8.3":{"pli":"Kiṃ kāraṇā? ","eng":"Why is that? ","html":"{}"},"mil5.1.2:8.4":{"pli":"Sabbattha parisuddhattā. ","eng":"Because of purity everywhere. ","html":"{}"},"mil5.1.2:8.5":{"pli":"Api nu kho, mahārāja, nārācassa sudhotassa vimalassa niggaṇṭhissa sukhumadhārassa ajimhassa avaṅkassa akuṭilassa daḷhacāpasamārūḷhassa khomasukhume vā kappāsasukhume vā kambalasukhume vā balavanipātitassa dandhāyitattaṃ vā lagganaṃ vā hotī”ti? ","eng":"Does an arrow, your majesty, that is well-washed, spotless, smooth, with a fine edge, straight, not bent, not crooked, mounted on a strong bow, shot with force at fine linen or fine cotton or fine wool-cloth—does it experience hesitation or sticking?” ","html":"{}"},"mil5.1.2:8.6":{"pli":"“Na hi, bhante”. ","eng":"“Certainly not, venerable sir.” ","html":"{}"},"mil5.1.2:8.7":{"pli":"“Kiṃ kāraṇā? ","eng":"“Why is that? ","html":"{}"},"mil5.1.2:8.8":{"pli":"Sukhumattā vatthānaṃ sudhotattā nārācassa nipātassa ca balavattāti; ","eng":"Because of the fineness of the cloths, because of the well-washed state of the arrow, and because of the force of the shot. ","html":"{}"},"mil5.1.2:8.9":{"pli":"evameva kho, mahārāja, ye te sammāsambuddhā sabbaññuno dasabaladharā catuvesārajjavisāradā aṭṭhārasahi buddhadhammehi samannāgatā anantajinā anāvaraṇañāṇā, tesaṃ taṃ cittaṃ sabbattha lahukaṃ uppajjati lahukaṃ pavattati. ","eng":"In the same way, your majesty, those who are perfectly enlightened Buddhas, omniscient, possessors of the ten powers, confident with the four kinds of self-confidence, endowed with the eighteen Buddha-qualities, infinite victors, with unobstructed knowledge—for them that mind arises buoyantly and operates buoyantly everywhere. ","html":"{}"},"mil5.1.2:8.10":{"pli":"Kiṃ kāraṇā? ","eng":"Why is that? ","html":"{}"},"mil5.1.2:8.11":{"pli":"Sabbattha parisuddhattā, idaṃ sattamaṃ cittaṃ. ","eng":"Because of purity everywhere. This is the seventh type of mind. ","html":"{}</p>"},"mil5.1.2:9.1":{"pli":"Tatra, mahārāja, yadidaṃ sabbaññubuddhānaṃ cittaṃ, taṃ channampi cittānaṃ gaṇanaṃ atikkamitvā asaṅkhyeyyena guṇena parisuddhañca lahukañca. ","eng":"There, your majesty, that mind of the omniscient Buddhas, having surpassed the computation of even the six (types of) minds, is utterly pure and buoyant with innumerable qualities. ","html":"<p>{}"},"mil5.1.2:9.2":{"pli":"Yasmā ca bhagavato cittaṃ parisuddhañca lahukañca, tasmā, mahārāja, bhagavā yamakapāṭihīraṃ dasseti. ","eng":"And since the mind of the Blessed One is pure and buoyant, therefore, your majesty, the Blessed One displays the twin miracle. ","html":"{}"},"mil5.1.2:9.3":{"pli":"Yamakapāṭihīre, mahārāja, ñātabbaṃ buddhānaṃ bhagavantānaṃ cittaṃ evaṃ lahuparivattanti, na tattha sakkā uttariṃ kāraṇaṃ vattuṃ, tepi, mahārāja, pāṭihīrā sabbaññubuddhānaṃ cittaṃ upādāya gaṇanampi saṅkhampi kalampi kalabhāgampi na upenti, āvajjanapaṭibaddhaṃ, mahārāja, bhagavato sabbaññutañāṇaṃ, āvajjetvā yadicchakaṃ jānāti. ","eng":"Concerning the twin miracle, your majesty, it should be understood that the minds of the Buddhas, the Blessed Ones, change so buoyantly—it is not possible to state a further reason there. And those miracles too, your majesty, taking the mind of the omniscient Buddhas as their basis, do not come to counting, reckoning, calculation, or even a fraction (in comparison). The omniscient knowledge of the Blessed One, your majesty, features adverting; having adverted, he knows whatever he wishes. ","html":"{}</p>"},"mil5.1.2:10.1":{"pli":"Yathā, mahārāja, puriso hatthe ṭhapitaṃ yaṃ kiñci dutiye hatthe ṭhapeyya vivaṭena mukhena vācaṃ nicchāreyya, mukhagataṃ bhojanaṃ gileyya, ummīletvā vā nimīleyya, nimīletvā vā ummīleyya, samiñjitaṃ vā bāhaṃ pasāreyya, pasāritaṃ vā bāhaṃ samiñjeyya, cirataraṃ etaṃ, mahārāja, lahutaraṃ bhagavato sabbaññutañāṇaṃ, lahutaraṃ āvajjanaṃ, āvajjetvā yadicchakaṃ jānāti, āvajjanavikalamattakena na tāvatā buddhā bhagavanto asabbaññuno nāma hontī”ti. ","eng":"Just as, your majesty, a man might place in the opposite hand whatever is held in one hand, utter speech with open mouth, swallow food that is in his mouth, open his eyes that were closed, or close his eyes that were open, extend an arm that is bent, or bend an arm that is extended—this takes much longer, your majesty; the omniscient knowledge of the Blessed One is more buoyant, the adverting is more buoyant. Having adverted, he knows whatever he wishes. The Buddhas, the Blessed Ones, are not to be called ‘not omniscient’ merely because of the brief moment of adverting.” ","html":"<p>{}</p>"},"mil5.1.2:11.1":{"pli":"“Āvajjanampi, bhante nāgasena, pariyesanāya kātabbaṃ, iṅgha maṃ tattha kāraṇena saññāpehī”ti. ","eng":"“Adverting too, Venerable Nāgasena, should be considered as searching. Come now, convince me on this matter with a reason.” ","html":"<p>{}"},"mil5.1.2:11.2":{"pli":"“Yathā, mahārāja, purisassa aḍḍhassa mahaddhanassa mahābhogassa pahūtajātarūparajatassa pahūtavittūpakaraṇassa pahūtadhanadhaññassa sālivīhiyavataṇḍulatilamuggamāsapubbaṇṇāparaṇṇasappitelanavanītakhīradadhimadhuguḷaphāṇitā ca khaḷopikumbhipīṭharakoṭṭhabhājanagatā bhaveyyuṃ, tassa ca purisassa pāhunako āgaccheyya bhattāraho bhattābhikaṅkhī, tassa ca gehe yaṃ randhaṃ bhojanaṃ, taṃ pariniṭṭhitaṃ bhaveyya, kumbhito taṇḍule nīharitvā bhojanaṃ randheyya, api ca kho so, mahārāja, tāvatakena bhojanavekallamattakena adhano nāma kapaṇo nāma bhaveyyā”ti? ","eng":"“Suppose, your majesty, a man who is wealthy, extremely rich, of great possessions, with abundant gold and silver, with abundant property and requisites, with abundant treasures and grain—he has rice, barley, paddy, sesame, beans, lentils, all kinds of beans, as well as ghee, oil, fresh butter, milk, curds, honey, molasses, and sugar stored away in granaries, baskets, pots, boxes, and storerooms. And suppose a guest were to come to that man, worthy of a meal, desiring a meal, but whatever cooked food was in his house happened to be finished. He would take rice from the pot and cook a meal. Would that man, your majesty, on account of that brief delay for the meal, be called poor or destitute?” ","html":"{}"},"mil5.1.2:11.3":{"pli":"“Na hi, bhante, cakkavattirañño gharepi, bhante, akāle bhojanavekallaṃ hoti, kiṃ pana gahapatikassā”ti? ","eng":"“Certainly not, venerable sir. Even in the house of a wheel-turning monarch, venerable sir, there is a delay for a meal at the wrong time—how much more so in that of a householder.” ","html":"{}"},"mil5.1.2:11.4":{"pli":"“Evameva kho, mahārāja, tathāgatassa āvajjanavikalamattakaṃ sabbaññutañāṇaṃ āvajjetvā yadicchakaṃ jānāti. ","eng":"“In the same way, your majesty, the omniscient knowledge of the Tathāgata has only a brief moment of adverting; having adverted, he knows whatever he wishes. ","html":"{}</p>"},"mil5.1.2:12.1":{"pli":"Yathā vā pana, mahārāja, rukkho assa phalito oṇatavinato piṇḍibhārabharito, na kiñci tattha patitaṃ phalaṃ bhaveyya, api nu kho so, mahārāja, rukkho tāvatakena patitaphalavekallamattakena aphalo nāma bhaveyyā”ti? ","eng":"Or suppose, your majesty, there were a tree laden with fruit, bent down, bowed down, filled with a mass of fruit, but not a single fruit had yet fallen from it. Would that tree, your majesty, on account of that brief delay of a falling fruit, be called fruitless?” ","html":"<p>{}"},"mil5.1.2:12.2":{"pli":"“Na hi, bhante, patanapaṭibaddhāni tāni rukkhaphalāni, patite yadicchakaṃ labhatī”ti. ","eng":"“Certainly not, venerable sir. Those tree-fruits are connected with falling; when they fall, one obtains whatever one wishes.” ","html":"{}"},"mil5.1.2:12.3":{"pli":"“Evameva kho, mahārāja, tathāgatassa āvajjanapaṭibaddhaṃ sabbaññutañāṇaṃ āvajjetvā yadicchakaṃ jānātī”ti. ","eng":"“In the same way, your majesty, the omniscient knowledge of the Tathāgata is connected with adverting; having adverted, he knows whatever he wishes.” ","html":"{}</p>"},"mil5.1.2:13.1":{"pli":"“Bhante nāgasena, āvajjetvā āvajjetvā buddho yadicchakaṃ jānātī”ti? ","eng":"“Venerable Nāgasena, does the Buddha know whatever he wishes by adverting again and again?” ","html":"<p>{}"},"mil5.1.2:13.2":{"pli":"“Āma, mahārāja, bhagavā āvajjetvā āvajjetvā yadicchakaṃ jānātīti. ","eng":"“Yes, your majesty, the Blessed One knows whatever he wishes by adverting again and again. ","html":"{}</p>"},"mil5.1.2:14.1":{"pli":"Yathā, mahārāja, cakkavattī rājā yadā cakkaratanaṃ sarati ‘upetu me cakkaratanan’ti, sarite cakkaratanaṃ upeti; ","eng":"Just as, your majesty, when the wheel-turning monarch remembers the jewel of the wheel, thinking ‘May the jewel of the wheel come to me’—when remembered, the jewel of the wheel comes; ","html":"<p>{}"},"mil5.1.2:14.2":{"pli":"evameva kho, mahārāja, tathāgato āvajjetvā āvajjetvā yadicchakaṃ jānātī”ti. ","eng":"in the same way, your majesty, the Tathāgata knows whatever he wishes by adverting again and again.” ","html":"{}"},"mil5.1.2:14.3":{"pli":"“Daḷhaṃ, bhante nāgasena, kāraṇaṃ, buddho sabbaññū, sampaṭicchāma buddho sabbaññū”ti. ","eng":"“Strong is your reasoning, Venerable Nāgasena! The Buddha is omniscient. We accept that the Buddha is omniscient.” ","html":"{}</p>"},"mil5.1.2:15.1":{"pli":"Buddhasabbaññubhāvapañho dutiyo. ","eng":"The Question on Omniscience of the Buddha second ","html":"<p class='endsutta'>{}</p></article>"}},"mil5.1.3":{"mil5.1.3:0.1":{"pli":"Milindapañha ","html":"<article id='mil5.1.3'><header><ul><li class='division'>{}</li>"},"mil5.1.3:0.2":{"pli":"Meṇḍakapañha ","html":"<li>{}</li>"},"mil5.1.3:0.3":{"pli":"Iddhibalavagga ","html":"<li>{}</li></ul>"},"mil5.1.3:0.4":{"pli":"3. Devadattapabbajjapañha ","html":"<h1 class='sutta-title'>{}</h1></header>"},"mil5.1.3:1.1":{"pli":"“Bhante nāgasena, devadatto kena pabbājito”ti? ","html":"<p>{}"},"mil5.1.3:1.2":{"pli":"“Chayime, mahārāja, khattiyakumārā bhaddiyo ca anuruddho ca ānando ca bhagu ca kimilo ca devadatto ca upālikappako sattamo abhisambuddhe satthari sakyakulānandajanane bhagavantaṃ anupabbajantā nikkhamiṃsu, te bhagavā pabbājesī”ti. ","html":"{}"},"mil5.1.3:1.3":{"pli":"“Nanu, bhante, devadattena pabbajitvā saṅgho bhinno”ti? ","html":"{}"},"mil5.1.3:1.4":{"pli":"“Āma, mahārāja, devadattena pabbajitvā saṅgho bhinno, na gihī saṅghaṃ bhindati, na bhikkhunī, na sikkhamānā, na sāmaṇero, na sāmaṇerī saṅghaṃ bhindati, bhikkhu pakatatto samānasaṃvāsako samānasīmāyaṃ ṭhito saṅghaṃ bhindatī”ti. ","html":"{}"},"mil5.1.3:1.5":{"pli":"“Saṅghabhedako, bhante, puggalo kiṃ kammaṃ phusatī”ti? ","html":"{}"},"mil5.1.3:1.6":{"pli":"“Kappaṭṭhitikaṃ, mahārāja, kammaṃ phusatī”ti. ","html":"{}</p>"},"mil5.1.3:2.1":{"pli":"“Kiṃ pana, bhante nāgasena, buddho jānāti ‘devadatto pabbajitvā saṅghaṃ bhindissati, saṅghaṃ bhinditvā kappaṃ niraye paccissatī’”ti? ","html":"<p>{}"},"mil5.1.3:2.2":{"pli":"“Āma, mahārāja, tathāgato jānāti ‘devadatto pabbajitvā saṅghaṃ bhindissati, saṅghaṃ bhinditvā kappaṃ niraye paccissatī’”ti. ","html":"{}"},"mil5.1.3:2.3":{"pli":"“Yadi, bhante nāgasena, buddho jānāti ‘devadatto pabbajitvā saṅghaṃ bhindissati, saṅghaṃ bhinditvā kappaṃ niraye paccissatī’ti, tena hi, bhante nāgasena, buddho kāruṇiko anukampako hitesī sabbasattānaṃ ahitaṃ apanetvā hitamupadahatīti yaṃ vacanaṃ, taṃ micchā. ","html":"{}"},"mil5.1.3:2.4":{"pli":"Yadi taṃ ajānitvā pabbājesi, tena hi buddho asabbaññūti, ayampi ubhato koṭiko pañho tavānuppatto, vijaṭehi etaṃ mahājaṭaṃ, bhinda parāpavādaṃ, anāgate addhāne tayā sadisā buddhimanto bhikkhū dullabhā bhavissanti, ettha tava balaṃ pakāsehī”ti. ","html":"{}</p>"},"mil5.1.3:3.1":{"pli":"“Kāruṇiko, mahārāja, bhagavā sabbaññū ca, kāruññena, mahārāja, bhagavā sabbaññutañāṇena devadattassa gatiṃ olokento addasa devadattaṃ āpāyikaṃ kammaṃ āyūhitvā anekāni kappakoṭisatasahassāni nirayena nirayaṃ vinipātena vinipātaṃ gacchantaṃ, taṃ bhagavā sabbaññutañāṇena jānitvā imassa apariyantakataṃ kammaṃ mama sāsane pabbajitassa pariyantakataṃ bhavissati, purimaṃ upādāya pariyantakataṃ dukkhaṃ bhavissati, apabbajitopi ayaṃ moghapuriso kappaṭṭhiyameva kammaṃ āyūhissatīti kāruññena devadattaṃ pabbājesī”ti. ","html":"<p>{}</p>"},"mil5.1.3:4.1":{"pli":"“Tena hi, bhante nāgasena, buddho vadhitvā telena makkheti, papāte pātetvā hatthaṃ deti, māretvā jīvitaṃ pariyesati, yaṃ so paṭhamaṃ dukkhaṃ datvā pacchā sukhaṃ upadahatī”ti? ","html":"<p>{}"},"mil5.1.3:4.2":{"pli":"“Vadhetipi, mahārāja, tathāgato sattānaṃ hitavasena, pātetipi sattānaṃ hitavasena, māretipi sattānaṃ hitavasena, vadhitvāpi, mahārāja, tathāgato sattānaṃ hitameva upadahati, pātetvāpi sattānaṃ hitameva upadahati, māretvāpi sattānaṃ hitameva upadahati. ","html":"{}"},"mil5.1.3:4.3":{"pli":"Yathā, mahārāja, mātāpitaro nāma vadhitvāpi pātayitvāpi puttānaṃ hitameva upadahanti; ","html":"{}"},"mil5.1.3:4.4":{"pli":"evameva kho, mahārāja, tathāgato vadhetipi sattānaṃ hitavasena, pātetipi sattānaṃ hitavasena, māretipi sattānaṃ hitavasena, vadhitvāpi, mahārāja, tathāgato sattānaṃ hitameva upadahati, pātetvāpi sattānaṃ hitameva upadahati, māretvāpi sattānaṃ hitameva upadahati, yena yena yogena sattānaṃ guṇavuḍḍhi hoti, tena tena yogena sabbasattānaṃ hitameva upadahati. ","html":"{}"},"mil5.1.3:4.5":{"pli":"Sace, mahārāja, devadatto na pabbājeyya, gihibhūto samāno nirayasaṃvattanikaṃ bahuṃ pāpakammaṃ katvā anekāni kappakoṭisatasahassāni nirayena nirayaṃ vinipātena vinipātaṃ gacchanto bahuṃ dukkhaṃ vedayissati, taṃ bhagavā jānamāno kāruññena devadattaṃ pabbājesi, ‘mama sāsane pabbajitassa dukkhaṃ pariyantakataṃ bhavissatī’ti kāruññena garukaṃ dukkhaṃ lahukaṃ akāsi. ","html":"{}</p>"},"mil5.1.3:5.1":{"pli":"Yathā vā, mahārāja, dhanayasasiriñātibalena balavā puriso attano ñātiṃ vā mittaṃ vā raññā garukaṃ daṇḍaṃ dhārentaṃ attano bahuvissatthabhāvena samatthatāya garukaṃ daṇḍaṃ lahukaṃ akāsi; ","html":"<p>{}"},"mil5.1.3:5.2":{"pli":"evameva kho, mahārāja, bhagavā bahūni kappakoṭisatasahassāni dukkhaṃ vedayamānaṃ devadattaṃ pabbājetvā sīlasamādhipaññāvimuttibalasamatthabhāvena garukaṃ dukkhaṃ lahukaṃ akāsi. ","html":"{}</p>"},"mil5.1.3:6.1":{"pli":"Yathā vā pana, mahārāja, kusalo bhisakko sallakatto garukaṃ rogaṃ balavosadhabalena lahukaṃ karoti; ","html":"<p>{}"},"mil5.1.3:6.2":{"pli":"evameva kho, mahārāja, bahūni kappakoṭisatasahassāni dukkhaṃ vedayamānaṃ devadattaṃ bhagavā rogaññutāya pabbājetvā kāruññabalo patthaddhadhammosadhabalena garukaṃ dukkhaṃ lahukaṃ akāsi. ","html":"{}"},"mil5.1.3:6.3":{"pli":"Api nu kho so, mahārāja, bhagavā bahuvedanīyaṃ devadattaṃ appavedanīyaṃ karonto kiñci apuññaṃ āpajjeyyā”ti? ","html":"{}"},"mil5.1.3:6.4":{"pli":"“Na kiñci, bhante, apuññaṃ āpajjeyya antamaso gaddūhanamattampī”ti. ","html":"{}"},"mil5.1.3:6.5":{"pli":"“Imampi kho, mahārāja, kāraṇaṃ atthato sampaṭiccha, yena kāraṇena bhagavā devadattaṃ pabbājesi. ","html":"{}</p>"},"mil5.1.3:7.1":{"pli":"Aparampi, mahārāja, uttariṃ kāraṇaṃ suṇohi, yena kāraṇena bhagavā devadattaṃ pabbājesi. ","html":"<p>{}"},"mil5.1.3:7.2":{"pli":"Yathā, mahārāja, coraṃ āgucāriṃ gahetvā rañño dasseyyuṃ, ‘ayaṃ kho, deva, coro āgucārī, imassa yaṃ icchasi, taṃ daṇḍaṃ paṇehī’ti. ","html":"{}"},"mil5.1.3:7.3":{"pli":"Tamenaṃ rājā evaṃ vadeyya ‘tena hi, bhaṇe, imaṃ coraṃ bahinagaraṃ nīharitvā āghātane sīsaṃ chindathā’ti. ","html":"{}"},"mil5.1.3:7.4":{"pli":"‘Evaṃ, devā’ti kho te rañño paṭissutvā taṃ bahinagaraṃ nīharitvā āghātanaṃ nayeyyuṃ. ","html":"{}"},"mil5.1.3:7.5":{"pli":"Tamenaṃ passeyya kocideva puriso rañño santikā laddhavaro laddhayasadhanabhogo ādeyyavacano balavicchitakārī, so tassa kāruññaṃ katvā te purise evaṃ vadeyya ‘alaṃ, bho, kiṃ tumhākaṃ imassa sīsacchedanena, tena hi bho imassa hatthaṃ vā pādaṃ vā chinditvā jīvitaṃ rakkhatha, ahametassa kāraṇā rañño santike paṭivacanaṃ karissāmī’ti. ","html":"{}"},"mil5.1.3:7.6":{"pli":"Te tassa balavato vacanena tassa corassa hatthaṃ vā pādaṃ vā chinditvā jīvitaṃ rakkheyyuṃ. ","html":"{}"},"mil5.1.3:7.7":{"pli":"Api nu kho so, mahārāja, puriso evaṃ kārī tassa corassa kiccakārī assā”ti? ","html":"{}"},"mil5.1.3:7.8":{"pli":"“Jīvitadāyako so, bhante, puriso tassa corassa, jīvite dinne kiṃ tassa akataṃ nāma atthī”ti? ","html":"{}"},"mil5.1.3:7.9":{"pli":"“Yā pana hatthapādacchedane vedanā, so tāya vedanāya kiñci apuññaṃ āpajjeyyā”ti? ","html":"{}"},"mil5.1.3:7.10":{"pli":"“Attano katena so, bhante, coro dukkhavedanaṃ vedayati, jīvitadāyako pana puriso na kiñci apuññaṃ āpajjeyyā”ti. ","html":"{}"},"mil5.1.3:7.11":{"pli":"“Evameva kho, mahārāja, bhagavā kāruññena devadattaṃ pabbājesi ‘mama sāsane pabbajitassa dukkhaṃ pariyantakataṃ bhavissatī’ti. ","html":"{}"},"mil5.1.3:7.12":{"pli":"Pariyantakatañca, mahārāja, devadattassa dukkhaṃ, devadatto, mahārāja, maraṇakāle—","html":"{}</p>"},"mil5.1.3:8.1":{"pli":"‘Imehi aṭṭhīhi tamaggapuggalaṃ, ","html":"<blockquote class='gatha'><p><span class='verse-line'>{}</span>"},"mil5.1.3:8.2":{"pli":"Devātidevaṃ naradammasārathiṃ; ","html":"<span class='verse-line'>{}</span>"},"mil5.1.3:8.3":{"pli":"Samantacakkhuṃ satapuññalakkhaṇaṃ, ","html":"<span class='verse-line'>{}</span>"},"mil5.1.3:8.4":{"pli":"Pāṇehi buddhaṃ saraṇaṃ upemī’ti. ","html":"<span class='verse-line'>{}</span></p></blockquote>"},"mil5.1.3:9.1":{"pli":"Pāṇupetaṃ saraṇamagamāsi. ","html":"<p>{}"},"mil5.1.3:9.2":{"pli":"Devadatto, mahārāja, cha koṭṭhāse kate kappe atikkante paṭhamakoṭṭhāse saṅghaṃ bhindi, pañca koṭṭhāse niraye paccitvā tato muccitvā aṭṭhissaro nāma paccekabuddho bhavissati. ","html":"{}"},"mil5.1.3:9.3":{"pli":"Api nu kho so, mahārāja, bhagavā evaṃ kārī devadattassa kiccakārī assā”ti? ","html":"{}"},"mil5.1.3:9.4":{"pli":"“Sabbadado, bhante nāgasena, tathāgato devadattassa, yaṃ tathāgato devadattaṃ paccekabodhiṃ pāpessati, kiṃ tathāgatena devadattassa akataṃ nāma atthī”ti? ","html":"{}"},"mil5.1.3:9.5":{"pli":"“Yaṃ pana, mahārāja, devadatto saṅghaṃ bhinditvā niraye dukkhavedanaṃ vedayati, api nu kho bhagavā tatonidānaṃ kiñci apuññaṃ āpajjeyyā”ti? ","html":"{}"},"mil5.1.3:9.6":{"pli":"“Na hi, bhante, attanā katena, bhante, devadatto kappaṃ niraye paccati, dukkhapariyantakārako satthā na kiñci apuññaṃ āpajjatī”ti. ","html":"{}"},"mil5.1.3:9.7":{"pli":"“Imampi kho tvaṃ, mahārāja, kāraṇaṃ atthato sampaṭiccha, yena kāraṇena bhagavā devadattaṃ pabbājesi. ","html":"{}</p>"},"mil5.1.3:10.1":{"pli":"Aparampi, mahārāja, uttariṃ kāraṇaṃ suṇohi, yena kāraṇena bhagavā devadattaṃ pabbājesi. ","html":"<p>{}"},"mil5.1.3:10.2":{"pli":"Yathā, mahārāja, kusalo bhisakko sallakatto vātapittasemhasannipātautupariṇāmavisamaparihāraopakkamikopakkantaṃ pūtikuṇapaduggandhābhisañchannaṃ antosallaṃ susiragataṃ pubbaruhirasampuṇṇaṃ vaṇaṃ vūpasamento vaṇamukhaṃ kakkhaḷatikhiṇakhārakaṭukena bhesajjena anulimpati paripaccanāya, paripaccitvā mudubhāvamupagataṃ satthena vikantayitvā ḍahati salākāya, daḍḍhe khāralavaṇaṃ deti, bhesajjena anulimpati vaṇaruhanāya byādhitassa sotthibhāvamanuppattiyā, api nu kho so, mahārāja, bhisakko sallakatto ahitacitto bhesajjena anulimpati, satthena vikanteti, ḍahati salākāya, khāralavaṇaṃ detī”ti? ","html":"{}"},"mil5.1.3:10.3":{"pli":"“Na hi, bhante, hitacitto sotthikāmo tāni kiriyāni karotī”ti. ","html":"{}"},"mil5.1.3:10.4":{"pli":"“Yā panassa bhesajjakiriyākaraṇena uppannā dukkhavedanā, tatonidānaṃ so bhisakko sallakatto kiñci apuññaṃ āpajjeyyā”ti? ","html":"{}"},"mil5.1.3:10.5":{"pli":"“Hitacitto, bhante, sotthikāmo bhisakko sallakatto tāni kiriyāni karoti, kiṃ so tatonidānaṃ apuññaṃ āpajjeyya, saggagāmī so, bhante, bhisakko sallakatto”ti. ","html":"{}"},"mil5.1.3:10.6":{"pli":"“Evameva kho, mahārāja, kāruññena bhagavā devadattaṃ pabbājesi dukkhaparimuttiyā. ","html":"{}</p>"},"mil5.1.3:11.1":{"pli":"Aparampi, mahārāja, uttariṃ kāraṇaṃ suṇohi, yena kāraṇena bhagavā devadattaṃ pabbājesi. ","html":"<p>{}"},"mil5.1.3:11.2":{"pli":"Yathā, mahārāja, puriso kaṇṭakena viddho assa, athaññataro puriso tassa hitakāmo sotthikāmo tiṇhena kaṇṭakena vā satthamukhena vā samantato chinditvā paggharantena lohitena taṃ kaṇṭakaṃ nīhareyya, api nu kho so, mahārāja, puriso ahitakāmo taṃ kaṇṭakaṃ nīharatī”ti? ","html":"{}"},"mil5.1.3:11.3":{"pli":"“Na hi, bhante, hitakāmo so, bhante, puriso sotthikāmo taṃ kaṇṭakaṃ nīharati. ","html":"{}"},"mil5.1.3:11.4":{"pli":"Sace so, bhante, taṃ kaṇṭakaṃ na nīhareyya, maraṇaṃ vā so tena pāpuṇeyya maraṇamattaṃ vā dukkhan”ti. ","html":"{}"},"mil5.1.3:11.5":{"pli":"“Evameva kho, mahārāja, tathāgato kāruññena devadattaṃ pabbājesi dukkhaparimuttiyā. ","html":"{}"},"mil5.1.3:11.6":{"pli":"Sace, mahārāja, bhagavā devadattaṃ na pabbājeyya, kappakoṭisatasahassampi devadatto bhavaparamparāya niraye pacceyyā”ti. ","html":"{}</p>"},"mil5.1.3:12.1":{"pli":"“Anusotagāmiṃ, bhante nāgasena, devadattaṃ tathāgato paṭisotaṃ pāpesi, vipanthapaṭipannaṃ devadattaṃ panthe paṭipādesi, papāte patitassa devadattassa patiṭṭhaṃ adāsi, visamagataṃ devadattaṃ tathāgato samaṃ āropesi. ","html":"<p>{}"},"mil5.1.3:12.2":{"pli":"Ime ca, bhante nāgasena, hetū imāni ca kāraṇāni na sakkā aññena sandassetuṃ aññatra tavādisena buddhimatā”ti. ","html":"{}</p>"},"mil5.1.3:13.1":{"pli":"Devadattapabbajjapañho tatiyo. ","html":"<p class='endsutta'>{}</p></article>"}}}