{"id":"an1","type":"sub_book","title":"AN1","tree":{"an":{"an1":{"an1-cittapariyadanavagga":[{"an1.1-10":["an1.1","an1.2","an1.3","an1.4","an1.5","an1.6","an1.7","an1.8","an1.9","an1.10"]}],"an1-nivaranappahanavagga":[{"an1.11-20":["an1.11","an1.12","an1.13","an1.14","an1.15","an1.16","an1.17","an1.18","an1.19","an1.20"]}],"an1-akammaniyavagga":[{"an1.21-30":["an1.21","an1.22","an1.23","an1.24","an1.25","an1.26","an1.27","an1.28","an1.29","an1.30"]}],"an1-adantavagga":[{"an1.31-40":["an1.31","an1.32","an1.33","an1.34","an1.35","an1.36","an1.37","an1.38","an1.39","an1.40"]}],"an1-panihitaacchavagga":[{"an1.41-50":["an1.41","an1.42","an1.43","an1.44","an1.45","an1.46","an1.47","an1.48","an1.49","an1.50"]}],"an1-accharasanghatavagga":[{"an1.51-60":["an1.51","an1.52","an1.53","an1.54","an1.55","an1.56","an1.57","an1.58","an1.59","an1.60"]}],"an1-viriyarambhadivagga":[{"an1.61-70":["an1.61","an1.62","an1.63","an1.64","an1.65","an1.66","an1.67","an1.68","an1.69","an1.70"]}],"an1-kalyanamittadivagga":[{"an1.71-81":["an1.71","an1.72","an1.73","an1.74","an1.75","an1.76","an1.77","an1.78","an1.79","an1.80","an1.81"]}],"an1-pamadadivagga":[{"an1.82-97":["an1.82","an1.83","an1.84","an1.85","an1.86","an1.87","an1.88","an1.89","an1.90","an1.91","an1.92","an1.93","an1.94","an1.95","an1.96","an1.97"]}],"an1-dutiyapamadadivagga":[{"an1.98-139":["an1.98","an1.99","an1.100","an1.101","an1.102-109","an1.110","an1.111","an1.112","an1.113","an1.114","an1.115","an1.116","an1.117","an1.118-128","an1.129","an1.130","an1.131","an1.132-139"]}],"an1-adhammavagga":[{"an1.140-149":["an1.140","an1.141","an1.142-149"]}],"an1-anapattivagga":[{"an1.150-169":["an1.150","an1.151","an1.152-159","an1.160","an1.161","an1.162-169"]}],"an1-ekapuggalavagga":[{"an1.170-187":["an1.170","an1.171","an1.172","an1.173","an1.174","an1.175-186","an1.187"]}],"an1-etadaggavagga":[{"an1.188-197":["an1.188","an1.189","an1.190","an1.191","an1.192","an1.193","an1.194","an1.195","an1.196","an1.197"]},{"an1.198-208":["an1.198","an1.199","an1.200","an1.201","an1.202","an1.203","an1.204","an1.205","an1.206","an1.207","an1.208"]},{"an1.209-218":["an1.209","an1.210","an1.211","an1.212","an1.213","an1.214","an1.215","an1.216","an1.217","an1.218"]},{"an1.219-234":["an1.219","an1.220","an1.221","an1.222","an1.223","an1.224","an1.225","an1.226","an1.227","an1.228","an1.229","an1.230","an1.231","an1.232","an1.233","an1.234"]},{"an1.235-247":["an1.235","an1.236","an1.237","an1.238","an1.239","an1.240","an1.241","an1.242","an1.243","an1.244","an1.245","an1.246","an1.247"]},{"an1.248-257":["an1.248","an1.249","an1.250","an1.251","an1.252","an1.253","an1.254","an1.255","an1.256","an1.257"]},"an1.258-267"],"an1-atthana":[{"an1.268-277":["an1.268","an1.269","an1.270","an1.271","an1.272","an1.273","an1.274","an1.275","an1.276","an1.277"]},{"an1.278-286":["an1.278","an1.279","an1.280","an1.281-283","an1.284","an1.285-286"]},{"an1.287-295":["an1.287","an1.288-289","an1.290","an1.291-292","an1.293","an1.294-295"]}],"an1-ekadhamma":[{"an1.296-305":["an1.296","an1.297-305"]},{"an1.306-315":["an1.306","an1.307","an1.308","an1.309","an1.310","an1.311","an1.312","an1.313","an1.314","an1.315"]},{"an1.316-332":["an1.316","an1.317","an1.318","an1.319","an1.320","an1.321","an1.322","an1.323","an1.324","an1.325","an1.326","an1.327","an1.328","an1.329"]},{"an1.333-377":["an1.333","an1.334","an1.335","an1.336","an1.337","an1.338","an1.339","an1.340","an1.341","an1.342","an1.343","an1.344","an1.345","an1.346","an1.347","an1.347-349","an1.350-352","an1.353-355","an1.356-358","an1.359-361","an1.362-364","an1.365-367","an1.368-370","an1.371-373","an1.374-377"]}],"an1-pasadakaradhammavagga":["an1.378-393"],"an1-aparaaccharasanghatavagga":[{"an1.394-574":["an1.394","an1.395-401","an1.402-405","an1.406-409","an1.410-413","an1.414-418","an1.419-423","an1.424-430","an1.431-438","an1.439-446","an1.447-454","an1.455-464","an1.465-474","an1.475-484","an1.485-494","an1.495-574"]}],"an1-kayagatasativagga":[{"an1.575-615":["an1.575","an1.576-582","an1.583","an1.584","an1.585","an1.586-590","an1.591-592","an1.593-595","an1.596-599","an1.600-615"]}],"an1-amatavagga":[{"an1.616-627":["an1.616","an1.617","an1.618","an1.619","an1.620","an1.621","an1.622","an1.623","an1.624","an1.625","an1.626","an1.627"]}]}}},"meta":{"an1.61-70":{"type":"leaf","acronym":"AN 1.61–70","translated_title":"Arousing Energy","original_title":"Vīriyārambhādivagga","author_uid":"sujato","nav":{"prev":"an1.51-60","next":"an1.71-81"},"chunk":4},"an1.503":{"type":"alias","target_uid":"an1.394-574","hash_id":"an1.495-574"},"an1.577":{"type":"alias","target_uid":"an1.575-615","hash_id":"an1.576-582"},"an1.271":{"type":"subleaf","acronym":"AN 1.271","nav":{"prev":"an1.270","next":"an1.272"},"chunk":1,"extract_id":"an1.271","parent_uid":"an1.268-277"},"an1.364":{"type":"alias","target_uid":"an1.333-377","hash_id":"an1.362-364"},"an1.349":{"type":"alias","target_uid":"an1.333-377","hash_id":"an1.347-349"},"an1.371-373":{"type":"subleaf","acronym":"AN 1.371–373","nav":{"prev":"an1.368-370","next":"an1.374-377"},"chunk":2,"extract_id":"an1.371-373","parent_uid":"an1.333-377"},"an1.497":{"type":"alias","target_uid":"an1.394-574","hash_id":"an1.495-574"},"an1.392":{"type":"alias","target_uid":"an1.378-393"},"an1.28":{"type":"subleaf","acronym":"AN 1.28","nav":{"prev":"an1.27","next":"an1.29"},"chunk":1,"extract_id":"an1.28","parent_uid":"an1.21-30"},"an1.142":{"type":"alias","target_uid":"an1.140-149","hash_id":"an1.142-149"},"an1.582":{"type":"alias","target_uid":"an1.575-615","hash_id":"an1.576-582"},"an1.261":{"type":"alias","target_uid":"an1.258-267"},"an1.365-367":{"type":"subleaf","acronym":"AN 1.365–367","nav":{"prev":"an1.362-364","next":"an1.368-370"},"chunk":2,"extract_id":"an1.365-367","parent_uid":"an1.333-377"},"an1.434":{"type":"alias","target_uid":"an1.394-574","hash_id":"an1.431-438"},"an1.199":{"type":"subleaf","acronym":"AN 1.199","nav":{"prev":"an1.198","next":"an1.200"},"chunk":0,"extract_id":"an1.199","parent_uid":"an1.198-208"},"an1.449":{"type":"alias","target_uid":"an1.394-574","hash_id":"an1.447-454"},"an1.576-582":{"type":"subleaf","acronym":"AN 1.576–582","nav":{"prev":"an1.575","next":"an1.583"},"chunk":4,"extract_id":"an1.576-582","parent_uid":"an1.575-615"},"an1.363":{"type":"alias","target_uid":"an1.333-377","hash_id":"an1.362-364"},"an1.455-464":{"type":"subleaf","acronym":"AN 1.455–464","nav":{"prev":"an1.447-454","next":"an1.465-474"},"chunk":3,"extract_id":"an1.455-464","parent_uid":"an1.394-574"},"an1.87":{"type":"subleaf","acronym":"AN 1.87","nav":{"prev":"an1.86","next":"an1.88"},"chunk":5,"extract_id":"an1.87","parent_uid":"an1.82-97"},"an1.274":{"type":"subleaf","acronym":"AN 1.274","nav":{"prev":"an1.273","next":"an1.275"},"chunk":1,"extract_id":"an1.274","parent_uid":"an1.268-277"},"an1.138":{"type":"alias","target_uid":"an1.98-139","hash_id":"an1.132-139"},"an1.145":{"type":"alias","target_uid":"an1.140-149","hash_id":"an1.142-149"},"an1.302":{"type":"alias","target_uid":"an1.296-305","hash_id":"an1.297-305"},"an1.109":{"type":"alias","target_uid":"an1.98-139","hash_id":"an1.102-109"},"an1-pamadadivagga":{"type":"branch","translated_title":"The Chapter on Negligence","original_title":"Pamādādivagga","nav":{"prev":"an1-kalyanamittadivagga","next":"an1-dutiyapamadadivagga"}},"an1.602":{"type":"alias","target_uid":"an1.575-615","hash_id":"an1.600-615"},"an1.318":{"type":"subleaf","acronym":"AN 1.318","nav":{"prev":"an1.317","next":"an1.319"},"chunk":2,"extract_id":"an1.318","parent_uid":"an1.316-332"},"an1.350":{"type":"alias","target_uid":"an1.333-377","hash_id":"an1.350-352"},"an1.10":{"type":"subleaf","acronym":"AN 1.10","nav":{"prev":"an1.9","next":"an1.11-20"},"chunk":0,"extract_id":"an1.10","parent_uid":"an1.1-10"},"an1.198":{"type":"subleaf","acronym":"AN 1.198","nav":{"prev":"an1.188-197","next":"an1.199"},"chunk":0,"extract_id":"an1.198","parent_uid":"an1.198-208"},"an1.51-60":{"type":"leaf","acronym":"AN 1.51–60","translated_title":"Finger-Snap","original_title":"Accharāsaṅghātavagga","author_uid":"sujato","nav":{"prev":"an1.41-50","next":"an1.61-70"},"chunk":3},"an1.412":{"type":"alias","target_uid":"an1.394-574","hash_id":"an1.410-413"},"an1-kayagatasativagga":{"type":"branch","translated_title":"The Chapter on Mindfulness of the Body","original_title":"Kāyagatāsativagga","nav":{"prev":"an1-aparaaccharasanghatavagga","next":"an1-amatavagga"}},"an1.314":{"type":"subleaf","acronym":"AN 1.314","nav":{"prev":"an1.313","next":"an1.315"},"chunk":2,"extract_id":"an1.314","parent_uid":"an1.306-315"},"an1.275":{"type":"subleaf","acronym":"AN 1.275","nav":{"prev":"an1.274","next":"an1.276"},"chunk":1,"extract_id":"an1.275","parent_uid":"an1.268-277"},"an1.64":{"type":"subleaf","acronym":"AN 1.64","nav":{"prev":"an1.63","next":"an1.65"},"chunk":4,"extract_id":"an1.64","parent_uid":"an1.61-70"},"an1.102-109":{"type":"subleaf","acronym":"AN 1.102–109","nav":{"prev":"an1.101","next":"an1.110"},"chunk":5,"extract_id":"an1.102-109","parent_uid":"an1.98-139"},"an1.409":{"type":"alias","target_uid":"an1.394-574","hash_id":"an1.406-409"},"an1.599":{"type":"alias","target_uid":"an1.575-615","hash_id":"an1.596-599"},"an1.163":{"type":"alias","target_uid":"an1.150-169","hash_id":"an1.162-169"},"an1.15":{"type":"subleaf","acronym":"AN 1.15","nav":{"prev":"an1.14","next":"an1.16"},"chunk":0,"extract_id":"an1.15","parent_uid":"an1.11-20"},"an1.100":{"type":"subleaf","acronym":"AN 1.100","nav":{"prev":"an1.99","next":"an1.101"},"chunk":5,"extract_id":"an1.100","parent_uid":"an1.98-139"},"an1.159":{"type":"alias","target_uid":"an1.150-169","hash_id":"an1.152-159"},"an1.226":{"type":"subleaf","acronym":"AN 1.226","nav":{"prev":"an1.225","next":"an1.227"},"chunk":1,"extract_id":"an1.226","parent_uid":"an1.219-234"},"an1.541":{"type":"alias","target_uid":"an1.394-574","hash_id":"an1.495-574"},"an1.553":{"type":"alias","target_uid":"an1.394-574","hash_id":"an1.495-574"},"an1.343":{"type":"subleaf","acronym":"AN 1.343","nav":{"prev":"an1.342","next":"an1.344"},"chunk":2,"extract_id":"an1.343","parent_uid":"an1.333-377"},"an1.378-393":{"type":"leaf","acronym":"AN 1.378–393","translated_title":"Inspiring Qualities","original_title":"Pasādakaradhammavagga","author_uid":"sujato","nav":{"prev":"an1.333-377","next":"an1.394-574"},"chunk":3},"an1.104":{"type":"alias","target_uid":"an1.98-139","hash_id":"an1.102-109"},"an1.273":{"type":"subleaf","acronym":"AN 1.273","nav":{"prev":"an1.272","next":"an1.274"},"chunk":1,"extract_id":"an1.273","parent_uid":"an1.268-277"},"an1.51":{"type":"subleaf","acronym":"AN 1.51","nav":{"prev":"an1.41-50","next":"an1.52"},"chunk":3,"extract_id":"an1.51","parent_uid":"an1.51-60"},"an1.424-430":{"type":"subleaf","acronym":"AN 1.424–430","nav":{"prev":"an1.419-423","next":"an1.431-438"},"chunk":3,"extract_id":"an1.424-430","parent_uid":"an1.394-574"},"an1.250":{"type":"subleaf","acronym":"AN 1.250","nav":{"prev":"an1.249","next":"an1.251"},"chunk":1,"extract_id":"an1.250","parent_uid":"an1.248-257"},"an1.238":{"type":"subleaf","acronym":"AN 1.238","nav":{"prev":"an1.237","next":"an1.239"},"chunk":1,"extract_id":"an1.238","parent_uid":"an1.235-247"},"an1.546":{"type":"alias","target_uid":"an1.394-574","hash_id":"an1.495-574"},"an1.552":{"type":"alias","target_uid":"an1.394-574","hash_id":"an1.495-574"},"an1.333-377":{"type":"leaf","acronym":"AN 1.333–377","translated_title":"Chapter Four","original_title":"Catutthavagga","author_uid":"sujato","nav":{"prev":"an1.316-332","next":"an1.378-393"},"chunk":2},"an1.204":{"type":"subleaf","acronym":"AN 1.204","nav":{"prev":"an1.203","next":"an1.205"},"chunk":0,"extract_id":"an1.204","parent_uid":"an1.198-208"},"an1.447":{"type":"alias","target_uid":"an1.394-574","hash_id":"an1.447-454"},"an1.69":{"type":"subleaf","acronym":"AN 1.69","nav":{"prev":"an1.68","next":"an1.70"},"chunk":4,"extract_id":"an1.69","parent_uid":"an1.61-70"},"an1.27":{"type":"subleaf","acronym":"AN 1.27","nav":{"prev":"an1.26","next":"an1.28"},"chunk":1,"extract_id":"an1.27","parent_uid":"an1.21-30"},"an1.465-474":{"type":"subleaf","acronym":"AN 1.465–474","nav":{"prev":"an1.455-464","next":"an1.475-484"},"chunk":3,"extract_id":"an1.465-474","parent_uid":"an1.394-574"},"an1.235":{"type":"subleaf","acronym":"AN 1.235","nav":{"prev":"an1.219-234","next":"an1.236"},"chunk":1,"extract_id":"an1.235","parent_uid":"an1.235-247"},"an1.157":{"type":"alias","target_uid":"an1.150-169","hash_id":"an1.152-159"},"an1.421":{"type":"alias","target_uid":"an1.394-574","hash_id":"an1.419-423"},"an1.279":{"type":"subleaf","acronym":"AN 1.279","nav":{"prev":"an1.278","next":"an1.280"},"chunk":1,"extract_id":"an1.279","parent_uid":"an1.278-286"},"an1.561":{"type":"alias","target_uid":"an1.394-574","hash_id":"an1.495-574"},"an1.381":{"type":"alias","target_uid":"an1.378-393"},"an1.29":{"type":"subleaf","acronym":"AN 1.29","nav":{"prev":"an1.28","next":"an1.30"},"chunk":1,"extract_id":"an1.29","parent_uid":"an1.21-30"},"an1.411":{"type":"alias","target_uid":"an1.394-574","hash_id":"an1.410-413"},"an1.102":{"type":"alias","target_uid":"an1.98-139","hash_id":"an1.102-109"},"an1.40":{"type":"subleaf","acronym":"AN 1.40","nav":{"prev":"an1.39","next":"an1.41-50"},"chunk":2,"extract_id":"an1.40","parent_uid":"an1.31-40"},"an1.329":{"type":"subleaf","acronym":"AN 1.329","nav":{"prev":"an1.328","next":"an1.333-377"},"chunk":2,"extract_id":"an1.329","parent_uid":"an1.316-332"},"an1.356":{"type":"alias","target_uid":"an1.333-377","hash_id":"an1.356-358"},"an1.129":{"type":"subleaf","acronym":"AN 1.129","nav":{"prev":"an1.118-128","next":"an1.130"},"chunk":5,"extract_id":"an1.129","parent_uid":"an1.98-139"},"an1.248-257":{"type":"leaf","acronym":"AN 1.248–257","translated_title":"Chapter Six","original_title":"Chaṭṭhavagga","author_uid":"sujato","nav":{"prev":"an1.235-247","next":"an1.258-267"},"chunk":1},"an1.325":{"type":"subleaf","acronym":"AN 1.325","nav":{"prev":"an1.324","next":"an1.326"},"chunk":2,"extract_id":"an1.325","parent_uid":"an1.316-332"},"an1.140":{"type":"subleaf","acronym":"AN 1.140","nav":{"prev":"an1.98-139","next":"an1.141"},"chunk":0,"extract_id":"an1.140","parent_uid":"an1.140-149"},"an1.348":{"type":"alias","target_uid":"an1.333-377","hash_id":"an1.347-349"},"an1.262":{"type":"alias","target_uid":"an1.258-267"},"an1.326":{"type":"subleaf","acronym":"AN 1.326","nav":{"prev":"an1.325","next":"an1.327"},"chunk":2,"extract_id":"an1.326","parent_uid":"an1.316-332"},"an1.431":{"type":"alias","target_uid":"an1.394-574","hash_id":"an1.431-438"},"an1.327":{"type":"subleaf","acronym":"AN 1.327","nav":{"prev":"an1.326","next":"an1.328"},"chunk":2,"extract_id":"an1.327","parent_uid":"an1.316-332"},"an1.71":{"type":"subleaf","acronym":"AN 1.71","nav":{"prev":"an1.61-70","next":"an1.72"},"chunk":4,"extract_id":"an1.71","parent_uid":"an1.71-81"},"an1.427":{"type":"alias","target_uid":"an1.394-574","hash_id":"an1.424-430"},"an1.563":{"type":"alias","target_uid":"an1.394-574","hash_id":"an1.495-574"},"an1.373":{"type":"alias","target_uid":"an1.333-377","hash_id":"an1.371-373"},"an1.122":{"type":"alias","target_uid":"an1.98-139","hash_id":"an1.118-128"},"an1.425":{"type":"alias","target_uid":"an1.394-574","hash_id":"an1.424-430"},"an1.372":{"type":"alias","target_uid":"an1.333-377","hash_id":"an1.371-373"},"an1.287-295":{"type":"leaf","acronym":"AN 1.287–295","translated_title":"Chapter Three","original_title":"Tatiyavagga","author_uid":"sujato","nav":{"prev":"an1.278-286","next":"an1.296-305"},"chunk":1},"an1.1-10":{"type":"leaf","acronym":"AN 1.1–10","translated_title":"What Occupies the Mind","original_title":"Cittapariyādānavagga","author_uid":"sujato","nav":{"next":"an1.11-20"},"chunk":0},"an1.382":{"type":"alias","target_uid":"an1.378-393"},"an1.362-364":{"type":"subleaf","acronym":"AN 1.362–364","nav":{"prev":"an1.359-361","next":"an1.365-367"},"chunk":2,"extract_id":"an1.362-364","parent_uid":"an1.333-377"},"an1.431-438":{"type":"subleaf","acronym":"AN 1.431–438","nav":{"prev":"an1.424-430","next":"an1.439-446"},"chunk":3,"extract_id":"an1.431-438","parent_uid":"an1.394-574"},"an1.206":{"type":"subleaf","acronym":"AN 1.206","nav":{"prev":"an1.205","next":"an1.207"},"chunk":0,"extract_id":"an1.206","parent_uid":"an1.198-208"},"an1.402-405":{"type":"subleaf","acronym":"AN 1.402–405","nav":{"prev":"an1.395-401","next":"an1.406-409"},"chunk":3,"extract_id":"an1.402-405","parent_uid":"an1.394-574"},"an1.53":{"type":"subleaf","acronym":"AN 1.53","nav":{"prev":"an1.52","next":"an1.54"},"chunk":3,"extract_id":"an1.53","parent_uid":"an1.51-60"},"an1.432":{"type":"alias","target_uid":"an1.394-574","hash_id":"an1.431-438"},"an1.208":{"type":"subleaf","acronym":"AN 1.208","nav":{"prev":"an1.207","next":"an1.209-218"},"chunk":0,"extract_id":"an1.208","parent_uid":"an1.198-208"},"an1-cittapariyadanavagga":{"type":"branch","translated_title":"The Chapter on What Occupies the Mind","original_title":"Cittapariyādānavagga","nav":{"next":"an1-nivaranappahanavagga"}},"an1.114":{"type":"subleaf","acronym":"AN 1.114","nav":{"prev":"an1.113","next":"an1.115"},"chunk":5,"extract_id":"an1.114","parent_uid":"an1.98-139"},"an1.173":{"type":"subleaf","acronym":"AN 1.173","nav":{"prev":"an1.172","next":"an1.174"},"chunk":0,"extract_id":"an1.173","parent_uid":"an1.170-187"},"an1.170":{"type":"subleaf","acronym":"AN 1.170","nav":{"prev":"an1.150-169","next":"an1.171"},"chunk":0,"extract_id":"an1.170","parent_uid":"an1.170-187"},"an1.545":{"type":"alias","target_uid":"an1.394-574","hash_id":"an1.495-574"},"an1.34":{"type":"subleaf","acronym":"AN 1.34","nav":{"prev":"an1.33","next":"an1.35"},"chunk":2,"extract_id":"an1.34","parent_uid":"an1.31-40"},"an1.200":{"type":"subleaf","acronym":"AN 1.200","nav":{"prev":"an1.199","next":"an1.201"},"chunk":0,"extract_id":"an1.200","parent_uid":"an1.198-208"},"an1.536":{"type":"alias","target_uid":"an1.394-574","hash_id":"an1.495-574"},"an1.551":{"type":"alias","target_uid":"an1.394-574","hash_id":"an1.495-574"},"an1.82-97":{"type":"leaf","acronym":"AN 1.82–97","translated_title":"Negligence","original_title":"Pamādādivagga","author_uid":"sujato","nav":{"prev":"an1.71-81","next":"an1.98-139"},"chunk":5},"an1.468":{"type":"alias","target_uid":"an1.394-574","hash_id":"an1.465-474"},"an1.360":{"type":"alias","target_uid":"an1.333-377","hash_id":"an1.359-361"},"an1.231":{"type":"subleaf","acronym":"AN 1.231","nav":{"prev":"an1.230","next":"an1.232"},"chunk":1,"extract_id":"an1.231","parent_uid":"an1.219-234"},"an1-accharasanghatavagga":{"type":"branch","translated_title":"The Chapter on a Finger-Snap","original_title":"Accharāsaṅghātavagga","nav":{"prev":"an1-panihitaacchavagga","next":"an1-viriyarambhadivagga"}},"an1.322":{"type":"subleaf","acronym":"AN 1.322","nav":{"prev":"an1.321","next":"an1.323"},"chunk":2,"extract_id":"an1.322","parent_uid":"an1.316-332"},"an1.540":{"type":"alias","target_uid":"an1.394-574","hash_id":"an1.495-574"},"an1.181":{"type":"alias","target_uid":"an1.170-187","hash_id":"an1.175-186"},"an1.394":{"type":"subleaf","acronym":"AN 1.394","nav":{"prev":"an1.378-393","next":"an1.395-401"},"chunk":3,"extract_id":"an1.394","parent_uid":"an1.394-574"},"an1.516":{"type":"alias","target_uid":"an1.394-574","hash_id":"an1.495-574"},"an1.79":{"type":"subleaf","acronym":"AN 1.79","nav":{"prev":"an1.78","next":"an1.80"},"chunk":4,"extract_id":"an1.79","parent_uid":"an1.71-81"},"an1.289":{"type":"alias","target_uid":"an1.287-295","hash_id":"an1.288-289"},"an1.95":{"type":"subleaf","acronym":"AN 1.95","nav":{"prev":"an1.94","next":"an1.96"},"chunk":5,"extract_id":"an1.95","parent_uid":"an1.82-97"},"an1.590":{"type":"alias","target_uid":"an1.575-615","hash_id":"an1.586-590"},"an1.593":{"type":"alias","target_uid":"an1.575-615","hash_id":"an1.593-595"},"an1.131":{"type":"subleaf","acronym":"AN 1.131","nav":{"prev":"an1.130","next":"an1.132-139"},"chunk":5,"extract_id":"an1.131","parent_uid":"an1.98-139"},"an1.526":{"type":"alias","target_uid":"an1.394-574","hash_id":"an1.495-574"},"an1.21-30":{"type":"leaf","acronym":"AN 1.21–30","translated_title":"Useless","original_title":"Akammaniyavagga","author_uid":"sujato","nav":{"prev":"an1.11-20","next":"an1.31-40"},"chunk":1},"an1.350-352":{"type":"subleaf","acronym":"AN 1.350–352","nav":{"prev":"an1.347-349","next":"an1.353-355"},"chunk":2,"extract_id":"an1.350-352","parent_uid":"an1.333-377"},"an1.174":{"type":"subleaf","acronym":"AN 1.174","nav":{"prev":"an1.173","next":"an1.175-186"},"chunk":0,"extract_id":"an1.174","parent_uid":"an1.170-187"},"an1.366":{"type":"alias","target_uid":"an1.333-377","hash_id":"an1.365-367"},"an1.383":{"type":"alias","target_uid":"an1.378-393"},"an1.387":{"type":"alias","target_uid":"an1.378-393"},"an1.572":{"type":"alias","target_uid":"an1.394-574","hash_id":"an1.495-574"},"an1.336":{"type":"subleaf","acronym":"AN 1.336","nav":{"prev":"an1.335","next":"an1.337"},"chunk":2,"extract_id":"an1.336","parent_uid":"an1.333-377"},"an1.281":{"type":"alias","target_uid":"an1.278-286","hash_id":"an1.281-283"},"an1.456":{"type":"alias","target_uid":"an1.394-574","hash_id":"an1.455-464"},"an1-dutiyapamadadivagga":{"type":"branch","translated_title":"The Chapter on Negligence (2nd)","original_title":"Dutiyapamādādivagga","nav":{"prev":"an1-pamadadivagga","next":"an1-adhammavagga"}},"an1.155":{"type":"alias","target_uid":"an1.150-169","hash_id":"an1.152-159"},"an1.447-454":{"type":"subleaf","acronym":"AN 1.447–454","nav":{"prev":"an1.439-446","next":"an1.455-464"},"chunk":3,"extract_id":"an1.447-454","parent_uid":"an1.394-574"},"an1.312":{"type":"subleaf","acronym":"AN 1.312","nav":{"prev":"an1.311","next":"an1.313"},"chunk":2,"extract_id":"an1.312","parent_uid":"an1.306-315"},"an1.492":{"type":"alias","target_uid":"an1.394-574","hash_id":"an1.485-494"},"an1.47":{"type":"subleaf","acronym":"AN 1.47","nav":{"prev":"an1.46","next":"an1.48"},"chunk":3,"extract_id":"an1.47","parent_uid":"an1.41-50"},"an1.362":{"type":"alias","target_uid":"an1.333-377","hash_id":"an1.362-364"},"an1.98-139":{"type":"leaf","acronym":"AN 1.98–139","translated_title":"Negligence (2nd)","original_title":"Dutiyapamādādivagga","author_uid":"sujato","nav":{"prev":"an1.82-97","next":"an1.140-149"},"chunk":5},"an1.395":{"type":"alias","target_uid":"an1.394-574","hash_id":"an1.395-401"},"an1.144":{"type":"alias","target_uid":"an1.140-149","hash_id":"an1.142-149"},"an1.48":{"type":"subleaf","acronym":"AN 1.48","nav":{"prev":"an1.47","next":"an1.49"},"chunk":3,"extract_id":"an1.48","parent_uid":"an1.41-50"},"an1.473":{"type":"alias","target_uid":"an1.394-574","hash_id":"an1.465-474"},"an1.130":{"type":"subleaf","acronym":"AN 1.130","nav":{"prev":"an1.129","next":"an1.131"},"chunk":5,"extract_id":"an1.130","parent_uid":"an1.98-139"},"an1.410":{"type":"alias","target_uid":"an1.394-574","hash_id":"an1.410-413"},"an1.495-574":{"type":"subleaf","acronym":"AN 1.495–574","nav":{"prev":"an1.485-494","next":"an1.575-615"},"chunk":3,"extract_id":"an1.495-574","parent_uid":"an1.394-574"},"an1.618":{"type":"subleaf","acronym":"AN 1.618","nav":{"prev":"an1.617","next":"an1.619"},"chunk":4,"extract_id":"an1.618","parent_uid":"an1.616-627"},"an1.257":{"type":"subleaf","acronym":"AN 1.257","nav":{"prev":"an1.256","next":"an1.258-267"},"chunk":1,"extract_id":"an1.257","parent_uid":"an1.248-257"},"an1.88":{"type":"subleaf","acronym":"AN 1.88","nav":{"prev":"an1.87","next":"an1.89"},"chunk":5,"extract_id":"an1.88","parent_uid":"an1.82-97"},"an1.168":{"type":"alias","target_uid":"an1.150-169","hash_id":"an1.162-169"},"an1.569":{"type":"alias","target_uid":"an1.394-574","hash_id":"an1.495-574"},"an1.176":{"type":"alias","target_uid":"an1.170-187","hash_id":"an1.175-186"},"an1.485":{"type":"alias","target_uid":"an1.394-574","hash_id":"an1.485-494"},"an1.374":{"type":"alias","target_uid":"an1.333-377","hash_id":"an1.374-377"},"an1.470":{"type":"alias","target_uid":"an1.394-574","hash_id":"an1.465-474"},"an1.591-592":{"type":"subleaf","acronym":"AN 1.591–592","nav":{"prev":"an1.586-590","next":"an1.593-595"},"chunk":4,"extract_id":"an1.591-592","parent_uid":"an1.575-615"},"an1.580":{"type":"alias","target_uid":"an1.575-615","hash_id":"an1.576-582"},"an1.386":{"type":"alias","target_uid":"an1.378-393"},"an1.521":{"type":"alias","target_uid":"an1.394-574","hash_id":"an1.495-574"},"an1.220":{"type":"subleaf","acronym":"AN 1.220","nav":{"prev":"an1.219","next":"an1.221"},"chunk":1,"extract_id":"an1.220","parent_uid":"an1.219-234"},"an1.115":{"type":"subleaf","acronym":"AN 1.115","nav":{"prev":"an1.114","next":"an1.116"},"chunk":5,"extract_id":"an1.115","parent_uid":"an1.98-139"},"an1.301":{"type":"alias","target_uid":"an1.296-305","hash_id":"an1.297-305"},"an1.164":{"type":"alias","target_uid":"an1.150-169","hash_id":"an1.162-169"},"an1.533":{"type":"alias","target_uid":"an1.394-574","hash_id":"an1.495-574"},"an1.490":{"type":"alias","target_uid":"an1.394-574","hash_id":"an1.485-494"},"an1.32":{"type":"subleaf","acronym":"AN 1.32","nav":{"prev":"an1.31","next":"an1.33"},"chunk":2,"extract_id":"an1.32","parent_uid":"an1.31-40"},"an1.529":{"type":"alias","target_uid":"an1.394-574","hash_id":"an1.495-574"},"an1-anapattivagga":{"type":"branch","translated_title":"The Chapter on Non-offense","original_title":"Anāpattivagga","nav":{"prev":"an1-adhammavagga","next":"an1-ekapuggalavagga"}},"an1.517":{"type":"alias","target_uid":"an1.394-574","hash_id":"an1.495-574"},"an1.12":{"type":"subleaf","acronym":"AN 1.12","nav":{"prev":"an1.11","next":"an1.13"},"chunk":0,"extract_id":"an1.12","parent_uid":"an1.11-20"},"an1.306-315":{"type":"leaf","acronym":"AN 1.306–315","translated_title":"Chapter Two","original_title":"Dutiyavagga","author_uid":"sujato","nav":{"prev":"an1.296-305","next":"an1.316-332"},"chunk":2},"an1.8":{"type":"subleaf","acronym":"AN 1.8","nav":{"prev":"an1.7","next":"an1.9"},"chunk":0,"extract_id":"an1.8","parent_uid":"an1.1-10"},"an1.355":{"type":"alias","target_uid":"an1.333-377","hash_id":"an1.353-355"},"an1.328":{"type":"subleaf","acronym":"AN 1.328","nav":{"prev":"an1.327","next":"an1.329"},"chunk":2,"extract_id":"an1.328","parent_uid":"an1.316-332"},"an1.611":{"type":"alias","target_uid":"an1.575-615","hash_id":"an1.600-615"},"an1.230":{"type":"subleaf","acronym":"AN 1.230","nav":{"prev":"an1.229","next":"an1.231"},"chunk":1,"extract_id":"an1.230","parent_uid":"an1.219-234"},"an1.583":{"type":"subleaf","acronym":"AN 1.583","nav":{"prev":"an1.576-582","next":"an1.584"},"chunk":4,"extract_id":"an1.583","parent_uid":"an1.575-615"},"an1.491":{"type":"alias","target_uid":"an1.394-574","hash_id":"an1.485-494"},"an1.78":{"type":"subleaf","acronym":"AN 1.78","nav":{"prev":"an1.77","next":"an1.79"},"chunk":4,"extract_id":"an1.78","parent_uid":"an1.71-81"},"an1.123":{"type":"alias","target_uid":"an1.98-139","hash_id":"an1.118-128"},"an1.323":{"type":"subleaf","acronym":"AN 1.323","nav":{"prev":"an1.322","next":"an1.324"},"chunk":2,"extract_id":"an1.323","parent_uid":"an1.316-332"},"an1.393":{"type":"alias","target_uid":"an1.378-393"},"an1.367":{"type":"alias","target_uid":"an1.333-377","hash_id":"an1.365-367"},"an1.209-218":{"type":"leaf","acronym":"AN 1.209–218","translated_title":"Chapter Three","original_title":"Tatiyavagga","author_uid":"sujato","nav":{"prev":"an1.198-208","next":"an1.219-234"},"chunk":0},"an1.219-234":{"type":"leaf","acronym":"AN 1.219–234","translated_title":"Chapter Four","original_title":"Catutthavagga","author_uid":"sujato","nav":{"prev":"an1.209-218","next":"an1.235-247"},"chunk":1},"an1.5":{"type":"subleaf","acronym":"AN 1.5","nav":{"prev":"an1.4","next":"an1.6"},"chunk":0,"extract_id":"an1.5","parent_uid":"an1.1-10"},"an1.13":{"type":"subleaf","acronym":"AN 1.13","nav":{"prev":"an1.12","next":"an1.14"},"chunk":0,"extract_id":"an1.13","parent_uid":"an1.11-20"},"an1.41":{"type":"subleaf","acronym":"AN 1.41","nav":{"prev":"an1.31-40","next":"an1.42"},"chunk":3,"extract_id":"an1.41","parent_uid":"an1.41-50"},"an1.475":{"type":"alias","target_uid":"an1.394-574","hash_id":"an1.475-484"},"an1.9":{"type":"subleaf","acronym":"AN 1.9","nav":{"prev":"an1.8","next":"an1.10"},"chunk":0,"extract_id":"an1.9","parent_uid":"an1.1-10"},"an1.402":{"type":"alias","target_uid":"an1.394-574","hash_id":"an1.402-405"},"an1.134":{"type":"alias","target_uid":"an1.98-139","hash_id":"an1.132-139"},"an1.547":{"type":"alias","target_uid":"an1.394-574","hash_id":"an1.495-574"},"an1.162-169":{"type":"subleaf","acronym":"AN 1.162–169","nav":{"prev":"an1.161","next":"an1.170-187"},"chunk":0,"extract_id":"an1.162-169","parent_uid":"an1.150-169"},"an1.375":{"type":"alias","target_uid":"an1.333-377","hash_id":"an1.374-377"},"an1.424":{"type":"alias","target_uid":"an1.394-574","hash_id":"an1.424-430"},"an1.624":{"type":"subleaf","acronym":"AN 1.624","nav":{"prev":"an1.623","next":"an1.625"},"chunk":4,"extract_id":"an1.624","parent_uid":"an1.616-627"},"an1.371":{"type":"alias","target_uid":"an1.333-377","hash_id":"an1.371-373"},"an1.56":{"type":"subleaf","acronym":"AN 1.56","nav":{"prev":"an1.55","next":"an1.57"},"chunk":3,"extract_id":"an1.56","parent_uid":"an1.51-60"},"an1.353-355":{"type":"subleaf","acronym":"AN 1.353–355","nav":{"prev":"an1.350-352","next":"an1.356-358"},"chunk":2,"extract_id":"an1.353-355","parent_uid":"an1.333-377"},"an1.147":{"type":"alias","target_uid":"an1.140-149","hash_id":"an1.142-149"},"an1.59":{"type":"subleaf","acronym":"AN 1.59","nav":{"prev":"an1.58","next":"an1.60"},"chunk":3,"extract_id":"an1.59","parent_uid":"an1.51-60"},"an1.406":{"type":"alias","target_uid":"an1.394-574","hash_id":"an1.406-409"},"an1.352":{"type":"alias","target_uid":"an1.333-377","hash_id":"an1.350-352"},"an1.370":{"type":"alias","target_uid":"an1.333-377","hash_id":"an1.368-370"},"an1.437":{"type":"alias","target_uid":"an1.394-574","hash_id":"an1.431-438"},"an1.287":{"type":"subleaf","acronym":"AN 1.287","nav":{"prev":"an1.278-286","next":"an1.288-289"},"chunk":1,"extract_id":"an1.287","parent_uid":"an1.287-295"},"an1.623":{"type":"subleaf","acronym":"AN 1.623","nav":{"prev":"an1.622","next":"an1.624"},"chunk":4,"extract_id":"an1.623","parent_uid":"an1.616-627"},"an1.419-423":{"type":"subleaf","acronym":"AN 1.419–423","nav":{"prev":"an1.414-418","next":"an1.424-430"},"chunk":3,"extract_id":"an1.419-423","parent_uid":"an1.394-574"},"an1.567":{"type":"alias","target_uid":"an1.394-574","hash_id":"an1.495-574"},"an1.548":{"type":"alias","target_uid":"an1.394-574","hash_id":"an1.495-574"},"an1.190":{"type":"subleaf","acronym":"AN 1.190","nav":{"prev":"an1.189","next":"an1.191"},"chunk":0,"extract_id":"an1.190","parent_uid":"an1.188-197"},"an1.49":{"type":"subleaf","acronym":"AN 1.49","nav":{"prev":"an1.48","next":"an1.50"},"chunk":3,"extract_id":"an1.49","parent_uid":"an1.41-50"},"an1.269":{"type":"subleaf","acronym":"AN 1.269","nav":{"prev":"an1.268","next":"an1.270"},"chunk":1,"extract_id":"an1.269","parent_uid":"an1.268-277"},"an1.477":{"type":"alias","target_uid":"an1.394-574","hash_id":"an1.475-484"},"an1.556":{"type":"alias","target_uid":"an1.394-574","hash_id":"an1.495-574"},"an1.188-197":{"type":"leaf","acronym":"AN 1.188–197","translated_title":"Chapter One","original_title":"Paṭhamavagga","author_uid":"sujato","nav":{"prev":"an1.170-187","next":"an1.198-208"},"chunk":0},"an1.316":{"type":"subleaf","acronym":"AN 1.316","nav":{"prev":"an1.306-315","next":"an1.317"},"chunk":2,"extract_id":"an1.316","parent_uid":"an1.316-332"},"an1.172":{"type":"subleaf","acronym":"AN 1.172","nav":{"prev":"an1.171","next":"an1.173"},"chunk":0,"extract_id":"an1.172","parent_uid":"an1.170-187"},"an1.511":{"type":"alias","target_uid":"an1.394-574","hash_id":"an1.495-574"},"an1.353":{"type":"alias","target_uid":"an1.333-377","hash_id":"an1.353-355"},"an1.256":{"type":"subleaf","acronym":"AN 1.256","nav":{"prev":"an1.255","next":"an1.257"},"chunk":1,"extract_id":"an1.256","parent_uid":"an1.248-257"},"an1.221":{"type":"subleaf","acronym":"AN 1.221","nav":{"prev":"an1.220","next":"an1.222"},"chunk":1,"extract_id":"an1.221","parent_uid":"an1.219-234"},"an1.60":{"type":"subleaf","acronym":"AN 1.60","nav":{"prev":"an1.59","next":"an1.61-70"},"chunk":3,"extract_id":"an1.60","parent_uid":"an1.51-60"},"an1.439":{"type":"alias","target_uid":"an1.394-574","hash_id":"an1.439-446"},"an1.43":{"type":"subleaf","acronym":"AN 1.43","nav":{"prev":"an1.42","next":"an1.44"},"chunk":3,"extract_id":"an1.43","parent_uid":"an1.41-50"},"an1.454":{"type":"alias","target_uid":"an1.394-574","hash_id":"an1.447-454"},"an1-akammaniyavagga":{"type":"branch","translated_title":"The Chapter on the Useless Mind","original_title":"Akammaniyavagga","nav":{"prev":"an1-nivaranappahanavagga","next":"an1-adantavagga"}},"an1.223":{"type":"subleaf","acronym":"AN 1.223","nav":{"prev":"an1.222","next":"an1.224"},"chunk":1,"extract_id":"an1.223","parent_uid":"an1.219-234"},"an1.119":{"type":"alias","target_uid":"an1.98-139","hash_id":"an1.118-128"},"an1.236":{"type":"subleaf","acronym":"AN 1.236","nav":{"prev":"an1.235","next":"an1.237"},"chunk":1,"extract_id":"an1.236","parent_uid":"an1.235-247"},"an1.243":{"type":"subleaf","acronym":"AN 1.243","nav":{"prev":"an1.242","next":"an1.244"},"chunk":1,"extract_id":"an1.243","parent_uid":"an1.235-247"},"an1.91":{"type":"subleaf","acronym":"AN 1.91","nav":{"prev":"an1.90","next":"an1.92"},"chunk":5,"extract_id":"an1.91","parent_uid":"an1.82-97"},"an1.216":{"type":"subleaf","acronym":"AN 1.216","nav":{"prev":"an1.215","next":"an1.217"},"chunk":0,"extract_id":"an1.216","parent_uid":"an1.209-218"},"an1.627":{"type":"subleaf","acronym":"AN 1.627","nav":{"prev":"an1.626","next":"an2.1-10"},"chunk":4,"extract_id":"an1.627","parent_uid":"an1.616-627"},"an1.132-139":{"type":"subleaf","acronym":"AN 1.132–139","nav":{"prev":"an1.131","next":"an1.140-149"},"chunk":5,"extract_id":"an1.132-139","parent_uid":"an1.98-139"},"an1.103":{"type":"alias","target_uid":"an1.98-139","hash_id":"an1.102-109"},"an1.396":{"type":"alias","target_uid":"an1.394-574","hash_id":"an1.395-401"},"an1.101":{"type":"subleaf","acronym":"AN 1.101","nav":{"prev":"an1.100","next":"an1.102-109"},"chunk":5,"extract_id":"an1.101","parent_uid":"an1.98-139"},"an1.604":{"type":"alias","target_uid":"an1.575-615","hash_id":"an1.600-615"},"an1.125":{"type":"alias","target_uid":"an1.98-139","hash_id":"an1.118-128"},"an1.192":{"type":"subleaf","acronym":"AN 1.192","nav":{"prev":"an1.191","next":"an1.193"},"chunk":0,"extract_id":"an1.192","parent_uid":"an1.188-197"},"an1.188":{"type":"subleaf","acronym":"AN 1.188","nav":{"prev":"an1.170-187","next":"an1.189"},"chunk":0,"extract_id":"an1.188","parent_uid":"an1.188-197"},"an1.544":{"type":"alias","target_uid":"an1.394-574","hash_id":"an1.495-574"},"an1.451":{"type":"alias","target_uid":"an1.394-574","hash_id":"an1.447-454"},"an1.440":{"type":"alias","target_uid":"an1.394-574","hash_id":"an1.439-446"},"an1.300":{"type":"alias","target_uid":"an1.296-305","hash_id":"an1.297-305"},"an1.429":{"type":"alias","target_uid":"an1.394-574","hash_id":"an1.424-430"},"an1.67":{"type":"subleaf","acronym":"AN 1.67","nav":{"prev":"an1.66","next":"an1.68"},"chunk":4,"extract_id":"an1.67","parent_uid":"an1.61-70"},"an1.41-50":{"type":"leaf","acronym":"AN 1.41–50","translated_title":"A Spike","original_title":"Paṇihitaacchavagga","author_uid":"sujato","nav":{"prev":"an1.31-40","next":"an1.51-60"},"chunk":3},"an1.225":{"type":"subleaf","acronym":"AN 1.225","nav":{"prev":"an1.224","next":"an1.226"},"chunk":1,"extract_id":"an1.225","parent_uid":"an1.219-234"},"an1.416":{"type":"alias","target_uid":"an1.394-574","hash_id":"an1.414-418"},"an1.617":{"type":"subleaf","acronym":"AN 1.617","nav":{"prev":"an1.616","next":"an1.618"},"chunk":4,"extract_id":"an1.617","parent_uid":"an1.616-627"},"an1.564":{"type":"alias","target_uid":"an1.394-574","hash_id":"an1.495-574"},"an1.359":{"type":"alias","target_uid":"an1.333-377","hash_id":"an1.359-361"},"an1-ekapuggalavagga":{"type":"branch","translated_title":"The Chapter on One Individual","original_title":"Ekapuggalavagga","nav":{"prev":"an1-anapattivagga","next":"an1-etadaggavagga"}},"an1.574":{"type":"alias","target_uid":"an1.394-574","hash_id":"an1.495-574"},"an1.215":{"type":"subleaf","acronym":"AN 1.215","nav":{"prev":"an1.214","next":"an1.216"},"chunk":0,"extract_id":"an1.215","parent_uid":"an1.209-218"},"an1.400":{"type":"alias","target_uid":"an1.394-574","hash_id":"an1.395-401"},"an1.499":{"type":"alias","target_uid":"an1.394-574","hash_id":"an1.495-574"},"an1.194":{"type":"subleaf","acronym":"AN 1.194","nav":{"prev":"an1.193","next":"an1.195"},"chunk":0,"extract_id":"an1.194","parent_uid":"an1.188-197"},"an1.288-289":{"type":"subleaf","acronym":"AN 1.288–289","nav":{"prev":"an1.287","next":"an1.290"},"chunk":1,"extract_id":"an1.288-289","parent_uid":"an1.287-295"},"an1.586":{"type":"alias","target_uid":"an1.575-615","hash_id":"an1.586-590"},"an1.592":{"type":"alias","target_uid":"an1.575-615","hash_id":"an1.591-592"},"an1.508":{"type":"alias","target_uid":"an1.394-574","hash_id":"an1.495-574"},"an1.73":{"type":"subleaf","acronym":"AN 1.73","nav":{"prev":"an1.72","next":"an1.74"},"chunk":4,"extract_id":"an1.73","parent_uid":"an1.71-81"},"an1.284":{"type":"subleaf","acronym":"AN 1.284","nav":{"prev":"an1.281-283","next":"an1.285-286"},"chunk":1,"extract_id":"an1.284","parent_uid":"an1.278-286"},"an1.299":{"type":"alias","target_uid":"an1.296-305","hash_id":"an1.297-305"},"an1.619":{"type":"subleaf","acronym":"AN 1.619","nav":{"prev":"an1.618","next":"an1.620"},"chunk":4,"extract_id":"an1.619","parent_uid":"an1.616-627"},"an1.94":{"type":"subleaf","acronym":"AN 1.94","nav":{"prev":"an1.93","next":"an1.95"},"chunk":5,"extract_id":"an1.94","parent_uid":"an1.82-97"},"an1.457":{"type":"alias","target_uid":"an1.394-574","hash_id":"an1.455-464"},"an1.442":{"type":"alias","target_uid":"an1.394-574","hash_id":"an1.439-446"},"an1.33":{"type":"subleaf","acronym":"AN 1.33","nav":{"prev":"an1.32","next":"an1.34"},"chunk":2,"extract_id":"an1.33","parent_uid":"an1.31-40"},"an1.98":{"type":"subleaf","acronym":"AN 1.98","nav":{"prev":"an1.82-97","next":"an1.99"},"chunk":5,"extract_id":"an1.98","parent_uid":"an1.98-139"},"an1.227":{"type":"subleaf","acronym":"AN 1.227","nav":{"prev":"an1.226","next":"an1.228"},"chunk":1,"extract_id":"an1.227","parent_uid":"an1.219-234"},"an1.483":{"type":"alias","target_uid":"an1.394-574","hash_id":"an1.475-484"},"an1.4":{"type":"subleaf","acronym":"AN 1.4","nav":{"prev":"an1.3","next":"an1.5"},"chunk":0,"extract_id":"an1.4","parent_uid":"an1.1-10"},"an1.379":{"type":"alias","target_uid":"an1.378-393"},"an1.341":{"type":"subleaf","acronym":"AN 1.341","nav":{"prev":"an1.340","next":"an1.342"},"chunk":2,"extract_id":"an1.341","parent_uid":"an1.333-377"},"an1.609":{"type":"alias","target_uid":"an1.575-615","hash_id":"an1.600-615"},"an1.576":{"type":"alias","target_uid":"an1.575-615","hash_id":"an1.576-582"},"an1.21":{"type":"subleaf","acronym":"AN 1.21","nav":{"prev":"an1.11-20","next":"an1.22"},"chunk":1,"extract_id":"an1.21","parent_uid":"an1.21-30"},"an1.345":{"type":"subleaf","acronym":"AN 1.345","nav":{"prev":"an1.344","next":"an1.346"},"chunk":2,"extract_id":"an1.345","parent_uid":"an1.333-377"},"an1.297":{"type":"alias","target_uid":"an1.296-305","hash_id":"an1.297-305"},"an1.532":{"type":"alias","target_uid":"an1.394-574","hash_id":"an1.495-574"},"an1.571":{"type":"alias","target_uid":"an1.394-574","hash_id":"an1.495-574"},"an1.25":{"type":"subleaf","acronym":"AN 1.25","nav":{"prev":"an1.24","next":"an1.26"},"chunk":1,"extract_id":"an1.25","parent_uid":"an1.21-30"},"an1.150-169":{"type":"leaf","acronym":"AN 1.150–169","translated_title":"Non-offense","original_title":"Anāpattivagga","author_uid":"sujato","nav":{"prev":"an1.140-149","next":"an1.170-187"},"chunk":0},"an1.162":{"type":"alias","target_uid":"an1.150-169","hash_id":"an1.162-169"},"an1.39":{"type":"subleaf","acronym":"AN 1.39","nav":{"prev":"an1.38","next":"an1.40"},"chunk":2,"extract_id":"an1.39","parent_uid":"an1.31-40"},"an1.229":{"type":"subleaf","acronym":"AN 1.229","nav":{"prev":"an1.228","next":"an1.230"},"chunk":1,"extract_id":"an1.229","parent_uid":"an1.219-234"},"an1.132":{"type":"alias","target_uid":"an1.98-139","hash_id":"an1.132-139"},"an1.201":{"type":"subleaf","acronym":"AN 1.201","nav":{"prev":"an1.200","next":"an1.202"},"chunk":0,"extract_id":"an1.201","parent_uid":"an1.198-208"},"an1.264":{"type":"alias","target_uid":"an1.258-267"},"an1.410-413":{"type":"subleaf","acronym":"AN 1.410–413","nav":{"prev":"an1.406-409","next":"an1.414-418"},"chunk":3,"extract_id":"an1.410-413","parent_uid":"an1.394-574"},"an1.108":{"type":"alias","target_uid":"an1.98-139","hash_id":"an1.102-109"},"an1.52":{"type":"subleaf","acronym":"AN 1.52","nav":{"prev":"an1.51","next":"an1.53"},"chunk":3,"extract_id":"an1.52","parent_uid":"an1.51-60"},"an1.135":{"type":"alias","target_uid":"an1.98-139","hash_id":"an1.132-139"},"an1.596-599":{"type":"subleaf","acronym":"AN 1.596–599","nav":{"prev":"an1.593-595","next":"an1.600-615"},"chunk":4,"extract_id":"an1.596-599","parent_uid":"an1.575-615"},"an1.616-627":{"type":"leaf","acronym":"AN 1.616–627","translated_title":"Freedom From Death","original_title":"Amatavagga","author_uid":"sujato","nav":{"prev":"an1.575-615","next":"an2.1-10"},"chunk":4},"an1.154":{"type":"alias","target_uid":"an1.150-169","hash_id":"an1.152-159"},"an1.242":{"type":"subleaf","acronym":"AN 1.242","nav":{"prev":"an1.241","next":"an1.243"},"chunk":1,"extract_id":"an1.242","parent_uid":"an1.235-247"},"an1.90":{"type":"subleaf","acronym":"AN 1.90","nav":{"prev":"an1.89","next":"an1.91"},"chunk":5,"extract_id":"an1.90","parent_uid":"an1.82-97"},"an1.148":{"type":"alias","target_uid":"an1.140-149","hash_id":"an1.142-149"},"an1.228":{"type":"subleaf","acronym":"AN 1.228","nav":{"prev":"an1.227","next":"an1.229"},"chunk":1,"extract_id":"an1.228","parent_uid":"an1.219-234"},"an1.260":{"type":"alias","target_uid":"an1.258-267"},"an1.605":{"type":"alias","target_uid":"an1.575-615","hash_id":"an1.600-615"},"an1.74":{"type":"subleaf","acronym":"AN 1.74","nav":{"prev":"an1.73","next":"an1.75"},"chunk":4,"extract_id":"an1.74","parent_uid":"an1.71-81"},"an1.420":{"type":"alias","target_uid":"an1.394-574","hash_id":"an1.419-423"},"an1.315":{"type":"subleaf","acronym":"AN 1.315","nav":{"prev":"an1.314","next":"an1.316-332"},"chunk":2,"extract_id":"an1.315","parent_uid":"an1.306-315"},"an1.276":{"type":"subleaf","acronym":"AN 1.276","nav":{"prev":"an1.275","next":"an1.277"},"chunk":1,"extract_id":"an1.276","parent_uid":"an1.268-277"},"an1-adantavagga":{"type":"branch","translated_title":"The Chapter on the Wild Mind","original_title":"Adantavagga","nav":{"prev":"an1-akammaniyavagga","next":"an1-panihitaacchavagga"}},"an1.207":{"type":"subleaf","acronym":"AN 1.207","nav":{"prev":"an1.206","next":"an1.208"},"chunk":0,"extract_id":"an1.207","parent_uid":"an1.198-208"},"an1.486":{"type":"alias","target_uid":"an1.394-574","hash_id":"an1.485-494"},"an1.281-283":{"type":"subleaf","acronym":"AN 1.281–283","nav":{"prev":"an1.280","next":"an1.284"},"chunk":1,"extract_id":"an1.281-283","parent_uid":"an1.278-286"},"an1.99":{"type":"subleaf","acronym":"AN 1.99","nav":{"prev":"an1.98","next":"an1.100"},"chunk":5,"extract_id":"an1.99","parent_uid":"an1.98-139"},"an1.83":{"type":"subleaf","acronym":"AN 1.83","nav":{"prev":"an1.82","next":"an1.84"},"chunk":5,"extract_id":"an1.83","parent_uid":"an1.82-97"},"an1-aparaaccharasanghatavagga":{"type":"branch","translated_title":"Another Chapter on a Finger-Snap","original_title":"Aparaaccharāsaṅghātavagga","nav":{"prev":"an1-pasadakaradhammavagga","next":"an1-kayagatasativagga"}},"an1.246":{"type":"subleaf","acronym":"AN 1.246","nav":{"prev":"an1.245","next":"an1.247"},"chunk":1,"extract_id":"an1.246","parent_uid":"an1.235-247"},"an1.438":{"type":"alias","target_uid":"an1.394-574","hash_id":"an1.431-438"},"an1.44":{"type":"subleaf","acronym":"AN 1.44","nav":{"prev":"an1.43","next":"an1.45"},"chunk":3,"extract_id":"an1.44","parent_uid":"an1.41-50"},"an1.444":{"type":"alias","target_uid":"an1.394-574","hash_id":"an1.439-446"},"an1.458":{"type":"alias","target_uid":"an1.394-574","hash_id":"an1.455-464"},"an1.241":{"type":"subleaf","acronym":"AN 1.241","nav":{"prev":"an1.240","next":"an1.242"},"chunk":1,"extract_id":"an1.241","parent_uid":"an1.235-247"},"an1.461":{"type":"alias","target_uid":"an1.394-574","hash_id":"an1.455-464"},"an1.482":{"type":"alias","target_uid":"an1.394-574","hash_id":"an1.475-484"},"an1.614":{"type":"alias","target_uid":"an1.575-615","hash_id":"an1.600-615"},"an1.625":{"type":"subleaf","acronym":"AN 1.625","nav":{"prev":"an1.624","next":"an1.626"},"chunk":4,"extract_id":"an1.625","parent_uid":"an1.616-627"},"an1.538":{"type":"alias","target_uid":"an1.394-574","hash_id":"an1.495-574"},"an1.127":{"type":"alias","target_uid":"an1.98-139","hash_id":"an1.118-128"},"an1.433":{"type":"alias","target_uid":"an1.394-574","hash_id":"an1.431-438"},"an1.606":{"type":"alias","target_uid":"an1.575-615","hash_id":"an1.600-615"},"an1.50":{"type":"subleaf","acronym":"AN 1.50","nav":{"prev":"an1.49","next":"an1.51-60"},"chunk":3,"extract_id":"an1.50","parent_uid":"an1.41-50"},"an1.423":{"type":"alias","target_uid":"an1.394-574","hash_id":"an1.419-423"},"an1.464":{"type":"alias","target_uid":"an1.394-574","hash_id":"an1.455-464"},"an1-etadaggavagga":{"type":"branch","translated_title":"Seven Chapters on the Foremost Individuals","original_title":"Etadaggavagga","nav":{"prev":"an1-ekapuggalavagga","next":"an1-atthana"}},"an1.128":{"type":"alias","target_uid":"an1.98-139","hash_id":"an1.118-128"},"an1.293":{"type":"subleaf","acronym":"AN 1.293","nav":{"prev":"an1.291-292","next":"an1.294-295"},"chunk":1,"extract_id":"an1.293","parent_uid":"an1.287-295"},"an1.175-186":{"type":"subleaf","acronym":"AN 1.175–186","nav":{"prev":"an1.174","next":"an1.187"},"chunk":0,"extract_id":"an1.175-186","parent_uid":"an1.170-187"},"an1.183":{"type":"alias","target_uid":"an1.170-187","hash_id":"an1.175-186"},"an1.357":{"type":"alias","target_uid":"an1.333-377","hash_id":"an1.356-358"},"an1.361":{"type":"alias","target_uid":"an1.333-377","hash_id":"an1.359-361"},"an1.291":{"type":"alias","target_uid":"an1.287-295","hash_id":"an1.291-292"},"an1-kalyanamittadivagga":{"type":"branch","translated_title":"The Chapter on Good Friends","original_title":"Kalyāṇamittādivagga","nav":{"prev":"an1-viriyarambhadivagga","next":"an1-pamadadivagga"}},"an1.388":{"type":"alias","target_uid":"an1.378-393"},"an1.496":{"type":"alias","target_uid":"an1.394-574","hash_id":"an1.495-574"},"an1.441":{"type":"alias","target_uid":"an1.394-574","hash_id":"an1.439-446"},"an1.428":{"type":"alias","target_uid":"an1.394-574","hash_id":"an1.424-430"},"an1.61":{"type":"subleaf","acronym":"AN 1.61","nav":{"prev":"an1.51-60","next":"an1.62"},"chunk":4,"extract_id":"an1.61","parent_uid":"an1.61-70"},"an1.26":{"type":"subleaf","acronym":"AN 1.26","nav":{"prev":"an1.25","next":"an1.27"},"chunk":1,"extract_id":"an1.26","parent_uid":"an1.21-30"},"an1.153":{"type":"alias","target_uid":"an1.150-169","hash_id":"an1.152-159"},"an1.285":{"type":"alias","target_uid":"an1.278-286","hash_id":"an1.285-286"},"an1.212":{"type":"subleaf","acronym":"AN 1.212","nav":{"prev":"an1.211","next":"an1.213"},"chunk":0,"extract_id":"an1.212","parent_uid":"an1.209-218"},"an1.20":{"type":"subleaf","acronym":"AN 1.20","nav":{"prev":"an1.19","next":"an1.21-30"},"chunk":0,"extract_id":"an1.20","parent_uid":"an1.11-20"},"an1.38":{"type":"subleaf","acronym":"AN 1.38","nav":{"prev":"an1.37","next":"an1.39"},"chunk":2,"extract_id":"an1.38","parent_uid":"an1.31-40"},"an1.480":{"type":"alias","target_uid":"an1.394-574","hash_id":"an1.475-484"},"an1.245":{"type":"subleaf","acronym":"AN 1.245","nav":{"prev":"an1.244","next":"an1.246"},"chunk":1,"extract_id":"an1.245","parent_uid":"an1.235-247"},"an1.248":{"type":"subleaf","acronym":"AN 1.248","nav":{"prev":"an1.235-247","next":"an1.249"},"chunk":1,"extract_id":"an1.248","parent_uid":"an1.248-257"},"an1.485-494":{"type":"subleaf","acronym":"AN 1.485–494","nav":{"prev":"an1.475-484","next":"an1.495-574"},"chunk":3,"extract_id":"an1.485-494","parent_uid":"an1.394-574"},"an1.166":{"type":"alias","target_uid":"an1.150-169","hash_id":"an1.162-169"},"an1.313":{"type":"subleaf","acronym":"AN 1.313","nav":{"prev":"an1.312","next":"an1.314"},"chunk":2,"extract_id":"an1.313","parent_uid":"an1.306-315"},"an1.36":{"type":"subleaf","acronym":"AN 1.36","nav":{"prev":"an1.35","next":"an1.37"},"chunk":2,"extract_id":"an1.36","parent_uid":"an1.31-40"},"an1.72":{"type":"subleaf","acronym":"AN 1.72","nav":{"prev":"an1.71","next":"an1.73"},"chunk":4,"extract_id":"an1.72","parent_uid":"an1.71-81"},"an1.186":{"type":"alias","target_uid":"an1.170-187","hash_id":"an1.175-186"},"an1.384":{"type":"alias","target_uid":"an1.378-393"},"an1.358":{"type":"alias","target_uid":"an1.333-377","hash_id":"an1.356-358"},"an1.303":{"type":"alias","target_uid":"an1.296-305","hash_id":"an1.297-305"},"an1.6":{"type":"subleaf","acronym":"AN 1.6","nav":{"prev":"an1.5","next":"an1.7"},"chunk":0,"extract_id":"an1.6","parent_uid":"an1.1-10"},"an1.306":{"type":"subleaf","acronym":"AN 1.306","nav":{"prev":"an1.296-305","next":"an1.307"},"chunk":2,"extract_id":"an1.306","parent_uid":"an1.306-315"},"an1.152":{"type":"alias","target_uid":"an1.150-169","hash_id":"an1.152-159"},"an1.354":{"type":"alias","target_uid":"an1.333-377","hash_id":"an1.353-355"},"an1.494":{"type":"alias","target_uid":"an1.394-574","hash_id":"an1.485-494"},"an1.612":{"type":"alias","target_uid":"an1.575-615","hash_id":"an1.600-615"},"an1.3":{"type":"subleaf","acronym":"AN 1.3","nav":{"prev":"an1.2","next":"an1.4"},"chunk":0,"extract_id":"an1.3","parent_uid":"an1.1-10"},"an1.506":{"type":"alias","target_uid":"an1.394-574","hash_id":"an1.495-574"},"an1.333":{"type":"subleaf","acronym":"AN 1.333","nav":{"prev":"an1.316-332","next":"an1.334"},"chunk":2,"extract_id":"an1.333","parent_uid":"an1.333-377"},"an1.549":{"type":"alias","target_uid":"an1.394-574","hash_id":"an1.495-574"},"an1.177":{"type":"alias","target_uid":"an1.170-187","hash_id":"an1.175-186"},"an1.77":{"type":"subleaf","acronym":"AN 1.77","nav":{"prev":"an1.76","next":"an1.78"},"chunk":4,"extract_id":"an1.77","parent_uid":"an1.71-81"},"an1.187":{"type":"subleaf","acronym":"AN 1.187","nav":{"prev":"an1.175-186","next":"an1.188-197"},"chunk":0,"extract_id":"an1.187","parent_uid":"an1.170-187"},"an1.118":{"type":"alias","target_uid":"an1.98-139","hash_id":"an1.118-128"},"an1.182":{"type":"alias","target_uid":"an1.170-187","hash_id":"an1.175-186"},"an1.310":{"type":"subleaf","acronym":"AN 1.310","nav":{"prev":"an1.309","next":"an1.311"},"chunk":2,"extract_id":"an1.310","parent_uid":"an1.306-315"},"an1.593-595":{"type":"subleaf","acronym":"AN 1.593–595","nav":{"prev":"an1.591-592","next":"an1.596-599"},"chunk":4,"extract_id":"an1.593-595","parent_uid":"an1.575-615"},"an1.443":{"type":"alias","target_uid":"an1.394-574","hash_id":"an1.439-446"},"an1.217":{"type":"subleaf","acronym":"AN 1.217","nav":{"prev":"an1.216","next":"an1.218"},"chunk":0,"extract_id":"an1.217","parent_uid":"an1.209-218"},"an1.365":{"type":"alias","target_uid":"an1.333-377","hash_id":"an1.365-367"},"an1.321":{"type":"subleaf","acronym":"AN 1.321","nav":{"prev":"an1.320","next":"an1.322"},"chunk":2,"extract_id":"an1.321","parent_uid":"an1.316-332"},"an1.66":{"type":"subleaf","acronym":"AN 1.66","nav":{"prev":"an1.65","next":"an1.67"},"chunk":4,"extract_id":"an1.66","parent_uid":"an1.61-70"},"an1.298":{"type":"alias","target_uid":"an1.296-305","hash_id":"an1.297-305"},"an1.530":{"type":"alias","target_uid":"an1.394-574","hash_id":"an1.495-574"},"an1.30":{"type":"subleaf","acronym":"AN 1.30","nav":{"prev":"an1.29","next":"an1.31-40"},"chunk":1,"extract_id":"an1.30","parent_uid":"an1.21-30"},"an1.568":{"type":"alias","target_uid":"an1.394-574","hash_id":"an1.495-574"},"an1.531":{"type":"alias","target_uid":"an1.394-574","hash_id":"an1.495-574"},"an1.82":{"type":"subleaf","acronym":"AN 1.82","nav":{"prev":"an1.71-81","next":"an1.83"},"chunk":5,"extract_id":"an1.82","parent_uid":"an1.82-97"},"an1.18":{"type":"subleaf","acronym":"AN 1.18","nav":{"prev":"an1.17","next":"an1.19"},"chunk":0,"extract_id":"an1.18","parent_uid":"an1.11-20"},"an1.196":{"type":"subleaf","acronym":"AN 1.196","nav":{"prev":"an1.195","next":"an1.197"},"chunk":0,"extract_id":"an1.196","parent_uid":"an1.188-197"},"an1.539":{"type":"alias","target_uid":"an1.394-574","hash_id":"an1.495-574"},"an1.11":{"type":"subleaf","acronym":"AN 1.11","nav":{"prev":"an1.1-10","next":"an1.12"},"chunk":0,"extract_id":"an1.11","parent_uid":"an1.11-20"},"an1.479":{"type":"alias","target_uid":"an1.394-574","hash_id":"an1.475-484"},"an1.294-295":{"type":"subleaf","acronym":"AN 1.294–295","nav":{"prev":"an1.293","next":"an1.296-305"},"chunk":1,"extract_id":"an1.294-295","parent_uid":"an1.287-295"},"an1.347-349":{"type":"subleaf","acronym":"AN 1.347–349","nav":{"prev":"an1.346","next":"an1.350-352"},"chunk":2,"extract_id":"an1.347-349","parent_uid":"an1.333-377"},"an1.16":{"type":"subleaf","acronym":"AN 1.16","nav":{"prev":"an1.15","next":"an1.17"},"chunk":0,"extract_id":"an1.16","parent_uid":"an1.11-20"},"an1.70":{"type":"subleaf","acronym":"AN 1.70","nav":{"prev":"an1.69","next":"an1.71-81"},"chunk":4,"extract_id":"an1.70","parent_uid":"an1.61-70"},"an1.595":{"type":"alias","target_uid":"an1.575-615","hash_id":"an1.593-595"},"an1.450":{"type":"alias","target_uid":"an1.394-574","hash_id":"an1.447-454"},"an1.621":{"type":"subleaf","acronym":"AN 1.621","nav":{"prev":"an1.620","next":"an1.622"},"chunk":4,"extract_id":"an1.621","parent_uid":"an1.616-627"},"an1.520":{"type":"alias","target_uid":"an1.394-574","hash_id":"an1.495-574"},"an1.554":{"type":"alias","target_uid":"an1.394-574","hash_id":"an1.495-574"},"an1.205":{"type":"subleaf","acronym":"AN 1.205","nav":{"prev":"an1.204","next":"an1.206"},"chunk":0,"extract_id":"an1.205","parent_uid":"an1.198-208"},"an1.594":{"type":"alias","target_uid":"an1.575-615","hash_id":"an1.593-595"},"an1.211":{"type":"subleaf","acronym":"AN 1.211","nav":{"prev":"an1.210","next":"an1.212"},"chunk":0,"extract_id":"an1.211","parent_uid":"an1.209-218"},"an1.277":{"type":"subleaf","acronym":"AN 1.277","nav":{"prev":"an1.276","next":"an1.278-286"},"chunk":1,"extract_id":"an1.277","parent_uid":"an1.268-277"},"an1.401":{"type":"alias","target_uid":"an1.394-574","hash_id":"an1.395-401"},"an1.380":{"type":"alias","target_uid":"an1.378-393"},"an1.213":{"type":"subleaf","acronym":"AN 1.213","nav":{"prev":"an1.212","next":"an1.214"},"chunk":0,"extract_id":"an1.213","parent_uid":"an1.209-218"},"an1.368":{"type":"alias","target_uid":"an1.333-377","hash_id":"an1.368-370"},"an1.268":{"type":"subleaf","acronym":"AN 1.268","nav":{"prev":"an1.258-267","next":"an1.269"},"chunk":1,"extract_id":"an1.268","parent_uid":"an1.268-277"},"an1.175":{"type":"alias","target_uid":"an1.170-187","hash_id":"an1.175-186"},"an1.17":{"type":"subleaf","acronym":"AN 1.17","nav":{"prev":"an1.16","next":"an1.18"},"chunk":0,"extract_id":"an1.17","parent_uid":"an1.11-20"},"an1.578":{"type":"alias","target_uid":"an1.575-615","hash_id":"an1.576-582"},"an1.65":{"type":"subleaf","acronym":"AN 1.65","nav":{"prev":"an1.64","next":"an1.66"},"chunk":4,"extract_id":"an1.65","parent_uid":"an1.61-70"},"an1.504":{"type":"alias","target_uid":"an1.394-574","hash_id":"an1.495-574"},"an1.584":{"type":"subleaf","acronym":"AN 1.584","nav":{"prev":"an1.583","next":"an1.585"},"chunk":4,"extract_id":"an1.584","parent_uid":"an1.575-615"},"an1.378":{"type":"alias","target_uid":"an1.378-393"},"an1.170-187":{"type":"leaf","acronym":"AN 1.170–187","translated_title":"One Individual","original_title":"Ekapuggalavagga","author_uid":"sujato","nav":{"prev":"an1.150-169","next":"an1.188-197"},"chunk":0},"an1.219":{"type":"subleaf","acronym":"AN 1.219","nav":{"prev":"an1.209-218","next":"an1.220"},"chunk":1,"extract_id":"an1.219","parent_uid":"an1.219-234"},"an1.305":{"type":"alias","target_uid":"an1.296-305","hash_id":"an1.297-305"},"an1.600":{"type":"alias","target_uid":"an1.575-615","hash_id":"an1.600-615"},"an1.338":{"type":"subleaf","acronym":"AN 1.338","nav":{"prev":"an1.337","next":"an1.339"},"chunk":2,"extract_id":"an1.338","parent_uid":"an1.333-377"},"an1.249":{"type":"subleaf","acronym":"AN 1.249","nav":{"prev":"an1.248","next":"an1.250"},"chunk":1,"extract_id":"an1.249","parent_uid":"an1.248-257"},"an1.513":{"type":"alias","target_uid":"an1.394-574","hash_id":"an1.495-574"},"an1.307":{"type":"subleaf","acronym":"AN 1.307","nav":{"prev":"an1.306","next":"an1.308"},"chunk":2,"extract_id":"an1.307","parent_uid":"an1.306-315"},"an1.263":{"type":"alias","target_uid":"an1.258-267"},"an1.22":{"type":"subleaf","acronym":"AN 1.22","nav":{"prev":"an1.21","next":"an1.23"},"chunk":1,"extract_id":"an1.22","parent_uid":"an1.21-30"},"an1.376":{"type":"alias","target_uid":"an1.333-377","hash_id":"an1.374-377"},"an1.197":{"type":"subleaf","acronym":"AN 1.197","nav":{"prev":"an1.196","next":"an1.198-208"},"chunk":0,"extract_id":"an1.197","parent_uid":"an1.188-197"},"an1.462":{"type":"alias","target_uid":"an1.394-574","hash_id":"an1.455-464"},"an1.62":{"type":"subleaf","acronym":"AN 1.62","nav":{"prev":"an1.61","next":"an1.63"},"chunk":4,"extract_id":"an1.62","parent_uid":"an1.61-70"},"an1.75":{"type":"subleaf","acronym":"AN 1.75","nav":{"prev":"an1.74","next":"an1.76"},"chunk":4,"extract_id":"an1.75","parent_uid":"an1.71-81"},"an1.560":{"type":"alias","target_uid":"an1.394-574","hash_id":"an1.495-574"},"an1.251":{"type":"subleaf","acronym":"AN 1.251","nav":{"prev":"an1.250","next":"an1.252"},"chunk":1,"extract_id":"an1.251","parent_uid":"an1.248-257"},"an1.620":{"type":"subleaf","acronym":"AN 1.620","nav":{"prev":"an1.619","next":"an1.621"},"chunk":4,"extract_id":"an1.620","parent_uid":"an1.616-627"},"an1.239":{"type":"subleaf","acronym":"AN 1.239","nav":{"prev":"an1.238","next":"an1.240"},"chunk":1,"extract_id":"an1.239","parent_uid":"an1.235-247"},"an1.93":{"type":"subleaf","acronym":"AN 1.93","nav":{"prev":"an1.92","next":"an1.94"},"chunk":5,"extract_id":"an1.93","parent_uid":"an1.82-97"},"an1.121":{"type":"alias","target_uid":"an1.98-139","hash_id":"an1.118-128"},"an1.180":{"type":"alias","target_uid":"an1.170-187","hash_id":"an1.175-186"},"an1.14":{"type":"subleaf","acronym":"AN 1.14","nav":{"prev":"an1.13","next":"an1.15"},"chunk":0,"extract_id":"an1.14","parent_uid":"an1.11-20"},"an1.292":{"type":"alias","target_uid":"an1.287-295","hash_id":"an1.291-292"},"an1-pasadakaradhammavagga":{"type":"branch","translated_title":"The Chapter on Inspiring Qualities","original_title":"Pasādakaradhammavagga","nav":{"prev":"an1-ekadhamma","next":"an1-aparaaccharasanghatavagga"}},"an1.566":{"type":"alias","target_uid":"an1.394-574","hash_id":"an1.495-574"},"an1.71-81":{"type":"leaf","acronym":"AN 1.71–81","translated_title":"Good Friends","original_title":"Kalyāṇamittādivagga","author_uid":"sujato","nav":{"prev":"an1.61-70","next":"an1.82-97"},"chunk":4},"an1.137":{"type":"alias","target_uid":"an1.98-139","hash_id":"an1.132-139"},"an1.537":{"type":"alias","target_uid":"an1.394-574","hash_id":"an1.495-574"},"an1-viriyarambhadivagga":{"type":"branch","translated_title":"The Chapter on Arousing Energy","original_title":"Vīriyārambhādivagga","nav":{"prev":"an1-accharasanghatavagga","next":"an1-kalyanamittadivagga"}},"an1.489":{"type":"alias","target_uid":"an1.394-574","hash_id":"an1.485-494"},"an1.107":{"type":"alias","target_uid":"an1.98-139","hash_id":"an1.102-109"},"an1.106":{"type":"alias","target_uid":"an1.98-139","hash_id":"an1.102-109"},"an1.42":{"type":"subleaf","acronym":"AN 1.42","nav":{"prev":"an1.41","next":"an1.43"},"chunk":3,"extract_id":"an1.42","parent_uid":"an1.41-50"},"an1.294":{"type":"alias","target_uid":"an1.287-295","hash_id":"an1.294-295"},"an1.522":{"type":"alias","target_uid":"an1.394-574","hash_id":"an1.495-574"},"an1.626":{"type":"subleaf","acronym":"AN 1.626","nav":{"prev":"an1.625","next":"an1.627"},"chunk":4,"extract_id":"an1.626","parent_uid":"an1.616-627"},"an1.535":{"type":"alias","target_uid":"an1.394-574","hash_id":"an1.495-574"},"an1.334":{"type":"subleaf","acronym":"AN 1.334","nav":{"prev":"an1.333","next":"an1.335"},"chunk":2,"extract_id":"an1.334","parent_uid":"an1.333-377"},"an1.558":{"type":"alias","target_uid":"an1.394-574","hash_id":"an1.495-574"},"an1.37":{"type":"subleaf","acronym":"AN 1.37","nav":{"prev":"an1.36","next":"an1.38"},"chunk":2,"extract_id":"an1.37","parent_uid":"an1.31-40"},"an1.555":{"type":"alias","target_uid":"an1.394-574","hash_id":"an1.495-574"},"an1.488":{"type":"alias","target_uid":"an1.394-574","hash_id":"an1.485-494"},"an1.374-377":{"type":"subleaf","acronym":"AN 1.374–377","nav":{"prev":"an1.371-373","next":"an1.378-393"},"chunk":2,"extract_id":"an1.374-377","parent_uid":"an1.333-377"},"an1.308":{"type":"subleaf","acronym":"AN 1.308","nav":{"prev":"an1.307","next":"an1.309"},"chunk":2,"extract_id":"an1.308","parent_uid":"an1.306-315"},"an1.304":{"type":"alias","target_uid":"an1.296-305","hash_id":"an1.297-305"},"an1.142-149":{"type":"subleaf","acronym":"AN 1.142–149","nav":{"prev":"an1.141","next":"an1.150-169"},"chunk":0,"extract_id":"an1.142-149","parent_uid":"an1.140-149"},"an1.502":{"type":"alias","target_uid":"an1.394-574","hash_id":"an1.495-574"},"an1.116":{"type":"subleaf","acronym":"AN 1.116","nav":{"prev":"an1.115","next":"an1.117"},"chunk":5,"extract_id":"an1.116","parent_uid":"an1.98-139"},"an1.84":{"type":"subleaf","acronym":"AN 1.84","nav":{"prev":"an1.83","next":"an1.85"},"chunk":5,"extract_id":"an1.84","parent_uid":"an1.82-97"},"an1.509":{"type":"alias","target_uid":"an1.394-574","hash_id":"an1.495-574"},"an1.234":{"type":"subleaf","acronym":"AN 1.234","nav":{"prev":"an1.233","next":"an1.235-247"},"chunk":1,"extract_id":"an1.234","parent_uid":"an1.219-234"},"an1.446":{"type":"alias","target_uid":"an1.394-574","hash_id":"an1.439-446"},"an1.422":{"type":"alias","target_uid":"an1.394-574","hash_id":"an1.419-423"},"an1.484":{"type":"alias","target_uid":"an1.394-574","hash_id":"an1.475-484"},"an1.46":{"type":"subleaf","acronym":"AN 1.46","nav":{"prev":"an1.45","next":"an1.47"},"chunk":3,"extract_id":"an1.46","parent_uid":"an1.41-50"},"an1.283":{"type":"alias","target_uid":"an1.278-286","hash_id":"an1.281-283"},"an1.266":{"type":"alias","target_uid":"an1.258-267"},"an1.390":{"type":"alias","target_uid":"an1.378-393"},"an1.550":{"type":"alias","target_uid":"an1.394-574","hash_id":"an1.495-574"},"an1.597":{"type":"alias","target_uid":"an1.575-615","hash_id":"an1.596-599"},"an1.339":{"type":"subleaf","acronym":"AN 1.339","nav":{"prev":"an1.338","next":"an1.340"},"chunk":2,"extract_id":"an1.339","parent_uid":"an1.333-377"},"an1.165":{"type":"alias","target_uid":"an1.150-169","hash_id":"an1.162-169"},"an1.507":{"type":"alias","target_uid":"an1.394-574","hash_id":"an1.495-574"},"an1.290":{"type":"subleaf","acronym":"AN 1.290","nav":{"prev":"an1.288-289","next":"an1.291-292"},"chunk":1,"extract_id":"an1.290","parent_uid":"an1.287-295"},"an1.286":{"type":"alias","target_uid":"an1.278-286","hash_id":"an1.285-286"},"an1.570":{"type":"alias","target_uid":"an1.394-574","hash_id":"an1.495-574"},"an1.415":{"type":"alias","target_uid":"an1.394-574","hash_id":"an1.414-418"},"an1.610":{"type":"alias","target_uid":"an1.575-615","hash_id":"an1.600-615"},"an1.143":{"type":"alias","target_uid":"an1.140-149","hash_id":"an1.142-149"},"an1.426":{"type":"alias","target_uid":"an1.394-574","hash_id":"an1.424-430"},"an1.515":{"type":"alias","target_uid":"an1.394-574","hash_id":"an1.495-574"},"an1.203":{"type":"subleaf","acronym":"AN 1.203","nav":{"prev":"an1.202","next":"an1.204"},"chunk":0,"extract_id":"an1.203","parent_uid":"an1.198-208"},"an1.543":{"type":"alias","target_uid":"an1.394-574","hash_id":"an1.495-574"},"an1.57":{"type":"subleaf","acronym":"AN 1.57","nav":{"prev":"an1.56","next":"an1.58"},"chunk":3,"extract_id":"an1.57","parent_uid":"an1.51-60"},"an1.471":{"type":"alias","target_uid":"an1.394-574","hash_id":"an1.465-474"},"an1.161":{"type":"subleaf","acronym":"AN 1.161","nav":{"prev":"an1.160","next":"an1.162-169"},"chunk":0,"extract_id":"an1.161","parent_uid":"an1.150-169"},"an1.469":{"type":"alias","target_uid":"an1.394-574","hash_id":"an1.465-474"},"an1.45":{"type":"subleaf","acronym":"AN 1.45","nav":{"prev":"an1.44","next":"an1.46"},"chunk":3,"extract_id":"an1.45","parent_uid":"an1.41-50"},"an1.337":{"type":"subleaf","acronym":"AN 1.337","nav":{"prev":"an1.336","next":"an1.338"},"chunk":2,"extract_id":"an1.337","parent_uid":"an1.333-377"},"an1.406-409":{"type":"subleaf","acronym":"AN 1.406–409","nav":{"prev":"an1.402-405","next":"an1.410-413"},"chunk":3,"extract_id":"an1.406-409","parent_uid":"an1.394-574"},"an1.97":{"type":"subleaf","acronym":"AN 1.97","nav":{"prev":"an1.96","next":"an1.98-139"},"chunk":5,"extract_id":"an1.97","parent_uid":"an1.82-97"},"an1.474":{"type":"alias","target_uid":"an1.394-574","hash_id":"an1.465-474"},"an1.151":{"type":"subleaf","acronym":"AN 1.151","nav":{"prev":"an1.150","next":"an1.152-159"},"chunk":0,"extract_id":"an1.151","parent_uid":"an1.150-169"},"an1.189":{"type":"subleaf","acronym":"AN 1.189","nav":{"prev":"an1.188","next":"an1.190"},"chunk":0,"extract_id":"an1.189","parent_uid":"an1.188-197"},"an1.399":{"type":"alias","target_uid":"an1.394-574","hash_id":"an1.395-401"},"an1.512":{"type":"alias","target_uid":"an1.394-574","hash_id":"an1.495-574"},"an1.105":{"type":"alias","target_uid":"an1.98-139","hash_id":"an1.102-109"},"an1.240":{"type":"subleaf","acronym":"AN 1.240","nav":{"prev":"an1.239","next":"an1.241"},"chunk":1,"extract_id":"an1.240","parent_uid":"an1.235-247"},"an1.224":{"type":"subleaf","acronym":"AN 1.224","nav":{"prev":"an1.223","next":"an1.225"},"chunk":1,"extract_id":"an1.224","parent_uid":"an1.219-234"},"an1.542":{"type":"alias","target_uid":"an1.394-574","hash_id":"an1.495-574"},"an1.377":{"type":"alias","target_uid":"an1.333-377","hash_id":"an1.374-377"},"an1.160":{"type":"subleaf","acronym":"AN 1.160","nav":{"prev":"an1.152-159","next":"an1.161"},"chunk":0,"extract_id":"an1.160","parent_uid":"an1.150-169"},"an1.445":{"type":"alias","target_uid":"an1.394-574","hash_id":"an1.439-446"},"an1-nivaranappahanavagga":{"type":"branch","translated_title":"The Chapter on Giving Up the Hindrances","original_title":"Nīvaraṇappahānavagga","nav":{"prev":"an1-cittapariyadanavagga","next":"an1-akammaniyavagga"}},"an1.191":{"type":"subleaf","acronym":"AN 1.191","nav":{"prev":"an1.190","next":"an1.192"},"chunk":0,"extract_id":"an1.191","parent_uid":"an1.188-197"},"an1.139":{"type":"alias","target_uid":"an1.98-139","hash_id":"an1.132-139"},"an1.453":{"type":"alias","target_uid":"an1.394-574","hash_id":"an1.447-454"},"an1.210":{"type":"subleaf","acronym":"AN 1.210","nav":{"prev":"an1.209","next":"an1.211"},"chunk":0,"extract_id":"an1.210","parent_uid":"an1.209-218"},"an1.126":{"type":"alias","target_uid":"an1.98-139","hash_id":"an1.118-128"},"an1.252":{"type":"subleaf","acronym":"AN 1.252","nav":{"prev":"an1.251","next":"an1.253"},"chunk":1,"extract_id":"an1.252","parent_uid":"an1.248-257"},"an1.585":{"type":"subleaf","acronym":"AN 1.585","nav":{"prev":"an1.584","next":"an1.586-590"},"chunk":4,"extract_id":"an1.585","parent_uid":"an1.575-615"},"an1.258-267":{"type":"leaf","acronym":"AN 1.258–267","translated_title":"Chapter Seven","original_title":"Sattamavagga","author_uid":"sujato","nav":{"prev":"an1.248-257","next":"an1.268-277"},"chunk":1},"an1.110":{"type":"subleaf","acronym":"AN 1.110","nav":{"prev":"an1.102-109","next":"an1.111"},"chunk":5,"extract_id":"an1.110","parent_uid":"an1.98-139"},"an1.407":{"type":"alias","target_uid":"an1.394-574","hash_id":"an1.406-409"},"an1.575":{"type":"subleaf","acronym":"AN 1.575","nav":{"prev":"an1.394-574","next":"an1.576-582"},"chunk":4,"extract_id":"an1.575","parent_uid":"an1.575-615"},"an1.193":{"type":"subleaf","acronym":"AN 1.193","nav":{"prev":"an1.192","next":"an1.194"},"chunk":0,"extract_id":"an1.193","parent_uid":"an1.188-197"},"an1.616":{"type":"subleaf","acronym":"AN 1.616","nav":{"prev":"an1.575-615","next":"an1.617"},"chunk":4,"extract_id":"an1.616","parent_uid":"an1.616-627"},"an1-adhammavagga":{"type":"branch","translated_title":"The Chapter on Not the Teaching","original_title":"Adhammavagga","nav":{"prev":"an1-dutiyapamadadivagga","next":"an1-anapattivagga"}},"an1.24":{"type":"subleaf","acronym":"AN 1.24","nav":{"prev":"an1.23","next":"an1.25"},"chunk":1,"extract_id":"an1.24","parent_uid":"an1.21-30"},"an1.528":{"type":"alias","target_uid":"an1.394-574","hash_id":"an1.495-574"},"an1.58":{"type":"subleaf","acronym":"AN 1.58","nav":{"prev":"an1.57","next":"an1.59"},"chunk":3,"extract_id":"an1.58","parent_uid":"an1.51-60"},"an1.498":{"type":"alias","target_uid":"an1.394-574","hash_id":"an1.495-574"},"an1.218":{"type":"subleaf","acronym":"AN 1.218","nav":{"prev":"an1.217","next":"an1.219-234"},"chunk":0,"extract_id":"an1.218","parent_uid":"an1.209-218"},"an1.478":{"type":"alias","target_uid":"an1.394-574","hash_id":"an1.475-484"},"an1.395-401":{"type":"subleaf","acronym":"AN 1.395–401","nav":{"prev":"an1.394","next":"an1.402-405"},"chunk":3,"extract_id":"an1.395-401","parent_uid":"an1.394-574"},"an1.23":{"type":"subleaf","acronym":"AN 1.23","nav":{"prev":"an1.22","next":"an1.24"},"chunk":1,"extract_id":"an1.23","parent_uid":"an1.21-30"},"an1.391":{"type":"alias","target_uid":"an1.378-393"},"an1.222":{"type":"subleaf","acronym":"AN 1.222","nav":{"prev":"an1.221","next":"an1.223"},"chunk":1,"extract_id":"an1.222","parent_uid":"an1.219-234"},"an1.603":{"type":"alias","target_uid":"an1.575-615","hash_id":"an1.600-615"},"an1.481":{"type":"alias","target_uid":"an1.394-574","hash_id":"an1.475-484"},"an1.460":{"type":"alias","target_uid":"an1.394-574","hash_id":"an1.455-464"},"an1.467":{"type":"alias","target_uid":"an1.394-574","hash_id":"an1.465-474"},"an1.237":{"type":"subleaf","acronym":"AN 1.237","nav":{"prev":"an1.236","next":"an1.238"},"chunk":1,"extract_id":"an1.237","parent_uid":"an1.235-247"},"an1.573":{"type":"alias","target_uid":"an1.394-574","hash_id":"an1.495-574"},"an1.133":{"type":"alias","target_uid":"an1.98-139","hash_id":"an1.132-139"},"an1.167":{"type":"alias","target_uid":"an1.150-169","hash_id":"an1.162-169"},"an1.89":{"type":"subleaf","acronym":"AN 1.89","nav":{"prev":"an1.88","next":"an1.90"},"chunk":5,"extract_id":"an1.89","parent_uid":"an1.82-97"},"an1.466":{"type":"alias","target_uid":"an1.394-574","hash_id":"an1.465-474"},"an1.615":{"type":"alias","target_uid":"an1.575-615","hash_id":"an1.600-615"},"an1.344":{"type":"subleaf","acronym":"AN 1.344","nav":{"prev":"an1.343","next":"an1.345"},"chunk":2,"extract_id":"an1.344","parent_uid":"an1.333-377"},"an1.185":{"type":"alias","target_uid":"an1.170-187","hash_id":"an1.175-186"},"an1.417":{"type":"alias","target_uid":"an1.394-574","hash_id":"an1.414-418"},"an1.463":{"type":"alias","target_uid":"an1.394-574","hash_id":"an1.455-464"},"an1.398":{"type":"alias","target_uid":"an1.394-574","hash_id":"an1.395-401"},"an1.601":{"type":"alias","target_uid":"an1.575-615","hash_id":"an1.600-615"},"an1.476":{"type":"alias","target_uid":"an1.394-574","hash_id":"an1.475-484"},"an1.519":{"type":"alias","target_uid":"an1.394-574","hash_id":"an1.495-574"},"an1.198-208":{"type":"leaf","acronym":"AN 1.198–208","translated_title":"Chapter Two","original_title":"Dutiyavagga","author_uid":"sujato","nav":{"prev":"an1.188-197","next":"an1.209-218"},"chunk":0},"an1.408":{"type":"alias","target_uid":"an1.394-574","hash_id":"an1.406-409"},"an1.136":{"type":"alias","target_uid":"an1.98-139","hash_id":"an1.132-139"},"an1.169":{"type":"alias","target_uid":"an1.150-169","hash_id":"an1.162-169"},"an1.340":{"type":"subleaf","acronym":"AN 1.340","nav":{"prev":"an1.339","next":"an1.341"},"chunk":2,"extract_id":"an1.340","parent_uid":"an1.333-377"},"an1.324":{"type":"subleaf","acronym":"AN 1.324","nav":{"prev":"an1.323","next":"an1.325"},"chunk":2,"extract_id":"an1.324","parent_uid":"an1.316-332"},"an1.598":{"type":"alias","target_uid":"an1.575-615","hash_id":"an1.596-599"},"an1.394-574":{"type":"leaf","acronym":"AN 1.394–574","translated_title":"Another Chapter on a Finger-Snap","original_title":"Aparaaccharāsaṅghātavagga","author_uid":"sujato","nav":{"prev":"an1.378-393","next":"an1.575-615"},"chunk":3},"an1.589":{"type":"alias","target_uid":"an1.575-615","hash_id":"an1.586-590"},"an1.510":{"type":"alias","target_uid":"an1.394-574","hash_id":"an1.495-574"},"an1.565":{"type":"alias","target_uid":"an1.394-574","hash_id":"an1.495-574"},"an1.112":{"type":"subleaf","acronym":"AN 1.112","nav":{"prev":"an1.111","next":"an1.113"},"chunk":5,"extract_id":"an1.112","parent_uid":"an1.98-139"},"an1.280":{"type":"subleaf","acronym":"AN 1.280","nav":{"prev":"an1.279","next":"an1.281-283"},"chunk":1,"extract_id":"an1.280","parent_uid":"an1.278-286"},"an1.586-590":{"type":"subleaf","acronym":"AN 1.586–590","nav":{"prev":"an1.585","next":"an1.591-592"},"chunk":4,"extract_id":"an1.586-590","parent_uid":"an1.575-615"},"an1.514":{"type":"alias","target_uid":"an1.394-574","hash_id":"an1.495-574"},"an1.608":{"type":"alias","target_uid":"an1.575-615","hash_id":"an1.600-615"},"an1.120":{"type":"alias","target_uid":"an1.98-139","hash_id":"an1.118-128"},"an1.316-332":{"type":"leaf","acronym":"AN 1.316–332","translated_title":"Chapter Three","original_title":"Tatiyavagga","author_uid":"sujato","nav":{"prev":"an1.306-315","next":"an1.333-377"},"chunk":2},"an1.55":{"type":"subleaf","acronym":"AN 1.55","nav":{"prev":"an1.54","next":"an1.56"},"chunk":3,"extract_id":"an1.55","parent_uid":"an1.51-60"},"an1.472":{"type":"alias","target_uid":"an1.394-574","hash_id":"an1.465-474"},"an1.404":{"type":"alias","target_uid":"an1.394-574","hash_id":"an1.402-405"},"an1.581":{"type":"alias","target_uid":"an1.575-615","hash_id":"an1.576-582"},"an1.501":{"type":"alias","target_uid":"an1.394-574","hash_id":"an1.495-574"},"an1.254":{"type":"subleaf","acronym":"AN 1.254","nav":{"prev":"an1.253","next":"an1.255"},"chunk":1,"extract_id":"an1.254","parent_uid":"an1.248-257"},"an1.368-370":{"type":"subleaf","acronym":"AN 1.368–370","nav":{"prev":"an1.365-367","next":"an1.371-373"},"chunk":2,"extract_id":"an1.368-370","parent_uid":"an1.333-377"},"an1.124":{"type":"alias","target_uid":"an1.98-139","hash_id":"an1.118-128"},"an1.414":{"type":"alias","target_uid":"an1.394-574","hash_id":"an1.414-418"},"an1-ekadhamma":{"type":"branch","translated_title":"Four Chapters on One Thing","original_title":"Ekadhammavagga","nav":{"prev":"an1-atthana","next":"an1-pasadakaradhammavagga"}},"an1.195":{"type":"subleaf","acronym":"AN 1.195","nav":{"prev":"an1.194","next":"an1.196"},"chunk":0,"extract_id":"an1.195","parent_uid":"an1.188-197"},"an1.178":{"type":"alias","target_uid":"an1.170-187","hash_id":"an1.175-186"},"an1.85":{"type":"subleaf","acronym":"AN 1.85","nav":{"prev":"an1.84","next":"an1.86"},"chunk":5,"extract_id":"an1.85","parent_uid":"an1.82-97"},"an1.253":{"type":"subleaf","acronym":"AN 1.253","nav":{"prev":"an1.252","next":"an1.254"},"chunk":1,"extract_id":"an1.253","parent_uid":"an1.248-257"},"an1.562":{"type":"alias","target_uid":"an1.394-574","hash_id":"an1.495-574"},"an1.439-446":{"type":"subleaf","acronym":"AN 1.439–446","nav":{"prev":"an1.431-438","next":"an1.447-454"},"chunk":3,"extract_id":"an1.439-446","parent_uid":"an1.394-574"},"an1.278":{"type":"subleaf","acronym":"AN 1.278","nav":{"prev":"an1.268-277","next":"an1.279"},"chunk":1,"extract_id":"an1.278","parent_uid":"an1.278-286"},"an1.86":{"type":"subleaf","acronym":"AN 1.86","nav":{"prev":"an1.85","next":"an1.87"},"chunk":5,"extract_id":"an1.86","parent_uid":"an1.82-97"},"an1.35":{"type":"subleaf","acronym":"AN 1.35","nav":{"prev":"an1.34","next":"an1.36"},"chunk":2,"extract_id":"an1.35","parent_uid":"an1.31-40"},"an1.265":{"type":"alias","target_uid":"an1.258-267"},"an1.347":{"type":"alias","target_uid":"an1.333-377","hash_id":"an1.347-349"},"an1.232":{"type":"subleaf","acronym":"AN 1.232","nav":{"prev":"an1.231","next":"an1.233"},"chunk":1,"extract_id":"an1.232","parent_uid":"an1.219-234"},"an1.430":{"type":"alias","target_uid":"an1.394-574","hash_id":"an1.424-430"},"an1.152-159":{"type":"subleaf","acronym":"AN 1.152–159","nav":{"prev":"an1.151","next":"an1.160"},"chunk":0,"extract_id":"an1.152-159","parent_uid":"an1.150-169"},"an1.600-615":{"type":"subleaf","acronym":"AN 1.600–615","nav":{"prev":"an1.596-599","next":"an1.616-627"},"chunk":4,"extract_id":"an1.600-615","parent_uid":"an1.575-615"},"an1.179":{"type":"alias","target_uid":"an1.170-187","hash_id":"an1.175-186"},"an1.19":{"type":"subleaf","acronym":"AN 1.19","nav":{"prev":"an1.18","next":"an1.20"},"chunk":0,"extract_id":"an1.19","parent_uid":"an1.11-20"},"an1.1":{"type":"subleaf","acronym":"AN 1.1","nav":{"next":"an1.2"},"chunk":0,"extract_id":"an1.1","parent_uid":"an1.1-10"},"an1.448":{"type":"alias","target_uid":"an1.394-574","hash_id":"an1.447-454"},"an1.76":{"type":"subleaf","acronym":"AN 1.76","nav":{"prev":"an1.75","next":"an1.77"},"chunk":4,"extract_id":"an1.76","parent_uid":"an1.71-81"},"an1.493":{"type":"alias","target_uid":"an1.394-574","hash_id":"an1.485-494"},"an1.140-149":{"type":"leaf","acronym":"AN 1.140–149","translated_title":"Not the Teaching","original_title":"Adhammavagga","author_uid":"sujato","nav":{"prev":"an1.98-139","next":"an1.150-169"},"chunk":0},"an1.2":{"type":"subleaf","acronym":"AN 1.2","nav":{"prev":"an1.1","next":"an1.3"},"chunk":0,"extract_id":"an1.2","parent_uid":"an1.1-10"},"an1.518":{"type":"alias","target_uid":"an1.394-574","hash_id":"an1.495-574"},"an1.335":{"type":"subleaf","acronym":"AN 1.335","nav":{"prev":"an1.334","next":"an1.336"},"chunk":2,"extract_id":"an1.335","parent_uid":"an1.333-377"},"an1.459":{"type":"alias","target_uid":"an1.394-574","hash_id":"an1.455-464"},"an1.342":{"type":"subleaf","acronym":"AN 1.342","nav":{"prev":"an1.341","next":"an1.343"},"chunk":2,"extract_id":"an1.342","parent_uid":"an1.333-377"},"an1-amatavagga":{"type":"branch","translated_title":"The Chapter on Freedom From Death","original_title":"Amatavagga","nav":{"prev":"an1-kayagatasativagga","next":"an2-pathamapannasaka"}},"an1.319":{"type":"subleaf","acronym":"AN 1.319","nav":{"prev":"an1.318","next":"an1.320"},"chunk":2,"extract_id":"an1.319","parent_uid":"an1.316-332"},"an1.297-305":{"type":"subleaf","acronym":"AN 1.297–305","nav":{"prev":"an1.296","next":"an1.306-315"},"chunk":1,"extract_id":"an1.297-305","parent_uid":"an1.296-305"},"an1.202":{"type":"subleaf","acronym":"AN 1.202","nav":{"prev":"an1.201","next":"an1.203"},"chunk":0,"extract_id":"an1.202","parent_uid":"an1.198-208"},"an1.31":{"type":"subleaf","acronym":"AN 1.31","nav":{"prev":"an1.21-30","next":"an1.32"},"chunk":2,"extract_id":"an1.31","parent_uid":"an1.31-40"},"an1.622":{"type":"subleaf","acronym":"AN 1.622","nav":{"prev":"an1.621","next":"an1.623"},"chunk":4,"extract_id":"an1.622","parent_uid":"an1.616-627"},"an1.613":{"type":"alias","target_uid":"an1.575-615","hash_id":"an1.600-615"},"an1.309":{"type":"subleaf","acronym":"AN 1.309","nav":{"prev":"an1.308","next":"an1.310"},"chunk":2,"extract_id":"an1.309","parent_uid":"an1.306-315"},"an1.118-128":{"type":"subleaf","acronym":"AN 1.118–128","nav":{"prev":"an1.117","next":"an1.129"},"chunk":5,"extract_id":"an1.118-128","parent_uid":"an1.98-139"},"an1.317":{"type":"subleaf","acronym":"AN 1.317","nav":{"prev":"an1.316","next":"an1.318"},"chunk":2,"extract_id":"an1.317","parent_uid":"an1.316-332"},"an1.80":{"type":"subleaf","acronym":"AN 1.80","nav":{"prev":"an1.79","next":"an1.81"},"chunk":4,"extract_id":"an1.80","parent_uid":"an1.71-81"},"an1.475-484":{"type":"subleaf","acronym":"AN 1.475–484","nav":{"prev":"an1.465-474","next":"an1.485-494"},"chunk":3,"extract_id":"an1.475-484","parent_uid":"an1.394-574"},"an1.534":{"type":"alias","target_uid":"an1.394-574","hash_id":"an1.495-574"},"an1.487":{"type":"alias","target_uid":"an1.394-574","hash_id":"an1.485-494"},"an1.255":{"type":"subleaf","acronym":"AN 1.255","nav":{"prev":"an1.254","next":"an1.256"},"chunk":1,"extract_id":"an1.255","parent_uid":"an1.248-257"},"an1.579":{"type":"alias","target_uid":"an1.575-615","hash_id":"an1.576-582"},"an1.11-20":{"type":"leaf","acronym":"AN 1.11–20","translated_title":"Giving Up the Hindrances","original_title":"Nīvaraṇappahānavagga","author_uid":"sujato","nav":{"prev":"an1.1-10","next":"an1.21-30"},"chunk":0},"an1.495":{"type":"alias","target_uid":"an1.394-574","hash_id":"an1.495-574"},"an1.588":{"type":"alias","target_uid":"an1.575-615","hash_id":"an1.586-590"},"an1.596":{"type":"alias","target_uid":"an1.575-615","hash_id":"an1.596-599"},"an1.285-286":{"type":"subleaf","acronym":"AN 1.285–286","nav":{"prev":"an1.284","next":"an1.287-295"},"chunk":1,"extract_id":"an1.285-286","parent_uid":"an1.278-286"},"an1.54":{"type":"subleaf","acronym":"AN 1.54","nav":{"prev":"an1.53","next":"an1.55"},"chunk":3,"extract_id":"an1.54","parent_uid":"an1.51-60"},"an1.587":{"type":"alias","target_uid":"an1.575-615","hash_id":"an1.586-590"},"an1.96":{"type":"subleaf","acronym":"AN 1.96","nav":{"prev":"an1.95","next":"an1.97"},"chunk":5,"extract_id":"an1.96","parent_uid":"an1.82-97"},"an1.288":{"type":"alias","target_uid":"an1.287-295","hash_id":"an1.288-289"},"an1.465":{"type":"alias","target_uid":"an1.394-574","hash_id":"an1.465-474"},"an1-atthana":{"type":"branch","translated_title":"Three Chapters on the Impossible","original_title":"Aṭṭhānavagga","nav":{"prev":"an1-etadaggavagga","next":"an1-ekadhamma"}},"an1.171":{"type":"subleaf","acronym":"AN 1.171","nav":{"prev":"an1.170","next":"an1.172"},"chunk":0,"extract_id":"an1.171","parent_uid":"an1.170-187"},"an1.351":{"type":"alias","target_uid":"an1.333-377","hash_id":"an1.350-352"},"an1.156":{"type":"alias","target_uid":"an1.150-169","hash_id":"an1.152-159"},"an1.524":{"type":"alias","target_uid":"an1.394-574","hash_id":"an1.495-574"},"an1.591":{"type":"alias","target_uid":"an1.575-615","hash_id":"an1.591-592"},"an1.92":{"type":"subleaf","acronym":"AN 1.92","nav":{"prev":"an1.91","next":"an1.93"},"chunk":5,"extract_id":"an1.92","parent_uid":"an1.82-97"},"an1.111":{"type":"subleaf","acronym":"AN 1.111","nav":{"prev":"an1.110","next":"an1.112"},"chunk":5,"extract_id":"an1.111","parent_uid":"an1.98-139"},"an1.559":{"type":"alias","target_uid":"an1.394-574","hash_id":"an1.495-574"},"an1.436":{"type":"alias","target_uid":"an1.394-574","hash_id":"an1.431-438"},"an1.244":{"type":"subleaf","acronym":"AN 1.244","nav":{"prev":"an1.243","next":"an1.245"},"chunk":1,"extract_id":"an1.244","parent_uid":"an1.235-247"},"an1.235-247":{"type":"leaf","acronym":"AN 1.235–247","translated_title":"Chapter Five","original_title":"Pañcamavagga","author_uid":"sujato","nav":{"prev":"an1.219-234","next":"an1.248-257"},"chunk":1},"an1.63":{"type":"subleaf","acronym":"AN 1.63","nav":{"prev":"an1.62","next":"an1.64"},"chunk":4,"extract_id":"an1.63","parent_uid":"an1.61-70"},"an1.146":{"type":"alias","target_uid":"an1.140-149","hash_id":"an1.142-149"},"an1.31-40":{"type":"leaf","acronym":"AN 1.31–40","translated_title":"Wild","original_title":"Adantavagga","author_uid":"sujato","nav":{"prev":"an1.21-30","next":"an1.41-50"},"chunk":2},"an1.296-305":{"type":"leaf","acronym":"AN 1.296–305","translated_title":"Chapter One","original_title":"Paṭhamavagga","author_uid":"sujato","nav":{"prev":"an1.287-295","next":"an1.306-315"},"chunk":1},"an1.296":{"type":"subleaf","acronym":"AN 1.296","nav":{"prev":"an1.287-295","next":"an1.297-305"},"chunk":1,"extract_id":"an1.296","parent_uid":"an1.296-305"},"an1.272":{"type":"subleaf","acronym":"AN 1.272","nav":{"prev":"an1.271","next":"an1.273"},"chunk":1,"extract_id":"an1.272","parent_uid":"an1.268-277"},"an1.527":{"type":"alias","target_uid":"an1.394-574","hash_id":"an1.495-574"},"an1.258":{"type":"alias","target_uid":"an1.258-267"},"an1.68":{"type":"subleaf","acronym":"AN 1.68","nav":{"prev":"an1.67","next":"an1.69"},"chunk":4,"extract_id":"an1.68","parent_uid":"an1.61-70"},"an1.435":{"type":"alias","target_uid":"an1.394-574","hash_id":"an1.431-438"},"an1.405":{"type":"alias","target_uid":"an1.394-574","hash_id":"an1.402-405"},"an1.295":{"type":"alias","target_uid":"an1.287-295","hash_id":"an1.294-295"},"an1.320":{"type":"subleaf","acronym":"AN 1.320","nav":{"prev":"an1.319","next":"an1.321"},"chunk":2,"extract_id":"an1.320","parent_uid":"an1.316-332"},"an1.184":{"type":"alias","target_uid":"an1.170-187","hash_id":"an1.175-186"},"an1.247":{"type":"subleaf","acronym":"AN 1.247","nav":{"prev":"an1.246","next":"an1.248-257"},"chunk":1,"extract_id":"an1.247","parent_uid":"an1.235-247"},"an1.500":{"type":"alias","target_uid":"an1.394-574","hash_id":"an1.495-574"},"an1.403":{"type":"alias","target_uid":"an1.394-574","hash_id":"an1.402-405"},"an1.259":{"type":"alias","target_uid":"an1.258-267"},"an1.282":{"type":"alias","target_uid":"an1.278-286","hash_id":"an1.281-283"},"an1.267":{"type":"alias","target_uid":"an1.258-267"},"an1.385":{"type":"alias","target_uid":"an1.378-393"},"an1.158":{"type":"alias","target_uid":"an1.150-169","hash_id":"an1.152-159"},"an1.452":{"type":"alias","target_uid":"an1.394-574","hash_id":"an1.447-454"},"an1.356-358":{"type":"subleaf","acronym":"AN 1.356–358","nav":{"prev":"an1.353-355","next":"an1.359-361"},"chunk":2,"extract_id":"an1.356-358","parent_uid":"an1.333-377"},"an1.505":{"type":"alias","target_uid":"an1.394-574","hash_id":"an1.495-574"},"an1.7":{"type":"subleaf","acronym":"AN 1.7","nav":{"prev":"an1.6","next":"an1.8"},"chunk":0,"extract_id":"an1.7","parent_uid":"an1.1-10"},"an1.214":{"type":"subleaf","acronym":"AN 1.214","nav":{"prev":"an1.213","next":"an1.215"},"chunk":0,"extract_id":"an1.214","parent_uid":"an1.209-218"},"an1.413":{"type":"alias","target_uid":"an1.394-574","hash_id":"an1.410-413"},"an1":{"type":"branch","translated_title":"The Book of the Ones","original_title":"Ekakanipāta","nav":{"next":"an2"}},"an1-panihitaacchavagga":{"type":"branch","translated_title":"The Chapter on a Spike","original_title":"Paṇihitaacchavagga","nav":{"prev":"an1-adantavagga","next":"an1-accharasanghatavagga"}},"an1.346":{"type":"subleaf","acronym":"AN 1.346","nav":{"prev":"an1.345","next":"an1.347-349"},"chunk":2,"extract_id":"an1.346","parent_uid":"an1.333-377"},"an1.455":{"type":"alias","target_uid":"an1.394-574","hash_id":"an1.455-464"},"an1.311":{"type":"subleaf","acronym":"AN 1.311","nav":{"prev":"an1.310","next":"an1.312"},"chunk":2,"extract_id":"an1.311","parent_uid":"an1.306-315"},"an1.525":{"type":"alias","target_uid":"an1.394-574","hash_id":"an1.495-574"},"an1.209":{"type":"subleaf","acronym":"AN 1.209","nav":{"prev":"an1.198-208","next":"an1.210"},"chunk":0,"extract_id":"an1.209","parent_uid":"an1.209-218"},"an1.397":{"type":"alias","target_uid":"an1.394-574","hash_id":"an1.395-401"},"an1.117":{"type":"subleaf","acronym":"AN 1.117","nav":{"prev":"an1.116","next":"an1.118-128"},"chunk":5,"extract_id":"an1.117","parent_uid":"an1.98-139"},"an1.291-292":{"type":"subleaf","acronym":"AN 1.291–292","nav":{"prev":"an1.290","next":"an1.293"},"chunk":1,"extract_id":"an1.291-292","parent_uid":"an1.287-295"},"an1.369":{"type":"alias","target_uid":"an1.333-377","hash_id":"an1.368-370"},"an1.389":{"type":"alias","target_uid":"an1.378-393"},"an1.113":{"type":"subleaf","acronym":"AN 1.113","nav":{"prev":"an1.112","next":"an1.114"},"chunk":5,"extract_id":"an1.113","parent_uid":"an1.98-139"},"an1.81":{"type":"subleaf","acronym":"AN 1.81","nav":{"prev":"an1.80","next":"an1.82-97"},"chunk":4,"extract_id":"an1.81","parent_uid":"an1.71-81"},"an1.150":{"type":"subleaf","acronym":"AN 1.150","nav":{"prev":"an1.140-149","next":"an1.151"},"chunk":0,"extract_id":"an1.150","parent_uid":"an1.150-169"},"an1.419":{"type":"alias","target_uid":"an1.394-574","hash_id":"an1.419-423"},"an1.149":{"type":"alias","target_uid":"an1.140-149","hash_id":"an1.142-149"},"an1.557":{"type":"alias","target_uid":"an1.394-574","hash_id":"an1.495-574"},"an1.607":{"type":"alias","target_uid":"an1.575-615","hash_id":"an1.600-615"},"an1.523":{"type":"alias","target_uid":"an1.394-574","hash_id":"an1.495-574"},"an1.414-418":{"type":"subleaf","acronym":"AN 1.414–418","nav":{"prev":"an1.410-413","next":"an1.419-423"},"chunk":3,"extract_id":"an1.414-418","parent_uid":"an1.394-574"},"an1.141":{"type":"subleaf","acronym":"AN 1.141","nav":{"prev":"an1.140","next":"an1.142-149"},"chunk":0,"extract_id":"an1.141","parent_uid":"an1.140-149"},"an1.278-286":{"type":"leaf","acronym":"AN 1.278–286","translated_title":"Chapter Two","original_title":"Dutiyavagga","author_uid":"sujato","nav":{"prev":"an1.268-277","next":"an1.287-295"},"chunk":1},"an1.575-615":{"type":"leaf","acronym":"AN 1.575–615","translated_title":"Mindfulness of the Body","original_title":"Kāyagatāsativagga","author_uid":"sujato","nav":{"prev":"an1.394-574","next":"an1.616-627"},"chunk":4},"an1.359-361":{"type":"subleaf","acronym":"AN 1.359–361","nav":{"prev":"an1.356-358","next":"an1.362-364"},"chunk":2,"extract_id":"an1.359-361","parent_uid":"an1.333-377"},"an1.233":{"type":"subleaf","acronym":"AN 1.233","nav":{"prev":"an1.232","next":"an1.234"},"chunk":1,"extract_id":"an1.233","parent_uid":"an1.219-234"},"an1.418":{"type":"alias","target_uid":"an1.394-574","hash_id":"an1.414-418"},"an1.270":{"type":"subleaf","acronym":"AN 1.270","nav":{"prev":"an1.269","next":"an1.271"},"chunk":1,"extract_id":"an1.270","parent_uid":"an1.268-277"},"an1.268-277":{"type":"leaf","acronym":"AN 1.268–277","translated_title":"Chapter One","original_title":"Paṭhamavagga","author_uid":"sujato","nav":{"prev":"an1.258-267","next":"an1.278-286"},"chunk":1},"an2.1-10":{"type":"leaf","acronym":"AN 2.1–10","translated_title":"Punishments","original_title":"Kammakaraṇavagga","author_uid":"sujato","nav":{"prev":"an1.616-627","next":"an2.11-20"}},"an2-pathamapannasaka":{"type":"branch","translated_title":"The First Fifty","original_title":"Paṭhamapaṇṇāsaka","nav":{"prev":"an1-amatavagga","next":"an2-dutiyapannasaka"}},"an2":{"type":"branch","translated_title":"The Book of the Twos","original_title":"Dukanipāta","nav":{"prev":"an1","next":"an3"}},"an":{"type":"branch","acronym":"AN","translated_title":"Numbered Discourses Collection","original_title":"Aṅguttaranikāya","blurb":"The “Numbered” or “Numerical” Discourses are usually known as Aṅguttara Nikāya in Pali, abbreviated AN. However, the Pali tradition also knows the form Ekottara (“one-up” or “incremental”), and this is the form usually found in the northern collections. These collections organize texts in numbered sets, from one to eleven. Compared to the other <i lang='pi' translate='no'>nikāyas</i>, they are more oriented to the lay community. The Ekottarikāgama (EA) in Chinese is a highly unusual text, which features a range of variations within itself when it comes even to basic doctrines. It shares considerably less in common with the Pali Aṅguttara than the other collections do with their counterparts. In addition, there is a partial Ekottarikāgama in Chinese, as well as a variety of individual discourses and fragments in Chinese and Sanskrit.","nav":{"prev":"sn","next":"kn"}}},"super_book_id":"an","super_book_title":"Numbered Discourses Collection"}