{"id":"an2","type":"sub_book","title":"AN2","tree":{"an":{"an2":{"an2-pathamapannasaka":{"an2-kammakaranavagga":[{"an2.1-10":["an2.1","an2.2","an2.3","an2.4","an2.5","an2.6","an2.7","an2.8","an2.9","an2.10"]}],"an2-adhikaranavagga":[{"an2.11-20":["an2.11","an2.12","an2.13","an2.14","an2.15","an2.16","an2.17","an2.18","an2.19","an2.20"]}],"an2-balavagga":[{"an2.21-31":["an2.21","an2.22","an2.23","an2.24","an2.25","an2.26","an2.27","an2.28","an2.29","an2.30","an2.31"]}],"an2-samacittavagga":[{"an2.32-41":["an2.32","an2.33","an2.34","an2.35","an2.36","an2.37","an2.38","an2.39","an2.40","an2.41"]}],"an2-parisavagga":[{"an2.42-51":["an2.42","an2.43","an2.44","an2.45","an2.46","an2.47","an2.48","an2.49","an2.50","an2.51"]}]},"an2-dutiyapannasaka":{"an2-puggalavagga":[{"an2.52-63":["an2.52","an2.53","an2.54","an2.55","an2.56","an2.57","an2.58","an2.59","an2.60","an2.61","an2.62","an2.63"]}],"an2-sukhavagga":[{"an2.64-76":["an2.64","an2.65","an2.66","an2.67","an2.68","an2.69","an2.70","an2.71","an2.72","an2.73","an2.74","an2.75","an2.76"]}],"an2-sanimittavagga":[{"an2.77-86":["an2.77","an2.78","an2.79","an2.80","an2.81","an2.82","an2.83","an2.84","an2.85","an2.86"]}],"an2-dhammavagga":[{"an2.87-97":["an2.87","an2.88","an2.89","an2.90","an2.91","an2.92","an2.93","an2.94","an2.95","an2.96","an2.97"]}],"an2-balavagga2":[{"an2.98-117":["an2.98","an2.99","an2.100","an2.101","an2.102","an2.103","an2.104","an2.105","an2.106","an2.107","an2.108","an2.109","an2.110","an2.111","an2.112","an2.113","an2.114","an2.115","an2.116","an2.117"]}]},"an2-tatiyapannasaka":{"an2-asaduppajahavagga":[{"an2.118-129":["an2.118","an2.119","an2.120","an2.121","an2.122","an2.123","an2.124","an2.125","an2.126","an2.127","an2.128","an2.129"]}],"an2-ayacanavagga":[{"an2.130-140":["an2.130","an2.131","an2.132","an2.133","an2.134","an2.135","an2.136","an2.137","an2.138","an2.139","an2.140"]}],"an2-danavagga":[{"an2.141-150":["an2.141","an2.142","an2.143","an2.144","an2.145","an2.146","an2.147","an2.148","an2.149","an2.150"]}],"an2-santharavagga":[{"an2.151-162":["an2.151","an2.152","an2.153","an2.154","an2.155","an2.156","an2.157","an2.158","an2.159","an2.160","an2.161","an2.162"]}],"an2-samapattivagga":[{"an2.163-179":["an2.163","an2.164","an2.165","an2.166","an2.167","an2.168","an2.169","an2.170","an2.171","an2.172","an2.173","an2.174","an2.175","an2.176","an2.177","an2.178","an2.179"]}]},"an2-peyyala":{"an2-kodhapeyyalavagga":[{"an2.180-229":["an2.180-184","an2.185-189","an2.190-194","an2.195-199","an2.200-204","an2.205-209","an2.210-214","an2.215-219","an2.220-224","an2.225-229"]}],"an2-akusalapeyyalavagga":["an2.230-279"],"an2-vinayapeyyalavagga":[{"an2.280-309":["an2.280","an2.281-309"]}],"an2-ragapeyyalavagga":[{"an2.310-479":["an2.310-319","an2.320-479"]}]}}}},"meta":{"an2.84":{"type":"subleaf","acronym":"AN 2.84","nav":{"prev":"an2.83","next":"an2.85"},"chunk":6,"extract_id":"an2.84","parent_uid":"an2.77-86"},"an2.98-117":{"type":"leaf","acronym":"AN 2.98–117","translated_title":"Fools","original_title":"Bālavagga","author_uid":"sujato","nav":{"prev":"an2.87-97","next":"an2.118-129"},"chunk":6},"an2.273":{"type":"alias","target_uid":"an2.230-279"},"an2.477":{"type":"alias","target_uid":"an2.310-479","hash_id":"an2.320-479"},"an2.140":{"type":"subleaf","acronym":"AN 2.140","nav":{"prev":"an2.139","next":"an2.141-150"},"chunk":2,"extract_id":"an2.140","parent_uid":"an2.130-140"},"an2.388":{"type":"alias","target_uid":"an2.310-479","hash_id":"an2.320-479"},"an2.421":{"type":"alias","target_uid":"an2.310-479","hash_id":"an2.320-479"},"an2.3":{"type":"subleaf","acronym":"AN 2.3","nav":{"prev":"an2.2","next":"an2.4"},"chunk":0,"extract_id":"an2.3","parent_uid":"an2.1-10"},"an2.440":{"type":"alias","target_uid":"an2.310-479","hash_id":"an2.320-479"},"an2.192":{"type":"alias","target_uid":"an2.180-229","hash_id":"an2.190-194"},"an2.394":{"type":"alias","target_uid":"an2.310-479","hash_id":"an2.320-479"},"an2.313":{"type":"alias","target_uid":"an2.310-479","hash_id":"an2.310-319"},"an2.408":{"type":"alias","target_uid":"an2.310-479","hash_id":"an2.320-479"},"an2.311":{"type":"alias","target_uid":"an2.310-479","hash_id":"an2.310-319"},"an2.176":{"type":"subleaf","acronym":"AN 2.176","nav":{"prev":"an2.175","next":"an2.177"},"chunk":2,"extract_id":"an2.176","parent_uid":"an2.163-179"},"an2.284":{"type":"alias","target_uid":"an2.280-309","hash_id":"an2.281-309"},"an2.163-179":{"type":"leaf","acronym":"AN 2.163–179","translated_title":"Attainment","original_title":"Samāpattivagga","author_uid":"sujato","nav":{"prev":"an2.151-162","next":"an2.180-229"},"chunk":2},"an2.203":{"type":"alias","target_uid":"an2.180-229","hash_id":"an2.200-204"},"an2.209":{"type":"alias","target_uid":"an2.180-229","hash_id":"an2.205-209"},"an2.205":{"type":"alias","target_uid":"an2.180-229","hash_id":"an2.205-209"},"an2.452":{"type":"alias","target_uid":"an2.310-479","hash_id":"an2.320-479"},"an2.194":{"type":"alias","target_uid":"an2.180-229","hash_id":"an2.190-194"},"an2.61":{"type":"subleaf","acronym":"AN 2.61","nav":{"prev":"an2.60","next":"an2.62"},"chunk":5,"extract_id":"an2.61","parent_uid":"an2.52-63"},"an2.318":{"type":"alias","target_uid":"an2.310-479","hash_id":"an2.310-319"},"an2.91":{"type":"subleaf","acronym":"AN 2.91","nav":{"prev":"an2.90","next":"an2.92"},"chunk":6,"extract_id":"an2.91","parent_uid":"an2.87-97"},"an2.159":{"type":"subleaf","acronym":"AN 2.159","nav":{"prev":"an2.158","next":"an2.160"},"chunk":2,"extract_id":"an2.159","parent_uid":"an2.151-162"},"an2.390":{"type":"alias","target_uid":"an2.310-479","hash_id":"an2.320-479"},"an2.116":{"type":"subleaf","acronym":"AN 2.116","nav":{"prev":"an2.115","next":"an2.117"},"chunk":6,"extract_id":"an2.116","parent_uid":"an2.98-117"},"an2.12":{"type":"subleaf","acronym":"AN 2.12","nav":{"prev":"an2.11","next":"an2.13"},"chunk":1,"extract_id":"an2.12","parent_uid":"an2.11-20"},"an2.424":{"type":"alias","target_uid":"an2.310-479","hash_id":"an2.320-479"},"an2.115":{"type":"subleaf","acronym":"AN 2.115","nav":{"prev":"an2.114","next":"an2.116"},"chunk":6,"extract_id":"an2.115","parent_uid":"an2.98-117"},"an2.196":{"type":"alias","target_uid":"an2.180-229","hash_id":"an2.195-199"},"an2.330":{"type":"alias","target_uid":"an2.310-479","hash_id":"an2.320-479"},"an2.51":{"type":"subleaf","acronym":"AN 2.51","nav":{"prev":"an2.50","next":"an2.52-63"},"chunk":5,"extract_id":"an2.51","parent_uid":"an2.42-51"},"an2.57":{"type":"subleaf","acronym":"AN 2.57","nav":{"prev":"an2.56","next":"an2.58"},"chunk":5,"extract_id":"an2.57","parent_uid":"an2.52-63"},"an2.316":{"type":"alias","target_uid":"an2.310-479","hash_id":"an2.310-319"},"an2.441":{"type":"alias","target_uid":"an2.310-479","hash_id":"an2.320-479"},"an2.393":{"type":"alias","target_uid":"an2.310-479","hash_id":"an2.320-479"},"an2.174":{"type":"subleaf","acronym":"AN 2.174","nav":{"prev":"an2.173","next":"an2.175"},"chunk":2,"extract_id":"an2.174","parent_uid":"an2.163-179"},"an2.229":{"type":"alias","target_uid":"an2.180-229","hash_id":"an2.225-229"},"an2.358":{"type":"alias","target_uid":"an2.310-479","hash_id":"an2.320-479"},"an2.420":{"type":"alias","target_uid":"an2.310-479","hash_id":"an2.320-479"},"an2.361":{"type":"alias","target_uid":"an2.310-479","hash_id":"an2.320-479"},"an2.360":{"type":"alias","target_uid":"an2.310-479","hash_id":"an2.320-479"},"an2.99":{"type":"subleaf","acronym":"AN 2.99","nav":{"prev":"an2.98","next":"an2.100"},"chunk":6,"extract_id":"an2.99","parent_uid":"an2.98-117"},"an2.63":{"type":"subleaf","acronym":"AN 2.63","nav":{"prev":"an2.62","next":"an2.64-76"},"chunk":5,"extract_id":"an2.63","parent_uid":"an2.52-63"},"an2-peyyala":{"type":"branch","translated_title":"Abbreviated Texts","original_title":"Peyyāla","nav":{"prev":"an2-tatiyapannasaka","next":"an3-pathamapannasaka"}},"an2.143":{"type":"subleaf","acronym":"AN 2.143","nav":{"prev":"an2.142","next":"an2.144"},"chunk":2,"extract_id":"an2.143","parent_uid":"an2.141-150"},"an2.434":{"type":"alias","target_uid":"an2.310-479","hash_id":"an2.320-479"},"an2.238":{"type":"alias","target_uid":"an2.230-279"},"an2.459":{"type":"alias","target_uid":"an2.310-479","hash_id":"an2.320-479"},"an2.368":{"type":"alias","target_uid":"an2.310-479","hash_id":"an2.320-479"},"an2.154":{"type":"subleaf","acronym":"AN 2.154","nav":{"prev":"an2.153","next":"an2.155"},"chunk":2,"extract_id":"an2.154","parent_uid":"an2.151-162"},"an2.415":{"type":"alias","target_uid":"an2.310-479","hash_id":"an2.320-479"},"an2.319":{"type":"alias","target_uid":"an2.310-479","hash_id":"an2.310-319"},"an2.65":{"type":"subleaf","acronym":"AN 2.65","nav":{"prev":"an2.64","next":"an2.66"},"chunk":6,"extract_id":"an2.65","parent_uid":"an2.64-76"},"an2.36":{"type":"subleaf","acronym":"AN 2.36","nav":{"prev":"an2.35","next":"an2.37"},"chunk":4,"extract_id":"an2.36","parent_uid":"an2.32-41"},"an2.295":{"type":"alias","target_uid":"an2.280-309","hash_id":"an2.281-309"},"an2.436":{"type":"alias","target_uid":"an2.310-479","hash_id":"an2.320-479"},"an2.147":{"type":"subleaf","acronym":"AN 2.147","nav":{"prev":"an2.146","next":"an2.148"},"chunk":2,"extract_id":"an2.147","parent_uid":"an2.141-150"},"an2.338":{"type":"alias","target_uid":"an2.310-479","hash_id":"an2.320-479"},"an2.82":{"type":"subleaf","acronym":"AN 2.82","nav":{"prev":"an2.81","next":"an2.83"},"chunk":6,"extract_id":"an2.82","parent_uid":"an2.77-86"},"an2.106":{"type":"subleaf","acronym":"AN 2.106","nav":{"prev":"an2.105","next":"an2.107"},"chunk":6,"extract_id":"an2.106","parent_uid":"an2.98-117"},"an2.75":{"type":"subleaf","acronym":"AN 2.75","nav":{"prev":"an2.74","next":"an2.76"},"chunk":6,"extract_id":"an2.75","parent_uid":"an2.64-76"},"an2.467":{"type":"alias","target_uid":"an2.310-479","hash_id":"an2.320-479"},"an2.279":{"type":"alias","target_uid":"an2.230-279"},"an2.166":{"type":"subleaf","acronym":"AN 2.166","nav":{"prev":"an2.165","next":"an2.167"},"chunk":2,"extract_id":"an2.166","parent_uid":"an2.163-179"},"an2.126":{"type":"subleaf","acronym":"AN 2.126","nav":{"prev":"an2.125","next":"an2.127"},"chunk":1,"extract_id":"an2.126","parent_uid":"an2.118-129"},"an2.357":{"type":"alias","target_uid":"an2.310-479","hash_id":"an2.320-479"},"an2.457":{"type":"alias","target_uid":"an2.310-479","hash_id":"an2.320-479"},"an2.7":{"type":"subleaf","acronym":"AN 2.7","nav":{"prev":"an2.6","next":"an2.8"},"chunk":0,"extract_id":"an2.7","parent_uid":"an2.1-10"},"an2.183":{"type":"alias","target_uid":"an2.180-229","hash_id":"an2.180-184"},"an2.263":{"type":"alias","target_uid":"an2.230-279"},"an2.239":{"type":"alias","target_uid":"an2.230-279"},"an2.407":{"type":"alias","target_uid":"an2.310-479","hash_id":"an2.320-479"},"an2.215":{"type":"alias","target_uid":"an2.180-229","hash_id":"an2.215-219"},"an2-sanimittavagga":{"type":"branch","translated_title":"The Chapter with a Foundation","original_title":"Sanimittavagga","nav":{"prev":"an2-sukhavagga","next":"an2-dhammavagga"}},"an2.90":{"type":"subleaf","acronym":"AN 2.90","nav":{"prev":"an2.89","next":"an2.91"},"chunk":6,"extract_id":"an2.90","parent_uid":"an2.87-97"},"an2.94":{"type":"subleaf","acronym":"AN 2.94","nav":{"prev":"an2.93","next":"an2.95"},"chunk":6,"extract_id":"an2.94","parent_uid":"an2.87-97"},"an2.122":{"type":"subleaf","acronym":"AN 2.122","nav":{"prev":"an2.121","next":"an2.123"},"chunk":1,"extract_id":"an2.122","parent_uid":"an2.118-129"},"an2.241":{"type":"alias","target_uid":"an2.230-279"},"an2.88":{"type":"subleaf","acronym":"AN 2.88","nav":{"prev":"an2.87","next":"an2.89"},"chunk":6,"extract_id":"an2.88","parent_uid":"an2.87-97"},"an2.283":{"type":"alias","target_uid":"an2.280-309","hash_id":"an2.281-309"},"an2.442":{"type":"alias","target_uid":"an2.310-479","hash_id":"an2.320-479"},"an2.382":{"type":"alias","target_uid":"an2.310-479","hash_id":"an2.320-479"},"an2.180-229":{"type":"leaf","acronym":"AN 2.180–229","translated_title":"Abbreviated Texts Beginning With Anger","original_title":"Kodhapeyyālavagga","author_uid":"sujato","nav":{"prev":"an2.163-179","next":"an2.230-279"},"chunk":3},"an2.230":{"type":"alias","target_uid":"an2.230-279"},"an2.210":{"type":"alias","target_uid":"an2.180-229","hash_id":"an2.210-214"},"an2.211":{"type":"alias","target_uid":"an2.180-229","hash_id":"an2.210-214"},"an2.35":{"type":"subleaf","acronym":"AN 2.35","nav":{"prev":"an2.34","next":"an2.36"},"chunk":4,"extract_id":"an2.35","parent_uid":"an2.32-41"},"an2.462":{"type":"alias","target_uid":"an2.310-479","hash_id":"an2.320-479"},"an2-samacittavagga":{"type":"branch","translated_title":"The Chapter on the Peaceful Mind","original_title":"Samacittavagga","nav":{"prev":"an2-balavagga","next":"an2-parisavagga"}},"an2.1":{"type":"subleaf","acronym":"AN 2.1","nav":{"prev":"an1.616-627","next":"an2.2"},"chunk":0,"extract_id":"an2.1","parent_uid":"an2.1-10"},"an2.364":{"type":"alias","target_uid":"an2.310-479","hash_id":"an2.320-479"},"an2.309":{"type":"alias","target_uid":"an2.280-309","hash_id":"an2.281-309"},"an2.373":{"type":"alias","target_uid":"an2.310-479","hash_id":"an2.320-479"},"an2.110":{"type":"subleaf","acronym":"AN 2.110","nav":{"prev":"an2.109","next":"an2.111"},"chunk":6,"extract_id":"an2.110","parent_uid":"an2.98-117"},"an2.345":{"type":"alias","target_uid":"an2.310-479","hash_id":"an2.320-479"},"an2.44":{"type":"subleaf","acronym":"AN 2.44","nav":{"prev":"an2.43","next":"an2.45"},"chunk":5,"extract_id":"an2.44","parent_uid":"an2.42-51"},"an2.182":{"type":"alias","target_uid":"an2.180-229","hash_id":"an2.180-184"},"an2.383":{"type":"alias","target_uid":"an2.310-479","hash_id":"an2.320-479"},"an2.213":{"type":"alias","target_uid":"an2.180-229","hash_id":"an2.210-214"},"an2.102":{"type":"subleaf","acronym":"AN 2.102","nav":{"prev":"an2.101","next":"an2.103"},"chunk":6,"extract_id":"an2.102","parent_uid":"an2.98-117"},"an2.206":{"type":"alias","target_uid":"an2.180-229","hash_id":"an2.205-209"},"an2.160":{"type":"subleaf","acronym":"AN 2.160","nav":{"prev":"an2.159","next":"an2.161"},"chunk":2,"extract_id":"an2.160","parent_uid":"an2.151-162"},"an2.189":{"type":"alias","target_uid":"an2.180-229","hash_id":"an2.185-189"},"an2.98":{"type":"subleaf","acronym":"AN 2.98","nav":{"prev":"an2.87-97","next":"an2.99"},"chunk":6,"extract_id":"an2.98","parent_uid":"an2.98-117"},"an2.138":{"type":"subleaf","acronym":"AN 2.138","nav":{"prev":"an2.137","next":"an2.139"},"chunk":2,"extract_id":"an2.138","parent_uid":"an2.130-140"},"an2.464":{"type":"alias","target_uid":"an2.310-479","hash_id":"an2.320-479"},"an2.344":{"type":"alias","target_uid":"an2.310-479","hash_id":"an2.320-479"},"an2.77":{"type":"subleaf","acronym":"AN 2.77","nav":{"prev":"an2.64-76","next":"an2.78"},"chunk":6,"extract_id":"an2.77","parent_uid":"an2.77-86"},"an2.473":{"type":"alias","target_uid":"an2.310-479","hash_id":"an2.320-479"},"an2.20":{"type":"subleaf","acronym":"AN 2.20","nav":{"prev":"an2.19","next":"an2.21-31"},"chunk":1,"extract_id":"an2.20","parent_uid":"an2.11-20"},"an2.244":{"type":"alias","target_uid":"an2.230-279"},"an2.108":{"type":"subleaf","acronym":"AN 2.108","nav":{"prev":"an2.107","next":"an2.109"},"chunk":6,"extract_id":"an2.108","parent_uid":"an2.98-117"},"an2-ayacanavagga":{"type":"branch","translated_title":"The Chapter on Aspiration","original_title":"Āyācanavagga","nav":{"prev":"an2-asaduppajahavagga","next":"an2-danavagga"}},"an2.15":{"type":"subleaf","acronym":"AN 2.15","nav":{"prev":"an2.14","next":"an2.16"},"chunk":1,"extract_id":"an2.15","parent_uid":"an2.11-20"},"an2.19":{"type":"subleaf","acronym":"AN 2.19","nav":{"prev":"an2.18","next":"an2.20"},"chunk":1,"extract_id":"an2.19","parent_uid":"an2.11-20"},"an2.149":{"type":"subleaf","acronym":"AN 2.149","nav":{"prev":"an2.148","next":"an2.150"},"chunk":2,"extract_id":"an2.149","parent_uid":"an2.141-150"},"an2.254":{"type":"alias","target_uid":"an2.230-279"},"an2.95":{"type":"subleaf","acronym":"AN 2.95","nav":{"prev":"an2.94","next":"an2.96"},"chunk":6,"extract_id":"an2.95","parent_uid":"an2.87-97"},"an2.133":{"type":"subleaf","acronym":"AN 2.133","nav":{"prev":"an2.132","next":"an2.134"},"chunk":2,"extract_id":"an2.133","parent_uid":"an2.130-140"},"an2.80":{"type":"subleaf","acronym":"AN 2.80","nav":{"prev":"an2.79","next":"an2.81"},"chunk":6,"extract_id":"an2.80","parent_uid":"an2.77-86"},"an2.310":{"type":"alias","target_uid":"an2.310-479","hash_id":"an2.310-319"},"an2.475":{"type":"alias","target_uid":"an2.310-479","hash_id":"an2.320-479"},"an2.359":{"type":"alias","target_uid":"an2.310-479","hash_id":"an2.320-479"},"an2.92":{"type":"subleaf","acronym":"AN 2.92","nav":{"prev":"an2.91","next":"an2.93"},"chunk":6,"extract_id":"an2.92","parent_uid":"an2.87-97"},"an2.123":{"type":"subleaf","acronym":"AN 2.123","nav":{"prev":"an2.122","next":"an2.124"},"chunk":1,"extract_id":"an2.123","parent_uid":"an2.118-129"},"an2.267":{"type":"alias","target_uid":"an2.230-279"},"an2-puggalavagga":{"type":"branch","translated_title":"The Chapter on Individuals","original_title":"Puggalavagga","nav":{"prev":"an2-parisavagga","next":"an2-sukhavagga"}},"an2.26":{"type":"subleaf","acronym":"AN 2.26","nav":{"prev":"an2.25","next":"an2.27"},"chunk":3,"extract_id":"an2.26","parent_uid":"an2.21-31"},"an2.200":{"type":"alias","target_uid":"an2.180-229","hash_id":"an2.200-204"},"an2.136":{"type":"subleaf","acronym":"AN 2.136","nav":{"prev":"an2.135","next":"an2.137"},"chunk":2,"extract_id":"an2.136","parent_uid":"an2.130-140"},"an2.466":{"type":"alias","target_uid":"an2.310-479","hash_id":"an2.320-479"},"an2.62":{"type":"subleaf","acronym":"AN 2.62","nav":{"prev":"an2.61","next":"an2.63"},"chunk":5,"extract_id":"an2.62","parent_uid":"an2.52-63"},"an2.231":{"type":"alias","target_uid":"an2.230-279"},"an2.237":{"type":"alias","target_uid":"an2.230-279"},"an2.278":{"type":"alias","target_uid":"an2.230-279"},"an2-ragapeyyalavagga":{"type":"branch","translated_title":"The Chapter of Abbreviated Texts Beginning with Greed","original_title":"Rāgapeyyālavagga","nav":{"prev":"an2-vinayapeyyalavagga","next":"an3-balavagga"}},"an2.250":{"type":"alias","target_uid":"an2.230-279"},"an2.217":{"type":"alias","target_uid":"an2.180-229","hash_id":"an2.215-219"},"an2.301":{"type":"alias","target_uid":"an2.280-309","hash_id":"an2.281-309"},"an2.308":{"type":"alias","target_uid":"an2.280-309","hash_id":"an2.281-309"},"an2.224":{"type":"alias","target_uid":"an2.180-229","hash_id":"an2.220-224"},"an2.266":{"type":"alias","target_uid":"an2.230-279"},"an2.190":{"type":"alias","target_uid":"an2.180-229","hash_id":"an2.190-194"},"an2.413":{"type":"alias","target_uid":"an2.310-479","hash_id":"an2.320-479"},"an2.251":{"type":"alias","target_uid":"an2.230-279"},"an2-vinayapeyyalavagga":{"type":"branch","translated_title":"The Chapter of Abbreviated Texts on Monastic Law","original_title":"Vinayapeyyālavagga","nav":{"prev":"an2-akusalapeyyalavagga","next":"an2-ragapeyyalavagga"}},"an2.262":{"type":"alias","target_uid":"an2.230-279"},"an2.268":{"type":"alias","target_uid":"an2.230-279"},"an2.227":{"type":"alias","target_uid":"an2.180-229","hash_id":"an2.225-229"},"an2.1-10":{"type":"leaf","acronym":"AN 2.1–10","translated_title":"Punishments","original_title":"Kammakaraṇavagga","author_uid":"sujato","nav":{"prev":"an1.616-627","next":"an2.11-20"},"chunk":0},"an2.72":{"type":"subleaf","acronym":"AN 2.72","nav":{"prev":"an2.71","next":"an2.73"},"chunk":6,"extract_id":"an2.72","parent_uid":"an2.64-76"},"an2.85":{"type":"subleaf","acronym":"AN 2.85","nav":{"prev":"an2.84","next":"an2.86"},"chunk":6,"extract_id":"an2.85","parent_uid":"an2.77-86"},"an2.428":{"type":"alias","target_uid":"an2.310-479","hash_id":"an2.320-479"},"an2-balavagga":{"type":"branch","translated_title":"The Chapter on Fools","original_title":"Bālavagga","nav":{"prev":"an2-adhikaranavagga","next":"an2-samacittavagga"}},"an2.142":{"type":"subleaf","acronym":"AN 2.142","nav":{"prev":"an2.141","next":"an2.143"},"chunk":2,"extract_id":"an2.142","parent_uid":"an2.141-150"},"an2-akusalapeyyalavagga":{"type":"branch","translated_title":"The Chapter of Abbreviated Texts Beginning With the Unskillful","original_title":"Akusalapeyyālavagga","nav":{"prev":"an2-kodhapeyyalavagga","next":"an2-vinayapeyyalavagga"}},"an2.52-63":{"type":"leaf","acronym":"AN 2.52–63","translated_title":"Individuals","original_title":"Puggalavagga","author_uid":"sujato","nav":{"prev":"an2.42-51","next":"an2.64-76"},"chunk":5},"an2.416":{"type":"alias","target_uid":"an2.310-479","hash_id":"an2.320-479"},"an2.430":{"type":"alias","target_uid":"an2.310-479","hash_id":"an2.320-479"},"an2.168":{"type":"subleaf","acronym":"AN 2.168","nav":{"prev":"an2.167","next":"an2.169"},"chunk":2,"extract_id":"an2.168","parent_uid":"an2.163-179"},"an2.451":{"type":"alias","target_uid":"an2.310-479","hash_id":"an2.320-479"},"an2.109":{"type":"subleaf","acronym":"AN 2.109","nav":{"prev":"an2.108","next":"an2.110"},"chunk":6,"extract_id":"an2.109","parent_uid":"an2.98-117"},"an2.431":{"type":"alias","target_uid":"an2.310-479","hash_id":"an2.320-479"},"an2.124":{"type":"subleaf","acronym":"AN 2.124","nav":{"prev":"an2.123","next":"an2.125"},"chunk":1,"extract_id":"an2.124","parent_uid":"an2.118-129"},"an2.389":{"type":"alias","target_uid":"an2.310-479","hash_id":"an2.320-479"},"an2.243":{"type":"alias","target_uid":"an2.230-279"},"an2.46":{"type":"subleaf","acronym":"AN 2.46","nav":{"prev":"an2.45","next":"an2.47"},"chunk":5,"extract_id":"an2.46","parent_uid":"an2.42-51"},"an2.427":{"type":"alias","target_uid":"an2.310-479","hash_id":"an2.320-479"},"an2.171":{"type":"subleaf","acronym":"AN 2.171","nav":{"prev":"an2.170","next":"an2.172"},"chunk":2,"extract_id":"an2.171","parent_uid":"an2.163-179"},"an2.195":{"type":"alias","target_uid":"an2.180-229","hash_id":"an2.195-199"},"an2.417":{"type":"alias","target_uid":"an2.310-479","hash_id":"an2.320-479"},"an2.320":{"type":"alias","target_uid":"an2.310-479","hash_id":"an2.320-479"},"an2.303":{"type":"alias","target_uid":"an2.280-309","hash_id":"an2.281-309"},"an2.437":{"type":"alias","target_uid":"an2.310-479","hash_id":"an2.320-479"},"an2.302":{"type":"alias","target_uid":"an2.280-309","hash_id":"an2.281-309"},"an2.293":{"type":"alias","target_uid":"an2.280-309","hash_id":"an2.281-309"},"an2.59":{"type":"subleaf","acronym":"AN 2.59","nav":{"prev":"an2.58","next":"an2.60"},"chunk":5,"extract_id":"an2.59","parent_uid":"an2.52-63"},"an2.221":{"type":"alias","target_uid":"an2.180-229","hash_id":"an2.220-224"},"an2.453":{"type":"alias","target_uid":"an2.310-479","hash_id":"an2.320-479"},"an2.405":{"type":"alias","target_uid":"an2.310-479","hash_id":"an2.320-479"},"an2.208":{"type":"alias","target_uid":"an2.180-229","hash_id":"an2.205-209"},"an2.236":{"type":"alias","target_uid":"an2.230-279"},"an2.458":{"type":"alias","target_uid":"an2.310-479","hash_id":"an2.320-479"},"an2.220-224":{"type":"subleaf","acronym":"AN 2.220–224","nav":{"prev":"an2.215-219","next":"an2.225-229"},"chunk":3,"extract_id":"an2.220-224","parent_uid":"an2.180-229"},"an2.32":{"type":"subleaf","acronym":"AN 2.32","nav":{"prev":"an2.21-31","next":"an2.33"},"chunk":4,"extract_id":"an2.32","parent_uid":"an2.32-41"},"an2.435":{"type":"alias","target_uid":"an2.310-479","hash_id":"an2.320-479"},"an2.447":{"type":"alias","target_uid":"an2.310-479","hash_id":"an2.320-479"},"an2.465":{"type":"alias","target_uid":"an2.310-479","hash_id":"an2.320-479"},"an2.107":{"type":"subleaf","acronym":"AN 2.107","nav":{"prev":"an2.106","next":"an2.108"},"chunk":6,"extract_id":"an2.107","parent_uid":"an2.98-117"},"an2.66":{"type":"subleaf","acronym":"AN 2.66","nav":{"prev":"an2.65","next":"an2.67"},"chunk":6,"extract_id":"an2.66","parent_uid":"an2.64-76"},"an2.341":{"type":"alias","target_uid":"an2.310-479","hash_id":"an2.320-479"},"an2.356":{"type":"alias","target_uid":"an2.310-479","hash_id":"an2.320-479"},"an2.199":{"type":"alias","target_uid":"an2.180-229","hash_id":"an2.195-199"},"an2.363":{"type":"alias","target_uid":"an2.310-479","hash_id":"an2.320-479"},"an2.339":{"type":"alias","target_uid":"an2.310-479","hash_id":"an2.320-479"},"an2-danavagga":{"type":"branch","translated_title":"The Chapter on Giving","original_title":"Dānavagga","nav":{"prev":"an2-ayacanavagga","next":"an2-santharavagga"}},"an2.281":{"type":"alias","target_uid":"an2.280-309","hash_id":"an2.281-309"},"an2.161":{"type":"subleaf","acronym":"AN 2.161","nav":{"prev":"an2.160","next":"an2.162"},"chunk":2,"extract_id":"an2.161","parent_uid":"an2.151-162"},"an2.327":{"type":"alias","target_uid":"an2.310-479","hash_id":"an2.320-479"},"an2.315":{"type":"alias","target_uid":"an2.310-479","hash_id":"an2.310-319"},"an2.111":{"type":"subleaf","acronym":"AN 2.111","nav":{"prev":"an2.110","next":"an2.112"},"chunk":6,"extract_id":"an2.111","parent_uid":"an2.98-117"},"an2.291":{"type":"alias","target_uid":"an2.280-309","hash_id":"an2.281-309"},"an2.455":{"type":"alias","target_uid":"an2.310-479","hash_id":"an2.320-479"},"an2.292":{"type":"alias","target_uid":"an2.280-309","hash_id":"an2.281-309"},"an2.21-31":{"type":"leaf","acronym":"AN 2.21–31","translated_title":"Fools","original_title":"Bālavagga","author_uid":"sujato","nav":{"prev":"an2.11-20","next":"an2.32-41"},"chunk":3},"an2.76":{"type":"subleaf","acronym":"AN 2.76","nav":{"prev":"an2.75","next":"an2.77-86"},"chunk":6,"extract_id":"an2.76","parent_uid":"an2.64-76"},"an2.104":{"type":"subleaf","acronym":"AN 2.104","nav":{"prev":"an2.103","next":"an2.105"},"chunk":6,"extract_id":"an2.104","parent_uid":"an2.98-117"},"an2.207":{"type":"alias","target_uid":"an2.180-229","hash_id":"an2.205-209"},"an2.43":{"type":"subleaf","acronym":"AN 2.43","nav":{"prev":"an2.42","next":"an2.44"},"chunk":5,"extract_id":"an2.43","parent_uid":"an2.42-51"},"an2.144":{"type":"subleaf","acronym":"AN 2.144","nav":{"prev":"an2.143","next":"an2.145"},"chunk":2,"extract_id":"an2.144","parent_uid":"an2.141-150"},"an2.145":{"type":"subleaf","acronym":"AN 2.145","nav":{"prev":"an2.144","next":"an2.146"},"chunk":2,"extract_id":"an2.145","parent_uid":"an2.141-150"},"an2.306":{"type":"alias","target_uid":"an2.280-309","hash_id":"an2.281-309"},"an2.479":{"type":"alias","target_uid":"an2.310-479","hash_id":"an2.320-479"},"an2.260":{"type":"alias","target_uid":"an2.230-279"},"an2.429":{"type":"alias","target_uid":"an2.310-479","hash_id":"an2.320-479"},"an2.380":{"type":"alias","target_uid":"an2.310-479","hash_id":"an2.320-479"},"an2.185":{"type":"alias","target_uid":"an2.180-229","hash_id":"an2.185-189"},"an2.48":{"type":"subleaf","acronym":"AN 2.48","nav":{"prev":"an2.47","next":"an2.49"},"chunk":5,"extract_id":"an2.48","parent_uid":"an2.42-51"},"an2.21":{"type":"subleaf","acronym":"AN 2.21","nav":{"prev":"an2.11-20","next":"an2.22"},"chunk":3,"extract_id":"an2.21","parent_uid":"an2.21-31"},"an2.180-184":{"type":"subleaf","acronym":"AN 2.180–184","nav":{"prev":"an2.163-179","next":"an2.185-189"},"chunk":3,"extract_id":"an2.180-184","parent_uid":"an2.180-229"},"an2.289":{"type":"alias","target_uid":"an2.280-309","hash_id":"an2.281-309"},"an2.25":{"type":"subleaf","acronym":"AN 2.25","nav":{"prev":"an2.24","next":"an2.26"},"chunk":3,"extract_id":"an2.25","parent_uid":"an2.21-31"},"an2.384":{"type":"alias","target_uid":"an2.310-479","hash_id":"an2.320-479"},"an2.164":{"type":"subleaf","acronym":"AN 2.164","nav":{"prev":"an2.163","next":"an2.165"},"chunk":2,"extract_id":"an2.164","parent_uid":"an2.163-179"},"an2.269":{"type":"alias","target_uid":"an2.230-279"},"an2.226":{"type":"alias","target_uid":"an2.180-229","hash_id":"an2.225-229"},"an2.397":{"type":"alias","target_uid":"an2.310-479","hash_id":"an2.320-479"},"an2.272":{"type":"alias","target_uid":"an2.230-279"},"an2.195-199":{"type":"subleaf","acronym":"AN 2.195–199","nav":{"prev":"an2.190-194","next":"an2.200-204"},"chunk":3,"extract_id":"an2.195-199","parent_uid":"an2.180-229"},"an2.287":{"type":"alias","target_uid":"an2.280-309","hash_id":"an2.281-309"},"an2.391":{"type":"alias","target_uid":"an2.310-479","hash_id":"an2.320-479"},"an2.317":{"type":"alias","target_uid":"an2.310-479","hash_id":"an2.310-319"},"an2.73":{"type":"subleaf","acronym":"AN 2.73","nav":{"prev":"an2.72","next":"an2.74"},"chunk":6,"extract_id":"an2.73","parent_uid":"an2.64-76"},"an2.141-150":{"type":"leaf","acronym":"AN 2.141–150","translated_title":"Giving","original_title":"Dānavagga","author_uid":"sujato","nav":{"prev":"an2.130-140","next":"an2.151-162"},"chunk":2},"an2.346":{"type":"alias","target_uid":"an2.310-479","hash_id":"an2.320-479"},"an2.461":{"type":"alias","target_uid":"an2.310-479","hash_id":"an2.320-479"},"an2.222":{"type":"alias","target_uid":"an2.180-229","hash_id":"an2.220-224"},"an2.371":{"type":"alias","target_uid":"an2.310-479","hash_id":"an2.320-479"},"an2.349":{"type":"alias","target_uid":"an2.310-479","hash_id":"an2.320-479"},"an2.79":{"type":"subleaf","acronym":"AN 2.79","nav":{"prev":"an2.78","next":"an2.80"},"chunk":6,"extract_id":"an2.79","parent_uid":"an2.77-86"},"an2.118-129":{"type":"leaf","acronym":"AN 2.118–129","translated_title":"Hopes That Are Hard to Give Up","original_title":"Āsāduppajahavagga","author_uid":"sujato","nav":{"prev":"an2.98-117","next":"an2.130-140"},"chunk":1},"an2.285":{"type":"alias","target_uid":"an2.280-309","hash_id":"an2.281-309"},"an2.352":{"type":"alias","target_uid":"an2.310-479","hash_id":"an2.320-479"},"an2.474":{"type":"alias","target_uid":"an2.310-479","hash_id":"an2.320-479"},"an2.323":{"type":"alias","target_uid":"an2.310-479","hash_id":"an2.320-479"},"an2.165":{"type":"subleaf","acronym":"AN 2.165","nav":{"prev":"an2.164","next":"an2.166"},"chunk":2,"extract_id":"an2.165","parent_uid":"an2.163-179"},"an2.150":{"type":"subleaf","acronym":"AN 2.150","nav":{"prev":"an2.149","next":"an2.151-162"},"chunk":2,"extract_id":"an2.150","parent_uid":"an2.141-150"},"an2.55":{"type":"subleaf","acronym":"AN 2.55","nav":{"prev":"an2.54","next":"an2.56"},"chunk":5,"extract_id":"an2.55","parent_uid":"an2.52-63"},"an2.14":{"type":"subleaf","acronym":"AN 2.14","nav":{"prev":"an2.13","next":"an2.15"},"chunk":1,"extract_id":"an2.14","parent_uid":"an2.11-20"},"an2.414":{"type":"alias","target_uid":"an2.310-479","hash_id":"an2.320-479"},"an2-balavagga2":{"type":"branch","translated_title":"The Chapter on Fools","original_title":"Bālavagga","nav":{"prev":"an2-dhammavagga","next":"an2-asaduppajahavagga"}},"an2.406":{"type":"alias","target_uid":"an2.310-479","hash_id":"an2.320-479"},"an2.112":{"type":"subleaf","acronym":"AN 2.112","nav":{"prev":"an2.111","next":"an2.113"},"chunk":6,"extract_id":"an2.112","parent_uid":"an2.98-117"},"an2.113":{"type":"subleaf","acronym":"AN 2.113","nav":{"prev":"an2.112","next":"an2.114"},"chunk":6,"extract_id":"an2.113","parent_uid":"an2.98-117"},"an2.179":{"type":"subleaf","acronym":"AN 2.179","nav":{"prev":"an2.178","next":"an2.180-229"},"chunk":2,"extract_id":"an2.179","parent_uid":"an2.163-179"},"an2.446":{"type":"alias","target_uid":"an2.310-479","hash_id":"an2.320-479"},"an2.87":{"type":"subleaf","acronym":"AN 2.87","nav":{"prev":"an2.77-86","next":"an2.88"},"chunk":6,"extract_id":"an2.87","parent_uid":"an2.87-97"},"an2.158":{"type":"subleaf","acronym":"AN 2.158","nav":{"prev":"an2.157","next":"an2.159"},"chunk":2,"extract_id":"an2.158","parent_uid":"an2.151-162"},"an2-pathamapannasaka":{"type":"branch","translated_title":"The First Fifty","original_title":"Paṭhamapaṇṇāsaka","nav":{"prev":"an1-amatavagga","next":"an2-dutiyapannasaka"}},"an2.64":{"type":"subleaf","acronym":"AN 2.64","nav":{"prev":"an2.52-63","next":"an2.65"},"chunk":6,"extract_id":"an2.64","parent_uid":"an2.64-76"},"an2.155":{"type":"subleaf","acronym":"AN 2.155","nav":{"prev":"an2.154","next":"an2.156"},"chunk":2,"extract_id":"an2.155","parent_uid":"an2.151-162"},"an2.202":{"type":"alias","target_uid":"an2.180-229","hash_id":"an2.200-204"},"an2.177":{"type":"subleaf","acronym":"AN 2.177","nav":{"prev":"an2.176","next":"an2.178"},"chunk":2,"extract_id":"an2.177","parent_uid":"an2.163-179"},"an2.290":{"type":"alias","target_uid":"an2.280-309","hash_id":"an2.281-309"},"an2.162":{"type":"subleaf","acronym":"AN 2.162","nav":{"prev":"an2.161","next":"an2.163-179"},"chunk":2,"extract_id":"an2.162","parent_uid":"an2.151-162"},"an2.249":{"type":"alias","target_uid":"an2.230-279"},"an2.350":{"type":"alias","target_uid":"an2.310-479","hash_id":"an2.320-479"},"an2.70":{"type":"subleaf","acronym":"AN 2.70","nav":{"prev":"an2.69","next":"an2.71"},"chunk":6,"extract_id":"an2.70","parent_uid":"an2.64-76"},"an2.375":{"type":"alias","target_uid":"an2.310-479","hash_id":"an2.320-479"},"an2.54":{"type":"subleaf","acronym":"AN 2.54","nav":{"prev":"an2.53","next":"an2.55"},"chunk":5,"extract_id":"an2.54","parent_uid":"an2.52-63"},"an2.50":{"type":"subleaf","acronym":"AN 2.50","nav":{"prev":"an2.49","next":"an2.51"},"chunk":5,"extract_id":"an2.50","parent_uid":"an2.42-51"},"an2.214":{"type":"alias","target_uid":"an2.180-229","hash_id":"an2.210-214"},"an2.125":{"type":"subleaf","acronym":"AN 2.125","nav":{"prev":"an2.124","next":"an2.126"},"chunk":1,"extract_id":"an2.125","parent_uid":"an2.118-129"},"an2.362":{"type":"alias","target_uid":"an2.310-479","hash_id":"an2.320-479"},"an2.13":{"type":"subleaf","acronym":"AN 2.13","nav":{"prev":"an2.12","next":"an2.14"},"chunk":1,"extract_id":"an2.13","parent_uid":"an2.11-20"},"an2.120":{"type":"subleaf","acronym":"AN 2.120","nav":{"prev":"an2.119","next":"an2.121"},"chunk":1,"extract_id":"an2.120","parent_uid":"an2.118-129"},"an2.297":{"type":"alias","target_uid":"an2.280-309","hash_id":"an2.281-309"},"an2.314":{"type":"alias","target_uid":"an2.310-479","hash_id":"an2.310-319"},"an2.476":{"type":"alias","target_uid":"an2.310-479","hash_id":"an2.320-479"},"an2.60":{"type":"subleaf","acronym":"AN 2.60","nav":{"prev":"an2.59","next":"an2.61"},"chunk":5,"extract_id":"an2.60","parent_uid":"an2.52-63"},"an2.129":{"type":"subleaf","acronym":"AN 2.129","nav":{"prev":"an2.128","next":"an2.130-140"},"chunk":1,"extract_id":"an2.129","parent_uid":"an2.118-129"},"an2.175":{"type":"subleaf","acronym":"AN 2.175","nav":{"prev":"an2.174","next":"an2.176"},"chunk":2,"extract_id":"an2.175","parent_uid":"an2.163-179"},"an2.11":{"type":"subleaf","acronym":"AN 2.11","nav":{"prev":"an2.1-10","next":"an2.12"},"chunk":1,"extract_id":"an2.11","parent_uid":"an2.11-20"},"an2.186":{"type":"alias","target_uid":"an2.180-229","hash_id":"an2.185-189"},"an2.163":{"type":"subleaf","acronym":"AN 2.163","nav":{"prev":"an2.151-162","next":"an2.164"},"chunk":2,"extract_id":"an2.163","parent_uid":"an2.163-179"},"an2.277":{"type":"alias","target_uid":"an2.230-279"},"an2.438":{"type":"alias","target_uid":"an2.310-479","hash_id":"an2.320-479"},"an2.42-51":{"type":"leaf","acronym":"AN 2.42–51","translated_title":"Assemblies","original_title":"Parisavagga","author_uid":"sujato","nav":{"prev":"an2.32-41","next":"an2.52-63"},"chunk":5},"an2.351":{"type":"alias","target_uid":"an2.310-479","hash_id":"an2.320-479"},"an2.152":{"type":"subleaf","acronym":"AN 2.152","nav":{"prev":"an2.151","next":"an2.153"},"chunk":2,"extract_id":"an2.152","parent_uid":"an2.151-162"},"an2.255":{"type":"alias","target_uid":"an2.230-279"},"an2.376":{"type":"alias","target_uid":"an2.310-479","hash_id":"an2.320-479"},"an2.34":{"type":"subleaf","acronym":"AN 2.34","nav":{"prev":"an2.33","next":"an2.35"},"chunk":4,"extract_id":"an2.34","parent_uid":"an2.32-41"},"an2.10":{"type":"subleaf","acronym":"AN 2.10","nav":{"prev":"an2.9","next":"an2.11-20"},"chunk":0,"extract_id":"an2.10","parent_uid":"an2.1-10"},"an2.247":{"type":"alias","target_uid":"an2.230-279"},"an2.412":{"type":"alias","target_uid":"an2.310-479","hash_id":"an2.320-479"},"an2.253":{"type":"alias","target_uid":"an2.230-279"},"an2.347":{"type":"alias","target_uid":"an2.310-479","hash_id":"an2.320-479"},"an2.378":{"type":"alias","target_uid":"an2.310-479","hash_id":"an2.320-479"},"an2.403":{"type":"alias","target_uid":"an2.310-479","hash_id":"an2.320-479"},"an2.49":{"type":"subleaf","acronym":"AN 2.49","nav":{"prev":"an2.48","next":"an2.50"},"chunk":5,"extract_id":"an2.49","parent_uid":"an2.42-51"},"an2.321":{"type":"alias","target_uid":"an2.310-479","hash_id":"an2.320-479"},"an2.365":{"type":"alias","target_uid":"an2.310-479","hash_id":"an2.320-479"},"an2.230-279":{"type":"leaf","acronym":"AN 2.230–279","translated_title":"Abbreviated Texts Beginning With the Unskillful","original_title":"Akusalapeyyālavagga","author_uid":"sujato","nav":{"prev":"an2.180-229","next":"an2.280-309"},"chunk":3},"an2.78":{"type":"subleaf","acronym":"AN 2.78","nav":{"prev":"an2.77","next":"an2.79"},"chunk":6,"extract_id":"an2.78","parent_uid":"an2.77-86"},"an2.56":{"type":"subleaf","acronym":"AN 2.56","nav":{"prev":"an2.55","next":"an2.57"},"chunk":5,"extract_id":"an2.56","parent_uid":"an2.52-63"},"an2.193":{"type":"alias","target_uid":"an2.180-229","hash_id":"an2.190-194"},"an2.6":{"type":"subleaf","acronym":"AN 2.6","nav":{"prev":"an2.5","next":"an2.7"},"chunk":0,"extract_id":"an2.6","parent_uid":"an2.1-10"},"an2.97":{"type":"subleaf","acronym":"AN 2.97","nav":{"prev":"an2.96","next":"an2.98-117"},"chunk":6,"extract_id":"an2.97","parent_uid":"an2.87-97"},"an2.130":{"type":"subleaf","acronym":"AN 2.130","nav":{"prev":"an2.118-129","next":"an2.131"},"chunk":2,"extract_id":"an2.130","parent_uid":"an2.130-140"},"an2.40":{"type":"subleaf","acronym":"AN 2.40","nav":{"prev":"an2.39","next":"an2.41"},"chunk":4,"extract_id":"an2.40","parent_uid":"an2.32-41"},"an2.53":{"type":"subleaf","acronym":"AN 2.53","nav":{"prev":"an2.52","next":"an2.54"},"chunk":5,"extract_id":"an2.53","parent_uid":"an2.52-63"},"an2.33":{"type":"subleaf","acronym":"AN 2.33","nav":{"prev":"an2.32","next":"an2.34"},"chunk":4,"extract_id":"an2.33","parent_uid":"an2.32-41"},"an2.52":{"type":"subleaf","acronym":"AN 2.52","nav":{"prev":"an2.42-51","next":"an2.53"},"chunk":5,"extract_id":"an2.52","parent_uid":"an2.52-63"},"an2.31":{"type":"subleaf","acronym":"AN 2.31","nav":{"prev":"an2.30","next":"an2.32-41"},"chunk":3,"extract_id":"an2.31","parent_uid":"an2.21-31"},"an2.134":{"type":"subleaf","acronym":"AN 2.134","nav":{"prev":"an2.133","next":"an2.135"},"chunk":2,"extract_id":"an2.134","parent_uid":"an2.130-140"},"an2.180":{"type":"alias","target_uid":"an2.180-229","hash_id":"an2.180-184"},"an2.433":{"type":"alias","target_uid":"an2.310-479","hash_id":"an2.320-479"},"an2.294":{"type":"alias","target_uid":"an2.280-309","hash_id":"an2.281-309"},"an2.444":{"type":"alias","target_uid":"an2.310-479","hash_id":"an2.320-479"},"an2.32-41":{"type":"leaf","acronym":"AN 2.32–41","translated_title":"Peaceful Mind","original_title":"Samacittavagga","author_uid":"sujato","nav":{"prev":"an2.21-31","next":"an2.42-51"},"chunk":4},"an2.372":{"type":"alias","target_uid":"an2.310-479","hash_id":"an2.320-479"},"an2.4":{"type":"subleaf","acronym":"AN 2.4","nav":{"prev":"an2.3","next":"an2.5"},"chunk":0,"extract_id":"an2.4","parent_uid":"an2.1-10"},"an2.131":{"type":"subleaf","acronym":"AN 2.131","nav":{"prev":"an2.130","next":"an2.132"},"chunk":2,"extract_id":"an2.131","parent_uid":"an2.130-140"},"an2.169":{"type":"subleaf","acronym":"AN 2.169","nav":{"prev":"an2.168","next":"an2.170"},"chunk":2,"extract_id":"an2.169","parent_uid":"an2.163-179"},"an2.332":{"type":"alias","target_uid":"an2.310-479","hash_id":"an2.320-479"},"an2.64-76":{"type":"leaf","acronym":"AN 2.64–76","translated_title":"Happiness","original_title":"Sukhavagga","author_uid":"sujato","nav":{"prev":"an2.52-63","next":"an2.77-86"},"chunk":6},"an2.300":{"type":"alias","target_uid":"an2.280-309","hash_id":"an2.281-309"},"an2.8":{"type":"subleaf","acronym":"AN 2.8","nav":{"prev":"an2.7","next":"an2.9"},"chunk":0,"extract_id":"an2.8","parent_uid":"an2.1-10"},"an2.215-219":{"type":"subleaf","acronym":"AN 2.215–219","nav":{"prev":"an2.210-214","next":"an2.220-224"},"chunk":3,"extract_id":"an2.215-219","parent_uid":"an2.180-229"},"an2.245":{"type":"alias","target_uid":"an2.230-279"},"an2.234":{"type":"alias","target_uid":"an2.230-279"},"an2.335":{"type":"alias","target_uid":"an2.310-479","hash_id":"an2.320-479"},"an2.399":{"type":"alias","target_uid":"an2.310-479","hash_id":"an2.320-479"},"an2.340":{"type":"alias","target_uid":"an2.310-479","hash_id":"an2.320-479"},"an2.342":{"type":"alias","target_uid":"an2.310-479","hash_id":"an2.320-479"},"an2.201":{"type":"alias","target_uid":"an2.180-229","hash_id":"an2.200-204"},"an2.270":{"type":"alias","target_uid":"an2.230-279"},"an2.39":{"type":"subleaf","acronym":"AN 2.39","nav":{"prev":"an2.38","next":"an2.40"},"chunk":4,"extract_id":"an2.39","parent_uid":"an2.32-41"},"an2.28":{"type":"subleaf","acronym":"AN 2.28","nav":{"prev":"an2.27","next":"an2.29"},"chunk":3,"extract_id":"an2.28","parent_uid":"an2.21-31"},"an2.463":{"type":"alias","target_uid":"an2.310-479","hash_id":"an2.320-479"},"an2.280-309":{"type":"leaf","acronym":"AN 2.280–309","translated_title":"Abbreviated Texts on Monastic Law","original_title":"Vinayapeyyālavagga","author_uid":"sujato","nav":{"prev":"an2.230-279","next":"an2.310-479"},"chunk":3},"an2.299":{"type":"alias","target_uid":"an2.280-309","hash_id":"an2.281-309"},"an2.343":{"type":"alias","target_uid":"an2.310-479","hash_id":"an2.320-479"},"an2.23":{"type":"subleaf","acronym":"AN 2.23","nav":{"prev":"an2.22","next":"an2.24"},"chunk":3,"extract_id":"an2.23","parent_uid":"an2.21-31"},"an2-parisavagga":{"type":"branch","translated_title":"The Chapter on Assemblies","original_title":"Parisavagga","nav":{"prev":"an2-samacittavagga","next":"an2-puggalavagga"}},"an2.42":{"type":"subleaf","acronym":"AN 2.42","nav":{"prev":"an2.32-41","next":"an2.43"},"chunk":5,"extract_id":"an2.42","parent_uid":"an2.42-51"},"an2-samapattivagga":{"type":"branch","translated_title":"The Chapter on Attainment","original_title":"Samāpattivagga","nav":{"prev":"an2-santharavagga","next":"an2-kodhapeyyalavagga"}},"an2.304":{"type":"alias","target_uid":"an2.280-309","hash_id":"an2.281-309"},"an2.448":{"type":"alias","target_uid":"an2.310-479","hash_id":"an2.320-479"},"an2.353":{"type":"alias","target_uid":"an2.310-479","hash_id":"an2.320-479"},"an2.411":{"type":"alias","target_uid":"an2.310-479","hash_id":"an2.320-479"},"an2.265":{"type":"alias","target_uid":"an2.230-279"},"an2.173":{"type":"subleaf","acronym":"AN 2.173","nav":{"prev":"an2.172","next":"an2.174"},"chunk":2,"extract_id":"an2.173","parent_uid":"an2.163-179"},"an2.191":{"type":"alias","target_uid":"an2.180-229","hash_id":"an2.190-194"},"an2.426":{"type":"alias","target_uid":"an2.310-479","hash_id":"an2.320-479"},"an2.264":{"type":"alias","target_uid":"an2.230-279"},"an2.387":{"type":"alias","target_uid":"an2.310-479","hash_id":"an2.320-479"},"an2.468":{"type":"alias","target_uid":"an2.310-479","hash_id":"an2.320-479"},"an2.89":{"type":"subleaf","acronym":"AN 2.89","nav":{"prev":"an2.88","next":"an2.90"},"chunk":6,"extract_id":"an2.89","parent_uid":"an2.87-97"},"an2":{"type":"branch","translated_title":"The Book of the Twos","original_title":"Dukanipāta","nav":{"prev":"an1","next":"an3"}},"an2.282":{"type":"alias","target_uid":"an2.280-309","hash_id":"an2.281-309"},"an2.198":{"type":"alias","target_uid":"an2.180-229","hash_id":"an2.195-199"},"an2.218":{"type":"alias","target_uid":"an2.180-229","hash_id":"an2.215-219"},"an2.41":{"type":"subleaf","acronym":"AN 2.41","nav":{"prev":"an2.40","next":"an2.42-51"},"chunk":4,"extract_id":"an2.41","parent_uid":"an2.32-41"},"an2.103":{"type":"subleaf","acronym":"AN 2.103","nav":{"prev":"an2.102","next":"an2.104"},"chunk":6,"extract_id":"an2.103","parent_uid":"an2.98-117"},"an2.445":{"type":"alias","target_uid":"an2.310-479","hash_id":"an2.320-479"},"an2.167":{"type":"subleaf","acronym":"AN 2.167","nav":{"prev":"an2.166","next":"an2.168"},"chunk":2,"extract_id":"an2.167","parent_uid":"an2.163-179"},"an2.334":{"type":"alias","target_uid":"an2.310-479","hash_id":"an2.320-479"},"an2.114":{"type":"subleaf","acronym":"AN 2.114","nav":{"prev":"an2.113","next":"an2.115"},"chunk":6,"extract_id":"an2.114","parent_uid":"an2.98-117"},"an2.156":{"type":"subleaf","acronym":"AN 2.156","nav":{"prev":"an2.155","next":"an2.157"},"chunk":2,"extract_id":"an2.156","parent_uid":"an2.151-162"},"an2.5":{"type":"subleaf","acronym":"AN 2.5","nav":{"prev":"an2.4","next":"an2.6"},"chunk":0,"extract_id":"an2.5","parent_uid":"an2.1-10"},"an2.121":{"type":"subleaf","acronym":"AN 2.121","nav":{"prev":"an2.120","next":"an2.122"},"chunk":1,"extract_id":"an2.121","parent_uid":"an2.118-129"},"an2.274":{"type":"alias","target_uid":"an2.230-279"},"an2.146":{"type":"subleaf","acronym":"AN 2.146","nav":{"prev":"an2.145","next":"an2.147"},"chunk":2,"extract_id":"an2.146","parent_uid":"an2.141-150"},"an2.374":{"type":"alias","target_uid":"an2.310-479","hash_id":"an2.320-479"},"an2.151-162":{"type":"leaf","acronym":"AN 2.151–162","translated_title":"Welcome","original_title":"Santhāravagga","author_uid":"sujato","nav":{"prev":"an2.141-150","next":"an2.163-179"},"chunk":2},"an2.259":{"type":"alias","target_uid":"an2.230-279"},"an2.280":{"type":"subleaf","acronym":"AN 2.280","nav":{"prev":"an2.230-279","next":"an2.281-309"},"chunk":3,"extract_id":"an2.280","parent_uid":"an2.280-309"},"an2.454":{"type":"alias","target_uid":"an2.310-479","hash_id":"an2.320-479"},"an2.395":{"type":"alias","target_uid":"an2.310-479","hash_id":"an2.320-479"},"an2-sukhavagga":{"type":"branch","translated_title":"The Chapter on Happiness","original_title":"Sukhavagga","nav":{"prev":"an2-puggalavagga","next":"an2-sanimittavagga"}},"an2.204":{"type":"alias","target_uid":"an2.180-229","hash_id":"an2.200-204"},"an2.470":{"type":"alias","target_uid":"an2.310-479","hash_id":"an2.320-479"},"an2-tatiyapannasaka":{"type":"branch","translated_title":"The Third Fifty","original_title":"Tatiyapaṇṇāsaka","nav":{"prev":"an2-dutiyapannasaka","next":"an2-peyyala"}},"an2.101":{"type":"subleaf","acronym":"AN 2.101","nav":{"prev":"an2.100","next":"an2.102"},"chunk":6,"extract_id":"an2.101","parent_uid":"an2.98-117"},"an2.233":{"type":"alias","target_uid":"an2.230-279"},"an2.296":{"type":"alias","target_uid":"an2.280-309","hash_id":"an2.281-309"},"an2.127":{"type":"subleaf","acronym":"AN 2.127","nav":{"prev":"an2.126","next":"an2.128"},"chunk":1,"extract_id":"an2.127","parent_uid":"an2.118-129"},"an2.172":{"type":"subleaf","acronym":"AN 2.172","nav":{"prev":"an2.171","next":"an2.173"},"chunk":2,"extract_id":"an2.172","parent_uid":"an2.163-179"},"an2.141":{"type":"subleaf","acronym":"AN 2.141","nav":{"prev":"an2.130-140","next":"an2.142"},"chunk":2,"extract_id":"an2.141","parent_uid":"an2.141-150"},"an2.439":{"type":"alias","target_uid":"an2.310-479","hash_id":"an2.320-479"},"an2.77-86":{"type":"leaf","acronym":"AN 2.77–86","translated_title":"With a Foundation","original_title":"Sanimittavagga","author_uid":"sujato","nav":{"prev":"an2.64-76","next":"an2.87-97"},"chunk":6},"an2.355":{"type":"alias","target_uid":"an2.310-479","hash_id":"an2.320-479"},"an2.81":{"type":"subleaf","acronym":"AN 2.81","nav":{"prev":"an2.80","next":"an2.82"},"chunk":6,"extract_id":"an2.81","parent_uid":"an2.77-86"},"an2.135":{"type":"subleaf","acronym":"AN 2.135","nav":{"prev":"an2.134","next":"an2.136"},"chunk":2,"extract_id":"an2.135","parent_uid":"an2.130-140"},"an2.242":{"type":"alias","target_uid":"an2.230-279"},"an2.157":{"type":"subleaf","acronym":"AN 2.157","nav":{"prev":"an2.156","next":"an2.158"},"chunk":2,"extract_id":"an2.157","parent_uid":"an2.151-162"},"an2.69":{"type":"subleaf","acronym":"AN 2.69","nav":{"prev":"an2.68","next":"an2.70"},"chunk":6,"extract_id":"an2.69","parent_uid":"an2.64-76"},"an2.367":{"type":"alias","target_uid":"an2.310-479","hash_id":"an2.320-479"},"an2.331":{"type":"alias","target_uid":"an2.310-479","hash_id":"an2.320-479"},"an2.410":{"type":"alias","target_uid":"an2.310-479","hash_id":"an2.320-479"},"an2.105":{"type":"subleaf","acronym":"AN 2.105","nav":{"prev":"an2.104","next":"an2.106"},"chunk":6,"extract_id":"an2.105","parent_uid":"an2.98-117"},"an2.310-479":{"type":"leaf","acronym":"AN 2.310–479","translated_title":"Abbreviated Texts Beginning with Greed","original_title":"Rāgapeyyālavagga","author_uid":"sujato","nav":{"prev":"an2.280-309","next":"an3.1"},"chunk":3},"an2.71":{"type":"subleaf","acronym":"AN 2.71","nav":{"prev":"an2.70","next":"an2.72"},"chunk":6,"extract_id":"an2.71","parent_uid":"an2.64-76"},"an2.337":{"type":"alias","target_uid":"an2.310-479","hash_id":"an2.320-479"},"an2.58":{"type":"subleaf","acronym":"AN 2.58","nav":{"prev":"an2.57","next":"an2.59"},"chunk":5,"extract_id":"an2.58","parent_uid":"an2.52-63"},"an2.423":{"type":"alias","target_uid":"an2.310-479","hash_id":"an2.320-479"},"an2.190-194":{"type":"subleaf","acronym":"AN 2.190–194","nav":{"prev":"an2.185-189","next":"an2.195-199"},"chunk":3,"extract_id":"an2.190-194","parent_uid":"an2.180-229"},"an2.205-209":{"type":"subleaf","acronym":"AN 2.205–209","nav":{"prev":"an2.200-204","next":"an2.210-214"},"chunk":3,"extract_id":"an2.205-209","parent_uid":"an2.180-229"},"an2.68":{"type":"subleaf","acronym":"AN 2.68","nav":{"prev":"an2.67","next":"an2.69"},"chunk":6,"extract_id":"an2.68","parent_uid":"an2.64-76"},"an2.87-97":{"type":"leaf","acronym":"AN 2.87–97","translated_title":"Two Things","original_title":"Dhammavagga","author_uid":"sujato","nav":{"prev":"an2.77-86","next":"an2.98-117"},"chunk":6},"an2.96":{"type":"subleaf","acronym":"AN 2.96","nav":{"prev":"an2.95","next":"an2.97"},"chunk":6,"extract_id":"an2.96","parent_uid":"an2.87-97"},"an2.322":{"type":"alias","target_uid":"an2.310-479","hash_id":"an2.320-479"},"an2.320-479":{"type":"subleaf","acronym":"AN 2.320–479","nav":{"prev":"an2.310-319","next":"an3.1"},"chunk":3,"extract_id":"an2.320-479","parent_uid":"an2.310-479"},"an2-asaduppajahavagga":{"type":"branch","translated_title":"The Chapter on Hopes That Are Hard to Give Up","original_title":"Āsāduppajahavagga","nav":{"prev":"an2-balavagga2","next":"an2-ayacanavagga"}},"an2.187":{"type":"alias","target_uid":"an2.180-229","hash_id":"an2.185-189"},"an2.119":{"type":"subleaf","acronym":"AN 2.119","nav":{"prev":"an2.118","next":"an2.120"},"chunk":1,"extract_id":"an2.119","parent_uid":"an2.118-129"},"an2.449":{"type":"alias","target_uid":"an2.310-479","hash_id":"an2.320-479"},"an2.460":{"type":"alias","target_uid":"an2.310-479","hash_id":"an2.320-479"},"an2.326":{"type":"alias","target_uid":"an2.310-479","hash_id":"an2.320-479"},"an2.261":{"type":"alias","target_uid":"an2.230-279"},"an2.228":{"type":"alias","target_uid":"an2.180-229","hash_id":"an2.225-229"},"an2.377":{"type":"alias","target_uid":"an2.310-479","hash_id":"an2.320-479"},"an2.181":{"type":"alias","target_uid":"an2.180-229","hash_id":"an2.180-184"},"an2.305":{"type":"alias","target_uid":"an2.280-309","hash_id":"an2.281-309"},"an2.178":{"type":"subleaf","acronym":"AN 2.178","nav":{"prev":"an2.177","next":"an2.179"},"chunk":2,"extract_id":"an2.178","parent_uid":"an2.163-179"},"an2.281-309":{"type":"subleaf","acronym":"AN 2.281–309","nav":{"prev":"an2.280","next":"an2.310-479"},"chunk":3,"extract_id":"an2.281-309","parent_uid":"an2.280-309"},"an2.248":{"type":"alias","target_uid":"an2.230-279"},"an2.366":{"type":"alias","target_uid":"an2.310-479","hash_id":"an2.320-479"},"an2.381":{"type":"alias","target_uid":"an2.310-479","hash_id":"an2.320-479"},"an2.288":{"type":"alias","target_uid":"an2.280-309","hash_id":"an2.281-309"},"an2-kodhapeyyalavagga":{"type":"branch","translated_title":"The Chapter of Abbreviated Texts Beginning With Anger","original_title":"Kodhapeyyālavagga","nav":{"prev":"an2-samapattivagga","next":"an2-akusalapeyyalavagga"}},"an2.225":{"type":"alias","target_uid":"an2.180-229","hash_id":"an2.225-229"},"an2.17":{"type":"subleaf","acronym":"AN 2.17","nav":{"prev":"an2.16","next":"an2.18"},"chunk":1,"extract_id":"an2.17","parent_uid":"an2.11-20"},"an2.9":{"type":"subleaf","acronym":"AN 2.9","nav":{"prev":"an2.8","next":"an2.10"},"chunk":0,"extract_id":"an2.9","parent_uid":"an2.1-10"},"an2.348":{"type":"alias","target_uid":"an2.310-479","hash_id":"an2.320-479"},"an2.286":{"type":"alias","target_uid":"an2.280-309","hash_id":"an2.281-309"},"an2.469":{"type":"alias","target_uid":"an2.310-479","hash_id":"an2.320-479"},"an2-kammakaranavagga":{"type":"branch","translated_title":"The Chapter on Punishments","original_title":"Kammakaraṇavagga","nav":{"next":"an2-adhikaranavagga"}},"an2.396":{"type":"alias","target_uid":"an2.310-479","hash_id":"an2.320-479"},"an2.132":{"type":"subleaf","acronym":"AN 2.132","nav":{"prev":"an2.131","next":"an2.133"},"chunk":2,"extract_id":"an2.132","parent_uid":"an2.130-140"},"an2.45":{"type":"subleaf","acronym":"AN 2.45","nav":{"prev":"an2.44","next":"an2.46"},"chunk":5,"extract_id":"an2.45","parent_uid":"an2.42-51"},"an2.471":{"type":"alias","target_uid":"an2.310-479","hash_id":"an2.320-479"},"an2.86":{"type":"subleaf","acronym":"AN 2.86","nav":{"prev":"an2.85","next":"an2.87-97"},"chunk":6,"extract_id":"an2.86","parent_uid":"an2.77-86"},"an2.151":{"type":"subleaf","acronym":"AN 2.151","nav":{"prev":"an2.141-150","next":"an2.152"},"chunk":2,"extract_id":"an2.151","parent_uid":"an2.151-162"},"an2.220":{"type":"alias","target_uid":"an2.180-229","hash_id":"an2.220-224"},"an2.369":{"type":"alias","target_uid":"an2.310-479","hash_id":"an2.320-479"},"an2.74":{"type":"subleaf","acronym":"AN 2.74","nav":{"prev":"an2.73","next":"an2.75"},"chunk":6,"extract_id":"an2.74","parent_uid":"an2.64-76"},"an2.24":{"type":"subleaf","acronym":"AN 2.24","nav":{"prev":"an2.23","next":"an2.25"},"chunk":3,"extract_id":"an2.24","parent_uid":"an2.21-31"},"an2.38":{"type":"subleaf","acronym":"AN 2.38","nav":{"prev":"an2.37","next":"an2.39"},"chunk":4,"extract_id":"an2.38","parent_uid":"an2.32-41"},"an2.27":{"type":"subleaf","acronym":"AN 2.27","nav":{"prev":"an2.26","next":"an2.28"},"chunk":3,"extract_id":"an2.27","parent_uid":"an2.21-31"},"an2.139":{"type":"subleaf","acronym":"AN 2.139","nav":{"prev":"an2.138","next":"an2.140"},"chunk":2,"extract_id":"an2.139","parent_uid":"an2.130-140"},"an2.185-189":{"type":"subleaf","acronym":"AN 2.185–189","nav":{"prev":"an2.180-184","next":"an2.190-194"},"chunk":3,"extract_id":"an2.185-189","parent_uid":"an2.180-229"},"an2.419":{"type":"alias","target_uid":"an2.310-479","hash_id":"an2.320-479"},"an2.118":{"type":"subleaf","acronym":"AN 2.118","nav":{"prev":"an2.98-117","next":"an2.119"},"chunk":1,"extract_id":"an2.118","parent_uid":"an2.118-129"},"an2.67":{"type":"subleaf","acronym":"AN 2.67","nav":{"prev":"an2.66","next":"an2.68"},"chunk":6,"extract_id":"an2.67","parent_uid":"an2.64-76"},"an2.212":{"type":"alias","target_uid":"an2.180-229","hash_id":"an2.210-214"},"an2.130-140":{"type":"leaf","acronym":"AN 2.130–140","translated_title":"Aspiration","original_title":"Āyācanavagga","author_uid":"sujato","nav":{"prev":"an2.118-129","next":"an2.141-150"},"chunk":2},"an2.235":{"type":"alias","target_uid":"an2.230-279"},"an2.379":{"type":"alias","target_uid":"an2.310-479","hash_id":"an2.320-479"},"an2.432":{"type":"alias","target_uid":"an2.310-479","hash_id":"an2.320-479"},"an2.409":{"type":"alias","target_uid":"an2.310-479","hash_id":"an2.320-479"},"an2.117":{"type":"subleaf","acronym":"AN 2.117","nav":{"prev":"an2.116","next":"an2.118-129"},"chunk":6,"extract_id":"an2.117","parent_uid":"an2.98-117"},"an2.370":{"type":"alias","target_uid":"an2.310-479","hash_id":"an2.320-479"},"an2.418":{"type":"alias","target_uid":"an2.310-479","hash_id":"an2.320-479"},"an2.312":{"type":"alias","target_uid":"an2.310-479","hash_id":"an2.310-319"},"an2.336":{"type":"alias","target_uid":"an2.310-479","hash_id":"an2.320-479"},"an2.246":{"type":"alias","target_uid":"an2.230-279"},"an2.37":{"type":"subleaf","acronym":"AN 2.37","nav":{"prev":"an2.36","next":"an2.38"},"chunk":4,"extract_id":"an2.37","parent_uid":"an2.32-41"},"an2.188":{"type":"alias","target_uid":"an2.180-229","hash_id":"an2.185-189"},"an2.83":{"type":"subleaf","acronym":"AN 2.83","nav":{"prev":"an2.82","next":"an2.84"},"chunk":6,"extract_id":"an2.83","parent_uid":"an2.77-86"},"an2.240":{"type":"alias","target_uid":"an2.230-279"},"an2.2":{"type":"subleaf","acronym":"AN 2.2","nav":{"prev":"an2.1","next":"an2.3"},"chunk":0,"extract_id":"an2.2","parent_uid":"an2.1-10"},"an2.11-20":{"type":"leaf","acronym":"AN 2.11–20","translated_title":"Disciplinary Issues","original_title":"Adhikaraṇavagga","author_uid":"sujato","nav":{"prev":"an2.1-10","next":"an2.21-31"},"chunk":1},"an2.148":{"type":"subleaf","acronym":"AN 2.148","nav":{"prev":"an2.147","next":"an2.149"},"chunk":2,"extract_id":"an2.148","parent_uid":"an2.141-150"},"an2.401":{"type":"alias","target_uid":"an2.310-479","hash_id":"an2.320-479"},"an2.219":{"type":"alias","target_uid":"an2.180-229","hash_id":"an2.215-219"},"an2.100":{"type":"subleaf","acronym":"AN 2.100","nav":{"prev":"an2.99","next":"an2.101"},"chunk":6,"extract_id":"an2.100","parent_uid":"an2.98-117"},"an2.398":{"type":"alias","target_uid":"an2.310-479","hash_id":"an2.320-479"},"an2.400":{"type":"alias","target_uid":"an2.310-479","hash_id":"an2.320-479"},"an2.252":{"type":"alias","target_uid":"an2.230-279"},"an2-adhikaranavagga":{"type":"branch","translated_title":"The Chapter on Disciplinary Issues","original_title":"Adhikaraṇavagga","nav":{"prev":"an2-kammakaranavagga","next":"an2-balavagga"}},"an2.329":{"type":"alias","target_uid":"an2.310-479","hash_id":"an2.320-479"},"an2.478":{"type":"alias","target_uid":"an2.310-479","hash_id":"an2.320-479"},"an2.184":{"type":"alias","target_uid":"an2.180-229","hash_id":"an2.180-184"},"an2.385":{"type":"alias","target_uid":"an2.310-479","hash_id":"an2.320-479"},"an2.256":{"type":"alias","target_uid":"an2.230-279"},"an2.18":{"type":"subleaf","acronym":"AN 2.18","nav":{"prev":"an2.17","next":"an2.19"},"chunk":1,"extract_id":"an2.18","parent_uid":"an2.11-20"},"an2.93":{"type":"subleaf","acronym":"AN 2.93","nav":{"prev":"an2.92","next":"an2.94"},"chunk":6,"extract_id":"an2.93","parent_uid":"an2.87-97"},"an2.22":{"type":"subleaf","acronym":"AN 2.22","nav":{"prev":"an2.21","next":"an2.23"},"chunk":3,"extract_id":"an2.22","parent_uid":"an2.21-31"},"an2-dhammavagga":{"type":"branch","translated_title":"The Chapter on Two Things","original_title":"Dhammavagga","nav":{"prev":"an2-sanimittavagga","next":"an2-balavagga2"}},"an2.30":{"type":"subleaf","acronym":"AN 2.30","nav":{"prev":"an2.29","next":"an2.31"},"chunk":3,"extract_id":"an2.30","parent_uid":"an2.21-31"},"an2.472":{"type":"alias","target_uid":"an2.310-479","hash_id":"an2.320-479"},"an2.328":{"type":"alias","target_uid":"an2.310-479","hash_id":"an2.320-479"},"an2.422":{"type":"alias","target_uid":"an2.310-479","hash_id":"an2.320-479"},"an2.450":{"type":"alias","target_uid":"an2.310-479","hash_id":"an2.320-479"},"an2.200-204":{"type":"subleaf","acronym":"AN 2.200–204","nav":{"prev":"an2.195-199","next":"an2.205-209"},"chunk":3,"extract_id":"an2.200-204","parent_uid":"an2.180-229"},"an2.47":{"type":"subleaf","acronym":"AN 2.47","nav":{"prev":"an2.46","next":"an2.48"},"chunk":5,"extract_id":"an2.47","parent_uid":"an2.42-51"},"an2.225-229":{"type":"subleaf","acronym":"AN 2.225–229","nav":{"prev":"an2.220-224","next":"an2.230-279"},"chunk":3,"extract_id":"an2.225-229","parent_uid":"an2.180-229"},"an2.170":{"type":"subleaf","acronym":"AN 2.170","nav":{"prev":"an2.169","next":"an2.171"},"chunk":2,"extract_id":"an2.170","parent_uid":"an2.163-179"},"an2.232":{"type":"alias","target_uid":"an2.230-279"},"an2.456":{"type":"alias","target_uid":"an2.310-479","hash_id":"an2.320-479"},"an2.257":{"type":"alias","target_uid":"an2.230-279"},"an2.271":{"type":"alias","target_uid":"an2.230-279"},"an2.333":{"type":"alias","target_uid":"an2.310-479","hash_id":"an2.320-479"},"an2.354":{"type":"alias","target_uid":"an2.310-479","hash_id":"an2.320-479"},"an2.276":{"type":"alias","target_uid":"an2.230-279"},"an2-santharavagga":{"type":"branch","translated_title":"The Chapter on Welcome","original_title":"Santhāravagga","nav":{"prev":"an2-danavagga","next":"an2-samapattivagga"}},"an2.298":{"type":"alias","target_uid":"an2.280-309","hash_id":"an2.281-309"},"an2.324":{"type":"alias","target_uid":"an2.310-479","hash_id":"an2.320-479"},"an2.216":{"type":"alias","target_uid":"an2.180-229","hash_id":"an2.215-219"},"an2.128":{"type":"subleaf","acronym":"AN 2.128","nav":{"prev":"an2.127","next":"an2.129"},"chunk":1,"extract_id":"an2.128","parent_uid":"an2.118-129"},"an2.392":{"type":"alias","target_uid":"an2.310-479","hash_id":"an2.320-479"},"an2.210-214":{"type":"subleaf","acronym":"AN 2.210–214","nav":{"prev":"an2.205-209","next":"an2.215-219"},"chunk":3,"extract_id":"an2.210-214","parent_uid":"an2.180-229"},"an2.137":{"type":"subleaf","acronym":"AN 2.137","nav":{"prev":"an2.136","next":"an2.138"},"chunk":2,"extract_id":"an2.137","parent_uid":"an2.130-140"},"an2-dutiyapannasaka":{"type":"branch","translated_title":"The Second Fifty","original_title":"Dutiyapaṇṇāsaka","nav":{"prev":"an2-pathamapannasaka","next":"an2-tatiyapannasaka"}},"an2.153":{"type":"subleaf","acronym":"AN 2.153","nav":{"prev":"an2.152","next":"an2.154"},"chunk":2,"extract_id":"an2.153","parent_uid":"an2.151-162"},"an2.325":{"type":"alias","target_uid":"an2.310-479","hash_id":"an2.320-479"},"an2.402":{"type":"alias","target_uid":"an2.310-479","hash_id":"an2.320-479"},"an2.443":{"type":"alias","target_uid":"an2.310-479","hash_id":"an2.320-479"},"an2.310-319":{"type":"subleaf","acronym":"AN 2.310–319","nav":{"prev":"an2.280-309","next":"an2.320-479"},"chunk":3,"extract_id":"an2.310-319","parent_uid":"an2.310-479"},"an2.16":{"type":"subleaf","acronym":"AN 2.16","nav":{"prev":"an2.15","next":"an2.17"},"chunk":1,"extract_id":"an2.16","parent_uid":"an2.11-20"},"an2.404":{"type":"alias","target_uid":"an2.310-479","hash_id":"an2.320-479"},"an2.275":{"type":"alias","target_uid":"an2.230-279"},"an2.307":{"type":"alias","target_uid":"an2.280-309","hash_id":"an2.281-309"},"an2.386":{"type":"alias","target_uid":"an2.310-479","hash_id":"an2.320-479"},"an2.29":{"type":"subleaf","acronym":"AN 2.29","nav":{"prev":"an2.28","next":"an2.30"},"chunk":3,"extract_id":"an2.29","parent_uid":"an2.21-31"},"an2.223":{"type":"alias","target_uid":"an2.180-229","hash_id":"an2.220-224"},"an2.197":{"type":"alias","target_uid":"an2.180-229","hash_id":"an2.195-199"},"an2.425":{"type":"alias","target_uid":"an2.310-479","hash_id":"an2.320-479"},"an2.258":{"type":"alias","target_uid":"an2.230-279"},"an3-pathamapannasaka":{"type":"branch","translated_title":"The First Fifty","original_title":"Paṭhamapaṇṇāsaka","nav":{"prev":"an2-peyyala","next":"an3-dutiyapannasaka"}},"an1.616-627":{"type":"leaf","acronym":"AN 1.616–627","translated_title":"Freedom From Death","original_title":"Amatavagga","author_uid":"sujato","nav":{"prev":"an1.575-615","next":"an2.1-10"}},"an3-balavagga":{"type":"branch","translated_title":"The Chapter on Fools","original_title":"Bālavagga","nav":{"prev":"an2-ragapeyyalavagga","next":"an3-rathakaravagga"}},"an1-amatavagga":{"type":"branch","translated_title":"The Chapter on Freedom From Death","original_title":"Amatavagga","nav":{"prev":"an1-kayagatasativagga","next":"an2-pathamapannasaka"}},"an1":{"type":"branch","translated_title":"The Book of the Ones","original_title":"Ekakanipāta","nav":{"next":"an2"}},"an3":{"type":"branch","translated_title":"The Book of the Threes","original_title":"Tikanipāta","nav":{"prev":"an2","next":"an4"}},"an3.1":{"type":"leaf","acronym":"AN 3.1","translated_title":"Perils","original_title":"Bhayasutta","author_uid":"sujato","blurb":"Fools are dangerous, but the wise are safe.","nav":{"prev":"an2.310-479","next":"an3.2"}},"an":{"type":"branch","acronym":"AN","translated_title":"Numbered Discourses Collection","original_title":"Aṅguttaranikāya","blurb":"The “Numbered” or “Numerical” Discourses are usually known as Aṅguttara Nikāya in Pali, abbreviated AN. However, the Pali tradition also knows the form Ekottara (“one-up” or “incremental”), and this is the form usually found in the northern collections. These collections organize texts in numbered sets, from one to eleven. Compared to the other <i lang='pi' translate='no'>nikāyas</i>, they are more oriented to the lay community. The Ekottarikāgama (EA) in Chinese is a highly unusual text, which features a range of variations within itself when it comes even to basic doctrines. It shares considerably less in common with the Pali Aṅguttara than the other collections do with their counterparts. In addition, there is a partial Ekottarikāgama in Chinese, as well as a variety of individual discourses and fragments in Chinese and Sanskrit.","nav":{"prev":"sn","next":"kn"}}},"super_book_id":"an","super_book_title":"Numbered Discourses Collection"}