{"id":"an7","type":"sub_book","title":"AN7","tree":{"an":{"an7":{"an7-pathamapannasaka":{"an7-dhanavagga":["an7.1","an7.2","an7.3","an7.4","an7.5","an7.6","an7.7","an7.8","an7.9","an7.10"],"an7-anusayavagga":["an7.11","an7.12","an7.13","an7.14","an7.15","an7.16","an7.17","an7.18","an7.19","an7.20"],"an7-vajjisattakavagga":["an7.21","an7.22","an7.23","an7.24","an7.25","an7.26","an7.27","an7.28","an7.29","an7.30","an7.31"],"an7-devatavagga":["an7.32","an7.33","an7.34","an7.35","an7.36","an7.37","an7.38","an7.39","an7.40","an7.41","an7.42","an7.43"],"an7-mahayannavagga":["an7.44","an7.45","an7.46","an7.47","an7.48","an7.49","an7.50","an7.51","an7.52","an7.53"]},"an7-dutiyapannasaka":{"an7-abyakatavagga":["an7.54","an7.55","an7.56","an7.57","an7.58","an7.59","an7.60","an7.61","an7.62","an7.63","an7.64"],"an7-mahavagga":["an7.65","an7.66","an7.67","an7.68","an7.69","an7.70","an7.71","an7.72","an7.73","an7.74"],"an7-vinayavagga":["an7.75","an7.76","an7.77","an7.78","an7.79","an7.80","an7.81","an7.82","an7.83","an7.84"],"an7-samanavagga":["an7.85","an7.86","an7.87","an7.88","an7.89","an7.90","an7.91","an7.92","an7.93","an7.94"],"an7-ahuneyyavagga":["an7.95","an7.96-614"],"an7-ragapeyyala":["an7.615","an7.616","an7.617","an7.618-644","an7.645-1124"]}}}},"meta":{"an7-dhanavagga":{"type":"branch","translated_title":"The Chapter on Wealth","original_title":"Dhanavagga","nav":{"prev":"an6-ragapeyyala","next":"an7-anusayavagga"}},"an7.820":{"type":"alias","target_uid":"an7.645-1124"},"an7.864":{"type":"alias","target_uid":"an7.645-1124"},"an7.945":{"type":"alias","target_uid":"an7.645-1124"},"an7.502":{"type":"alias","target_uid":"an7.96-614"},"an7.919":{"type":"alias","target_uid":"an7.645-1124"},"an7.250":{"type":"alias","target_uid":"an7.96-614"},"an7.1076":{"type":"alias","target_uid":"an7.645-1124"},"an7.66":{"type":"leaf","acronym":"AN 7.66","translated_title":"The Seven Suns","original_title":"Sattasūriyasutta","author_uid":"sujato","blurb":"A rare discourse on cosmic evolution. The Buddha describes the successive appearance of seven suns and how even the earth will be burned up.","nav":{"prev":"an7.65","next":"an7.67"},"chunk":9},"an7.1066":{"type":"alias","target_uid":"an7.645-1124"},"an7.790":{"type":"alias","target_uid":"an7.645-1124"},"an7.830":{"type":"alias","target_uid":"an7.645-1124"},"an7.563":{"type":"alias","target_uid":"an7.96-614"},"an7.650":{"type":"alias","target_uid":"an7.645-1124"},"an7.402":{"type":"alias","target_uid":"an7.96-614"},"an7.969":{"type":"alias","target_uid":"an7.645-1124"},"an7.483":{"type":"alias","target_uid":"an7.96-614"},"an7.548":{"type":"alias","target_uid":"an7.96-614"},"an7.602":{"type":"alias","target_uid":"an7.96-614"},"an7.324":{"type":"alias","target_uid":"an7.96-614"},"an7.546":{"type":"alias","target_uid":"an7.96-614"},"an7.122":{"type":"alias","target_uid":"an7.96-614"},"an7.55":{"type":"leaf","acronym":"AN 7.55","translated_title":"Places People Are Reborn","original_title":"Purisagatisutta","author_uid":"sujato","blurb":"Seven kinds of rebirth for non-returners, as well as extinguishment by not grasping.","nav":{"prev":"an7.54","next":"an7.56"},"chunk":6},"an7.672":{"type":"alias","target_uid":"an7.645-1124"},"an7.552":{"type":"alias","target_uid":"an7.96-614"},"an7.778":{"type":"alias","target_uid":"an7.645-1124"},"an7.841":{"type":"alias","target_uid":"an7.645-1124"},"an7.886":{"type":"alias","target_uid":"an7.645-1124"},"an7.860":{"type":"alias","target_uid":"an7.645-1124"},"an7.750":{"type":"alias","target_uid":"an7.645-1124"},"an7.558":{"type":"alias","target_uid":"an7.96-614"},"an7.847":{"type":"alias","target_uid":"an7.645-1124"},"an7.815":{"type":"alias","target_uid":"an7.645-1124"},"an7.662":{"type":"alias","target_uid":"an7.645-1124"},"an7.753":{"type":"alias","target_uid":"an7.645-1124"},"an7.110":{"type":"alias","target_uid":"an7.96-614"},"an7.126":{"type":"alias","target_uid":"an7.96-614"},"an7.387":{"type":"alias","target_uid":"an7.96-614"},"an7.433":{"type":"alias","target_uid":"an7.96-614"},"an7.1101":{"type":"alias","target_uid":"an7.645-1124"},"an7.625":{"type":"alias","target_uid":"an7.618-644"},"an7.209":{"type":"alias","target_uid":"an7.96-614"},"an7.310":{"type":"alias","target_uid":"an7.96-614"},"an7.792":{"type":"alias","target_uid":"an7.645-1124"},"an7.218":{"type":"alias","target_uid":"an7.96-614"},"an7.182":{"type":"alias","target_uid":"an7.96-614"},"an7.406":{"type":"alias","target_uid":"an7.96-614"},"an7.334":{"type":"alias","target_uid":"an7.96-614"},"an7.261":{"type":"alias","target_uid":"an7.96-614"},"an7.69":{"type":"leaf","acronym":"AN 7.69","translated_title":"The Shady Orchid Tree","original_title":"Pāricchattakasutta","author_uid":"sujato","blurb":"The blossoming of the Shady Orchid Tree delights the gods of the Thirty-Three, and in the same way, the renunciation of a Buddhist ascetic is delightful.","nav":{"prev":"an7.68","next":"an7.70"},"chunk":10},"an7.131":{"type":"alias","target_uid":"an7.96-614"},"an7.777":{"type":"alias","target_uid":"an7.645-1124"},"an7.687":{"type":"alias","target_uid":"an7.645-1124"},"an7.967":{"type":"alias","target_uid":"an7.645-1124"},"an7.1034":{"type":"alias","target_uid":"an7.645-1124"},"an7.528":{"type":"alias","target_uid":"an7.96-614"},"an7.584":{"type":"alias","target_uid":"an7.96-614"},"an7.404":{"type":"alias","target_uid":"an7.96-614"},"an7.770":{"type":"alias","target_uid":"an7.645-1124"},"an7.469":{"type":"alias","target_uid":"an7.96-614"},"an7.773":{"type":"alias","target_uid":"an7.645-1124"},"an7.623":{"type":"alias","target_uid":"an7.618-644"},"an7.488":{"type":"alias","target_uid":"an7.96-614"},"an7.1061":{"type":"alias","target_uid":"an7.645-1124"},"an7.418":{"type":"alias","target_uid":"an7.96-614"},"an7.854":{"type":"alias","target_uid":"an7.645-1124"},"an7.199":{"type":"alias","target_uid":"an7.96-614"},"an7.348":{"type":"alias","target_uid":"an7.96-614"},"an7.577":{"type":"alias","target_uid":"an7.96-614"},"an7.908":{"type":"alias","target_uid":"an7.645-1124"},"an7.926":{"type":"alias","target_uid":"an7.645-1124"},"an7.842":{"type":"alias","target_uid":"an7.645-1124"},"an7.447":{"type":"alias","target_uid":"an7.96-614"},"an7.286":{"type":"alias","target_uid":"an7.96-614"},"an7.551":{"type":"alias","target_uid":"an7.96-614"},"an7.498":{"type":"alias","target_uid":"an7.96-614"},"an7.957":{"type":"alias","target_uid":"an7.645-1124"},"an7.185":{"type":"alias","target_uid":"an7.96-614"},"an7.170":{"type":"alias","target_uid":"an7.96-614"},"an7.531":{"type":"alias","target_uid":"an7.96-614"},"an7.1119":{"type":"alias","target_uid":"an7.645-1124"},"an7.740":{"type":"alias","target_uid":"an7.645-1124"},"an7.1040":{"type":"alias","target_uid":"an7.645-1124"},"an7.855":{"type":"alias","target_uid":"an7.645-1124"},"an7.1089":{"type":"alias","target_uid":"an7.645-1124"},"an7.674":{"type":"alias","target_uid":"an7.645-1124"},"an7.125":{"type":"alias","target_uid":"an7.96-614"},"an7.26":{"type":"leaf","acronym":"AN 7.26","translated_title":"Awakening Factors","original_title":"Bojjhaṅgasutta","author_uid":"sujato","blurb":"The Buddha teaches seven principles of non-decline to the mendicants.","nav":{"prev":"an7.25","next":"an7.27"},"chunk":1},"an7.425":{"type":"alias","target_uid":"an7.96-614"},"an7.369":{"type":"alias","target_uid":"an7.96-614"},"an7.685":{"type":"alias","target_uid":"an7.645-1124"},"an7.91":{"type":"leaf","acronym":"AN 7.91","translated_title":"A Noble One","original_title":"Ariyasutta","author_uid":"sujato","blurb":"A noble one destroys seven defilements.","nav":{"prev":"an7.90","next":"an7.92"},"chunk":13},"an7.58":{"type":"leaf","acronym":"AN 7.58","translated_title":"Nothing to Hide","original_title":"Arakkheyyasutta","author_uid":"sujato","blurb":"Four areas where the Realized One has nothing to hide, and three ways he is irreproachable.","nav":{"prev":"an7.57","next":"an7.59"},"chunk":7},"an7.330":{"type":"alias","target_uid":"an7.96-614"},"an7.1099":{"type":"alias","target_uid":"an7.645-1124"},"an7.720":{"type":"alias","target_uid":"an7.645-1124"},"an7.948":{"type":"alias","target_uid":"an7.645-1124"},"an7.254":{"type":"alias","target_uid":"an7.96-614"},"an7.903":{"type":"alias","target_uid":"an7.645-1124"},"an7.467":{"type":"alias","target_uid":"an7.96-614"},"an7.538":{"type":"alias","target_uid":"an7.96-614"},"an7.489":{"type":"alias","target_uid":"an7.96-614"},"an7.481":{"type":"alias","target_uid":"an7.96-614"},"an7.319":{"type":"alias","target_uid":"an7.96-614"},"an7.278":{"type":"alias","target_uid":"an7.96-614"},"an7.21":{"type":"leaf","acronym":"AN 7.21","translated_title":"At Sārandada","original_title":"Sārandadasutta","author_uid":"sujato","blurb":"The Buddha teaches the seven principles of non-decline to the Licchavis at the Sārandada shrine near Vesālī. ","nav":{"prev":"an7.20","next":"an7.22"},"chunk":0},"an7.269":{"type":"alias","target_uid":"an7.96-614"},"an7.1008":{"type":"alias","target_uid":"an7.645-1124"},"an7.103":{"type":"alias","target_uid":"an7.96-614"},"an7.396":{"type":"alias","target_uid":"an7.96-614"},"an7.572":{"type":"alias","target_uid":"an7.96-614"},"an7.351":{"type":"alias","target_uid":"an7.96-614"},"an7.628":{"type":"alias","target_uid":"an7.618-644"},"an7.849":{"type":"alias","target_uid":"an7.645-1124"},"an7.1067":{"type":"alias","target_uid":"an7.645-1124"},"an7.419":{"type":"alias","target_uid":"an7.96-614"},"an7.796":{"type":"alias","target_uid":"an7.645-1124"},"an7.1024":{"type":"alias","target_uid":"an7.645-1124"},"an7.441":{"type":"alias","target_uid":"an7.96-614"},"an7.627":{"type":"alias","target_uid":"an7.618-644"},"an7.173":{"type":"alias","target_uid":"an7.96-614"},"an7.818":{"type":"alias","target_uid":"an7.645-1124"},"an7.84":{"type":"leaf","acronym":"AN 7.84","translated_title":"Settlement of Disciplinary Issues","original_title":"Adhikaraṇasamathasutta","author_uid":"sujato","blurb":"Seven principles for settling issues and disputes that have arisen in the community.","nav":{"prev":"an7.83","next":"an7.85"},"chunk":13},"an7.882":{"type":"alias","target_uid":"an7.645-1124"},"an7.756":{"type":"alias","target_uid":"an7.645-1124"},"an7.361":{"type":"alias","target_uid":"an7.96-614"},"an7.228":{"type":"alias","target_uid":"an7.96-614"},"an7.377":{"type":"alias","target_uid":"an7.96-614"},"an7.695":{"type":"alias","target_uid":"an7.645-1124"},"an7.872":{"type":"alias","target_uid":"an7.645-1124"},"an7.652":{"type":"alias","target_uid":"an7.645-1124"},"an7.642":{"type":"alias","target_uid":"an7.618-644"},"an7.221":{"type":"alias","target_uid":"an7.96-614"},"an7.77":{"type":"leaf","acronym":"AN 7.77","translated_title":"An Expert in the Monastic Law (3rd)","original_title":"Tatiyavinayadharasutta","author_uid":"sujato","blurb":"An expert in monastic conduct has seven qualities.","nav":{"prev":"an7.76","next":"an7.78"},"chunk":13},"an7.775":{"type":"alias","target_uid":"an7.645-1124"},"an7.701":{"type":"alias","target_uid":"an7.645-1124"},"an7.782":{"type":"alias","target_uid":"an7.645-1124"},"an7.858":{"type":"alias","target_uid":"an7.645-1124"},"an7.785":{"type":"alias","target_uid":"an7.645-1124"},"an7.315":{"type":"alias","target_uid":"an7.96-614"},"an7.258":{"type":"alias","target_uid":"an7.96-614"},"an7.678":{"type":"alias","target_uid":"an7.645-1124"},"an7.355":{"type":"alias","target_uid":"an7.96-614"},"an7.410":{"type":"alias","target_uid":"an7.96-614"},"an7.379":{"type":"alias","target_uid":"an7.96-614"},"an7.934":{"type":"alias","target_uid":"an7.645-1124"},"an7.624":{"type":"alias","target_uid":"an7.618-644"},"an7.143":{"type":"alias","target_uid":"an7.96-614"},"an7.331":{"type":"alias","target_uid":"an7.96-614"},"an7.1027":{"type":"alias","target_uid":"an7.645-1124"},"an7.39":{"type":"leaf","acronym":"AN 7.39","translated_title":"Textual Analysis (2nd)","original_title":"Dutiyapaṭisambhidāsutta","author_uid":"sujato","blurb":"With seven qualities, Sāriputta realized the four kinds of textual analysis.","nav":{"prev":"an7.38","next":"an7.40"},"chunk":2},"an7.234":{"type":"alias","target_uid":"an7.96-614"},"an7.454":{"type":"alias","target_uid":"an7.96-614"},"an7.617":{"type":"leaf","acronym":"AN 7.617","translated_title":"Untitled Discourse on Greed (3rd)","author_uid":"sujato","blurb":"Develop insight into greed through seven perceptions starting with ugliness.","nav":{"prev":"an7.616","next":"an7.618-644"},"chunk":7},"an7-pathamapannasaka":{"type":"branch","translated_title":"The First Fifty","original_title":"Paṭhamapaṇṇāsaka","nav":{"prev":"an6-dutiyapannasaka","next":"an7-dutiyapannasaka"}},"an7.461":{"type":"alias","target_uid":"an7.96-614"},"an7.654":{"type":"alias","target_uid":"an7.645-1124"},"an7.611":{"type":"alias","target_uid":"an7.96-614"},"an7-abyakatavagga":{"type":"branch","translated_title":"The Chapter on the Undeclared Points","original_title":"Abyākatavagga","nav":{"prev":"an7-mahayannavagga","next":"an7-mahavagga"}},"an7.20":{"type":"leaf","acronym":"AN 7.20","translated_title":"Qualifications for Graduation","original_title":"Niddasavatthusutta","author_uid":"sujato","blurb":"A mendicant with seven qualities is qualified to graduate.","nav":{"prev":"an7.19","next":"an7.21"},"chunk":0},"an7.519":{"type":"alias","target_uid":"an7.96-614"},"an7.557":{"type":"alias","target_uid":"an7.96-614"},"an7.1044":{"type":"alias","target_uid":"an7.645-1124"},"an7.592":{"type":"alias","target_uid":"an7.96-614"},"an7.608":{"type":"alias","target_uid":"an7.96-614"},"an7.1090":{"type":"alias","target_uid":"an7.645-1124"},"an7.141":{"type":"alias","target_uid":"an7.96-614"},"an7.395":{"type":"alias","target_uid":"an7.96-614"},"an7.327":{"type":"alias","target_uid":"an7.96-614"},"an7.197":{"type":"alias","target_uid":"an7.96-614"},"an7.229":{"type":"alias","target_uid":"an7.96-614"},"an7.484":{"type":"alias","target_uid":"an7.96-614"},"an7-devatavagga":{"type":"branch","translated_title":"The Chapter on Deities","original_title":"Devatāvagga","nav":{"prev":"an7-vajjisattakavagga","next":"an7-mahayannavagga"}},"an7.1123":{"type":"alias","target_uid":"an7.645-1124"},"an7.178":{"type":"alias","target_uid":"an7.96-614"},"an7.12":{"type":"leaf","acronym":"AN 7.12","translated_title":"Underlying Tendencies (2nd)","original_title":"Dutiyaanusayasutta","author_uid":"sujato","blurb":"The purpose of the spiritual life is to give up the underlying tendencies of sensual desire, repulsion, views, doubt, conceit, desire to be reborn, and ignorance.","nav":{"prev":"an7.11","next":"an7.13"},"chunk":0},"an7.244":{"type":"alias","target_uid":"an7.96-614"},"an7.335":{"type":"alias","target_uid":"an7.96-614"},"an7.32":{"type":"leaf","acronym":"AN 7.32","translated_title":"Respect for Diligence","original_title":"Appamādagāravasutta","author_uid":"sujato","blurb":"A god speaks of the the seven principles of non-decline to the Buddha, who repeats it to the mendicants.","nav":{"prev":"an7.31","next":"an7.33"},"chunk":2},"an7.265":{"type":"alias","target_uid":"an7.96-614"},"an7.471":{"type":"alias","target_uid":"an7.96-614"},"an7.101":{"type":"alias","target_uid":"an7.96-614"},"an7.730":{"type":"alias","target_uid":"an7.645-1124"},"an7.663":{"type":"alias","target_uid":"an7.645-1124"},"an7.42":{"type":"leaf","acronym":"AN 7.42","translated_title":"Graduation (1st)","original_title":"Paṭhamaniddasasutta","author_uid":"sujato","blurb":"Sāriputta visits a sectarian hermitage and hears them saying that someone who lives the spiritual life for twelve years is fit to graduate. The Buddha rejects this, saying that a mendicant is qualified to graduate not merely by completing a certain number of years, but because of their spiritual qualities.","nav":{"prev":"an7.41","next":"an7.43"},"chunk":3},"an7.833":{"type":"alias","target_uid":"an7.645-1124"},"an7.1122":{"type":"alias","target_uid":"an7.645-1124"},"an7.194":{"type":"alias","target_uid":"an7.96-614"},"an7.759":{"type":"alias","target_uid":"an7.645-1124"},"an7.704":{"type":"alias","target_uid":"an7.645-1124"},"an7.644":{"type":"alias","target_uid":"an7.618-644"},"an7.971":{"type":"alias","target_uid":"an7.645-1124"},"an7.871":{"type":"alias","target_uid":"an7.645-1124"},"an7.1072":{"type":"alias","target_uid":"an7.645-1124"},"an7.452":{"type":"alias","target_uid":"an7.96-614"},"an7.1048":{"type":"alias","target_uid":"an7.645-1124"},"an7.285":{"type":"alias","target_uid":"an7.96-614"},"an7.844":{"type":"alias","target_uid":"an7.645-1124"},"an7.70":{"type":"leaf","acronym":"AN 7.70","translated_title":"Honor","original_title":"Sakkaccasutta","author_uid":"sujato","blurb":"Sāriputta reflects on what a mendicant should revere in order to develop the wholesome. He reports to the Buddha that these things are indeed found in himself.","nav":{"prev":"an7.69","next":"an7.71"},"chunk":11},"an7.766":{"type":"alias","target_uid":"an7.645-1124"},"an7.304":{"type":"alias","target_uid":"an7.96-614"},"an7.741":{"type":"alias","target_uid":"an7.645-1124"},"an7.1037":{"type":"alias","target_uid":"an7.645-1124"},"an7.868":{"type":"alias","target_uid":"an7.645-1124"},"an7.1102":{"type":"alias","target_uid":"an7.645-1124"},"an7.1063":{"type":"alias","target_uid":"an7.645-1124"},"an7.1114":{"type":"alias","target_uid":"an7.645-1124"},"an7.522":{"type":"alias","target_uid":"an7.96-614"},"an7.881":{"type":"alias","target_uid":"an7.645-1124"},"an7.38":{"type":"leaf","acronym":"AN 7.38","translated_title":"Textual Analysis (1st)","original_title":"Paṭhamapaṭisambhidāsutta","author_uid":"sujato","blurb":"With seven qualities, a mendicant will soon realize the four kinds of textual analysis.","nav":{"prev":"an7.37","next":"an7.39"},"chunk":2},"an7.980":{"type":"alias","target_uid":"an7.645-1124"},"an7.1075":{"type":"alias","target_uid":"an7.645-1124"},"an7.912":{"type":"alias","target_uid":"an7.645-1124"},"an7.836":{"type":"alias","target_uid":"an7.645-1124"},"an7.436":{"type":"alias","target_uid":"an7.96-614"},"an7.838":{"type":"alias","target_uid":"an7.645-1124"},"an7.165":{"type":"alias","target_uid":"an7.96-614"},"an7.457":{"type":"alias","target_uid":"an7.96-614"},"an7.639":{"type":"alias","target_uid":"an7.618-644"},"an7.499":{"type":"alias","target_uid":"an7.96-614"},"an7.138":{"type":"alias","target_uid":"an7.96-614"},"an7.183":{"type":"alias","target_uid":"an7.96-614"},"an7.14":{"type":"leaf","acronym":"AN 7.14","translated_title":"Individuals","original_title":"Puggalasutta","author_uid":"sujato","blurb":"Seven persons who are worthy of gifts and veneration.","nav":{"prev":"an7.13","next":"an7.15"},"chunk":0},"an7.464":{"type":"alias","target_uid":"an7.96-614"},"an7.429":{"type":"alias","target_uid":"an7.96-614"},"an7.230":{"type":"alias","target_uid":"an7.96-614"},"an7.37":{"type":"leaf","acronym":"AN 7.37","translated_title":"A Friend (2nd)","original_title":"Dutiyamittasutta","author_uid":"sujato","blurb":"When a mendicant has seven factors, one should stay close to them even if they send you away.","nav":{"prev":"an7.36","next":"an7.38"},"chunk":2},"an7.765":{"type":"alias","target_uid":"an7.645-1124"},"an7.526":{"type":"alias","target_uid":"an7.96-614"},"an7.31":{"type":"leaf","acronym":"AN 7.31","translated_title":"Downfalls for a Lay Follower","original_title":"Parābhavasutta","author_uid":"sujato","blurb":"Seven ruins for a lay follower.","nav":{"prev":"an7.30","next":"an7.32"},"chunk":2},"an7.198":{"type":"alias","target_uid":"an7.96-614"},"an7.439":{"type":"alias","target_uid":"an7.96-614"},"an7.612":{"type":"alias","target_uid":"an7.96-614"},"an7.806":{"type":"alias","target_uid":"an7.645-1124"},"an7.850":{"type":"alias","target_uid":"an7.645-1124"},"an7.910":{"type":"alias","target_uid":"an7.645-1124"},"an7.1121":{"type":"alias","target_uid":"an7.645-1124"},"an7.164":{"type":"alias","target_uid":"an7.96-614"},"an7.973":{"type":"alias","target_uid":"an7.645-1124"},"an7.718":{"type":"alias","target_uid":"an7.645-1124"},"an7.735":{"type":"alias","target_uid":"an7.645-1124"},"an7.40":{"type":"leaf","acronym":"AN 7.40","translated_title":"Mastery of the Mind (1st)","original_title":"Paṭhamavasasutta","author_uid":"sujato","blurb":"Seven qualities leading to mastery of meditation.","nav":{"prev":"an7.39","next":"an7.41"},"chunk":2},"an7.682":{"type":"alias","target_uid":"an7.645-1124"},"an7.458":{"type":"alias","target_uid":"an7.96-614"},"an7.9":{"type":"leaf","acronym":"AN 7.9","translated_title":"Giving Up","original_title":"Pahānasutta","author_uid":"sujato","blurb":"The purpose of the spiritual life is to give up the fetters of compliance, repulsion, views, doubt, conceit, desire to be reborn, and ignorance.","nav":{"prev":"an7.8","next":"an7.10"},"chunk":13},"an7.1112":{"type":"alias","target_uid":"an7.645-1124"},"an7.904":{"type":"alias","target_uid":"an7.645-1124"},"an7.1080":{"type":"alias","target_uid":"an7.645-1124"},"an7.949":{"type":"alias","target_uid":"an7.645-1124"},"an7.1110":{"type":"alias","target_uid":"an7.645-1124"},"an7.337":{"type":"alias","target_uid":"an7.96-614"},"an7.505":{"type":"alias","target_uid":"an7.96-614"},"an7.50":{"type":"leaf","acronym":"AN 7.50","translated_title":"Sex","original_title":"Methunasutta","author_uid":"sujato","blurb":"The brahmin Jāṇussoṇī asks the Buddha about behaviors that are a blemish to the celibate life.","nav":{"prev":"an7.49","next":"an7.51"},"chunk":4},"an7.341":{"type":"alias","target_uid":"an7.96-614"},"an7.233":{"type":"alias","target_uid":"an7.96-614"},"an7.821":{"type":"alias","target_uid":"an7.645-1124"},"an7.1051":{"type":"alias","target_uid":"an7.645-1124"},"an7.1079":{"type":"alias","target_uid":"an7.645-1124"},"an7.29":{"type":"leaf","acronym":"AN 7.29","translated_title":"Non-decline for a Lay Follower","original_title":"Dutiyaparihānisutta","author_uid":"sujato","blurb":"Seven qualities leading to the decline of a lay follower.","nav":{"prev":"an7.28","next":"an7.30"},"chunk":1},"an7.658":{"type":"alias","target_uid":"an7.645-1124"},"an7.262":{"type":"alias","target_uid":"an7.96-614"},"an7.95":{"type":"leaf","acronym":"AN 7.95","translated_title":"Observing Impermanence in the Eye","author_uid":"sujato","blurb":"Seven people worthy of offerings due to observing impermanence in the eye.","nav":{"prev":"an7.94","next":"an7.96-614"},"chunk":13},"an7.813":{"type":"alias","target_uid":"an7.645-1124"},"an7.633":{"type":"alias","target_uid":"an7.618-644"},"an7.87":{"type":"leaf","acronym":"AN 7.87","translated_title":"Brahmin","original_title":"Brāhmaṇasutta","author_uid":"sujato","blurb":"A brahmin destroys seven defilements.","nav":{"prev":"an7.86","next":"an7.88"},"chunk":13},"an7.246":{"type":"alias","target_uid":"an7.96-614"},"an7.876":{"type":"alias","target_uid":"an7.645-1124"},"an7.1046":{"type":"alias","target_uid":"an7.645-1124"},"an7.270":{"type":"alias","target_uid":"an7.96-614"},"an7.390":{"type":"alias","target_uid":"an7.96-614"},"an7.208":{"type":"alias","target_uid":"an7.96-614"},"an7.800":{"type":"alias","target_uid":"an7.645-1124"},"an7.191":{"type":"alias","target_uid":"an7.96-614"},"an7.747":{"type":"alias","target_uid":"an7.645-1124"},"an7.827":{"type":"alias","target_uid":"an7.645-1124"},"an7.927":{"type":"alias","target_uid":"an7.645-1124"},"an7.213":{"type":"alias","target_uid":"an7.96-614"},"an7.1062":{"type":"alias","target_uid":"an7.645-1124"},"an7.398":{"type":"alias","target_uid":"an7.96-614"},"an7.1043":{"type":"alias","target_uid":"an7.645-1124"},"an7.305":{"type":"alias","target_uid":"an7.96-614"},"an7.935":{"type":"alias","target_uid":"an7.645-1124"},"an7.329":{"type":"alias","target_uid":"an7.96-614"},"an7.591":{"type":"alias","target_uid":"an7.96-614"},"an7.629":{"type":"alias","target_uid":"an7.618-644"},"an7.520":{"type":"alias","target_uid":"an7.96-614"},"an7.207":{"type":"alias","target_uid":"an7.96-614"},"an7.970":{"type":"alias","target_uid":"an7.645-1124"},"an7.797":{"type":"alias","target_uid":"an7.645-1124"},"an7.902":{"type":"alias","target_uid":"an7.645-1124"},"an7.839":{"type":"alias","target_uid":"an7.645-1124"},"an7.120":{"type":"alias","target_uid":"an7.96-614"},"an7.206":{"type":"alias","target_uid":"an7.96-614"},"an7.394":{"type":"alias","target_uid":"an7.96-614"},"an7.24":{"type":"leaf","acronym":"AN 7.24","translated_title":"Non-Decline for Mendicants (2nd)","original_title":"Dutiyasattakasutta","author_uid":"sujato","blurb":"The Buddha teaches seven principles of non-decline to the mendicants.","nav":{"prev":"an7.23","next":"an7.25"},"chunk":1},"an7.646":{"type":"alias","target_uid":"an7.645-1124"},"an7.895":{"type":"alias","target_uid":"an7.645-1124"},"an7.564":{"type":"alias","target_uid":"an7.96-614"},"an7.281":{"type":"alias","target_uid":"an7.96-614"},"an7.802":{"type":"alias","target_uid":"an7.645-1124"},"an7.866":{"type":"alias","target_uid":"an7.645-1124"},"an7.954":{"type":"alias","target_uid":"an7.645-1124"},"an7.721":{"type":"alias","target_uid":"an7.645-1124"},"an7.380":{"type":"alias","target_uid":"an7.96-614"},"an7.767":{"type":"alias","target_uid":"an7.645-1124"},"an7.289":{"type":"alias","target_uid":"an7.96-614"},"an7.605":{"type":"alias","target_uid":"an7.96-614"},"an7-vinayavagga":{"type":"branch","translated_title":"The Chapter on the Monastic Law","original_title":"Vinayavagga","nav":{"prev":"an7-mahavagga","next":"an7-samanavagga"}},"an7.677":{"type":"alias","target_uid":"an7.645-1124"},"an7.812":{"type":"alias","target_uid":"an7.645-1124"},"an7.359":{"type":"alias","target_uid":"an7.96-614"},"an7.215":{"type":"alias","target_uid":"an7.96-614"},"an7.913":{"type":"alias","target_uid":"an7.645-1124"},"an7.139":{"type":"alias","target_uid":"an7.96-614"},"an7.426":{"type":"alias","target_uid":"an7.96-614"},"an7.477":{"type":"alias","target_uid":"an7.96-614"},"an7.826":{"type":"alias","target_uid":"an7.645-1124"},"an7.550":{"type":"alias","target_uid":"an7.96-614"},"an7.655":{"type":"alias","target_uid":"an7.645-1124"},"an7.570":{"type":"alias","target_uid":"an7.96-614"},"an7.22":{"type":"leaf","acronym":"AN 7.22","translated_title":"With Vassakāra","original_title":"Vassakārasutta","author_uid":"sujato","blurb":"King Ajātasattu of Magadha wishes to invade the Vajjians, and sends his minister Vassakāra to tell the Buddha of his intentions. The Buddha recalls the time he taught the seven principles of non-decline to the Vajjians.","nav":{"prev":"an7.21","next":"an7.23"},"chunk":1},"an7.6":{"type":"leaf","acronym":"AN 7.6","translated_title":"Wealth in Detail","original_title":"Vitthatadhanasutta","author_uid":"sujato","blurb":"The wealth of faith, energy, conscience, prudence, learning, generosity, and wisdom.","nav":{"prev":"an7.5","next":"an7.7"},"chunk":7},"an7.146":{"type":"alias","target_uid":"an7.96-614"},"an7.54":{"type":"leaf","acronym":"AN 7.54","translated_title":"The Undeclared Points","original_title":"Abyākatasutta","author_uid":"sujato","blurb":"The Buddha explains why a noble disciple has no doubt when it comes to the unexplained points.","nav":{"prev":"an7.53","next":"an7.55"},"chunk":5},"an7.320":{"type":"alias","target_uid":"an7.96-614"},"an7.149":{"type":"alias","target_uid":"an7.96-614"},"an7.157":{"type":"alias","target_uid":"an7.96-614"},"an7.636":{"type":"alias","target_uid":"an7.618-644"},"an7.1070":{"type":"alias","target_uid":"an7.645-1124"},"an7.388":{"type":"alias","target_uid":"an7.96-614"},"an7.56":{"type":"leaf","acronym":"AN 7.56","translated_title":"Tissa the Divinity","original_title":"Tissabrahmāsutta","author_uid":"sujato","blurb":"Two gods come to the Buddha on Vulture’s Peak and declare that the nuns are liberated. Moggallāna interrogates one of the deities on what he means, and the Buddha adds further explanation.","nav":{"prev":"an7.55","next":"an7.57"},"chunk":6},"an7.249":{"type":"alias","target_uid":"an7.96-614"},"an7.133":{"type":"alias","target_uid":"an7.96-614"},"an7.73":{"type":"leaf","acronym":"AN 7.73","translated_title":"About Sunetta","original_title":"Sunettasutta","author_uid":"sujato","blurb":"There have been many great teachers in the past, who should not be reviled. But reviling a single noble disciple is even more serious.","nav":{"prev":"an7.72","next":"an7.74"},"chunk":12},"an7.553":{"type":"alias","target_uid":"an7.96-614"},"an7.451":{"type":"alias","target_uid":"an7.96-614"},"an7.181":{"type":"alias","target_uid":"an7.96-614"},"an7.596":{"type":"alias","target_uid":"an7.96-614"},"an7.1109":{"type":"alias","target_uid":"an7.645-1124"},"an7.514":{"type":"alias","target_uid":"an7.96-614"},"an7.609":{"type":"alias","target_uid":"an7.96-614"},"an7.722":{"type":"alias","target_uid":"an7.645-1124"},"an7.689":{"type":"alias","target_uid":"an7.645-1124"},"an7.666":{"type":"alias","target_uid":"an7.645-1124"},"an7.362":{"type":"alias","target_uid":"an7.96-614"},"an7.106":{"type":"alias","target_uid":"an7.96-614"},"an7.290":{"type":"alias","target_uid":"an7.96-614"},"an7.873":{"type":"alias","target_uid":"an7.645-1124"},"an7.599":{"type":"alias","target_uid":"an7.96-614"},"an7.784":{"type":"alias","target_uid":"an7.645-1124"},"an7.82":{"type":"leaf","acronym":"AN 7.82","translated_title":"Shines as an Expert in the Monastic Law (4th)","original_title":"Catutthavinayadharasobhanasutta","author_uid":"sujato","blurb":"An expert in monastic conduct shines with seven qualities.","nav":{"prev":"an7.81","next":"an7.83"},"chunk":13},"an7.1054":{"type":"alias","target_uid":"an7.645-1124"},"an7.1077":{"type":"alias","target_uid":"an7.645-1124"},"an7.294":{"type":"alias","target_uid":"an7.96-614"},"an7.430":{"type":"alias","target_uid":"an7.96-614"},"an7.1018":{"type":"alias","target_uid":"an7.645-1124"},"an7.621":{"type":"alias","target_uid":"an7.618-644"},"an7.512":{"type":"alias","target_uid":"an7.96-614"},"an7.731":{"type":"alias","target_uid":"an7.645-1124"},"an7.898":{"type":"alias","target_uid":"an7.645-1124"},"an7.931":{"type":"alias","target_uid":"an7.645-1124"},"an7.200":{"type":"alias","target_uid":"an7.96-614"},"an7.1052":{"type":"alias","target_uid":"an7.645-1124"},"an7.743":{"type":"alias","target_uid":"an7.645-1124"},"an7.144":{"type":"alias","target_uid":"an7.96-614"},"an7.242":{"type":"alias","target_uid":"an7.96-614"},"an7.669":{"type":"alias","target_uid":"an7.645-1124"},"an7.993":{"type":"alias","target_uid":"an7.645-1124"},"an7.699":{"type":"alias","target_uid":"an7.645-1124"},"an7.923":{"type":"alias","target_uid":"an7.645-1124"},"an7.1098":{"type":"alias","target_uid":"an7.645-1124"},"an7.57":{"type":"leaf","acronym":"AN 7.57","translated_title":"General Sīha","original_title":"Sīhasenāpatisutta","author_uid":"sujato","blurb":"The Buddha explains the benefits of giving that are visible in the present life, and one that is only apparent in the next.","nav":{"prev":"an7.56","next":"an7.58"},"chunk":6},"an7.158":{"type":"alias","target_uid":"an7.96-614"},"an7.476":{"type":"alias","target_uid":"an7.96-614"},"an7.1084":{"type":"alias","target_uid":"an7.645-1124"},"an7.71":{"type":"leaf","acronym":"AN 7.71","translated_title":"Committed to Development","original_title":"Bhāvanāsutta","author_uid":"sujato","blurb":"Liberation doesn’t happen because you wish for it, but because you develop the path.","nav":{"prev":"an7.70","next":"an7.72"},"chunk":11},"an7.370":{"type":"alias","target_uid":"an7.96-614"},"an7.287":{"type":"alias","target_uid":"an7.96-614"},"an7.271":{"type":"alias","target_uid":"an7.96-614"},"an7.1115":{"type":"alias","target_uid":"an7.645-1124"},"an7-samanavagga":{"type":"branch","translated_title":"The Chapter on Ascetics","original_title":"Samaṇavagga","nav":{"prev":"an7-vinayavagga","next":"an7-ahuneyyavagga"}},"an7.192":{"type":"alias","target_uid":"an7.96-614"},"an7.1065":{"type":"alias","target_uid":"an7.645-1124"},"an7.96":{"type":"alias","target_uid":"an7.96-614"},"an7.272":{"type":"alias","target_uid":"an7.96-614"},"an7.400":{"type":"alias","target_uid":"an7.96-614"},"an7.968":{"type":"alias","target_uid":"an7.645-1124"},"an7.1113":{"type":"alias","target_uid":"an7.645-1124"},"an7.264":{"type":"alias","target_uid":"an7.96-614"},"an7.712":{"type":"alias","target_uid":"an7.645-1124"},"an7.594":{"type":"alias","target_uid":"an7.96-614"},"an7.506":{"type":"alias","target_uid":"an7.96-614"},"an7.614":{"type":"alias","target_uid":"an7.96-614"},"an7.421":{"type":"alias","target_uid":"an7.96-614"},"an7.307":{"type":"alias","target_uid":"an7.96-614"},"an7.1059":{"type":"alias","target_uid":"an7.645-1124"},"an7.863":{"type":"alias","target_uid":"an7.645-1124"},"an7.758":{"type":"alias","target_uid":"an7.645-1124"},"an7.983":{"type":"alias","target_uid":"an7.645-1124"},"an7.918":{"type":"alias","target_uid":"an7.645-1124"},"an7.161":{"type":"alias","target_uid":"an7.96-614"},"an7.1081":{"type":"alias","target_uid":"an7.645-1124"},"an7.574":{"type":"alias","target_uid":"an7.96-614"},"an7.613":{"type":"alias","target_uid":"an7.96-614"},"an7.392":{"type":"alias","target_uid":"an7.96-614"},"an7.835":{"type":"alias","target_uid":"an7.645-1124"},"an7.237":{"type":"alias","target_uid":"an7.96-614"},"an7.1049":{"type":"alias","target_uid":"an7.645-1124"},"an7.357":{"type":"alias","target_uid":"an7.96-614"},"an7.981":{"type":"alias","target_uid":"an7.645-1124"},"an7.653":{"type":"alias","target_uid":"an7.645-1124"},"an7.154":{"type":"alias","target_uid":"an7.96-614"},"an7.999":{"type":"alias","target_uid":"an7.645-1124"},"an7.585":{"type":"alias","target_uid":"an7.96-614"},"an7.196":{"type":"alias","target_uid":"an7.96-614"},"an7.906":{"type":"alias","target_uid":"an7.645-1124"},"an7.745":{"type":"alias","target_uid":"an7.645-1124"},"an7.593":{"type":"alias","target_uid":"an7.96-614"},"an7.618-644":{"type":"leaf","acronym":"AN 7.618–644","translated_title":"Untitled Discourses on Greed","author_uid":"sujato","blurb":"Develop complete understanding, etc., of greed.","nav":{"prev":"an7.617","next":"an7.645-1124"},"chunk":7},"an7.448":{"type":"alias","target_uid":"an7.96-614"},"an7.691":{"type":"alias","target_uid":"an7.645-1124"},"an7.831":{"type":"alias","target_uid":"an7.645-1124"},"an7.412":{"type":"alias","target_uid":"an7.96-614"},"an7.350":{"type":"alias","target_uid":"an7.96-614"},"an7.1006":{"type":"alias","target_uid":"an7.645-1124"},"an7.222":{"type":"alias","target_uid":"an7.96-614"},"an7.53":{"type":"leaf","acronym":"AN 7.53","translated_title":"Nanda’s Mother","original_title":"Nandamātāsutta","author_uid":"sujato","blurb":"Sāriputta and Moggallāna are on tour in the southern hills. A deity informs the laywoman Veḷukaṇṭakī that they are approaching. When Sāriputta expresses his amazement that she speaks with the gods, she goes on to list many other of her own amazing qualities.","nav":{"prev":"an7.52","next":"an7.54"},"chunk":5},"an7.996":{"type":"alias","target_uid":"an7.645-1124"},"an7.1103":{"type":"alias","target_uid":"an7.645-1124"},"an7.276":{"type":"alias","target_uid":"an7.96-614"},"an7.427":{"type":"alias","target_uid":"an7.96-614"},"an7.1060":{"type":"alias","target_uid":"an7.645-1124"},"an7.108":{"type":"alias","target_uid":"an7.96-614"},"an7.907":{"type":"alias","target_uid":"an7.645-1124"},"an7.853":{"type":"alias","target_uid":"an7.645-1124"},"an7.1093":{"type":"alias","target_uid":"an7.645-1124"},"an7.776":{"type":"alias","target_uid":"an7.645-1124"},"an7.589":{"type":"alias","target_uid":"an7.96-614"},"an7.942":{"type":"alias","target_uid":"an7.645-1124"},"an7.832":{"type":"alias","target_uid":"an7.645-1124"},"an7.449":{"type":"alias","target_uid":"an7.96-614"},"an7.837":{"type":"alias","target_uid":"an7.645-1124"},"an7.742":{"type":"alias","target_uid":"an7.645-1124"},"an7.492":{"type":"alias","target_uid":"an7.96-614"},"an7.217":{"type":"alias","target_uid":"an7.96-614"},"an7.897":{"type":"alias","target_uid":"an7.645-1124"},"an7.241":{"type":"alias","target_uid":"an7.96-614"},"an7.760":{"type":"alias","target_uid":"an7.645-1124"},"an7.578":{"type":"alias","target_uid":"an7.96-614"},"an7.46":{"type":"leaf","acronym":"AN 7.46","translated_title":"Fires (1st)","original_title":"Paṭhamaaggisutta","author_uid":"sujato","blurb":"Seven fires, some physical, some psychological.","nav":{"prev":"an7.45","next":"an7.47"},"chunk":3},"an7.311":{"type":"alias","target_uid":"an7.96-614"},"an7.491":{"type":"alias","target_uid":"an7.96-614"},"an7.749":{"type":"alias","target_uid":"an7.645-1124"},"an7.507":{"type":"alias","target_uid":"an7.96-614"},"an7.210":{"type":"alias","target_uid":"an7.96-614"},"an7.1100":{"type":"alias","target_uid":"an7.645-1124"},"an7.440":{"type":"alias","target_uid":"an7.96-614"},"an7.893":{"type":"alias","target_uid":"an7.645-1124"},"an7.1002":{"type":"alias","target_uid":"an7.645-1124"},"an7.16":{"type":"leaf","acronym":"AN 7.16","translated_title":"Observing Impermanence","original_title":"Aniccānupassīsutta","author_uid":"sujato","blurb":"Seven persons who are worthy of gifts and veneration.","nav":{"prev":"an7.15","next":"an7.17"},"chunk":0},"an7.367":{"type":"alias","target_uid":"an7.96-614"},"an7.781":{"type":"alias","target_uid":"an7.645-1124"},"an7.1036":{"type":"alias","target_uid":"an7.645-1124"},"an7.256":{"type":"alias","target_uid":"an7.96-614"},"an7.679":{"type":"alias","target_uid":"an7.645-1124"},"an7.696":{"type":"alias","target_uid":"an7.645-1124"},"an7.810":{"type":"alias","target_uid":"an7.645-1124"},"an7.1013":{"type":"alias","target_uid":"an7.645-1124"},"an7":{"type":"branch","translated_title":"The Book of the Sevens","original_title":"Sattakanipāta","nav":{"prev":"an6","next":"an8"}},"an7.545":{"type":"alias","target_uid":"an7.96-614"},"an7.274":{"type":"alias","target_uid":"an7.96-614"},"an7.1053":{"type":"alias","target_uid":"an7.645-1124"},"an7.166":{"type":"alias","target_uid":"an7.96-614"},"an7.34":{"type":"leaf","acronym":"AN 7.34","translated_title":"Easy to Admonish (1st)","original_title":"Paṭhamasovacassatāsutta","author_uid":"sujato","blurb":"The Buddha tells of hearing the seven principles of non-decline from a god.","nav":{"prev":"an7.33","next":"an7.35"},"chunk":2},"an7.442":{"type":"alias","target_uid":"an7.96-614"},"an7.648":{"type":"alias","target_uid":"an7.645-1124"},"an7.870":{"type":"alias","target_uid":"an7.645-1124"},"an7.619":{"type":"alias","target_uid":"an7.618-644"},"an7.960":{"type":"alias","target_uid":"an7.645-1124"},"an7.479":{"type":"alias","target_uid":"an7.96-614"},"an7.456":{"type":"alias","target_uid":"an7.96-614"},"an7.900":{"type":"alias","target_uid":"an7.645-1124"},"an7.645":{"type":"alias","target_uid":"an7.645-1124"},"an7.724":{"type":"alias","target_uid":"an7.645-1124"},"an7.953":{"type":"alias","target_uid":"an7.645-1124"},"an7.544":{"type":"alias","target_uid":"an7.96-614"},"an7.486":{"type":"alias","target_uid":"an7.96-614"},"an7.671":{"type":"alias","target_uid":"an7.645-1124"},"an7.693":{"type":"alias","target_uid":"an7.645-1124"},"an7.1124":{"type":"alias","target_uid":"an7.645-1124"},"an7.253":{"type":"alias","target_uid":"an7.96-614"},"an7.819":{"type":"alias","target_uid":"an7.645-1124"},"an7.582":{"type":"alias","target_uid":"an7.96-614"},"an7.734":{"type":"alias","target_uid":"an7.645-1124"},"an7.607":{"type":"alias","target_uid":"an7.96-614"},"an7.516":{"type":"alias","target_uid":"an7.96-614"},"an7.1012":{"type":"alias","target_uid":"an7.645-1124"},"an7.748":{"type":"alias","target_uid":"an7.645-1124"},"an7.515":{"type":"alias","target_uid":"an7.96-614"},"an7.598":{"type":"alias","target_uid":"an7.96-614"},"an7.581":{"type":"alias","target_uid":"an7.96-614"},"an7.603":{"type":"alias","target_uid":"an7.96-614"},"an7.688":{"type":"alias","target_uid":"an7.645-1124"},"an7.816":{"type":"alias","target_uid":"an7.645-1124"},"an7.435":{"type":"alias","target_uid":"an7.96-614"},"an7.622":{"type":"alias","target_uid":"an7.618-644"},"an7.1107":{"type":"alias","target_uid":"an7.645-1124"},"an7.508":{"type":"alias","target_uid":"an7.96-614"},"an7-dutiyapannasaka":{"type":"branch","translated_title":"The Second Fifty","original_title":"Dutiyapaṇṇāsaka","nav":{"prev":"an7-pathamapannasaka","next":"an8-pathamapannasaka"}},"an7.939":{"type":"alias","target_uid":"an7.645-1124"},"an7.958":{"type":"alias","target_uid":"an7.645-1124"},"an7.982":{"type":"alias","target_uid":"an7.645-1124"},"an7.212":{"type":"alias","target_uid":"an7.96-614"},"an7.575":{"type":"alias","target_uid":"an7.96-614"},"an7.977":{"type":"alias","target_uid":"an7.645-1124"},"an7.47":{"type":"leaf","acronym":"AN 7.47","translated_title":"Fires (2nd)","original_title":"Dutiyaaggisutta","author_uid":"sujato","blurb":"The brahmin Uggatasarīra has arranged a great sacrifice. On Ānanda’s advice, he asks the Buddha how to make a sacrifice beneficial.","nav":{"prev":"an7.46","next":"an7.48"},"chunk":3},"an7.1033":{"type":"alias","target_uid":"an7.645-1124"},"an7.694":{"type":"alias","target_uid":"an7.645-1124"},"an7.85":{"type":"leaf","acronym":"AN 7.85","translated_title":"A Mendicant","original_title":"Bhikkhusutta","author_uid":"sujato","blurb":"A mendicant destroys seven defilements.","nav":{"prev":"an7.84","next":"an7.86"},"chunk":13},"an7.371":{"type":"alias","target_uid":"an7.96-614"},"an7.793":{"type":"alias","target_uid":"an7.645-1124"},"an7.462":{"type":"alias","target_uid":"an7.96-614"},"an7.670":{"type":"alias","target_uid":"an7.645-1124"},"an7.145":{"type":"alias","target_uid":"an7.96-614"},"an7.549":{"type":"alias","target_uid":"an7.96-614"},"an7.446":{"type":"alias","target_uid":"an7.96-614"},"an7.1078":{"type":"alias","target_uid":"an7.645-1124"},"an7.746":{"type":"alias","target_uid":"an7.645-1124"},"an7.783":{"type":"alias","target_uid":"an7.645-1124"},"an7.944":{"type":"alias","target_uid":"an7.645-1124"},"an7.487":{"type":"alias","target_uid":"an7.96-614"},"an7.382":{"type":"alias","target_uid":"an7.96-614"},"an7.204":{"type":"alias","target_uid":"an7.96-614"},"an7.420":{"type":"alias","target_uid":"an7.96-614"},"an7.673":{"type":"alias","target_uid":"an7.645-1124"},"an7.98":{"type":"alias","target_uid":"an7.96-614"},"an7.869":{"type":"alias","target_uid":"an7.645-1124"},"an7.450":{"type":"alias","target_uid":"an7.96-614"},"an7.733":{"type":"alias","target_uid":"an7.645-1124"},"an7.1042":{"type":"alias","target_uid":"an7.645-1124"},"an7.247":{"type":"alias","target_uid":"an7.96-614"},"an7.885":{"type":"alias","target_uid":"an7.645-1124"},"an7.1041":{"type":"alias","target_uid":"an7.645-1124"},"an7.1050":{"type":"alias","target_uid":"an7.645-1124"},"an7.76":{"type":"leaf","acronym":"AN 7.76","translated_title":"An Expert in the Monastic Law (2nd)","original_title":"Dutiyavinayadharasutta","author_uid":"sujato","blurb":"An expert in monastic conduct has seven qualities.","nav":{"prev":"an7.75","next":"an7.77"},"chunk":13},"an7.974":{"type":"alias","target_uid":"an7.645-1124"},"an7.349":{"type":"alias","target_uid":"an7.96-614"},"an7.779":{"type":"alias","target_uid":"an7.645-1124"},"an7.1083":{"type":"alias","target_uid":"an7.645-1124"},"an7.684":{"type":"alias","target_uid":"an7.645-1124"},"an7.3":{"type":"leaf","acronym":"AN 7.3","translated_title":"Powers in Brief","original_title":"Saṁkhittabalasutta","author_uid":"sujato","blurb":"The powers of faith, energy, conscience, prudence, mindfulness, samādhi, and wisdom.","nav":{"prev":"an7.2","next":"an7.4"},"chunk":1},"an7.113":{"type":"alias","target_uid":"an7.96-614"},"an7.805":{"type":"alias","target_uid":"an7.645-1124"},"an7.1096":{"type":"alias","target_uid":"an7.645-1124"},"an7.859":{"type":"alias","target_uid":"an7.645-1124"},"an7.1032":{"type":"alias","target_uid":"an7.645-1124"},"an7.1035":{"type":"alias","target_uid":"an7.645-1124"},"an7.518":{"type":"alias","target_uid":"an7.96-614"},"an7.560":{"type":"alias","target_uid":"an7.96-614"},"an7.879":{"type":"alias","target_uid":"an7.645-1124"},"an7.364":{"type":"alias","target_uid":"an7.96-614"},"an7.11":{"type":"leaf","acronym":"AN 7.11","translated_title":"Underlying Tendencies (1st)","original_title":"Paṭhamaanusayasutta","author_uid":"sujato","blurb":"The underlying tendencies of sensual desire, repulsion, views, doubt, conceit, desire to be reborn, and ignorance.","nav":{"prev":"an7.10","next":"an7.12"},"chunk":0},"an7.659":{"type":"alias","target_uid":"an7.645-1124"},"an7.676":{"type":"alias","target_uid":"an7.645-1124"},"an7.1085":{"type":"alias","target_uid":"an7.645-1124"},"an7.586":{"type":"alias","target_uid":"an7.96-614"},"an7.240":{"type":"alias","target_uid":"an7.96-614"},"an7.345":{"type":"alias","target_uid":"an7.96-614"},"an7.798":{"type":"alias","target_uid":"an7.645-1124"},"an7.49":{"type":"leaf","acronym":"AN 7.49","translated_title":"Perceptions in Detail","original_title":"Dutiyasaññāsutta","author_uid":"sujato","blurb":"Meditating on seven perceptions leads to the deathless, in detail.","nav":{"prev":"an7.48","next":"an7.50"},"chunk":4},"an7.90":{"type":"leaf","acronym":"AN 7.90","translated_title":"A Knowledge Master","original_title":"Vedagūsutta","author_uid":"sujato","blurb":"A knowledge master destroys seven defilements.","nav":{"prev":"an7.89","next":"an7.91"},"chunk":13},"an7.266":{"type":"alias","target_uid":"an7.96-614"},"an7.8":{"type":"leaf","acronym":"AN 7.8","translated_title":"Fetters","original_title":"Saṁyojanasutta","author_uid":"sujato","blurb":"The fetters of compliance, repulsion, views, doubt, conceit, desire to be reborn, and ignorance.","nav":{"prev":"an7.7","next":"an7.9"},"chunk":13},"an7.521":{"type":"alias","target_uid":"an7.96-614"},"an7.1055":{"type":"alias","target_uid":"an7.645-1124"},"an7.795":{"type":"alias","target_uid":"an7.645-1124"},"an7.162":{"type":"alias","target_uid":"an7.96-614"},"an7.1021":{"type":"alias","target_uid":"an7.645-1124"},"an7.874":{"type":"alias","target_uid":"an7.645-1124"},"an7.43":{"type":"leaf","acronym":"AN 7.43","translated_title":"Graduation (2nd)","original_title":"Dutiyaniddasasutta","author_uid":"sujato","blurb":"Ānanda visits a sectarian hermitage and hears them saying that someone who lives the spiritual life for twelve years is fit to graduate. The Buddha rejects this, saying that a mendicant is qualified to graduate not merely by completing a certain number of years, but because of their spiritual qualities.","nav":{"prev":"an7.42","next":"an7.44"},"chunk":3},"an7.280":{"type":"alias","target_uid":"an7.96-614"},"an7.928":{"type":"alias","target_uid":"an7.645-1124"},"an7.167":{"type":"alias","target_uid":"an7.96-614"},"an7.375":{"type":"alias","target_uid":"an7.96-614"},"an7.397":{"type":"alias","target_uid":"an7.96-614"},"an7.713":{"type":"alias","target_uid":"an7.645-1124"},"an7.823":{"type":"alias","target_uid":"an7.645-1124"},"an7.134":{"type":"alias","target_uid":"an7.96-614"},"an7.403":{"type":"alias","target_uid":"an7.96-614"},"an7.987":{"type":"alias","target_uid":"an7.645-1124"},"an7.567":{"type":"alias","target_uid":"an7.96-614"},"an7.924":{"type":"alias","target_uid":"an7.645-1124"},"an7.641":{"type":"alias","target_uid":"an7.618-644"},"an7.171":{"type":"alias","target_uid":"an7.96-614"},"an7.300":{"type":"alias","target_uid":"an7.96-614"},"an7.45":{"type":"leaf","acronym":"AN 7.45","translated_title":"Prerequisites for Immersion","original_title":"Samādhiparikkhārasutta","author_uid":"sujato","blurb":"The path factors are the prerequisite for right immersion.","nav":{"prev":"an7.44","next":"an7.46"},"chunk":3},"an7.861":{"type":"alias","target_uid":"an7.645-1124"},"an7.875":{"type":"alias","target_uid":"an7.645-1124"},"an7.829":{"type":"alias","target_uid":"an7.645-1124"},"an7.588":{"type":"alias","target_uid":"an7.96-614"},"an7.393":{"type":"alias","target_uid":"an7.96-614"},"an7.843":{"type":"alias","target_uid":"an7.645-1124"},"an7.997":{"type":"alias","target_uid":"an7.645-1124"},"an7.1071":{"type":"alias","target_uid":"an7.645-1124"},"an7.1056":{"type":"alias","target_uid":"an7.645-1124"},"an7.78":{"type":"leaf","acronym":"AN 7.78","translated_title":"An Expert in the Monastic Law (4th)","original_title":"Catutthavinayadharasutta","author_uid":"sujato","blurb":"An expert in monastic conduct has seven qualities.","nav":{"prev":"an7.77","next":"an7.79"},"chunk":13},"an7.955":{"type":"alias","target_uid":"an7.645-1124"},"an7.774":{"type":"alias","target_uid":"an7.645-1124"},"an7.225":{"type":"alias","target_uid":"an7.96-614"},"an7.83":{"type":"leaf","acronym":"AN 7.83","translated_title":"The Teacher’s Instructions","original_title":"Satthusāsanasutta","author_uid":"sujato","blurb":"The Buddha teaches the Vinaya expert Upāli a short summary of the teaching.","nav":{"prev":"an7.82","next":"an7.84"},"chunk":13},"an7.168":{"type":"alias","target_uid":"an7.96-614"},"an7.277":{"type":"alias","target_uid":"an7.96-614"},"an7.88":{"type":"leaf","acronym":"AN 7.88","translated_title":"Scholar","original_title":"Sottiyasutta","author_uid":"sujato","blurb":"A scholar destroys seven defilements.","nav":{"prev":"an7.87","next":"an7.89"},"chunk":13},"an7.1028":{"type":"alias","target_uid":"an7.645-1124"},"an7.887":{"type":"alias","target_uid":"an7.645-1124"},"an7.44":{"type":"leaf","acronym":"AN 7.44","translated_title":"Planes of Consciousness","original_title":"Sattaviññāṇaṭṭhitisutta","author_uid":"sujato","blurb":"Seven planes of consciousness in which beings may be reborn.","nav":{"prev":"an7.43","next":"an7.45"},"chunk":3},"an7.288":{"type":"alias","target_uid":"an7.96-614"},"an7.268":{"type":"alias","target_uid":"an7.96-614"},"an7.1":{"type":"leaf","acronym":"AN 7.1","translated_title":"Pleasing (1st)","original_title":"Paṭhamapiyasutta","author_uid":"sujato","blurb":"Seven qualities that make a mendicant either agreeable or disagreeable to their fellow monastics.","nav":{"prev":"an6.170-649","next":"an7.2"},"chunk":0},"an7.1069":{"type":"alias","target_uid":"an7.645-1124"},"an7.338":{"type":"alias","target_uid":"an7.96-614"},"an7.18":{"type":"leaf","acronym":"AN 7.18","translated_title":"Observing Not-self","original_title":"Anattānupassīsutta","author_uid":"sujato","blurb":"Seven persons who are worthy of gifts and veneration.","nav":{"prev":"an7.17","next":"an7.19"},"chunk":0},"an7.601":{"type":"alias","target_uid":"an7.96-614"},"an7.7":{"type":"leaf","acronym":"AN 7.7","translated_title":"With Ugga","original_title":"Uggasutta","author_uid":"sujato","blurb":"Migāra of Rohaṇa is a wealthy man, but even his riches are vulnerable to the vicissitudes of life, unlike spiritual wealth.","nav":{"prev":"an7.6","next":"an7.8"},"chunk":10},"an7.243":{"type":"alias","target_uid":"an7.96-614"},"an7.814":{"type":"alias","target_uid":"an7.645-1124"},"an7.313":{"type":"alias","target_uid":"an7.96-614"},"an7.490":{"type":"alias","target_uid":"an7.96-614"},"an7.301":{"type":"alias","target_uid":"an7.96-614"},"an7.356":{"type":"alias","target_uid":"an7.96-614"},"an7.732":{"type":"alias","target_uid":"an7.645-1124"},"an7.649":{"type":"alias","target_uid":"an7.645-1124"},"an7.475":{"type":"alias","target_uid":"an7.96-614"},"an7.137":{"type":"alias","target_uid":"an7.96-614"},"an7.714":{"type":"alias","target_uid":"an7.645-1124"},"an7.921":{"type":"alias","target_uid":"an7.645-1124"},"an7.940":{"type":"alias","target_uid":"an7.645-1124"},"an7.306":{"type":"alias","target_uid":"an7.96-614"},"an7.877":{"type":"alias","target_uid":"an7.645-1124"},"an7.1030":{"type":"alias","target_uid":"an7.645-1124"},"an7.401":{"type":"alias","target_uid":"an7.96-614"},"an7.466":{"type":"alias","target_uid":"an7.96-614"},"an7.555":{"type":"alias","target_uid":"an7.96-614"},"an7.105":{"type":"alias","target_uid":"an7.96-614"},"an7.533":{"type":"alias","target_uid":"an7.96-614"},"an7.985":{"type":"alias","target_uid":"an7.645-1124"},"an7.1029":{"type":"alias","target_uid":"an7.645-1124"},"an7.308":{"type":"alias","target_uid":"an7.96-614"},"an7.1003":{"type":"alias","target_uid":"an7.645-1124"},"an7.424":{"type":"alias","target_uid":"an7.96-614"},"an7.834":{"type":"alias","target_uid":"an7.645-1124"},"an7.964":{"type":"alias","target_uid":"an7.645-1124"},"an7.565":{"type":"alias","target_uid":"an7.96-614"},"an7.1118":{"type":"alias","target_uid":"an7.645-1124"},"an7.632":{"type":"alias","target_uid":"an7.618-644"},"an7.52":{"type":"leaf","acronym":"AN 7.52","translated_title":"A Very Fruitful Gift","original_title":"Dānamahapphalasutta","author_uid":"sujato","blurb":"The lay followers of Campā seek a teaching from the Buddha. Together with Sāriputta, they ask the Buddha about what makes a gift fruitful.","nav":{"prev":"an7.51","next":"an7.53"},"chunk":5},"an7.527":{"type":"alias","target_uid":"an7.96-614"},"an7.201":{"type":"alias","target_uid":"an7.96-614"},"an7.102":{"type":"alias","target_uid":"an7.96-614"},"an7.437":{"type":"alias","target_uid":"an7.96-614"},"an7.865":{"type":"alias","target_uid":"an7.645-1124"},"an7.817":{"type":"alias","target_uid":"an7.645-1124"},"an7.811":{"type":"alias","target_uid":"an7.645-1124"},"an7.104":{"type":"alias","target_uid":"an7.96-614"},"an7.151":{"type":"alias","target_uid":"an7.96-614"},"an7.470":{"type":"alias","target_uid":"an7.96-614"},"an7.1064":{"type":"alias","target_uid":"an7.645-1124"},"an7.293":{"type":"alias","target_uid":"an7.96-614"},"an7.706":{"type":"alias","target_uid":"an7.645-1124"},"an7.998":{"type":"alias","target_uid":"an7.645-1124"},"an7.1004":{"type":"alias","target_uid":"an7.645-1124"},"an7.536":{"type":"alias","target_uid":"an7.96-614"},"an7.852":{"type":"alias","target_uid":"an7.645-1124"},"an7.279":{"type":"alias","target_uid":"an7.96-614"},"an7.702":{"type":"alias","target_uid":"an7.645-1124"},"an7.645-1124":{"type":"leaf","acronym":"AN 7.645–1124","translated_title":"Untitled Discourses on Hate, Etc.","author_uid":"sujato","blurb":"Develop complete understanding, etc., of hate, etc.","nav":{"prev":"an7.618-644","next":"an8.1"},"chunk":8},"an7.754":{"type":"alias","target_uid":"an7.645-1124"},"an7.889":{"type":"alias","target_uid":"an7.645-1124"},"an7.423":{"type":"alias","target_uid":"an7.96-614"},"an7.92":{"type":"leaf","acronym":"AN 7.92","translated_title":"A Perfected One","original_title":"Arahāsutta","author_uid":"sujato","blurb":"A perfected one destroys seven defilements.","nav":{"prev":"an7.91","next":"an7.93"},"chunk":13},"an7.634":{"type":"alias","target_uid":"an7.618-644"},"an7.175":{"type":"alias","target_uid":"an7.96-614"},"an7.19":{"type":"leaf","acronym":"AN 7.19","translated_title":"Extinguishment","original_title":"Nibbānasutta","author_uid":"sujato","blurb":"Seven persons who are worthy of gifts and veneration.","nav":{"prev":"an7.18","next":"an7.20"},"chunk":0},"an7.195":{"type":"alias","target_uid":"an7.96-614"},"an7.214":{"type":"alias","target_uid":"an7.96-614"},"an7.202":{"type":"alias","target_uid":"an7.96-614"},"an7.455":{"type":"alias","target_uid":"an7.96-614"},"an7.1025":{"type":"alias","target_uid":"an7.645-1124"},"an7.68":{"type":"leaf","acronym":"AN 7.68","translated_title":"One Who Knows the Teachings","original_title":"Dhammaññūsutta","author_uid":"sujato","blurb":"A mendicant who has seven qualities is worthy, with a special emphasis on listening to and learning the teaching.","nav":{"prev":"an7.67","next":"an7.69"},"chunk":10},"an7.309":{"type":"alias","target_uid":"an7.96-614"},"an7.385":{"type":"alias","target_uid":"an7.96-614"},"an7.496":{"type":"alias","target_uid":"an7.96-614"},"an7.1120":{"type":"alias","target_uid":"an7.645-1124"},"an7.239":{"type":"alias","target_uid":"an7.96-614"},"an7.96-614":{"type":"leaf","acronym":"AN 7.96–614","translated_title":"Observing Suffering in the Eye, Etc.","author_uid":"sujato","blurb":"Seven people worthy of offerings due to observing suffering, etc., in the eye, etc.","nav":{"prev":"an7.95","next":"an7.615"},"chunk":14},"an7.203":{"type":"alias","target_uid":"an7.96-614"},"an7.323":{"type":"alias","target_uid":"an7.96-614"},"an7.941":{"type":"alias","target_uid":"an7.645-1124"},"an7.692":{"type":"alias","target_uid":"an7.645-1124"},"an7.1108":{"type":"alias","target_uid":"an7.645-1124"},"an7.562":{"type":"alias","target_uid":"an7.96-614"},"an7.635":{"type":"alias","target_uid":"an7.618-644"},"an7.494":{"type":"alias","target_uid":"an7.96-614"},"an7.511":{"type":"alias","target_uid":"an7.96-614"},"an7.880":{"type":"alias","target_uid":"an7.645-1124"},"an7.524":{"type":"alias","target_uid":"an7.96-614"},"an7.916":{"type":"alias","target_uid":"an7.645-1124"},"an7.107":{"type":"alias","target_uid":"an7.96-614"},"an7.791":{"type":"alias","target_uid":"an7.645-1124"},"an7-anusayavagga":{"type":"branch","translated_title":"The Chapter on Tendencies","original_title":"Anusayavagga","nav":{"prev":"an7-dhanavagga","next":"an7-vajjisattakavagga"}},"an7.504":{"type":"alias","target_uid":"an7.96-614"},"an7.298":{"type":"alias","target_uid":"an7.96-614"},"an7.683":{"type":"alias","target_uid":"an7.645-1124"},"an7.657":{"type":"alias","target_uid":"an7.645-1124"},"an7.604":{"type":"alias","target_uid":"an7.96-614"},"an7.680":{"type":"alias","target_uid":"an7.645-1124"},"an7.72":{"type":"leaf","acronym":"AN 7.72","translated_title":"The Simile of the Great Mass of Fire","original_title":"Aggikkhandhopamasutta","author_uid":"sujato","blurb":"It would be better for a monk to embrace a blazing fire than to lie with a maiden.","nav":{"prev":"an7.71","next":"an7.73"},"chunk":12},"an7.736":{"type":"alias","target_uid":"an7.645-1124"},"an7.180":{"type":"alias","target_uid":"an7.96-614"},"an7.472":{"type":"alias","target_uid":"an7.96-614"},"an7.590":{"type":"alias","target_uid":"an7.96-614"},"an7-mahavagga":{"type":"branch","translated_title":"The Great Chapter","original_title":"Mahāvagga","nav":{"prev":"an7-abyakatavagga","next":"an7-vinayavagga"}},"an7.719":{"type":"alias","target_uid":"an7.645-1124"},"an7.867":{"type":"alias","target_uid":"an7.645-1124"},"an7.299":{"type":"alias","target_uid":"an7.96-614"},"an7.647":{"type":"alias","target_uid":"an7.645-1124"},"an7.273":{"type":"alias","target_uid":"an7.96-614"},"an7.79":{"type":"leaf","acronym":"AN 7.79","translated_title":"Shines as an Expert in the Monastic Law (1st)","original_title":"Paṭhamavinayadharasobhanasutta","author_uid":"sujato","blurb":"An expert in monastic conduct shines with seven qualities.","nav":{"prev":"an7.78","next":"an7.80"},"chunk":13},"an7.353":{"type":"alias","target_uid":"an7.96-614"},"an7.465":{"type":"alias","target_uid":"an7.96-614"},"an7.130":{"type":"alias","target_uid":"an7.96-614"},"an7.947":{"type":"alias","target_uid":"an7.645-1124"},"an7.89":{"type":"leaf","acronym":"AN 7.89","translated_title":"Bathed","original_title":"Nhātakasutta","author_uid":"sujato","blurb":"A bathed initiate destroys seven defilements.","nav":{"prev":"an7.88","next":"an7.90"},"chunk":13},"an7.780":{"type":"alias","target_uid":"an7.645-1124"},"an7.434":{"type":"alias","target_uid":"an7.96-614"},"an7.74":{"type":"leaf","acronym":"AN 7.74","translated_title":"About Araka","original_title":"Arakasutta","author_uid":"sujato","blurb":"Araka was a famous teacher long ago, when the life span was much greater than today. Nevertheless, he still taught impermanence; how much more is it relevant today!","nav":{"prev":"an7.73","next":"an7.75"},"chunk":12},"an7.416":{"type":"alias","target_uid":"an7.96-614"},"an7.48":{"type":"leaf","acronym":"AN 7.48","translated_title":"Perceptions in Brief","original_title":"Paṭhamasaññāsutta","author_uid":"sujato","blurb":"Meditating on seven perceptions leads to the deathless, in brief.","nav":{"prev":"an7.47","next":"an7.49"},"chunk":3},"an7.163":{"type":"alias","target_uid":"an7.96-614"},"an7.606":{"type":"alias","target_uid":"an7.96-614"},"an7.1014":{"type":"alias","target_uid":"an7.645-1124"},"an7.675":{"type":"alias","target_uid":"an7.645-1124"},"an7.979":{"type":"alias","target_uid":"an7.645-1124"},"an7.414":{"type":"alias","target_uid":"an7.96-614"},"an7.33":{"type":"leaf","acronym":"AN 7.33","translated_title":"Respect for Conscience","original_title":"Hirigāravasutta","author_uid":"sujato","blurb":"The Buddha tells of hearing the seven principles of non-decline from a god.","nav":{"prev":"an7.32","next":"an7.34"},"chunk":2},"an7.135":{"type":"alias","target_uid":"an7.96-614"},"an7.35":{"type":"leaf","acronym":"AN 7.35","translated_title":"Easy to Admonish (2nd)","original_title":"Dutiyasovacassatāsutta","author_uid":"sujato","blurb":"The Buddha tells of hearing the seven principles of non-decline from a god. Sāriputta offers additional explanation.","nav":{"prev":"an7.34","next":"an7.36"},"chunk":2},"an7.372":{"type":"alias","target_uid":"an7.96-614"},"an7.453":{"type":"alias","target_uid":"an7.96-614"},"an7.186":{"type":"alias","target_uid":"an7.96-614"},"an7.259":{"type":"alias","target_uid":"an7.96-614"},"an7.789":{"type":"alias","target_uid":"an7.645-1124"},"an7.216":{"type":"alias","target_uid":"an7.96-614"},"an7.389":{"type":"alias","target_uid":"an7.96-614"},"an7.284":{"type":"alias","target_uid":"an7.96-614"},"an7.911":{"type":"alias","target_uid":"an7.645-1124"},"an7.473":{"type":"alias","target_uid":"an7.96-614"},"an7.352":{"type":"alias","target_uid":"an7.96-614"},"an7.291":{"type":"alias","target_uid":"an7.96-614"},"an7.343":{"type":"alias","target_uid":"an7.96-614"},"an7.1095":{"type":"alias","target_uid":"an7.645-1124"},"an7.698":{"type":"alias","target_uid":"an7.645-1124"},"an7.799":{"type":"alias","target_uid":"an7.645-1124"},"an7.360":{"type":"alias","target_uid":"an7.96-614"},"an7.716":{"type":"alias","target_uid":"an7.645-1124"},"an7.709":{"type":"alias","target_uid":"an7.645-1124"},"an7.1088":{"type":"alias","target_uid":"an7.645-1124"},"an7.862":{"type":"alias","target_uid":"an7.645-1124"},"an7.1104":{"type":"alias","target_uid":"an7.645-1124"},"an7.513":{"type":"alias","target_uid":"an7.96-614"},"an7.314":{"type":"alias","target_uid":"an7.96-614"},"an7.715":{"type":"alias","target_uid":"an7.645-1124"},"an7.1007":{"type":"alias","target_uid":"an7.645-1124"},"an7.1087":{"type":"alias","target_uid":"an7.645-1124"},"an7.2":{"type":"leaf","acronym":"AN 7.2","translated_title":"Pleasing (2nd)","original_title":"Dutiyapiyasutta","author_uid":"sujato","blurb":"Seven qualities that make a mendicant either agreeable or disagreeable to their fellow monastics.","nav":{"prev":"an7.1","next":"an7.3"},"chunk":0},"an7.761":{"type":"alias","target_uid":"an7.645-1124"},"an7.697":{"type":"alias","target_uid":"an7.645-1124"},"an7.772":{"type":"alias","target_uid":"an7.645-1124"},"an7.1047":{"type":"alias","target_uid":"an7.645-1124"},"an7.86":{"type":"leaf","acronym":"AN 7.86","translated_title":"An Ascetic","original_title":"Samaṇasutta","author_uid":"sujato","blurb":"An ascetic  destroys seven defilements.","nav":{"prev":"an7.85","next":"an7.87"},"chunk":13},"an7.148":{"type":"alias","target_uid":"an7.96-614"},"an7.595":{"type":"alias","target_uid":"an7.96-614"},"an7.539":{"type":"alias","target_uid":"an7.96-614"},"an7-ragapeyyala":{"type":"branch","translated_title":"Abbreviated Texts Beginning With Greed","original_title":"Rāgapeyyāla","nav":{"prev":"an7-ahuneyyavagga","next":"an8-mettavagga"}},"an7.556":{"type":"alias","target_uid":"an7.96-614"},"an7.1045":{"type":"alias","target_uid":"an7.645-1124"},"an7.566":{"type":"alias","target_uid":"an7.96-614"},"an7.245":{"type":"alias","target_uid":"an7.96-614"},"an7.252":{"type":"alias","target_uid":"an7.96-614"},"an7.744":{"type":"alias","target_uid":"an7.645-1124"},"an7.295":{"type":"alias","target_uid":"an7.96-614"},"an7.1011":{"type":"alias","target_uid":"an7.645-1124"},"an7.347":{"type":"alias","target_uid":"an7.96-614"},"an7.59":{"type":"leaf","acronym":"AN 7.59","translated_title":"With Kimbila","original_title":"Kimilasutta","author_uid":"sujato","blurb":"Venerable Kimbila asks the Buddha the reasons for the long-lasting of Buddhism after the Buddha’s demise.","nav":{"prev":"an7.58","next":"an7.60"},"chunk":7},"an7.930":{"type":"alias","target_uid":"an7.645-1124"},"an7.480":{"type":"alias","target_uid":"an7.96-614"},"an7.413":{"type":"alias","target_uid":"an7.96-614"},"an7.950":{"type":"alias","target_uid":"an7.645-1124"},"an7.325":{"type":"alias","target_uid":"an7.96-614"},"an7.383":{"type":"alias","target_uid":"an7.96-614"},"an7.136":{"type":"alias","target_uid":"an7.96-614"},"an7.399":{"type":"alias","target_uid":"an7.96-614"},"an7.408":{"type":"alias","target_uid":"an7.96-614"},"an7.787":{"type":"alias","target_uid":"an7.645-1124"},"an7.1117":{"type":"alias","target_uid":"an7.645-1124"},"an7.142":{"type":"alias","target_uid":"an7.96-614"},"an7.223":{"type":"alias","target_uid":"an7.96-614"},"an7.257":{"type":"alias","target_uid":"an7.96-614"},"an7.160":{"type":"alias","target_uid":"an7.96-614"},"an7.936":{"type":"alias","target_uid":"an7.645-1124"},"an7.537":{"type":"alias","target_uid":"an7.96-614"},"an7.159":{"type":"alias","target_uid":"an7.96-614"},"an7.267":{"type":"alias","target_uid":"an7.96-614"},"an7.559":{"type":"alias","target_uid":"an7.96-614"},"an7.116":{"type":"alias","target_uid":"an7.96-614"},"an7.530":{"type":"alias","target_uid":"an7.96-614"},"an7.251":{"type":"alias","target_uid":"an7.96-614"},"an7.292":{"type":"alias","target_uid":"an7.96-614"},"an7.896":{"type":"alias","target_uid":"an7.645-1124"},"an7.318":{"type":"alias","target_uid":"an7.96-614"},"an7.794":{"type":"alias","target_uid":"an7.645-1124"},"an7.583":{"type":"alias","target_uid":"an7.96-614"},"an7.500":{"type":"alias","target_uid":"an7.96-614"},"an7.728":{"type":"alias","target_uid":"an7.645-1124"},"an7.179":{"type":"alias","target_uid":"an7.96-614"},"an7.80":{"type":"leaf","acronym":"AN 7.80","translated_title":"Shines as an Expert in the Monastic Law (2nd)","original_title":"Dutiyavinayadharasobhanasutta","author_uid":"sujato","blurb":"An expert in monastic conduct shines with seven qualities.","nav":{"prev":"an7.79","next":"an7.81"},"chunk":13},"an7.510":{"type":"alias","target_uid":"an7.96-614"},"an7.901":{"type":"alias","target_uid":"an7.645-1124"},"an7.959":{"type":"alias","target_uid":"an7.645-1124"},"an7.984":{"type":"alias","target_uid":"an7.645-1124"},"an7.517":{"type":"alias","target_uid":"an7.96-614"},"an7-ahuneyyavagga":{"type":"branch","translated_title":"The Chapter on Worthy of Offerings","original_title":"Āhuneyyavagga","nav":{"prev":"an7-samanavagga","next":"an7-ragapeyyala"}},"an7.535":{"type":"alias","target_uid":"an7.96-614"},"an7.892":{"type":"alias","target_uid":"an7.645-1124"},"an7.405":{"type":"alias","target_uid":"an7.96-614"},"an7.302":{"type":"alias","target_uid":"an7.96-614"},"an7-mahayannavagga":{"type":"branch","translated_title":"The Chapter on a Great Sacrifice","original_title":"Mahāyaññavagga","nav":{"prev":"an7-devatavagga","next":"an7-abyakatavagga"}},"an7.422":{"type":"alias","target_uid":"an7.96-614"},"an7.620":{"type":"alias","target_uid":"an7.618-644"},"an7.803":{"type":"alias","target_uid":"an7.645-1124"},"an7.30":{"type":"leaf","acronym":"AN 7.30","translated_title":"Failures for a Lay Follower","original_title":"Vipattisutta","author_uid":"sujato","blurb":"Seven failures for a lay follower.","nav":{"prev":"an7.29","next":"an7.31"},"chunk":1},"an7.751":{"type":"alias","target_uid":"an7.645-1124"},"an7.378":{"type":"alias","target_uid":"an7.96-614"},"an7.717":{"type":"alias","target_uid":"an7.645-1124"},"an7.825":{"type":"alias","target_uid":"an7.645-1124"},"an7.459":{"type":"alias","target_uid":"an7.96-614"},"an7.991":{"type":"alias","target_uid":"an7.645-1124"},"an7.485":{"type":"alias","target_uid":"an7.96-614"},"an7.580":{"type":"alias","target_uid":"an7.96-614"},"an7.966":{"type":"alias","target_uid":"an7.645-1124"},"an7.415":{"type":"alias","target_uid":"an7.96-614"},"an7.1111":{"type":"alias","target_uid":"an7.645-1124"},"an7.762":{"type":"alias","target_uid":"an7.645-1124"},"an7.1020":{"type":"alias","target_uid":"an7.645-1124"},"an7.656":{"type":"alias","target_uid":"an7.645-1124"},"an7.333":{"type":"alias","target_uid":"an7.96-614"},"an7.905":{"type":"alias","target_uid":"an7.645-1124"},"an7.474":{"type":"alias","target_uid":"an7.96-614"},"an7.75":{"type":"leaf","acronym":"AN 7.75","translated_title":"An Expert in the Monastic Law (1st)","original_title":"Paṭhamavinayadharasutta","author_uid":"sujato","blurb":"An expert in monastic conduct has seven qualities.","nav":{"prev":"an7.74","next":"an7.76"},"chunk":12},"an7.326":{"type":"alias","target_uid":"an7.96-614"},"an7.391":{"type":"alias","target_uid":"an7.96-614"},"an7.972":{"type":"alias","target_uid":"an7.645-1124"},"an7.111":{"type":"alias","target_uid":"an7.96-614"},"an7.121":{"type":"alias","target_uid":"an7.96-614"},"an7.638":{"type":"alias","target_uid":"an7.618-644"},"an7.232":{"type":"alias","target_uid":"an7.96-614"},"an7.929":{"type":"alias","target_uid":"an7.645-1124"},"an7.123":{"type":"alias","target_uid":"an7.96-614"},"an7.376":{"type":"alias","target_uid":"an7.96-614"},"an7.1105":{"type":"alias","target_uid":"an7.645-1124"},"an7.845":{"type":"alias","target_uid":"an7.645-1124"},"an7.597":{"type":"alias","target_uid":"an7.96-614"},"an7.764":{"type":"alias","target_uid":"an7.645-1124"},"an7.1082":{"type":"alias","target_uid":"an7.645-1124"},"an7.93":{"type":"leaf","acronym":"AN 7.93","translated_title":"Bad Qualities","original_title":"Asaddhammasutta","author_uid":"sujato","blurb":"Seven bad qualities starting with faithlessness.","nav":{"prev":"an7.92","next":"an7.94"},"chunk":13},"an7.856":{"type":"alias","target_uid":"an7.645-1124"},"an7.509":{"type":"alias","target_uid":"an7.96-614"},"an7.238":{"type":"alias","target_uid":"an7.96-614"},"an7.540":{"type":"alias","target_uid":"an7.96-614"},"an7.1039":{"type":"alias","target_uid":"an7.645-1124"},"an7.952":{"type":"alias","target_uid":"an7.645-1124"},"an7.1019":{"type":"alias","target_uid":"an7.645-1124"},"an7.190":{"type":"alias","target_uid":"an7.96-614"},"an7.211":{"type":"alias","target_uid":"an7.96-614"},"an7.150":{"type":"alias","target_uid":"an7.96-614"},"an7.857":{"type":"alias","target_uid":"an7.645-1124"},"an7-vajjisattakavagga":{"type":"branch","translated_title":"The Chapter on the Vajji Seven","original_title":"Vajjisattakavagga","nav":{"prev":"an7-anusayavagga","next":"an7-devatavagga"}},"an7.631":{"type":"alias","target_uid":"an7.618-644"},"an7.705":{"type":"alias","target_uid":"an7.645-1124"},"an7.561":{"type":"alias","target_uid":"an7.96-614"},"an7.737":{"type":"alias","target_uid":"an7.645-1124"},"an7.994":{"type":"alias","target_uid":"an7.645-1124"},"an7.443":{"type":"alias","target_uid":"an7.96-614"},"an7.710":{"type":"alias","target_uid":"an7.645-1124"},"an7.933":{"type":"alias","target_uid":"an7.645-1124"},"an7.727":{"type":"alias","target_uid":"an7.645-1124"},"an7.354":{"type":"alias","target_uid":"an7.96-614"},"an7.432":{"type":"alias","target_uid":"an7.96-614"},"an7.1010":{"type":"alias","target_uid":"an7.645-1124"},"an7.368":{"type":"alias","target_uid":"an7.96-614"},"an7.386":{"type":"alias","target_uid":"an7.96-614"},"an7.681":{"type":"alias","target_uid":"an7.645-1124"},"an7.4":{"type":"leaf","acronym":"AN 7.4","translated_title":"Powers in Detail","original_title":"Vitthatabalasutta","author_uid":"sujato","blurb":"The powers of faith, energy, conscience, prudence, mindfulness, samādhi, and wisdom.","nav":{"prev":"an7.3","next":"an7.5"},"chunk":2},"an7.61":{"type":"leaf","acronym":"AN 7.61","translated_title":"Nodding Off","original_title":"Pacalāyamānasutta","author_uid":"sujato","blurb":"Before his awakening, Moggallāna is struggling with sleepiness in meditation. The Buddha visits him and gives seven ways to dispel drowsiness, and other important teachings.","nav":{"prev":"an7.60","next":"an7.62"},"chunk":7},"an7.976":{"type":"alias","target_uid":"an7.645-1124"},"an7.1091":{"type":"alias","target_uid":"an7.645-1124"},"an7.920":{"type":"alias","target_uid":"an7.645-1124"},"an7.1023":{"type":"alias","target_uid":"an7.645-1124"},"an7.27":{"type":"leaf","acronym":"AN 7.27","translated_title":"Perceptions","original_title":"Saññāsutta","author_uid":"sujato","blurb":"The Buddha teaches seven principles of non-decline to the mendicants.","nav":{"prev":"an7.26","next":"an7.28"},"chunk":1},"an7.260":{"type":"alias","target_uid":"an7.96-614"},"an7.822":{"type":"alias","target_uid":"an7.645-1124"},"an7.686":{"type":"alias","target_uid":"an7.645-1124"},"an7.303":{"type":"alias","target_uid":"an7.96-614"},"an7.366":{"type":"alias","target_uid":"an7.96-614"},"an7.94":{"type":"leaf","acronym":"AN 7.94","translated_title":"Good Qualities","original_title":"Saddhammasutta","author_uid":"sujato","blurb":"Seven good qualities starting with faith.","nav":{"prev":"an7.93","next":"an7.95"},"chunk":13},"an7.152":{"type":"alias","target_uid":"an7.96-614"},"an7.573":{"type":"alias","target_uid":"an7.96-614"},"an7.534":{"type":"alias","target_uid":"an7.96-614"},"an7.407":{"type":"alias","target_uid":"an7.96-614"},"an7.990":{"type":"alias","target_uid":"an7.645-1124"},"an7.236":{"type":"alias","target_uid":"an7.96-614"},"an7.495":{"type":"alias","target_uid":"an7.96-614"},"an7.664":{"type":"alias","target_uid":"an7.645-1124"},"an7.951":{"type":"alias","target_uid":"an7.645-1124"},"an7.235":{"type":"alias","target_uid":"an7.96-614"},"an7.482":{"type":"alias","target_uid":"an7.96-614"},"an7.626":{"type":"alias","target_uid":"an7.618-644"},"an7.28":{"type":"leaf","acronym":"AN 7.28","translated_title":"Non-decline for a Mendicant Trainee","original_title":"Paṭhamaparihānisutta","author_uid":"sujato","blurb":"Seven qualities leading to the decline of a mendicant who is a trainee.","nav":{"prev":"an7.27","next":"an7.29"},"chunk":1},"an7.263":{"type":"alias","target_uid":"an7.96-614"},"an7.1038":{"type":"alias","target_uid":"an7.645-1124"},"an7.986":{"type":"alias","target_uid":"an7.645-1124"},"an7.914":{"type":"alias","target_uid":"an7.645-1124"},"an7.943":{"type":"alias","target_uid":"an7.645-1124"},"an7.616":{"type":"leaf","acronym":"AN 7.616","translated_title":"Untitled Discourse on Greed (2nd)","author_uid":"sujato","blurb":"Develop insight into greed through seven perceptions starting with impermanence.","nav":{"prev":"an7.615","next":"an7.617"},"chunk":7},"an7.1001":{"type":"alias","target_uid":"an7.645-1124"},"an7.909":{"type":"alias","target_uid":"an7.645-1124"},"an7.1106":{"type":"alias","target_uid":"an7.645-1124"},"an7.569":{"type":"alias","target_uid":"an7.96-614"},"an7.922":{"type":"alias","target_uid":"an7.645-1124"},"an7.963":{"type":"alias","target_uid":"an7.645-1124"},"an7.155":{"type":"alias","target_uid":"an7.96-614"},"an7.463":{"type":"alias","target_uid":"an7.96-614"},"an7.365":{"type":"alias","target_uid":"an7.96-614"},"an7.788":{"type":"alias","target_uid":"an7.645-1124"},"an7.1031":{"type":"alias","target_uid":"an7.645-1124"},"an7.961":{"type":"alias","target_uid":"an7.645-1124"},"an7.220":{"type":"alias","target_uid":"an7.96-614"},"an7.579":{"type":"alias","target_uid":"an7.96-614"},"an7.189":{"type":"alias","target_uid":"an7.96-614"},"an7.497":{"type":"alias","target_uid":"an7.96-614"},"an7.899":{"type":"alias","target_uid":"an7.645-1124"},"an7.660":{"type":"alias","target_uid":"an7.645-1124"},"an7.129":{"type":"alias","target_uid":"an7.96-614"},"an7.1074":{"type":"alias","target_uid":"an7.645-1124"},"an7.989":{"type":"alias","target_uid":"an7.645-1124"},"an7.523":{"type":"alias","target_uid":"an7.96-614"},"an7.541":{"type":"alias","target_uid":"an7.96-614"},"an7.184":{"type":"alias","target_uid":"an7.96-614"},"an7.525":{"type":"alias","target_uid":"an7.96-614"},"an7.840":{"type":"alias","target_uid":"an7.645-1124"},"an7.808":{"type":"alias","target_uid":"an7.645-1124"},"an7.478":{"type":"alias","target_uid":"an7.96-614"},"an7.667":{"type":"alias","target_uid":"an7.645-1124"},"an7.804":{"type":"alias","target_uid":"an7.645-1124"},"an7.554":{"type":"alias","target_uid":"an7.96-614"},"an7.112":{"type":"alias","target_uid":"an7.96-614"},"an7.336":{"type":"alias","target_uid":"an7.96-614"},"an7.169":{"type":"alias","target_uid":"an7.96-614"},"an7.768":{"type":"alias","target_uid":"an7.645-1124"},"an7.769":{"type":"alias","target_uid":"an7.645-1124"},"an7.995":{"type":"alias","target_uid":"an7.645-1124"},"an7.231":{"type":"alias","target_uid":"an7.96-614"},"an7.1009":{"type":"alias","target_uid":"an7.645-1124"},"an7.374":{"type":"alias","target_uid":"an7.96-614"},"an7.1016":{"type":"alias","target_uid":"an7.645-1124"},"an7.60":{"type":"leaf","acronym":"AN 7.60","translated_title":"Seven Qualities","original_title":"Sattadhammasutta","author_uid":"sujato","blurb":"Qualities required for arahantship.","nav":{"prev":"an7.59","next":"an7.61"},"chunk":7},"an7.828":{"type":"alias","target_uid":"an7.645-1124"},"an7.64":{"type":"leaf","acronym":"AN 7.64","translated_title":"Irritable","original_title":"Kodhanasutta","author_uid":"sujato","blurb":"When someone is angry, they wish ill upon their enemy, and are disappointed if they do well. This sutta includes a powerful set of verses.","nav":{"prev":"an7.63","next":"an7.65"},"chunk":8},"an7.542":{"type":"alias","target_uid":"an7.96-614"},"an7.878":{"type":"alias","target_uid":"an7.645-1124"},"an7.224":{"type":"alias","target_uid":"an7.96-614"},"an7.786":{"type":"alias","target_uid":"an7.645-1124"},"an7.888":{"type":"alias","target_uid":"an7.645-1124"},"an7.13":{"type":"leaf","acronym":"AN 7.13","translated_title":"A Family","original_title":"Kulasutta","author_uid":"sujato","blurb":"Factors that make a family worth visiting.","nav":{"prev":"an7.12","next":"an7.14"},"chunk":0},"an7.610":{"type":"alias","target_uid":"an7.96-614"},"an7.978":{"type":"alias","target_uid":"an7.645-1124"},"an7.661":{"type":"alias","target_uid":"an7.645-1124"},"an7.317":{"type":"alias","target_uid":"an7.96-614"},"an7.297":{"type":"alias","target_uid":"an7.96-614"},"an7.275":{"type":"alias","target_uid":"an7.96-614"},"an7.988":{"type":"alias","target_uid":"an7.645-1124"},"an7.118":{"type":"alias","target_uid":"an7.96-614"},"an7.1086":{"type":"alias","target_uid":"an7.645-1124"},"an7.501":{"type":"alias","target_uid":"an7.96-614"},"an7.174":{"type":"alias","target_uid":"an7.96-614"},"an7.445":{"type":"alias","target_uid":"an7.96-614"},"an7.801":{"type":"alias","target_uid":"an7.645-1124"},"an7.637":{"type":"alias","target_uid":"an7.618-644"},"an7.846":{"type":"alias","target_uid":"an7.645-1124"},"an7.188":{"type":"alias","target_uid":"an7.96-614"},"an7.532":{"type":"alias","target_uid":"an7.96-614"},"an7.411":{"type":"alias","target_uid":"an7.96-614"},"an7.140":{"type":"alias","target_uid":"an7.96-614"},"an7.282":{"type":"alias","target_uid":"an7.96-614"},"an7.114":{"type":"alias","target_uid":"an7.96-614"},"an7.128":{"type":"alias","target_uid":"an7.96-614"},"an7.15":{"type":"leaf","acronym":"AN 7.15","translated_title":"A Simile With Water","original_title":"Udakūpamāsutta","author_uid":"sujato","blurb":"Seven people found in the world who are like those in water.","nav":{"prev":"an7.14","next":"an7.16"},"chunk":0},"an7.809":{"type":"alias","target_uid":"an7.645-1124"},"an7.172":{"type":"alias","target_uid":"an7.96-614"},"an7.576":{"type":"alias","target_uid":"an7.96-614"},"an7.630":{"type":"alias","target_uid":"an7.618-644"},"an7.438":{"type":"alias","target_uid":"an7.96-614"},"an7.67":{"type":"leaf","acronym":"AN 7.67","translated_title":"The Simile of the Citadel","original_title":"Nagaropamasutta","author_uid":"sujato","blurb":"When a king’s fortress is well supplied with seven things and has four kinds of food supplies it is impregnable. Similarly, a noble disciple with seven qualities and the four absorptions is impregnable.","nav":{"prev":"an7.66","next":"an7.68"},"chunk":9},"an7.824":{"type":"alias","target_uid":"an7.645-1124"},"an7.1094":{"type":"alias","target_uid":"an7.645-1124"},"an7.571":{"type":"alias","target_uid":"an7.96-614"},"an7.99":{"type":"alias","target_uid":"an7.96-614"},"an7.493":{"type":"alias","target_uid":"an7.96-614"},"an7.10":{"type":"leaf","acronym":"AN 7.10","translated_title":"Stinginess","original_title":"Macchariyasutta","author_uid":"sujato","blurb":"The fetters of compliance, repulsion, views, doubt, conceit, envy, and stinginess.","nav":{"prev":"an7.9","next":"an7.11"},"chunk":0},"an7.17":{"type":"leaf","acronym":"AN 7.17","translated_title":"Observing Suffering","original_title":"Dukkhānupassīsutta","author_uid":"sujato","blurb":"Seven persons who are worthy of gifts and veneration.","nav":{"prev":"an7.16","next":"an7.18"},"chunk":0},"an7.723":{"type":"alias","target_uid":"an7.645-1124"},"an7.187":{"type":"alias","target_uid":"an7.96-614"},"an7.1022":{"type":"alias","target_uid":"an7.645-1124"},"an7.100":{"type":"alias","target_uid":"an7.96-614"},"an7.381":{"type":"alias","target_uid":"an7.96-614"},"an7.925":{"type":"alias","target_uid":"an7.645-1124"},"an7.618":{"type":"alias","target_uid":"an7.618-644"},"an7.316":{"type":"alias","target_uid":"an7.96-614"},"an7.115":{"type":"alias","target_uid":"an7.96-614"},"an7.651":{"type":"alias","target_uid":"an7.645-1124"},"an7.109":{"type":"alias","target_uid":"an7.96-614"},"an7.1092":{"type":"alias","target_uid":"an7.645-1124"},"an7.51":{"type":"leaf","acronym":"AN 7.51","translated_title":"Yoking and Unyoking","original_title":"Saṁyogasutta","author_uid":"sujato","blurb":"By focusing on their own gendered attributes, a man or woman becomes attached to them and develops lust for the opposite sex.","nav":{"prev":"an7.50","next":"an7.52"},"chunk":4},"an7.1058":{"type":"alias","target_uid":"an7.645-1124"},"an7.1017":{"type":"alias","target_uid":"an7.645-1124"},"an7.917":{"type":"alias","target_uid":"an7.645-1124"},"an7.1000":{"type":"alias","target_uid":"an7.645-1124"},"an7.332":{"type":"alias","target_uid":"an7.96-614"},"an7.503":{"type":"alias","target_uid":"an7.96-614"},"an7.894":{"type":"alias","target_uid":"an7.645-1124"},"an7.643":{"type":"alias","target_uid":"an7.618-644"},"an7.62":{"type":"leaf","acronym":"AN 7.62","translated_title":"Don’t Fear Good Deeds","original_title":"Mettasutta","author_uid":"sujato","blurb":"The incalculable benefits of merit that last for many aeons.","nav":{"prev":"an7.61","next":"an7.63"},"chunk":7},"an7.851":{"type":"alias","target_uid":"an7.645-1124"},"an7.932":{"type":"alias","target_uid":"an7.645-1124"},"an7.729":{"type":"alias","target_uid":"an7.645-1124"},"an7.543":{"type":"alias","target_uid":"an7.96-614"},"an7.384":{"type":"alias","target_uid":"an7.96-614"},"an7.409":{"type":"alias","target_uid":"an7.96-614"},"an7.219":{"type":"alias","target_uid":"an7.96-614"},"an7.938":{"type":"alias","target_uid":"an7.645-1124"},"an7.312":{"type":"alias","target_uid":"an7.96-614"},"an7.176":{"type":"alias","target_uid":"an7.96-614"},"an7.848":{"type":"alias","target_uid":"an7.645-1124"},"an7.975":{"type":"alias","target_uid":"an7.645-1124"},"an7.738":{"type":"alias","target_uid":"an7.645-1124"},"an7.962":{"type":"alias","target_uid":"an7.645-1124"},"an7.725":{"type":"alias","target_uid":"an7.645-1124"},"an7.700":{"type":"alias","target_uid":"an7.645-1124"},"an7.615":{"type":"leaf","acronym":"AN 7.615","translated_title":"Untitled Discourse on Greed (1st)","author_uid":"sujato","blurb":"Develop insight into greed through the awakening factors.","nav":{"prev":"an7.96-614","next":"an7.616"},"chunk":7},"an7.81":{"type":"leaf","acronym":"AN 7.81","translated_title":"Shines as an Expert in the Monastic Law (3rd)","original_title":"Tatiyavinayadharasobhanasutta","author_uid":"sujato","blurb":"An expert in monastic conduct shines with seven qualities.","nav":{"prev":"an7.80","next":"an7.82"},"chunk":13},"an7.322":{"type":"alias","target_uid":"an7.96-614"},"an7.468":{"type":"alias","target_uid":"an7.96-614"},"an7.992":{"type":"alias","target_uid":"an7.645-1124"},"an7.890":{"type":"alias","target_uid":"an7.645-1124"},"an7.883":{"type":"alias","target_uid":"an7.645-1124"},"an7.97":{"type":"alias","target_uid":"an7.96-614"},"an7.587":{"type":"alias","target_uid":"an7.96-614"},"an7.547":{"type":"alias","target_uid":"an7.96-614"},"an7.755":{"type":"alias","target_uid":"an7.645-1124"},"an7.41":{"type":"leaf","acronym":"AN 7.41","translated_title":"Mastery of the Mind (2nd)","original_title":"Dutiyavasasutta","author_uid":"sujato","blurb":"With seven qualities, Sāriputta became a master of meditation.","nav":{"prev":"an7.40","next":"an7.42"},"chunk":2},"an7.63":{"type":"leaf","acronym":"AN 7.63","translated_title":"Kinds of Wives","original_title":"Bhariyāsutta","author_uid":"sujato","blurb":"Anāthapiṇḍika’s home was in an uproar due to the badly behaved Sujātā, newly wedded to one of his sons. The Buddha speaks to her on the different kinds of wives.","nav":{"prev":"an7.62","next":"an7.64"},"chunk":8},"an7.127":{"type":"alias","target_uid":"an7.96-614"},"an7.119":{"type":"alias","target_uid":"an7.96-614"},"an7.703":{"type":"alias","target_uid":"an7.645-1124"},"an7.255":{"type":"alias","target_uid":"an7.96-614"},"an7.708":{"type":"alias","target_uid":"an7.645-1124"},"an7.668":{"type":"alias","target_uid":"an7.645-1124"},"an7.444":{"type":"alias","target_uid":"an7.96-614"},"an7.915":{"type":"alias","target_uid":"an7.645-1124"},"an7.726":{"type":"alias","target_uid":"an7.645-1124"},"an7.771":{"type":"alias","target_uid":"an7.645-1124"},"an7.132":{"type":"alias","target_uid":"an7.96-614"},"an7.431":{"type":"alias","target_uid":"an7.96-614"},"an7.965":{"type":"alias","target_uid":"an7.645-1124"},"an7.884":{"type":"alias","target_uid":"an7.645-1124"},"an7.321":{"type":"alias","target_uid":"an7.96-614"},"an7.529":{"type":"alias","target_uid":"an7.96-614"},"an7.417":{"type":"alias","target_uid":"an7.96-614"},"an7.226":{"type":"alias","target_uid":"an7.96-614"},"an7.752":{"type":"alias","target_uid":"an7.645-1124"},"an7.36":{"type":"leaf","acronym":"AN 7.36","translated_title":"A Friend (1st)","original_title":"Paṭhamamittasutta","author_uid":"sujato","blurb":"When a friend has seven factors, one should associate with them.","nav":{"prev":"an7.35","next":"an7.37"},"chunk":2},"an7.363":{"type":"alias","target_uid":"an7.96-614"},"an7.1116":{"type":"alias","target_uid":"an7.645-1124"},"an7.763":{"type":"alias","target_uid":"an7.645-1124"},"an7.124":{"type":"alias","target_uid":"an7.96-614"},"an7.5":{"type":"leaf","acronym":"AN 7.5","translated_title":"Wealth in Brief","original_title":"Saṁkhittadhanasutta","author_uid":"sujato","blurb":"The wealth of faith, energy, conscience, prudence, learning, generosity, and wisdom.","nav":{"prev":"an7.4","next":"an7.6"},"chunk":4},"an7.428":{"type":"alias","target_uid":"an7.96-614"},"an7.739":{"type":"alias","target_uid":"an7.645-1124"},"an7.65":{"type":"leaf","acronym":"AN 7.65","translated_title":"Conscience and Prudence","original_title":"Hirīottappasutta","author_uid":"sujato","blurb":"A sense of conscience is the foundation that leads step by step to liberation.","nav":{"prev":"an7.64","next":"an7.66"},"chunk":8},"an7.147":{"type":"alias","target_uid":"an7.96-614"},"an7.1097":{"type":"alias","target_uid":"an7.645-1124"},"an7.25":{"type":"leaf","acronym":"AN 7.25","translated_title":"Non-Decline for Mendicants (3rd)","original_title":"Tatiyasattakasutta","author_uid":"sujato","blurb":"The Buddha teaches seven principles of non-decline to the mendicants.","nav":{"prev":"an7.24","next":"an7.26"},"chunk":1},"an7.346":{"type":"alias","target_uid":"an7.96-614"},"an7.711":{"type":"alias","target_uid":"an7.645-1124"},"an7.757":{"type":"alias","target_uid":"an7.645-1124"},"an7.117":{"type":"alias","target_uid":"an7.96-614"},"an7.177":{"type":"alias","target_uid":"an7.96-614"},"an7.707":{"type":"alias","target_uid":"an7.645-1124"},"an7.891":{"type":"alias","target_uid":"an7.645-1124"},"an7.807":{"type":"alias","target_uid":"an7.645-1124"},"an7.1026":{"type":"alias","target_uid":"an7.645-1124"},"an7.328":{"type":"alias","target_uid":"an7.96-614"},"an7.1005":{"type":"alias","target_uid":"an7.645-1124"},"an7.153":{"type":"alias","target_uid":"an7.96-614"},"an7.1057":{"type":"alias","target_uid":"an7.645-1124"},"an7.937":{"type":"alias","target_uid":"an7.645-1124"},"an7.946":{"type":"alias","target_uid":"an7.645-1124"},"an7.1073":{"type":"alias","target_uid":"an7.645-1124"},"an7.339":{"type":"alias","target_uid":"an7.96-614"},"an7.248":{"type":"alias","target_uid":"an7.96-614"},"an7.640":{"type":"alias","target_uid":"an7.618-644"},"an7.600":{"type":"alias","target_uid":"an7.96-614"},"an7.342":{"type":"alias","target_uid":"an7.96-614"},"an7.665":{"type":"alias","target_uid":"an7.645-1124"},"an7.1015":{"type":"alias","target_uid":"an7.645-1124"},"an7.205":{"type":"alias","target_uid":"an7.96-614"},"an7.227":{"type":"alias","target_uid":"an7.96-614"},"an7.296":{"type":"alias","target_uid":"an7.96-614"},"an7.568":{"type":"alias","target_uid":"an7.96-614"},"an7.344":{"type":"alias","target_uid":"an7.96-614"},"an7.1068":{"type":"alias","target_uid":"an7.645-1124"},"an7.23":{"type":"leaf","acronym":"AN 7.23","translated_title":"Non-Decline for Mendicants (1st)","original_title":"Paṭhamasattakasutta","author_uid":"sujato","blurb":"The Buddha teaches the seven principles of non-decline to the mendicants.","nav":{"prev":"an7.22","next":"an7.24"},"chunk":1},"an7.283":{"type":"alias","target_uid":"an7.96-614"},"an7.193":{"type":"alias","target_uid":"an7.96-614"},"an7.690":{"type":"alias","target_uid":"an7.645-1124"},"an7.460":{"type":"alias","target_uid":"an7.96-614"},"an7.156":{"type":"alias","target_uid":"an7.96-614"},"an7.358":{"type":"alias","target_uid":"an7.96-614"},"an7.956":{"type":"alias","target_uid":"an7.645-1124"},"an7.373":{"type":"alias","target_uid":"an7.96-614"},"an7.340":{"type":"alias","target_uid":"an7.96-614"},"an6-ragapeyyala":{"type":"branch","translated_title":"Abbreviated Texts Beginning With Greed","original_title":"Rāgapeyyāla","nav":{"prev":"an6-samannavagga","next":"an7-dhanavagga"}},"an6-dutiyapannasaka":{"type":"branch","translated_title":"The Second Fifty","original_title":"Dutiyapaṇṇāsaka","nav":{"prev":"an6-pathamapannasaka","next":"an7-pathamapannasaka"}},"an6":{"type":"branch","translated_title":"The Book of the Sixes","original_title":"Chakkanipāta","nav":{"prev":"an5","next":"an7"}},"an8":{"type":"branch","translated_title":"The Book of the Eights","original_title":"Aṭṭhakanipāta","nav":{"prev":"an7","next":"an9"}},"an8-pathamapannasaka":{"type":"branch","translated_title":"The First Fifty","original_title":"Paṭhamapaṇṇāsaka","nav":{"prev":"an7-dutiyapannasaka","next":"an8-dutiyapannasaka"}},"an6.170-649":{"type":"leaf","acronym":"AN 6.170–649","translated_title":"Untitled Discourses on Hate, Etc.","author_uid":"sujato","nav":{"prev":"an6.143-169","next":"an7.1"}},"an8.1":{"type":"leaf","acronym":"AN 8.1","translated_title":"The Benefits of Love","original_title":"Mettāsutta","author_uid":"sujato","blurb":"The eight benefits of practicing the meditation on love.","nav":{"prev":"an7.645-1124","next":"an8.2"}},"an8-mettavagga":{"type":"branch","translated_title":"The Chapter on Love","original_title":"Mettāvagga","nav":{"prev":"an7-ragapeyyala","next":"an8-mahavagga"}},"an":{"type":"branch","acronym":"AN","translated_title":"Numbered Discourses Collection","original_title":"Aṅguttaranikāya","blurb":"The “Numbered” or “Numerical” Discourses are usually known as Aṅguttara Nikāya in Pali, abbreviated AN. However, the Pali tradition also knows the form Ekottara (“one-up” or “incremental”), and this is the form usually found in the northern collections. These collections organize texts in numbered sets, from one to eleven. Compared to the other <i lang='pi' translate='no'>nikāyas</i>, they are more oriented to the lay community. The Ekottarikāgama (EA) in Chinese is a highly unusual text, which features a range of variations within itself when it comes even to basic doctrines. It shares considerably less in common with the Pali Aṅguttara than the other collections do with their counterparts. In addition, there is a partial Ekottarikāgama in Chinese, as well as a variety of individual discourses and fragments in Chinese and Sanskrit.","nav":{"prev":"sn","next":"kn"}}},"super_book_id":"an","super_book_title":"Numbered Discourses Collection"}