{"id":"cnd","type":"book","title":"Shorter Exposition","tree":{"cnd":[{"cnd-parayanavaggagatha":["cnd1","cnd2","cnd3","cnd4"]},{"cnd-parayanavagganiddesa":["cnd5","cnd6","cnd7","cnd8","cnd9","cnd10","cnd11","cnd12","cnd13","cnd14","cnd15","cnd16","cnd17","cnd18","cnd19","cnd20","cnd21","cnd22"]},"cnd23"]},"meta":{"cnd7":{"type":"leaf","acronym":"Cnd 7","translated_title":"Exposition of the Questions of the Student  Puṇṇaka","original_title":"Puṇṇakamāṇavapucchāniddesa","nav":{"prev":"cnd6","next":"cnd8"},"chunk":16},"cnd22":{"type":"leaf","acronym":"Cnd 22","translated_title":"Exposition of the Concluding Verses of the Way to the Beyond","original_title":"Pārāyanānugītigāthāniddesa","nav":{"prev":"cnd21","next":"cnd23"},"chunk":11},"cnd6":{"type":"leaf","acronym":"Cnd 6","translated_title":"Exposition of the Questions of the Student Tissametteyya","original_title":"Tissametteyyamāṇavapucchāniddesa","nav":{"prev":"cnd5","next":"cnd7"},"chunk":15},"cnd15":{"type":"leaf","acronym":"Cnd 15","translated_title":"Exposition of the Questions of the Student Jatukaṇṇī","original_title":"Jatukaṇṇimāṇavapucchāniddesa","nav":{"prev":"cnd14","next":"cnd16"},"chunk":4},"cnd21":{"type":"leaf","acronym":"Cnd 21","translated_title":"Exposition of Homage to the Way to the Beyond","original_title":"Pārāyanatthutigāthāniddesa","nav":{"prev":"cnd20","next":"cnd22"},"chunk":10},"cnd-parayanavaggagatha":{"type":"branch","translated_title":"The Way to the Beyond","original_title":"Pārāyanavaggagāthā","nav":{"next":"cnd-parayanavagganiddesa"}},"cnd":{"type":"branch","acronym":"Cnd","translated_title":"Shorter Exposition","original_title":"Cūḷaniddesa","blurb":"The Cūḷaniddesa or “Shorter Exposition” is really one half of a book together with the Mahāniddesa or “Great Exposition”. They offer commentaries on certain portions of the Sutta Nipāta, and lack counterparts in the northern canons. The Cūḷaniddesa comments on the “Way to the Beyond” and the “Rhinoceros Horn Sutta”.","nav":{"prev":"mnd","next":"ps"}},"cnd19":{"type":"leaf","acronym":"Cnd 19","translated_title":"Exposition of the Questions of the Student Mogharāja","original_title":"Mogharājamāṇavapucchāniddesa","nav":{"prev":"cnd18","next":"cnd20"},"chunk":8},"cnd2":{"type":"leaf","acronym":"Cnd 2","translated_title":"The Questions","original_title":"Pucchā","nav":{"prev":"cnd1","next":"cnd3"},"chunk":9},"cnd9":{"type":"leaf","acronym":"Cnd 9","translated_title":"Exposition of the Questions of the Student   Dhotaka","original_title":"Dhotakamāṇavapucchāniddesa","nav":{"prev":"cnd8","next":"cnd10"},"chunk":18},"cnd11":{"type":"leaf","acronym":"Cnd 11","translated_title":"Exposition of the Questions of the Student Nanda","original_title":"Nandamāṇavapucchāniddesa","nav":{"prev":"cnd10","next":"cnd12"},"chunk":2},"cnd17":{"type":"leaf","acronym":"Cnd 17","translated_title":"Exposition of the Questions of the Student Udaya","original_title":"Udayamāṇavapucchāniddesa","nav":{"prev":"cnd16","next":"cnd18"},"chunk":6},"cnd14":{"type":"leaf","acronym":"Cnd 14","translated_title":"Exposition of the Questions of the Student Kappa","original_title":"Kappamāṇavapucchāniddesa","nav":{"prev":"cnd13","next":"cnd15"},"chunk":4},"cnd23":{"type":"leaf","acronym":"Cnd 23","translated_title":"Exposition of the Rhinoceros Horn Discourse","original_title":"Khaggavisāṇasuttaniddesa","nav":{"prev":"cnd22"},"chunk":12},"cnd3":{"type":"leaf","acronym":"Cnd 3","translated_title":"Homage to the Way to the Beyond","original_title":"Pārāyanatthutigāthā","nav":{"prev":"cnd2","next":"cnd4"},"chunk":13},"cnd12":{"type":"leaf","acronym":"Cnd 12","translated_title":"Exposition of the Questions of the Student Hemaka","original_title":"Hemakamāṇavapucchāniddesa","nav":{"prev":"cnd11","next":"cnd13"},"chunk":3},"cnd10":{"type":"leaf","acronym":"Cnd 10","translated_title":"Exposition of the Questions of the Student Upasīva","original_title":"Upasīvamāṇavapucchāniddesa","nav":{"prev":"cnd9","next":"cnd11"},"chunk":1},"cnd4":{"type":"leaf","acronym":"Cnd 4","translated_title":"Concluding Verses of the Way to the Beyond","original_title":"Pārāyanānugītigāthā","nav":{"prev":"cnd3","next":"cnd5"},"chunk":13},"cnd5":{"type":"leaf","acronym":"Cnd 5","translated_title":"Exposition of the Questions of the Student Ajita","original_title":"Ajitamāṇavapucchāniddesa","nav":{"prev":"cnd4","next":"cnd6"},"chunk":14},"cnd1":{"type":"leaf","acronym":"Cnd 1","translated_title":"Introductory Verses","original_title":"Vatthugāthā","nav":{"next":"cnd2"},"chunk":0},"cnd16":{"type":"leaf","acronym":"Cnd 16","translated_title":"Exposition of the Questions of the Student Bhadrāvudha","original_title":"Bhadrāvudhamāṇavapucchāniddesa","nav":{"prev":"cnd15","next":"cnd17"},"chunk":5},"cnd18":{"type":"leaf","acronym":"Cnd 18","translated_title":"Exposition of the Questions of the Student Posala","original_title":"Posālamāṇavapucchāniddesa","nav":{"prev":"cnd17","next":"cnd19"},"chunk":7},"cnd13":{"type":"leaf","acronym":"Cnd 13","translated_title":"Exposition of the Questions of the Student Todeyya","original_title":"Todeyyamāṇavapucchāniddesa","nav":{"prev":"cnd12","next":"cnd14"},"chunk":3},"cnd8":{"type":"leaf","acronym":"Cnd 8","translated_title":"Exposition of the Questions of the Student  Mettagū","original_title":"Mettagūmāṇavapucchāniddesa","nav":{"prev":"cnd7","next":"cnd9"},"chunk":17},"cnd-parayanavagganiddesa":{"type":"branch","translated_title":"Exposition of the Way to the Beyond","original_title":"Pārāyanavagganiddesa","nav":{"prev":"cnd-parayanavaggagatha"}},"cnd20":{"type":"leaf","acronym":"Cnd 20","translated_title":"Exposition of the Questions of the Student Piṅgiya","original_title":"Piṅgiyamāṇavapucchāniddesa","nav":{"prev":"cnd19","next":"cnd21"},"chunk":10},"mnd":{"type":"branch","acronym":"Mnd","translated_title":"Longer Exposition ","original_title":"Mahāniddesa","blurb":"The Mahāniddesa or “Great Exposition” is really one half of a book together with the Cūḷaniddesa, the “Shorter Exposition”. They offer commentaries on certain portions of the Sutta Nipāta, and lack counterparts in the northern canons. The Mahāniddesa comments on the sixteen poems of the fourth chapter, the “Chapter of the Eights” or Aṭṭhakavagga."},"ps":{"type":"branch","acronym":"Ps","translated_title":"The Path of Discrimination ","original_title":"Paṭisambhidāmagga","blurb":"The Paṭisambhidāmagga or “Path of Analytical Discernment” is an advanced critical treatise in thirty chapters on Buddhist practice, which the Pali commentaries attribute to the Buddha’s disciple Sāriputta. Departing from the popular or folksy style of most Khuddaka texts, it is more reminiscent of the Abhidhamma, and indeed, while not included in the Abhidhammapiṭaka, it deserves to be considered part of the Theravādin Abhidhamma system. However, it does not make use of the main Abhidhamma <i lang='pi' translate='no'>mātikās</i>. This text introduces a number of terms and ideas of great importance in later Buddhist philosophy. It does not have any counterparts in the northern canons, but articulates a dictinctly Theravādin perspective on the path."}}}