{"id":"pli-tv-pvr","type":"book","title":"The Compendium","tree":{"pli-tv-pvr":["pli-tv-pvr1.1","pli-tv-pvr1.2","pli-tv-pvr1.3","pli-tv-pvr1.4","pli-tv-pvr1.5","pli-tv-pvr1.6","pli-tv-pvr1.7","pli-tv-pvr1.8","pli-tv-pvr1.9","pli-tv-pvr1.10","pli-tv-pvr1.11","pli-tv-pvr1.12","pli-tv-pvr1.13","pli-tv-pvr1.14","pli-tv-pvr1.15","pli-tv-pvr1.16","pli-tv-pvr2.1","pli-tv-pvr2.2","pli-tv-pvr2.3","pli-tv-pvr2.4","pli-tv-pvr2.5","pli-tv-pvr2.6","pli-tv-pvr2.7","pli-tv-pvr2.8","pli-tv-pvr2.9","pli-tv-pvr2.10","pli-tv-pvr2.11","pli-tv-pvr2.12","pli-tv-pvr2.13","pli-tv-pvr2.14","pli-tv-pvr2.15","pli-tv-pvr2.16","pli-tv-pvr3","pli-tv-pvr4","pli-tv-pvr5","pli-tv-pvr6","pli-tv-pvr7","pli-tv-pvr8","pli-tv-pvr9","pli-tv-pvr10","pli-tv-pvr11","pli-tv-pvr12","pli-tv-pvr13","pli-tv-pvr14","pli-tv-pvr15","pli-tv-pvr16","pli-tv-pvr17","pli-tv-pvr18","pli-tv-pvr19","pli-tv-pvr20","pli-tv-pvr21"]},"meta":{"pvr12":{"type":"alias","target_uid":"pli-tv-pvr12"},"pvr1.12":{"type":"alias","target_uid":"pli-tv-pvr1.12"},"pvr2.16":{"type":"alias","target_uid":"pli-tv-pvr2.16"},"pvr21":{"type":"alias","target_uid":"pli-tv-pvr21"},"pli-tv-pvr20":{"type":"leaf","acronym":"Pvr 20","translated_title":"The sudorific verses","original_title":"Sedamocanagāthā","author_uid":"brahmali","blurb":"A set of Vinaya puzzles regarded as so difficult they make you sweat.","nav":{"prev":"pli-tv-pvr19","next":"pli-tv-pvr21"},"chunk":20},"pli-tv-pvr4":{"type":"leaf","acronym":"Pvr 4","translated_title":"Various topics with a focus on the origination of offenses","original_title":"Antarapeyyāla","author_uid":"brahmali","blurb":"A complex set of permutations in applying rules for monks and nuns.","nav":{"prev":"pli-tv-pvr3","next":"pli-tv-pvr5"},"chunk":23},"pvr14":{"type":"alias","target_uid":"pli-tv-pvr14"},"pli-tv-pvr1.8":{"type":"leaf","acronym":"Pvr 1.8","translated_title":"Summary of the previous six sections","original_title":"Samuccayavāra","author_uid":"brahmali","blurb":"This concatenates the results of previous chapters.","nav":{"prev":"pli-tv-pvr1.7","next":"pli-tv-pvr1.9"},"chunk":3},"pli-tv-pvr6":{"type":"leaf","acronym":"Pvr 6","translated_title":"The classes of offenses in the Chapters","original_title":"Khandhakapucchāvāra","author_uid":"brahmali","blurb":"Questions on the contents of each chapter of the Khandhakas.","nav":{"prev":"pli-tv-pvr5","next":"pli-tv-pvr7"},"chunk":25},"pli-tv-pvr1.6":{"type":"leaf","acronym":"Pvr 1.6","translated_title":"The legal issues to which each offense belongs","original_title":"Adhikaraṇavāra","author_uid":"brahmali","blurb":"Relates the Vinaya rules to the four classes of legal procedure.","nav":{"prev":"pli-tv-pvr1.5","next":"pli-tv-pvr1.7"},"chunk":3},"pli-tv-pvr1.12":{"type":"leaf","acronym":"Pvr 1.12","translated_title":"The classes of offenses to which each rule belongs","original_title":"Saṅgahitavāra","author_uid":"brahmali","blurb":"Defines which rules may fall under the heading of other rules.","nav":{"prev":"pli-tv-pvr1.11","next":"pli-tv-pvr1.13"},"chunk":1},"pli-tv-pvr7":{"type":"leaf","acronym":"Pvr 7","translated_title":"The numerical method","original_title":"Ekuttarikanaya","author_uid":"brahmali","blurb":"Vinaya topics arranged by number from one to eleven, in a manner similar to the Aṅguttara Nikāya.","nav":{"prev":"pli-tv-pvr6","next":"pli-tv-pvr8"},"chunk":26},"pli-tv-pvr2.13":{"type":"leaf","acronym":"Pvr 2.13","translated_title":"The number of originations of each offense","original_title":"Samuṭṭhānavāra","author_uid":"brahmali","blurb":"Defines the transgressions as originating in body, speech, or mind.","nav":{"prev":"pli-tv-pvr2.12","next":"pli-tv-pvr2.14"},"chunk":16},"pvr1.3":{"type":"alias","target_uid":"pli-tv-pvr1.3"},"pvr1.8":{"type":"alias","target_uid":"pli-tv-pvr1.8"},"pli-tv-pvr18":{"type":"leaf","acronym":"Pvr 18","translated_title":"The origination of offenses","original_title":"Atthāpattisamuṭṭhāna","author_uid":"brahmali","blurb":"Different mind states and origins for various rules.","nav":{"prev":"pli-tv-pvr17","next":"pli-tv-pvr19"},"chunk":13},"pli-tv-pvr1.2":{"type":"leaf","acronym":"Pvr 1.2","translated_title":"The number of offenses within each rule","original_title":"Katāpattivāra","author_uid":"brahmali","blurb":"Defines the number of sub-offences that may be committed when breaking a rule.","nav":{"prev":"pli-tv-pvr1.1","next":"pli-tv-pvr1.3"},"chunk":2},"pli-tv-pvr2.9":{"type":"leaf","acronym":"Pvr 2.9","translated_title":"Questions and answers on the nuns’ Monastic Code and its analysis","original_title":"Katthapaññattivāra","author_uid":"brahmali","blurb":"Explains the origins of each Vinaya rule. Similar to Pvr 1.1.","nav":{"prev":"pli-tv-pvr2.8","next":"pli-tv-pvr2.10"},"chunk":19},"pvr2.8":{"type":"alias","target_uid":"pli-tv-pvr2.8"},"pli-tv-pvr13":{"type":"leaf","acronym":"Pvr 13","translated_title":"Accusations and the process of investigation","original_title":"Codanākaṇḍa","author_uid":"brahmali","blurb":"An analysis of the circumstances considered when admonishing someone.","nav":{"prev":"pli-tv-pvr12","next":"pli-tv-pvr14"},"chunk":8},"pli-tv-pvr1.15":{"type":"leaf","acronym":"Pvr 1.15","translated_title":"How each offense is settled","original_title":"Samathavāra","author_uid":"brahmali","blurb":"Relates the Vinaya rules to the seven kinds of legal procedure.","nav":{"prev":"pli-tv-pvr1.14","next":"pli-tv-pvr1.16"},"chunk":1},"pvr1.10":{"type":"alias","target_uid":"pli-tv-pvr1.10"},"pli-tv-pvr2.4":{"type":"leaf","acronym":"Pvr 2.4","translated_title":"The classes of offenses to which each rule belongs","original_title":"Saṅgahavāra","author_uid":"brahmali","blurb":"Defines which rules may fall under the heading of other rules.","nav":{"prev":"pli-tv-pvr2.3","next":"pli-tv-pvr2.5"},"chunk":18},"pli-tv-pvr1.9":{"type":"leaf","acronym":"Pvr 1.9","translated_title":"Questions and answers on the monks’ Monastic Code and its analysis","original_title":"Katthapaññattivāra","author_uid":"brahmali","blurb":"Explains the origins of each Vinaya rule. Similar to Pvr 1.1.","nav":{"prev":"pli-tv-pvr1.8","next":"pli-tv-pvr1.10"},"chunk":4},"pvr2.5":{"type":"alias","target_uid":"pli-tv-pvr2.5"},"pli-tv-pvr1.11":{"type":"leaf","acronym":"Pvr 1.11","translated_title":"The classes of failure to which each rule belongs","original_title":"Vipattivāra","author_uid":"brahmali","blurb":"Relates the Vinaya rules to “falling away” (<i lang='pi' translate='no'>vippatti</i>) from good conduct.","nav":{"prev":"pli-tv-pvr1.10","next":"pli-tv-pvr1.12"},"chunk":1},"pvr11":{"type":"alias","target_uid":"pli-tv-pvr11"},"pli-tv-pvr10":{"type":"leaf","acronym":"Pvr 10","translated_title":"Verses on the training rules","original_title":"Gāthāsaṅgaṇika","author_uid":"brahmali","blurb":"Questions and answers on Vinaya topics in the form of an exchange of verses.","nav":{"prev":"pli-tv-pvr9","next":"pli-tv-pvr11"},"chunk":5},"pli-tv-pvr17":{"type":"leaf","acronym":"Pvr 17","translated_title":"Ven. Upāli questions the Buddha","original_title":"Upālipañcaka","author_uid":"brahmali","blurb":"Sets of five qualities presented as a conversation between the Buddha and Venerable Upāli.","nav":{"prev":"pli-tv-pvr16","next":"pli-tv-pvr18"},"chunk":12},"pli-tv-pvr2.14":{"type":"leaf","acronym":"Pvr 2.14","translated_title":"The legal issues to which each offense belongs","original_title":"Adhikaraṇavāra","author_uid":"brahmali","blurb":"Relates the Vinaya rules to the four classes of legal procedure.","nav":{"prev":"pli-tv-pvr2.13","next":"pli-tv-pvr2.15"},"chunk":16},"pli-tv-pvr2.7":{"type":"leaf","acronym":"Pvr 2.7","translated_title":"How each offense is settled","original_title":"Samathavāra","author_uid":"brahmali","blurb":"Relates the Vinaya rules to the seven kinds of legal procedure.","nav":{"prev":"pli-tv-pvr2.6","next":"pli-tv-pvr2.8"},"chunk":18},"pvr1.6":{"type":"alias","target_uid":"pli-tv-pvr1.6"},"pvr2.1":{"type":"alias","target_uid":"pli-tv-pvr2.1"},"pli-tv-pvr2.5":{"type":"leaf","acronym":"Pvr 2.5","translated_title":"The number of originations of each offense","original_title":"Samuṭṭhānavāra","author_uid":"brahmali","blurb":"Defines the transgressions as originating in body, speech, or mind.","nav":{"prev":"pli-tv-pvr2.4","next":"pli-tv-pvr2.6"},"chunk":18},"pvr2.9":{"type":"alias","target_uid":"pli-tv-pvr2.9"},"pvr1.5":{"type":"alias","target_uid":"pli-tv-pvr1.5"},"pli-tv-pvr1.5":{"type":"leaf","acronym":"Pvr 1.5","translated_title":"The number of originations of each offense","original_title":"Samuṭṭhānavāra","author_uid":"brahmali","blurb":"Defines the transgressions as originating in body, speech, or mind.","nav":{"prev":"pli-tv-pvr1.4","next":"pli-tv-pvr1.6"},"chunk":3},"pvr1.2":{"type":"alias","target_uid":"pli-tv-pvr1.2"},"pvr5":{"type":"alias","target_uid":"pli-tv-pvr5"},"pli-tv-pvr2.11":{"type":"leaf","acronym":"Pvr 2.11","translated_title":"The classes of failure to which each rule belongs","original_title":"Vipattivāra","author_uid":"brahmali","blurb":"Relates the Vinaya rules to “falling away” (<i lang='pi' translate='no'>vippatti</i>) from good conduct.","nav":{"prev":"pli-tv-pvr2.10","next":"pli-tv-pvr2.12"},"chunk":16},"pvr":{"type":"alias","target_uid":"pli-tv-pvr"},"pvr1.13":{"type":"alias","target_uid":"pli-tv-pvr1.13"},"pvr1.7":{"type":"alias","target_uid":"pli-tv-pvr1.7"},"pli-tv-pvr11":{"type":"leaf","acronym":"Pvr 11","translated_title":"Various aspects of the four kinds of legal issues","original_title":"Adhikaraṇabheda","author_uid":"brahmali","blurb":"Analyses the seven kinds of Vinaya procedure.","nav":{"prev":"pli-tv-pvr10","next":"pli-tv-pvr12"},"chunk":6},"pvr2.3":{"type":"alias","target_uid":"pli-tv-pvr2.3"},"pli-tv-pvr1.7":{"type":"leaf","acronym":"Pvr 1.7","translated_title":"How each offense is settled","original_title":"Samathavāra","author_uid":"brahmali","blurb":"Relates the Vinaya rules to the seven kinds of legal procedure.","nav":{"prev":"pli-tv-pvr1.6","next":"pli-tv-pvr1.8"},"chunk":3},"pvr8":{"type":"alias","target_uid":"pli-tv-pvr8"},"pvr2.13":{"type":"alias","target_uid":"pli-tv-pvr2.13"},"pvr1.15":{"type":"alias","target_uid":"pli-tv-pvr1.15"},"pli-tv-pvr1.13":{"type":"leaf","acronym":"Pvr 1.13","translated_title":"The number of originations of each offense","original_title":"Samuṭṭhānavāra","author_uid":"brahmali","blurb":"Defines the transgressions as originating in body, speech, or mind.","nav":{"prev":"pli-tv-pvr1.12","next":"pli-tv-pvr1.14"},"chunk":1},"pvr1.4":{"type":"alias","target_uid":"pli-tv-pvr1.4"},"pli-tv-pvr2.15":{"type":"leaf","acronym":"Pvr 2.15","translated_title":"How each offense is settled","original_title":"Samathavāra","author_uid":"brahmali","blurb":"Relates the Vinaya rules to the seven kinds of legal procedure.","nav":{"prev":"pli-tv-pvr2.14","next":"pli-tv-pvr2.16"},"chunk":16},"pli-tv-pvr1.1":{"type":"leaf","acronym":"Pvr 1.1","translated_title":"Questions and answers on the monks’ Monastic Code and its analysis","original_title":"Katthapaññattivāra","author_uid":"brahmali","blurb":"Explains the origins of each Vinaya rule for monks. Includes a set of verses detailing the lineage of Vinaya teachers.","nav":{"next":"pli-tv-pvr1.2"},"chunk":0},"pvr2.12":{"type":"alias","target_uid":"pli-tv-pvr2.12"},"pvr6":{"type":"alias","target_uid":"pli-tv-pvr6"},"pvr9":{"type":"alias","target_uid":"pli-tv-pvr9"},"pli-tv-pvr2.8":{"type":"leaf","acronym":"Pvr 2.8","translated_title":"Summary of the previous six sections","original_title":"Samuccayavāra","author_uid":"brahmali","blurb":"This concatenates the results of previous chapters.","nav":{"prev":"pli-tv-pvr2.7","next":"pli-tv-pvr2.9"},"chunk":18},"pli-tv-pvr2.6":{"type":"leaf","acronym":"Pvr 2.6","translated_title":"The legal issues to which each offense belongs","original_title":"Adhikaraṇavāra","author_uid":"brahmali","blurb":"Relates the Vinaya rules to the four classes of legal procedure.","nav":{"prev":"pli-tv-pvr2.5","next":"pli-tv-pvr2.7"},"chunk":18},"pvr1.9":{"type":"alias","target_uid":"pli-tv-pvr1.9"},"pvr1.11":{"type":"alias","target_uid":"pli-tv-pvr1.11"},"pvr2.4":{"type":"alias","target_uid":"pli-tv-pvr2.4"},"pli-tv-pvr1.4":{"type":"leaf","acronym":"Pvr 1.4","translated_title":"The classes of offenses to which each rule belongs","original_title":"Saṅgahitavāra","author_uid":"brahmali","blurb":"Defines which rules may fall under the heading of other rules.","nav":{"prev":"pli-tv-pvr1.3","next":"pli-tv-pvr1.5"},"chunk":3},"pli-tv-pvr19":{"type":"leaf","acronym":"Pvr 19","translated_title":"Verses on offenses, training rules, and legal procedures","original_title":"Dutiyagāthāsaṅgaṇika","author_uid":"brahmali","blurb":"Questions and answers in verse form.","nav":{"prev":"pli-tv-pvr18","next":"pli-tv-pvr20"},"chunk":14},"pli-tv-pvr1.3":{"type":"leaf","acronym":"Pvr 1.3","translated_title":"The classes of failure to which each rule belongs","original_title":"Vipattivāra","author_uid":"brahmali","blurb":"Relates the Vinaya rules to “falling away” (<i lang='pi' translate='no'>vippatti</i>) from good conduct.","nav":{"prev":"pli-tv-pvr1.2","next":"pli-tv-pvr1.4"},"chunk":3},"pli-tv-pvr12":{"type":"leaf","acronym":"Pvr 12","translated_title":"Verses on how to accuse properly","original_title":"Codanādipucchāvissajjanā","author_uid":"brahmali","blurb":"A set of verses on the topic of admonishment.","nav":{"prev":"pli-tv-pvr11","next":"pli-tv-pvr13"},"chunk":7},"pvr1.14":{"type":"alias","target_uid":"pli-tv-pvr1.14"},"pli-tv-pvr1.14":{"type":"leaf","acronym":"Pvr 1.14","translated_title":"The legal issues to which each offense belongs","original_title":"Adhikaraṇavāra","author_uid":"brahmali","blurb":"Relates the Vinaya rules to the four classes of legal procedure.","nav":{"prev":"pli-tv-pvr1.13","next":"pli-tv-pvr1.15"},"chunk":1},"pvr2.15":{"type":"alias","target_uid":"pli-tv-pvr2.15"},"pvr17":{"type":"alias","target_uid":"pli-tv-pvr17"},"pvr2.6":{"type":"alias","target_uid":"pli-tv-pvr2.6"},"pvr2.11":{"type":"alias","target_uid":"pli-tv-pvr2.11"},"pli-tv-pvr":{"type":"branch","acronym":"Pvr","translated_title":"The Compendium","original_title":"Parivāra","blurb":"The Parivāra, “the Compendium”, is a technical analysis of the content of the Suttavibhaṅga and the Khandhakas. It summarizes and distils the essence of the Vinaya, leaving out all narratives and stories. The Parivāra is unique to the Theravada school and it is probable that it was compiled in the sectarian period. Its manner of analysis shares certain characteristics with the Abhidhamma, such as expanding and filling in schemes of classification not given in full detail in the other canonical texts.","nav":{"prev":"pli-tv-kd","next":"pli-tv-bu-pm"}},"pvr10":{"type":"alias","target_uid":"pli-tv-pvr10"},"pli-tv-pvr16":{"type":"leaf","acronym":"Pvr 16","translated_title":"The robe-making ceremony","original_title":"Kathinabheda","author_uid":"brahmali","blurb":"Summary of the procedures pertaining to the Kathina.","nav":{"prev":"pli-tv-pvr15","next":"pli-tv-pvr17"},"chunk":11},"pvr4":{"type":"alias","target_uid":"pli-tv-pvr4"},"pvr13":{"type":"alias","target_uid":"pli-tv-pvr13"},"pli-tv-pvr14":{"type":"leaf","acronym":"Pvr 14","translated_title":"The short chapter on the resolution of conflicts","original_title":"Anuvijjakassapaṭipatti","author_uid":"brahmali","blurb":"The character of one who is following the Vinaya.","nav":{"prev":"pli-tv-pvr13","next":"pli-tv-pvr15"},"chunk":9},"pli-tv-pvr9":{"type":"leaf","acronym":"Pvr 9","translated_title":"The ten reasons for the laying down of training rules","original_title":"Atthavasapakaraṇa","author_uid":"brahmali","blurb":"Explains the ten reasons for the laying down of Vinaya rules.","nav":{"prev":"pli-tv-pvr8","next":"pli-tv-pvr10"},"chunk":27},"pvr2.10":{"type":"alias","target_uid":"pli-tv-pvr2.10"},"pvr1.16":{"type":"alias","target_uid":"pli-tv-pvr1.16"},"pvr2.7":{"type":"alias","target_uid":"pli-tv-pvr2.7"},"pli-tv-pvr2.12":{"type":"leaf","acronym":"Pvr 2.12","translated_title":"The classes of offenses to which each rule belongs","original_title":"Saṅgahavāra","author_uid":"brahmali","blurb":"Defines which rules may fall under the heading of other rules.","nav":{"prev":"pli-tv-pvr2.11","next":"pli-tv-pvr2.13"},"chunk":16},"pli-tv-pvr2.3":{"type":"leaf","acronym":"Pvr 2.3","translated_title":"The classes of failure to which each rule belongs","original_title":"Vipattivāra","author_uid":"brahmali","blurb":"Relates the Vinaya rules to “falling away” (<i lang='pi' translate='no'>vippatti</i>) from good conduct.","nav":{"prev":"pli-tv-pvr2.2","next":"pli-tv-pvr2.4"},"chunk":18},"pli-tv-pvr3":{"type":"leaf","acronym":"Pvr 3","translated_title":"The thirteen groups of originations of offenses","original_title":"Samuṭṭhānasīsasaṅkhepa","author_uid":"brahmali","blurb":"Summarizes the rules and their origins in verse form. Begins with a set of verses on the Dhamma.","nav":{"prev":"pli-tv-pvr2.16","next":"pli-tv-pvr4"},"chunk":22},"pli-tv-pvr5":{"type":"leaf","acronym":"Pvr 5","translated_title":"The legal issues and their settling","original_title":"Samathabheda","author_uid":"brahmali","blurb":"Details the circumstances for applying each of the four classes of procedure.","nav":{"prev":"pli-tv-pvr4","next":"pli-tv-pvr6"},"chunk":24},"pli-tv-pvr2.2":{"type":"leaf","acronym":"Pvr 2.2","translated_title":"The number of offenses within each rule","original_title":"Katāpattivāra","author_uid":"brahmali","blurb":"Defines the number of sub-offences that may be committed when breaking a rule.","nav":{"prev":"pli-tv-pvr2.1","next":"pli-tv-pvr2.3"},"chunk":17},"pvr1.1":{"type":"alias","target_uid":"pli-tv-pvr1.1"},"pvr3":{"type":"alias","target_uid":"pli-tv-pvr3"},"pvr18":{"type":"alias","target_uid":"pli-tv-pvr18"},"pvr19":{"type":"alias","target_uid":"pli-tv-pvr19"},"pli-tv-pvr21":{"type":"leaf","acronym":"Pvr 21","translated_title":"Legal procedures, why the Monastic Law, resolution of legal issues","original_title":"Pañcavagga","author_uid":"brahmali","blurb":"Vinaya topics divided into the validity of formal acts; the reasons for Vinaya; the kinds of procedure entailed; reasons for the procedures; and a nine-fold system of classification.","nav":{"prev":"pli-tv-pvr20"},"chunk":21},"pvr2.14":{"type":"alias","target_uid":"pli-tv-pvr2.14"},"pvr15":{"type":"alias","target_uid":"pli-tv-pvr15"},"pli-tv-pvr15":{"type":"leaf","acronym":"Pvr 15","translated_title":"The great chapter on the resolution of conflicts","original_title":"Mahāsaṅgāma","author_uid":"brahmali","blurb":"Requirements when a monastic is speaking on a matter of conflict before the Sangha.","nav":{"prev":"pli-tv-pvr14","next":"pli-tv-pvr16"},"chunk":10},"pli-tv-pvr2.10":{"type":"leaf","acronym":"Pvr 2.10","translated_title":"The number of offenses within each rule","original_title":"Katāpattivāra","author_uid":"brahmali","blurb":"Defines the number of sub-offences that may be committed when breaking a rule.","nav":{"prev":"pli-tv-pvr2.9","next":"pli-tv-pvr2.11"},"chunk":16},"pvr20":{"type":"alias","target_uid":"pli-tv-pvr20"},"pvr7":{"type":"alias","target_uid":"pli-tv-pvr7"},"pli-tv-pvr2.1":{"type":"leaf","acronym":"Pvr 2.1","translated_title":"Questions and answers on the nuns’ Monastic Code and its analysis","original_title":"Katthapaññattivāra","author_uid":"brahmali","blurb":"Explains the origins of each Vinaya rule for nuns.","nav":{"prev":"pli-tv-pvr1.16","next":"pli-tv-pvr2.2"},"chunk":15},"pvr2.2":{"type":"alias","target_uid":"pli-tv-pvr2.2"},"pvr16":{"type":"alias","target_uid":"pli-tv-pvr16"},"pli-tv-pvr2.16":{"type":"leaf","acronym":"Pvr 2.16","translated_title":"Summary of the previous six sections","original_title":"Samuccayavāra","author_uid":"brahmali","blurb":"This concatenates the results of previous chapters.","nav":{"prev":"pli-tv-pvr2.15","next":"pli-tv-pvr3"},"chunk":16},"pli-tv-pvr1.10":{"type":"leaf","acronym":"Pvr 1.10","translated_title":"The number of offenses within each rule","original_title":"Katāpattivāra","author_uid":"brahmali","blurb":"Defines the number of sub-offences that may be committed when breaking a rule.","nav":{"prev":"pli-tv-pvr1.9","next":"pli-tv-pvr1.11"},"chunk":1},"pli-tv-pvr8":{"type":"leaf","acronym":"Pvr 8","translated_title":"Aspects of the legal procedures","original_title":"Uposathādipucchāvissajjanā","author_uid":"brahmali","blurb":"Defines the beginning, middle, and end of Sangha procedures.","nav":{"prev":"pli-tv-pvr7","next":"pli-tv-pvr9"},"chunk":27},"pli-tv-pvr1.16":{"type":"leaf","acronym":"Pvr 1.16","translated_title":"Summary of the previous six sections","original_title":"Samuccayavāra","author_uid":"brahmali","blurb":"This concatenates the results of previous chapters.","nav":{"prev":"pli-tv-pvr1.15","next":"pli-tv-pvr2.1"},"chunk":1},"pli-tv-kd":{"type":"branch","acronym":"Kd","translated_title":"The Chapters ","original_title":"Khandhaka","blurb":"The Khandhakas (“the Chapters”) comprise the rules and regulations of both Sanghas that fall outside of the Monastic Code, the Pātimokkha. There are 22 individual Khandhakas, most of which discuss a more or less unified topic. The Khandhakas include a variety of material, such as assorted biographical material of a number of eminent disciples and some notorious ones. They also incorporate a few Jātakas and other tales, as well as the stories of the first communal recitation after the Buddha’s passing away and the famous Vesālī affair, sometimes known as “the second council”. The whole collection is structured around the life of the Buddha after his awakening."},"pli-tv-bu-pm":{"type":"branch","acronym":"Bu","translated_title":"The Monks’ Rules ","original_title":"Bhikkhu Pātimokkha","blurb":"The Bhikkhu-pātimokkha, “the Monastic Code for monks”, contains the core rules of monastic life in the form of a long list without any explanatory material. There are 227 such rules for the monks, grouped according to the type of offense incurred for breaking the rule, with the exception of the <i lang='pi' translate='no'>aniyatas</i> (“the undetermined”) and the <i lang='pi' translate='no'>adhikaraṇasamathadhamma</i> (“the principles for resolving legal issues”), which are principles to be applied rather than rules in the strict sense. At present the Pātimokkha is only found embedded in the Suttavibhaṅga (“the Analysis of the Pātimokkha rules”), in which each rule is surrounded by explanatory material. Originally, however, the Pātimokkha probably existed as an independent text, known as the Pātimokkha-sutta. This can be seen from the fact that rules sometimes refer to other rules that immediately precede them, a connection that is now severed since the Suttavibhaṅga material separates the rules from each other."}}}