{"id":"snp","type":"book","title":"Anthology of Discourses","tree":{"snp":{"snp-uragavagga":["snp1.1","snp1.2","snp1.3","snp1.4","snp1.5","snp1.6","snp1.7","snp1.8","snp1.9","snp1.10","snp1.11","snp1.12"],"snp-culavagga":["snp2.1","snp2.2","snp2.3","snp2.4","snp2.5","snp2.6","snp2.7","snp2.8","snp2.9","snp2.10","snp2.11","snp2.12","snp2.13","snp2.14"],"snp-mahavagga":["snp3.1","snp3.2","snp3.3","snp3.4","snp3.5","snp3.6","snp3.7","snp3.8","snp3.9","snp3.10","snp3.11","snp3.12"],"snp-atthakavagga":["snp4.1","snp4.2","snp4.3","snp4.4","snp4.5","snp4.6","snp4.7","snp4.8","snp4.9","snp4.10","snp4.11","snp4.12","snp4.13","snp4.14","snp4.15","snp4.16"],"snp-parayanavagga":["snp5.1","snp5.2","snp5.3","snp5.4","snp5.5","snp5.6","snp5.7","snp5.8","snp5.9","snp5.10","snp5.11","snp5.12","snp5.13","snp5.14","snp5.15","snp5.16","snp5.17","snp5.18","snp5.19"]}},"meta":{"snp4.7":{"type":"leaf","acronym":"Snp 4.7","translated_title":"To Tissametteyya on the Dangers of Sex","original_title":"Tissametteyyasutta","author_uid":"sujato","blurb":"The drawbacks of falling away from the celibate life.","nav":{"prev":"snp4.6","next":"snp4.8"},"chunk":20},"snp4.10":{"type":"leaf","acronym":"Snp 4.10","translated_title":"Before the Breakup","original_title":"Purābhedasutta","author_uid":"sujato","blurb":"How to live at peace.","nav":{"prev":"snp4.9","next":"snp4.11"},"chunk":17},"snp2.8":{"type":"leaf","acronym":"Snp 2.8","translated_title":"The Boat","original_title":"Dhamma (nāvā) sutta","author_uid":"sujato","blurb":"A good teacher, like a good boatman, is one who knows firsthand how to cross to the further shore.","nav":{"prev":"snp2.7","next":"snp2.9"},"chunk":6},"snp5.16":{"type":"leaf","acronym":"Snp 5.16","translated_title":"The Questions of the Student Mogharāja","original_title":"Mogharājamāṇavapucchā","author_uid":"sujato","blurb":"How should one view the world so as to escape the king of Death?","nav":{"prev":"snp5.15","next":"snp5.17"},"chunk":22},"snp4.2":{"type":"leaf","acronym":"Snp 4.2","translated_title":"Eight on the Cave","original_title":"Guhaṭṭhakasutta","author_uid":"sujato","blurb":"Those who remain attached to the body, to sensuality, and to their sense of “mine” will have a hard time freeing themselves from fear of death and from further becoming.","nav":{"prev":"snp4.1","next":"snp4.3"},"chunk":19},"snp4.15":{"type":"leaf","acronym":"Snp 4.15","translated_title":"Taking Up Arms","original_title":"Attadaṇḍasutta","author_uid":"sujato","blurb":"The Buddha speaks in poignant terms of the saṁvega that led him to leave the household life. He concludes with recommendations for practice and a description of the person who has attained the goal of true peace and security.","nav":{"prev":"snp4.14","next":"snp4.16"},"chunk":18},"snp2.9":{"type":"leaf","acronym":"Snp 2.9","translated_title":"What Morality?","original_title":"Kiṁsīlasutta","author_uid":"sujato","blurb":"The attitudes and behavior that enable one best to learn and benefit from the Dhamma.","nav":{"prev":"snp2.8","next":"snp2.10"},"chunk":7},"snp1.3":{"type":"leaf","acronym":"Snp 1.3","translated_title":"The Rhinoceros Horn","original_title":"Khaggavisāṇasutta","author_uid":"sujato","blurb":"If you can’t find a good teacher, it’s better to wander alone.","nav":{"prev":"snp1.2","next":"snp1.4"},"chunk":1},"snp5.7":{"type":"leaf","acronym":"Snp 5.7","translated_title":"The Questions of the Student Upasīva","original_title":"Upasīvamāṇavapucchā","author_uid":"sujato","blurb":"What support should one hold on to in order to cross over the flood of craving? Can an awakened person be described?","nav":{"prev":"snp5.6","next":"snp5.8"},"chunk":24},"snp4.11":{"type":"leaf","acronym":"Snp 4.11","translated_title":"Quarrels and Disputes","original_title":"Kalahavivādasutta","author_uid":"sujato","blurb":"The Buddha is questioned on the source of quarrels and disputes, and on the highest level of spiritual attainment.","nav":{"prev":"snp4.10","next":"snp4.12"},"chunk":17},"snp1.11":{"type":"leaf","acronym":"Snp 1.11","translated_title":"Victory","original_title":"Vijayasutta","author_uid":"sujato","blurb":"Victory over the defilements through contemplation of the unattractiveness of the body.","nav":{"prev":"snp1.10","next":"snp1.12"},"chunk":0},"snp5.11":{"type":"leaf","acronym":"Snp 5.11","translated_title":"The Questions of the Student Kappa","original_title":"Kappamāṇavapucchā","author_uid":"sujato","blurb":"What is the island above the flood of the great danger of birth?","nav":{"prev":"snp5.10","next":"snp5.12"},"chunk":21},"snp1.9":{"type":"leaf","acronym":"Snp 1.9","translated_title":"The Buddha Teaches Sātāgira and Hemavata the Native Spirits","original_title":"Hemavatasutta","author_uid":"sujato","blurb":"The Buddha explains to a yakkha how one crosses over the flood.","nav":{"prev":"snp1.8","next":"snp1.10"},"chunk":3},"snp3.5":{"type":"leaf","acronym":"Snp 3.5","translated_title":"With Māgha on Giving","original_title":"Māghasutta","author_uid":"sujato","blurb":"What are the qualities of a recipient that produce the most merit from a gift?","nav":{"prev":"snp3.4","next":"snp3.6"},"chunk":12},"snp2.14":{"type":"leaf","acronym":"Snp 2.14","translated_title":"With Dhammika","original_title":"Dhammikasutta","author_uid":"sujato","blurb":"The proper code of conduct for lay followers of the Dhamma.","nav":{"prev":"snp2.13","next":"snp3.1"},"chunk":5},"snp5.13":{"type":"leaf","acronym":"Snp 5.13","translated_title":"The Questions of the Student Bhadrāvudha","original_title":"Bhadrāvudhamāṇavapucchā","author_uid":"sujato","blurb":"Bhadrāvudha asks the Buddha: How did you come to know the Dhamma?","nav":{"prev":"snp5.12","next":"snp5.14"},"chunk":22},"snp5.6":{"type":"leaf","acronym":"Snp 5.6","translated_title":"The Questions of the Student Dhotaka","original_title":"Dhotakamāṇavapucchā","author_uid":"sujato","blurb":"How can one become freed of all doubt?","nav":{"prev":"snp5.5","next":"snp5.7"},"chunk":24},"snp5.19":{"type":"leaf","acronym":"Snp 5.19","translated_title":"Preserving the Way to the Beyond","original_title":"Pārāyanānugītigāthā","author_uid":"sujato","blurb":"Piṅgiya, after becoming a non-returner, explains to his former teacher his devotion to the Buddha.","nav":{"prev":"snp5.18"},"chunk":23},"snp2.13":{"type":"leaf","acronym":"Snp 2.13","translated_title":"The Right Way to Wander","original_title":"Sammāparibbājanīyasutta","author_uid":"sujato","blurb":"The sort of person who, having gone forth, is fit to wander through the world.","nav":{"prev":"snp2.12","next":"snp2.14"},"chunk":4},"snp4.13":{"type":"leaf","acronym":"Snp 4.13","translated_title":"The Longer Discourse on Arrayed For Battle","original_title":"Mahābyūhasutta","author_uid":"sujato","blurb":"How to maintain freedom in a world full of disputes.","nav":{"prev":"snp4.12","next":"snp4.14"},"chunk":18},"snp3.12":{"type":"leaf","acronym":"Snp 3.12","translated_title":"Contemplating Pairs","original_title":"Dvayatānupassanāsutta","author_uid":"sujato","blurb":"Not all dualities are misleading. This sutta teaches ways to contemplate the duality of the origination and cessation of stress and suffering so as to reach awakening.","nav":{"prev":"snp3.11","next":"snp4.1"},"chunk":9},"snp5.10":{"type":"leaf","acronym":"Snp 5.10","translated_title":"The Questions of the Student Todeyya","original_title":"Todeyyamāṇavapucchā","author_uid":"sujato","blurb":"How to recognize an emancipated person.","nav":{"prev":"snp5.9","next":"snp5.11"},"chunk":21},"snp3.1":{"type":"leaf","acronym":"Snp 3.1","translated_title":"The Going Forth","original_title":"Pabbajjāsutta","author_uid":"sujato","blurb":"The young Bodhisatta (Buddha-to-be), soon after leaving home, explains why he refuses King Bimbisāra’s offer of a position in his court.","nav":{"prev":"snp2.14","next":"snp3.2"},"chunk":7},"snp3.9":{"type":"leaf","acronym":"Snp 3.9","translated_title":"With Vāseṭṭha","original_title":"Vāseṭṭhasutta","author_uid":"sujato","blurb":"Is one worthy of respect because of one’s birth, or because of one’s actions?","nav":{"prev":"snp3.8","next":"snp3.10"},"chunk":16},"snp4.3":{"type":"leaf","acronym":"Snp 4.3","translated_title":"Eight on Malice","original_title":"Duṭṭhaṭṭhakasutta","author_uid":"sujato","blurb":"Freedom isn’t to be found by boasting of your precepts and practices or by debating your views.","nav":{"prev":"snp4.2","next":"snp4.4"},"chunk":19},"snp5.9":{"type":"leaf","acronym":"Snp 5.9","translated_title":"The Questions of the Student Hemaka","original_title":"Hemakamāṇavapucchā","author_uid":"sujato","blurb":"How do you cross over entanglements in the world?","nav":{"prev":"snp5.8","next":"snp5.10"},"chunk":24},"snp4.5":{"type":"leaf","acronym":"Snp 4.5","translated_title":"Eight on the Ultimate","original_title":"Paramaṭṭhakasutta","author_uid":"sujato","blurb":"The conceit that comes from clinging to practices or views—even if they’re supreme—is a fetter preventing full freedom.","nav":{"prev":"snp4.4","next":"snp4.6"},"chunk":19},"snp-parayanavagga":{"type":"branch","translated_title":"The Chapter on the Way to the Beyond","original_title":"Pārāyanavagga","blurb":"This is perhaps the most sophisticated and moving poetic composition in early Buddhism. It begins with a brahmin, suffering an unwanted curse, who sends his students to seek the Buddha. At the end of a long journey they ask questions, the nature of which indicate their subtle philosophy and deep meditation. It concludes with an emotional declaration of faith and determination.","nav":{"prev":"snp-atthakavagga"}},"snp4.8":{"type":"leaf","acronym":"Snp 4.8","translated_title":"To Pasūra on Debate","original_title":"Pasūrasutta","author_uid":"sujato","blurb":"The drawbacks of engaging in debates, for winners and losers alike.","nav":{"prev":"snp4.7","next":"snp4.9"},"chunk":20},"snp1.1":{"type":"leaf","acronym":"Snp 1.1","translated_title":"The Snake","original_title":"Uragasutta","author_uid":"sujato","blurb":"One who advances far along the path sloughs off the near shore and far, like a snake who sloughs off its skin.","nav":{"next":"snp1.2"},"chunk":0},"snp4.1":{"type":"leaf","acronym":"Snp 4.1","translated_title":"Sensual Pleasures","original_title":"Kāmasutta","author_uid":"sujato","blurb":"The drawbacks of sensual desires.","nav":{"prev":"snp3.12","next":"snp4.2"},"chunk":16},"snp":{"type":"branch","acronym":"Snp","translated_title":"Anthology of Discourses","original_title":"Suttanipāta","blurb":"The “Group of Discourses” contains 74 mostly short texts in verse or mixed prose and verse, arranged in five chapters. This contains some of the most beloved texts in popular Buddhism, such as the Ratana, Maṅgala, and Mettā Suttas, which are known to all Theravada Buddhists and recited as uplifting and protective chants at auspicious ceremonies. The collection as a whole is somewhat late; it is not found in northern scriptures, and some portions, such as the opening verses of the Nālaka Sutta, belong to the latest strata of the early texts. Nevertheless, certain sections—the “Rhinoceros Horn”, the “Chapter of the Eights”, and the “Way to the Beyond”—appear to have existed before being gathered into the collection, and are regarded as early. While the collection as a whole has no counterpart elsewhere, several portions have parallels in Chinese or Sanskrit.","nav":{"prev":"iti","next":"vv"}},"snp2.4":{"type":"leaf","acronym":"Snp 2.4","translated_title":"True Blessings","original_title":"Maṅgalasutta","author_uid":"sujato","blurb":"A list of the types of skillful behavior that give blessings and protection.","nav":{"prev":"snp2.3","next":"snp2.5"},"chunk":5},"snp1.8":{"type":"leaf","acronym":"Snp 1.8","translated_title":"The Discourse on Love","original_title":"Mettasutta","author_uid":"sujato","blurb":"The practice of developing universal goodwill: the practices that form a foundation for the practice, the attitude of universal goodwill itself, and the steps that lead from goodwill to awakening.","nav":{"prev":"snp1.7","next":"snp1.9"},"chunk":3},"snp3.4":{"type":"leaf","acronym":"Snp 3.4","translated_title":"With Bhāradvāja of Sundarika on the Sacrificial Cake","original_title":"Pūraḷāsa (sundarikabhāradvāja) sutta","author_uid":"sujato","blurb":"A brahman questions the Buddha to see if the latter deserves to receive the cake resulting from his sacrifice.","nav":{"prev":"snp3.3","next":"snp3.5"},"chunk":11},"snp5.18":{"type":"leaf","acronym":"Snp 5.18","translated_title":"Homage to the Way to the Beyond","original_title":"Pārāyanatthutigāthā","author_uid":"sujato","blurb":"The questions and events are summarized.","nav":{"prev":"snp5.17","next":"snp5.19"},"chunk":22},"snp5.17":{"type":"leaf","acronym":"Snp 5.17","translated_title":"The Questions of the Student Piṅgiya","original_title":"Piṅgiyamāṇavapucchā","author_uid":"sujato","blurb":"Alarmed by the deterioration of his aging body, Piṅgiya asks the Buddha how to conquer birth and decay.","nav":{"prev":"snp5.16","next":"snp5.18"},"chunk":22},"snp1.4":{"type":"leaf","acronym":"Snp 1.4","translated_title":"With Bhāradvāja the Farmer","original_title":"Kasibhāradvājasutta","author_uid":"sujato","blurb":"The Buddha answers a farmer who claims that monks do no useful work and so don’t deserve to eat.","nav":{"prev":"snp1.3","next":"snp1.5"},"chunk":2},"snp3.2":{"type":"leaf","acronym":"Snp 3.2","translated_title":"Striving","original_title":"Padhānasutta","author_uid":"sujato","blurb":"Māra attempts to dissuade the Bodhisatta from his path.","nav":{"prev":"snp3.1","next":"snp3.3"},"chunk":10},"snp2.7":{"type":"leaf","acronym":"Snp 2.7","translated_title":"Brahmanical Traditions","original_title":"Brāhmaṇadhammikasutta","author_uid":"sujato","blurb":"How brahmans, through greed, abandoned the good principles of their ancestors.","nav":{"prev":"snp2.6","next":"snp2.8"},"chunk":6},"snp2.1":{"type":"leaf","acronym":"Snp 2.1","translated_title":"Gems","original_title":"Ratanasutta","author_uid":"sujato","blurb":"The many treasures to be found in the Triple Gem.","nav":{"prev":"snp1.12","next":"snp2.2"},"chunk":4},"snp5.15":{"type":"leaf","acronym":"Snp 5.15","translated_title":"The Questions of the Student Posala","original_title":"Posālamāṇavapucchā","author_uid":"sujato","blurb":"How to develop insight after mastering the perception of nothingness.","nav":{"prev":"snp5.14","next":"snp5.16"},"chunk":22},"snp5.4":{"type":"leaf","acronym":"Snp 5.4","translated_title":"The Questions of the Student Puṇṇaka","original_title":"Puṇṇakamāṇavapucchā","author_uid":"sujato","blurb":"Birth and aging can be overcome, not through sacrificial rituals, but through training the mind to go beyond perturbation.","nav":{"prev":"snp5.3","next":"snp5.5"},"chunk":23},"snp5.1":{"type":"leaf","acronym":"Snp 5.1","translated_title":"Introductory Verses","original_title":"Vatthugāthā","author_uid":"sujato","blurb":"A brahman teacher sends his students to the Buddha to see if the latter is truly awakened.","nav":{"prev":"snp4.16","next":"snp5.2"},"chunk":21},"snp2.11":{"type":"leaf","acronym":"Snp 2.11","translated_title":"With Rāhula","original_title":"Rāhulasutta","author_uid":"sujato","blurb":"Rāhula reflects on the teachings he received from his father, the Buddha.","nav":{"prev":"snp2.10","next":"snp2.12"},"chunk":4},"snp5.14":{"type":"leaf","acronym":"Snp 5.14","translated_title":"The Questions of the Student Udaya","original_title":"Udayamāṇavapucchā","author_uid":"sujato","blurb":"How to reach unbinding and bring consciousness to a halt.","nav":{"prev":"snp5.13","next":"snp5.15"},"chunk":22},"snp-mahavagga":{"type":"branch","translated_title":"The Great Chapter","original_title":"Mahāvagga","blurb":"Twelve longer poems that expand into sometimes legendary narrative. The first two discourses and the Nalaka Sutta offer early glimpses at crucial episodes in the Buddha’s life. While some of these poems are found elsewhere in the canon, the Dvayatānupassanā offers a unique perspective on dependent origination and other topics typically found in prose texts.","nav":{"prev":"snp-culavagga","next":"snp-atthakavagga"}},"snp4.12":{"type":"leaf","acronym":"Snp 4.12","translated_title":"The Shorter Discourse on Arrayed For Battle","original_title":"Cūḷabyūhasutta","author_uid":"sujato","blurb":"If the truth is one, how should a person behave in a world where many different truths are taught?","nav":{"prev":"snp4.11","next":"snp4.13"},"chunk":17},"snp5.12":{"type":"leaf","acronym":"Snp 5.12","translated_title":"The Questions of the Student Jatukaṇṇī","original_title":"Jatukaṇṇimāṇavapucchā","author_uid":"sujato","blurb":"How does one abandon birth and aging?","nav":{"prev":"snp5.11","next":"snp5.13"},"chunk":22},"snp1.5":{"type":"leaf","acronym":"Snp 1.5","translated_title":"With the Smith Cunda","original_title":"Cundasutta","author_uid":"sujato","blurb":"Four different types of contemplatives and how to recognize them.","nav":{"prev":"snp1.4","next":"snp1.6"},"chunk":2},"snp4.9":{"type":"leaf","acronym":"Snp 4.9","translated_title":"With Māgaṇḍiya","original_title":"Māgaṇḍiyasutta","author_uid":"sujato","blurb":"Māgandiya offers the Buddha his daughter in marriage. The Buddha refuses and further subdues Māgandiya’s pride by describing a state of peace that Māgandiya doesn’t understand.","nav":{"prev":"snp4.8","next":"snp4.10"},"chunk":20},"snp3.6":{"type":"leaf","acronym":"Snp 3.6","translated_title":"Sabhiya’s Questions","original_title":"Sabhiyasutta","author_uid":"sujato","blurb":"A sutta dating from early in the Buddha’s teaching career. A wanderer, disappointed in the teachings he has received from other teachers, approaches the Buddha with his questions.","nav":{"prev":"snp3.5","next":"snp3.7"},"chunk":13},"snp1.10":{"type":"leaf","acronym":"Snp 1.10","translated_title":"Āḷavaka the Native Spirit","original_title":"Āḷavakasutta","author_uid":"sujato","blurb":"A yakkha challenges the Buddha with riddles and threatens to “hurl out his mind, rip open his heart, or hurl him across the River Ganges” if he doesn’t solve the riddles to the yakkha’s satisfaction.","nav":{"prev":"snp1.9","next":"snp1.11"},"chunk":0},"snp2.3":{"type":"leaf","acronym":"Snp 2.3","translated_title":"Conscience","original_title":"Hirisutta","author_uid":"sujato","blurb":"How to recognize a true friend.","nav":{"prev":"snp2.2","next":"snp2.4"},"chunk":5},"snp4.6":{"type":"leaf","acronym":"Snp 4.6","translated_title":"Old Age","original_title":"Jarāsutta","author_uid":"sujato","blurb":"Life is short. Possessiveness brings grief. Freedom comes from abandoning any sense of “mine.”","nav":{"prev":"snp4.5","next":"snp4.7"},"chunk":20},"snp3.10":{"type":"leaf","acronym":"Snp 3.10","translated_title":"To Kokāliya on the Results of Slander","original_title":"Kokālikasutta","author_uid":"sujato","blurb":"A follower of Devadatta slanders Ven. Sāriputta and Ven. Moggallāna and, after suffering a painful disease, falls into hell. The sutta then gives a graphic description of the sufferings awaiting him there.","nav":{"prev":"snp3.9","next":"snp3.11"},"chunk":7},"snp4.14":{"type":"leaf","acronym":"Snp 4.14","translated_title":"Speedy","original_title":"Tuvaṭakasutta","author_uid":"sujato","blurb":"The attitudes and behavior of a monk training for the sake of total release.","nav":{"prev":"snp4.13","next":"snp4.15"},"chunk":18},"snp2.10":{"type":"leaf","acronym":"Snp 2.10","translated_title":"Get up! Make an Effort!","original_title":"Uṭṭhānasutta","author_uid":"sujato","blurb":"Get up! Don’t let the opportunity for practice pass you by.","nav":{"prev":"snp2.9","next":"snp2.11"},"chunk":4},"snp1.7":{"type":"leaf","acronym":"Snp 1.7","translated_title":"The Lowlife","original_title":"Vasalasutta","author_uid":"sujato","blurb":"Being an outcaste is a matter of behavior, not birth.","nav":{"prev":"snp1.6","next":"snp1.8"},"chunk":3},"snp-culavagga":{"type":"branch","translated_title":"The Lesser Chapter","original_title":"Cūḷavagga","blurb":"Thirteen diverse poems similar to the previous chapter.","nav":{"prev":"snp-uragavagga","next":"snp-mahavagga"}},"snp5.8":{"type":"leaf","acronym":"Snp 5.8","translated_title":"The Questions of the Student Nanda","original_title":"Nandamāṇavapucchā","author_uid":"sujato","blurb":"Who deserves to be called a sage? Who has crossed over birth and aging?","nav":{"prev":"snp5.7","next":"snp5.9"},"chunk":24},"snp1.2":{"type":"leaf","acronym":"Snp 1.2","translated_title":"With Dhaniya the Cowherd","original_title":"Dhaniyasutta","author_uid":"sujato","blurb":"A poetic dialogue contrasting the wealth and security of lay life with the wealth and security of a person who has lived the renunciate life to its culmination. If you have trouble relating to someone like Dhaniya who measures his wealth in cattle, then when reading this poem substitute stocks and bonds for cows and bulls, and economic downturn for rain.","nav":{"prev":"snp1.1","next":"snp1.3"},"chunk":1},"snp1.12":{"type":"leaf","acronym":"Snp 1.12","translated_title":"The Sage","original_title":"Munisutta","author_uid":"sujato","blurb":"The characteristics of the ideal sage, who finds happiness and security in living the solitary life. (This sutta is apparently one of the series of passages that King Asoka recommended for study and reflection by all practicing Buddhists.)","nav":{"prev":"snp1.11","next":"snp2.1"},"chunk":0},"snp5.3":{"type":"leaf","acronym":"Snp 5.3","translated_title":"The Questions of the Student Tissametteyya","original_title":"Tissametteyyamāṇavapucchā","author_uid":"sujato","blurb":"Who in the world is truly contented, truly free, truly a great person?","nav":{"prev":"snp5.2","next":"snp5.4"},"chunk":23},"snp4.4":{"type":"leaf","acronym":"Snp 4.4","translated_title":"Eight on the Pure","original_title":"Suddhaṭṭhakasutta","author_uid":"sujato","blurb":"How to avoid the trap of letting go of one thing only to cling to something more subtle.","nav":{"prev":"snp4.3","next":"snp4.5"},"chunk":19},"snp5.5":{"type":"leaf","acronym":"Snp 5.5","translated_title":"The Questions of the Student Mettagū","original_title":"Mettagūmāṇavapucchā","author_uid":"sujato","blurb":"How does one cross the flood of birth and old age, sorrow and grief?","nav":{"prev":"snp5.4","next":"snp5.6"},"chunk":23},"snp1.6":{"type":"leaf","acronym":"Snp 1.6","translated_title":"Downfalls for a Lay Follower","original_title":"Parābhavasutta","author_uid":"sujato","blurb":"The various actions and attitudes that lead to spiritual decline.","nav":{"prev":"snp1.5","next":"snp1.7"},"chunk":2},"snp3.11":{"type":"leaf","acronym":"Snp 3.11","translated_title":"The Sages Asita and Nālaka","original_title":"Nālakasutta","author_uid":"sujato","blurb":"A sutta in two parts. The first part gives an account of events soon after the birth of the Bodhisatta. The second part describes the way of the sage.","nav":{"prev":"snp3.10","next":"snp3.12"},"chunk":8},"snp2.5":{"type":"leaf","acronym":"Snp 2.5","translated_title":"Spiky the Native Spirit","original_title":"Sūcilomasutta","author_uid":"sujato","blurb":"Another yakkha challenges the Buddha with riddles and threatens to “hurl out his mind, rip open his heart, or hurl him across the River Ganges” if he doesn’t solve the riddles to the yakkha’s satisfaction.","nav":{"prev":"snp2.4","next":"snp2.6"},"chunk":6},"snp3.3":{"type":"leaf","acronym":"Snp 3.3","translated_title":"Well-Spoken Words","original_title":"Subhāsitasutta","author_uid":"sujato","blurb":"Four characteristics of well-spoken speech.","nav":{"prev":"snp3.2","next":"snp3.4"},"chunk":10},"snp4.16":{"type":"leaf","acronym":"Snp 4.16","translated_title":"The Questions of Sāriputta","original_title":"Sāriputtasutta","author_uid":"sujato","blurb":"When a monk, disaffected with the world, takes up the life of seclusion, what fears should he overcome? What dangers should he beware of? How should he train to blow away the impurities in his heart?","nav":{"prev":"snp4.15","next":"snp5.1"},"chunk":19},"snp5.2":{"type":"leaf","acronym":"Snp 5.2","translated_title":"The Questions of the Student Ajita","original_title":"Ajitamāṇavapucchā","author_uid":"sujato","blurb":"A brahman questions the Buddha about mindfulness, discernment, and the cessation of name-and-form.","nav":{"prev":"snp5.1","next":"snp5.3"},"chunk":23},"snp3.8":{"type":"leaf","acronym":"Snp 3.8","translated_title":"The Dart","original_title":"Sallasutta","author_uid":"sujato","blurb":"Death and loss are inevitable, but grief is not.","nav":{"prev":"snp3.7","next":"snp3.9"},"chunk":15},"snp2.12":{"type":"leaf","acronym":"Snp 2.12","translated_title":"Vaṅgīsa and his Mentor Nigrodhakappa","original_title":"Nigrodhakappa (vaṅgīsa) sutta","author_uid":"sujato","blurb":"Vaṅgīsa, the foremost poet among the Buddha’s disciples, praises the Buddha in verse.","nav":{"prev":"snp2.11","next":"snp2.13"},"chunk":4},"snp-uragavagga":{"type":"branch","translated_title":"The Serpent Chapter","original_title":"Uragavagga","blurb":"Twelve poems beginning with a set of similes comparing a liberated one with a serpent who sheds its skin. The poems are diverse in style and content, and appear to have been collected from different sources. This chapter includes many perennial favorites such as the Mettā Sutta on Love and the warnings of the Parābhava Sutta on downfalls.","nav":{"next":"snp-culavagga"}},"snp-atthakavagga":{"type":"branch","translated_title":"The Chapter of Eights","original_title":"Aṭṭhakavagga","blurb":"This chapter, which has parallels in Chinese, and received an early commentary in the Niddesa, is often regarded as one of the earliest texts in the canon. Shorn of literary embellishments, it is direct and  powerful. A distinctive aspect is the critique of meaningless debates and attachments to views. The Attadaṇḍa Sutta gives an alternative account of the reasons for the Buddha’s going forth.","nav":{"prev":"snp-mahavagga","next":"snp-parayanavagga"}},"snp2.6":{"type":"leaf","acronym":"Snp 2.6","translated_title":"A Righteous Life","original_title":"Kapilasutta (dhammacariyasutta)","author_uid":"sujato","blurb":"The Buddha encourages the monks to avoid monks who are evil in their desires.","nav":{"prev":"snp2.5","next":"snp2.7"},"chunk":6},"snp3.7":{"type":"leaf","acronym":"Snp 3.7","translated_title":"With Sela","original_title":"Selasutta","author_uid":"sujato","blurb":"Sela the brahman praises the Buddha to see how the latter responds to praise.","nav":{"prev":"snp3.6","next":"snp3.8"},"chunk":14},"snp2.2":{"type":"leaf","acronym":"Snp 2.2","translated_title":"Carrion","original_title":"Āmagandhasutta","author_uid":"sujato","blurb":"People are defiled, not by eating meat, but by engaging in evil conduct.","nav":{"prev":"snp2.1","next":"snp2.3"},"chunk":5},"iti":{"type":"branch","acronym":"Iti","translated_title":"So It Was Said ","original_title":"Itivuttaka","blurb":"112 short discourses in mixed prose and verse, arranged in the Aṅguttara style of ascending numbered sets, from one to four. Alone among Buddhist texts, its survival is attributed not to the Saṅgha, but to a laywoman named Khujjuttarā. According to the Pali commentaries, she was a maid to the Queen of Kosambi, and memorized these teachings from the Buddha, earning her the title of the most learned of the laywomen disciples."},"vv":{"type":"branch","acronym":"Vv","translated_title":"Stories of Heavenly Mansions ","original_title":"Vimānavatthu","blurb":"The “Stories of Celestial Mansions” contains eighty-five stories in verse that illustrate the heavenly rewards of virtuous deeds, especially making offerings to the Buddha or the Saṅgha. It is a counterpart to the Petavatthu. These are late devotional texts with no direct counterparts in other collections."}}}