{"id":"thig","type":"book","title":"Verses of the Senior Nuns","tree":{"thig":{"thig-ekakanipata":["thig1.1","thig1.2","thig1.3","thig1.4","thig1.5","thig1.6","thig1.7","thig1.8","thig1.9","thig1.10","thig1.11","thig1.12","thig1.13","thig1.14","thig1.15","thig1.16","thig1.17","thig1.18"],"thig-dukanipata":["thig2.1","thig2.2","thig2.3","thig2.4","thig2.5","thig2.6","thig2.7","thig2.8","thig2.9","thig2.10"],"thig-tikanipata":["thig3.1","thig3.2","thig3.3","thig3.4","thig3.5","thig3.6","thig3.7","thig3.8"],"thig-catukkanipata":["thig4.1"],"thig-pancakanipata":["thig5.1","thig5.2","thig5.3","thig5.4","thig5.5","thig5.6","thig5.7","thig5.8","thig5.9","thig5.10","thig5.11","thig5.12"],"thig-chakkanipata":["thig6.1","thig6.2","thig6.3","thig6.4","thig6.5","thig6.6","thig6.7","thig6.8"],"thig-sattakanipata":["thig7.1","thig7.2","thig7.3"],"thig-atthakanipata":["thig8.1"],"thig-navakanipata":["thig9.1"],"thig-ekadasanipata":["thig10.1"],"thig-dvadasakanipata":["thig11.1"],"thig-solasakanipata":["thig12.1"],"thig-visatinipata":["thig13.1","thig13.2","thig13.3","thig13.4","thig13.5"],"thig-timsanipata":["thig14.1"],"thig-cattalisanipata":["thig15.1"],"thig-mahanipata":["thig16.1"]}},"meta":{"thig5.4":{"type":"leaf","acronym":"Thig 5.4","translated_title":"Sundarīnandā","original_title":"Sundarīnandātherīgāthā","author_uid":"sujato","nav":{"prev":"thig5.3","next":"thig5.5"},"chunk":7},"thig1.9":{"type":"leaf","acronym":"Thig 1.9","translated_title":"Bhadrā","original_title":"Bhadrātherīgāthā","author_uid":"sujato","nav":{"prev":"thig1.8","next":"thig1.10"},"chunk":0},"thig5.7":{"type":"leaf","acronym":"Thig 5.7","translated_title":"Sakulā","original_title":"Sakulātherīgāthā","author_uid":"sujato","nav":{"prev":"thig5.6","next":"thig5.8"},"chunk":7},"thig5.11":{"type":"leaf","acronym":"Thig 5.11","translated_title":"Thirty Nuns","original_title":"Tiṁsamattātherīgāthā","author_uid":"sujato","nav":{"prev":"thig5.10","next":"thig5.12"},"chunk":7},"thig-pancakanipata":{"type":"branch","translated_title":"The Book of the Fives","original_title":"Pañcakanipāta","nav":{"prev":"thig-catukkanipata","next":"thig-chakkanipata"}},"thig-ekakanipata":{"type":"branch","translated_title":"The Book of the Ones","original_title":"Ekakanipāta","nav":{"next":"thig-dukanipata"}},"thig1.14":{"type":"leaf","acronym":"Thig 1.14","translated_title":"Sumanā","original_title":"Sumanātherīgāthā","author_uid":"sujato","nav":{"prev":"thig1.13","next":"thig1.15"},"chunk":0},"thig3.6":{"type":"leaf","acronym":"Thig 3.6","translated_title":"Sukkā","original_title":"Sukkātherīgāthā","author_uid":"sujato","nav":{"prev":"thig3.5","next":"thig3.7"},"chunk":6},"thig2.6":{"type":"leaf","acronym":"Thig 2.6","translated_title":"Mettikā","original_title":"Mettikātherīgāthā","author_uid":"sujato","nav":{"prev":"thig2.5","next":"thig2.7"},"chunk":6},"thig1.18":{"type":"leaf","acronym":"Thig 1.18","translated_title":"Saṅghā","original_title":"Saṁghātherīgāthā","author_uid":"sujato","nav":{"prev":"thig1.17","next":"thig2.1"},"chunk":0},"thig16.1":{"type":"leaf","acronym":"Thig 16.1","translated_title":"Sumedhā","original_title":"Sumedhātherīgāthā","author_uid":"sujato","nav":{"prev":"thig15.1"},"chunk":5},"thig10.1":{"type":"leaf","acronym":"Thig 10.1","translated_title":"Kisāgotamī","original_title":"Kisāgotamītherīgāthā","author_uid":"sujato","nav":{"prev":"thig9.1","next":"thig11.1"},"chunk":0},"thig5.5":{"type":"leaf","acronym":"Thig 5.5","translated_title":"Nanduttarā","original_title":"Nanduttarātherīgāthā","author_uid":"sujato","nav":{"prev":"thig5.4","next":"thig5.6"},"chunk":7},"thig-catukkanipata":{"type":"branch","translated_title":"The Book of the Fours","original_title":"Catukkanipāta","nav":{"prev":"thig-tikanipata","next":"thig-pancakanipata"}},"thig3.4":{"type":"leaf","acronym":"Thig 3.4","translated_title":"Dantikā","original_title":"Dantikātherīgāthā","author_uid":"sujato","nav":{"prev":"thig3.3","next":"thig3.5"},"chunk":6},"thig3.7":{"type":"leaf","acronym":"Thig 3.7","translated_title":"Selā","original_title":"Selātherīgāthā","author_uid":"sujato","nav":{"prev":"thig3.6","next":"thig3.8"},"chunk":6},"thig-cattalisanipata":{"type":"branch","translated_title":"The Book of the Forties","original_title":"Cattālīsanipāta","nav":{"prev":"thig-timsanipata","next":"thig-mahanipata"}},"thig1.12":{"type":"leaf","acronym":"Thig 1.12","translated_title":"Dhammadinnā","original_title":"Dhammadinnātherīgāthā","author_uid":"sujato","nav":{"prev":"thig1.11","next":"thig1.13"},"chunk":0},"thig14.1":{"type":"leaf","acronym":"Thig 14.1","translated_title":"Subhā of Jīvaka’s Mango Grove","original_title":"Subhājīvakambavanikātherīgāthā","author_uid":"sujato","nav":{"prev":"thig13.5","next":"thig15.1"},"chunk":3},"thig-dukanipata":{"type":"branch","translated_title":"The Book of the Twos","original_title":"Dukanipāta","nav":{"prev":"thig-ekakanipata","next":"thig-tikanipata"}},"thig13.2":{"type":"leaf","acronym":"Thig 13.2","translated_title":"Rohinī","original_title":"Rohinītherīgāthā","author_uid":"sujato","nav":{"prev":"thig13.1","next":"thig13.3"},"chunk":1},"thig2.1":{"type":"leaf","acronym":"Thig 2.1","translated_title":"Abhirūpanandā","original_title":"Abhirūpanandātherīgāthā","author_uid":"sujato","nav":{"prev":"thig1.18","next":"thig2.2"},"chunk":5},"thig6.1":{"type":"leaf","acronym":"Thig 6.1","translated_title":"Paṭācārā, Who Had a Following of Five Hundred","original_title":"Pañcasatamattātherīgāthā","author_uid":"sujato","nav":{"prev":"thig5.12","next":"thig6.2"},"chunk":7},"thig-ekadasanipata":{"type":"branch","translated_title":"The Book of the Elevens","original_title":"Ekādasakanipāta","nav":{"prev":"thig-navakanipata","next":"thig-dvadasakanipata"}},"thig13.4":{"type":"leaf","acronym":"Thig 13.4","translated_title":"Sundarī","original_title":"Sundarītherīgāthā","author_uid":"sujato","nav":{"prev":"thig13.3","next":"thig13.5"},"chunk":2},"thig11.1":{"type":"leaf","acronym":"Thig 11.1","translated_title":"Uppalavaṇṇā","original_title":"Uppalavaṇṇātherīgāthā","author_uid":"sujato","nav":{"prev":"thig10.1","next":"thig12.1"},"chunk":0},"thig1.7":{"type":"leaf","acronym":"Thig 1.7","translated_title":"Vīrā","original_title":"Vīrātherīgāthā","author_uid":"sujato","nav":{"prev":"thig1.6","next":"thig1.8"},"chunk":0},"thig2.3":{"type":"leaf","acronym":"Thig 2.3","translated_title":"Sumaṅgala’s Mother","original_title":"Sumaṅgalamātātherīgāthā","author_uid":"sujato","nav":{"prev":"thig2.2","next":"thig2.4"},"chunk":6},"thig3.3":{"type":"leaf","acronym":"Thig 3.3","translated_title":"Another Uttamā","original_title":"Aparāuttamātherīgāthā","author_uid":"sujato","nav":{"prev":"thig3.2","next":"thig3.4"},"chunk":6},"thig1.13":{"type":"leaf","acronym":"Thig 1.13","translated_title":"Visākhā","original_title":"Visākhātherīgāthā","author_uid":"sujato","nav":{"prev":"thig1.12","next":"thig1.14"},"chunk":0},"thig1.4":{"type":"leaf","acronym":"Thig 1.4","translated_title":"Tissā","original_title":"Tissātherīgāthā","author_uid":"sujato","nav":{"prev":"thig1.3","next":"thig1.5"},"chunk":0},"thig5.1":{"type":"leaf","acronym":"Thig 5.1","translated_title":"An Unnamed Nun (2nd)","original_title":"Aññataratherīgāthā","author_uid":"sujato","nav":{"prev":"thig4.1","next":"thig5.2"},"chunk":6},"thig2.2":{"type":"leaf","acronym":"Thig 2.2","translated_title":"Jentā","original_title":"Jentātherīgāthā","author_uid":"sujato","nav":{"prev":"thig2.1","next":"thig2.3"},"chunk":6},"thig2.10":{"type":"leaf","acronym":"Thig 2.10","translated_title":"Sāmā","original_title":"Sāmātherīgāthā","author_uid":"sujato","nav":{"prev":"thig2.9","next":"thig3.1"},"chunk":6},"thig6.7":{"type":"leaf","acronym":"Thig 6.7","translated_title":"Guttā","original_title":"Guttātherīgāthā","author_uid":"sujato","nav":{"prev":"thig6.6","next":"thig6.8"},"chunk":8},"thig12.1":{"type":"leaf","acronym":"Thig 12.1","translated_title":"Puṇṇikā","original_title":"Puṇṇātherīgāthā","author_uid":"sujato","nav":{"prev":"thig11.1","next":"thig13.1"},"chunk":0},"thig6.6":{"type":"leaf","acronym":"Thig 6.6","translated_title":"Mahāpajāpati Gotamī","original_title":"Mahāpajāpatigotamītherīgāthā","author_uid":"sujato","nav":{"prev":"thig6.5","next":"thig6.7"},"chunk":8},"thig1.10":{"type":"leaf","acronym":"Thig 1.10","translated_title":"Upasamā","original_title":"Upasamātherīgāthā","author_uid":"sujato","nav":{"prev":"thig1.9","next":"thig1.11"},"chunk":0},"thig1.6":{"type":"leaf","acronym":"Thig 1.6","translated_title":"Dhīrā","original_title":"Dhīrātherīgāthā","author_uid":"sujato","nav":{"prev":"thig1.5","next":"thig1.7"},"chunk":0},"thig1.17":{"type":"leaf","acronym":"Thig 1.17","translated_title":"Dhammā","original_title":"Dhammātherīgāthā","author_uid":"sujato","nav":{"prev":"thig1.16","next":"thig1.18"},"chunk":0},"thig-dvadasakanipata":{"type":"branch","translated_title":"The Book of the Twelves","original_title":"Dvādasakanipāta","nav":{"prev":"thig-ekadasanipata","next":"thig-solasakanipata"}},"thig-timsanipata":{"type":"branch","translated_title":"The Book of the Thirties","original_title":"Tiṁsanipāta","nav":{"prev":"thig-visatinipata","next":"thig-cattalisanipata"}},"thig1.1":{"type":"leaf","acronym":"Thig 1.1","translated_title":"An Unnamed Nun (1st)","original_title":"Aññatarātherīgāthā","author_uid":"sujato","nav":{"next":"thig1.2"},"chunk":0},"thig5.9":{"type":"leaf","acronym":"Thig 5.9","translated_title":"Bhaddā of the Curly Hair","original_title":"Bhaddākuṇḍalakesātherīgāthā","author_uid":"sujato","nav":{"prev":"thig5.8","next":"thig5.10"},"chunk":7},"thig-sattakanipata":{"type":"branch","translated_title":"The Book of the Sevens","original_title":"Sattakanipāta","nav":{"prev":"thig-chakkanipata","next":"thig-atthakanipata"}},"thig13.1":{"type":"leaf","acronym":"Thig 13.1","translated_title":"Ambapālī","original_title":"Ambapālītherīgāthā","author_uid":"sujato","nav":{"prev":"thig12.1","next":"thig13.2"},"chunk":1},"thig1.11":{"type":"leaf","acronym":"Thig 1.11","translated_title":"Muttā (2nd)","original_title":"Muttātherīgāthā","author_uid":"sujato","nav":{"prev":"thig1.10","next":"thig1.12"},"chunk":0},"thig2.7":{"type":"leaf","acronym":"Thig 2.7","translated_title":"Mittā (2nd)","original_title":"Mittātherīgāthā","author_uid":"sujato","nav":{"prev":"thig2.6","next":"thig2.8"},"chunk":6},"thig7.3":{"type":"leaf","acronym":"Thig 7.3","translated_title":"Upacālā","original_title":"Upacālātherīgāthā","author_uid":"sujato","nav":{"prev":"thig7.2","next":"thig8.1"},"chunk":8},"thig1.3":{"type":"leaf","acronym":"Thig 1.3","translated_title":"Puṇṇā","original_title":"Puṇṇātherīgāthā","author_uid":"sujato","nav":{"prev":"thig1.2","next":"thig1.4"},"chunk":0},"thig-solasakanipata":{"type":"branch","translated_title":"The Book of the Sixteens","original_title":"Soḷasakanipāta","nav":{"prev":"thig-dvadasakanipata","next":"thig-visatinipata"}},"thig5.3":{"type":"leaf","acronym":"Thig 5.3","translated_title":"Sīhā","original_title":"Sīhātherīgāthā","author_uid":"sujato","nav":{"prev":"thig5.2","next":"thig5.4"},"chunk":7},"thig-chakkanipata":{"type":"branch","translated_title":"The Book of the Sixes","original_title":"Chakkanipāta","nav":{"prev":"thig-pancakanipata","next":"thig-sattakanipata"}},"thig6.2":{"type":"leaf","acronym":"Thig 6.2","translated_title":"Vāseṭṭhī","original_title":"Vāseṭṭhītherīgāthā","author_uid":"sujato","nav":{"prev":"thig6.1","next":"thig6.3"},"chunk":7},"thig8.1":{"type":"leaf","acronym":"Thig 8.1","translated_title":"Sīsūpacālā","original_title":"Sīsūpacālātherīgāthā","author_uid":"sujato","nav":{"prev":"thig7.3","next":"thig9.1"},"chunk":8},"thig13.5":{"type":"leaf","acronym":"Thig 13.5","translated_title":"Subhā, the Smith’s Daughter","original_title":"Subhākammāradhītutherīgāthā","author_uid":"sujato","nav":{"prev":"thig13.4","next":"thig14.1"},"chunk":2},"thig5.8":{"type":"leaf","acronym":"Thig 5.8","translated_title":"Soṇā","original_title":"Soṇātherīgāthā","author_uid":"sujato","nav":{"prev":"thig5.7","next":"thig5.9"},"chunk":7},"thig1.2":{"type":"leaf","acronym":"Thig 1.2","translated_title":"Muttā (1st)","original_title":"Muttātherīgāthā","author_uid":"sujato","nav":{"prev":"thig1.1","next":"thig1.3"},"chunk":0},"thig7.2":{"type":"leaf","acronym":"Thig 7.2","translated_title":"Cālā","original_title":"Cālātherīgāthā","author_uid":"sujato","nav":{"prev":"thig7.1","next":"thig7.3"},"chunk":8},"thig-mahanipata":{"type":"branch","translated_title":"The Great Book","original_title":"Mahānipāta","nav":{"prev":"thig-cattalisanipata"}},"thig9.1":{"type":"leaf","acronym":"Thig 9.1","translated_title":"Vaḍḍha’s Mother","original_title":"Vaḍḍhamātutherīgāthā","author_uid":"sujato","nav":{"prev":"thig8.1","next":"thig10.1"},"chunk":8},"thig13.3":{"type":"leaf","acronym":"Thig 13.3","translated_title":"Cāpā","original_title":"Cāpātherīgāthā","author_uid":"sujato","nav":{"prev":"thig13.2","next":"thig13.4"},"chunk":1},"thig15.1":{"type":"leaf","acronym":"Thig 15.1","translated_title":"Isidāsī","original_title":"Isidāsītherīgāthā","author_uid":"sujato","nav":{"prev":"thig14.1","next":"thig16.1"},"chunk":4},"thig-atthakanipata":{"type":"branch","translated_title":"The Book of the Eights","original_title":"Aṭṭhakanipāta","nav":{"prev":"thig-sattakanipata","next":"thig-navakanipata"}},"thig5.6":{"type":"leaf","acronym":"Thig 5.6","translated_title":"Mittākāḷī","original_title":"Mittākāḷītherīgāthā","author_uid":"sujato","nav":{"prev":"thig5.5","next":"thig5.7"},"chunk":7},"thig7.1":{"type":"leaf","acronym":"Thig 7.1","translated_title":"Uttarā (2nd)","original_title":"Uttarātherīgāthā","author_uid":"sujato","nav":{"prev":"thig6.8","next":"thig7.2"},"chunk":8},"thig2.4":{"type":"leaf","acronym":"Thig 2.4","translated_title":"Aḍḍhakāsi","original_title":"Aḍḍhakāsitherīgāthā","author_uid":"sujato","nav":{"prev":"thig2.3","next":"thig2.5"},"chunk":6},"thig5.10":{"type":"leaf","acronym":"Thig 5.10","translated_title":"Paṭācārā","original_title":"Paṭācārātherīgāthā","author_uid":"sujato","nav":{"prev":"thig5.9","next":"thig5.11"},"chunk":6},"thig-tikanipata":{"type":"branch","translated_title":"The Book of the Threes","original_title":"Tikanipāta","nav":{"prev":"thig-dukanipata","next":"thig-catukkanipata"}},"thig6.5":{"type":"leaf","acronym":"Thig 6.5","translated_title":"Anopamā","original_title":"Anopamātherīgāthā","author_uid":"sujato","nav":{"prev":"thig6.4","next":"thig6.6"},"chunk":8},"thig6.8":{"type":"leaf","acronym":"Thig 6.8","translated_title":"Vijayā","original_title":"Vijayātherīgāthā","author_uid":"sujato","nav":{"prev":"thig6.7","next":"thig7.1"},"chunk":8},"thig4.1":{"type":"leaf","acronym":"Thig 4.1","translated_title":"Bhaddā Daughter of Kapila","original_title":"Bhaddākāpilānītherīgāthā","author_uid":"sujato","nav":{"prev":"thig3.8","next":"thig5.1"},"chunk":6},"thig3.1":{"type":"leaf","acronym":"Thig 3.1","translated_title":"Another Sāmā","original_title":"Aparāsāmātherīgāthā","author_uid":"sujato","nav":{"prev":"thig2.10","next":"thig3.2"},"chunk":6},"thig2.5":{"type":"leaf","acronym":"Thig 2.5","translated_title":"Cittā","original_title":"Cittātherīgāthā","author_uid":"sujato","nav":{"prev":"thig2.4","next":"thig2.6"},"chunk":6},"thig1.15":{"type":"leaf","acronym":"Thig 1.15","translated_title":"Uttarā (1st)","original_title":"Uttarātherīgāthā","author_uid":"sujato","nav":{"prev":"thig1.14","next":"thig1.16"},"chunk":0},"thig5.12":{"type":"leaf","acronym":"Thig 5.12","translated_title":"Candā","original_title":"Candātherīgāthā","author_uid":"sujato","nav":{"prev":"thig5.11","next":"thig6.1"},"chunk":7},"thig1.8":{"type":"leaf","acronym":"Thig 1.8","translated_title":"Mittā (1st)","original_title":"Mittātherīgāthā","author_uid":"sujato","nav":{"prev":"thig1.7","next":"thig1.9"},"chunk":0},"thig3.8":{"type":"leaf","acronym":"Thig 3.8","translated_title":"Somā","original_title":"Somātherīgāthā","author_uid":"sujato","nav":{"prev":"thig3.7","next":"thig4.1"},"chunk":6},"thig6.3":{"type":"leaf","acronym":"Thig 6.3","translated_title":"Khemā","original_title":"Khemātherīgāthā","author_uid":"sujato","nav":{"prev":"thig6.2","next":"thig6.4"},"chunk":7},"thig2.8":{"type":"leaf","acronym":"Thig 2.8","translated_title":"To Abhayā’s Mother From Her Daughter","original_title":"Abhayamātutherīgāthā","author_uid":"sujato","nav":{"prev":"thig2.7","next":"thig2.9"},"chunk":6},"thig5.2":{"type":"leaf","acronym":"Thig 5.2","translated_title":"Vimalā, the Former Courtesan","original_title":"Vimalātherīgāthā","author_uid":"sujato","nav":{"prev":"thig5.1","next":"thig5.3"},"chunk":7},"thig1.16":{"type":"leaf","acronym":"Thig 1.16","translated_title":"Sumanā, Who Went Forth Late in Life","original_title":"Vuḍḍhapabbajitasumanātherīgāthā","author_uid":"sujato","nav":{"prev":"thig1.15","next":"thig1.17"},"chunk":0},"thig-visatinipata":{"type":"branch","translated_title":"The Book of the Twenties","original_title":"Vīsatinipāta","nav":{"prev":"thig-solasakanipata","next":"thig-timsanipata"}},"thig2.9":{"type":"leaf","acronym":"Thig 2.9","translated_title":"Abhayā","original_title":"Abhayātherīgāthā","author_uid":"sujato","nav":{"prev":"thig2.8","next":"thig2.10"},"chunk":6},"thig3.2":{"type":"leaf","acronym":"Thig 3.2","translated_title":"Uttamā","original_title":"Uttamātherīgāthā","author_uid":"sujato","nav":{"prev":"thig3.1","next":"thig3.3"},"chunk":6},"thig6.4":{"type":"leaf","acronym":"Thig 6.4","translated_title":"Sujātā","original_title":"Sujātātherīgāthā","author_uid":"sujato","nav":{"prev":"thig6.3","next":"thig6.5"},"chunk":8},"thig1.5":{"type":"leaf","acronym":"Thig 1.5","translated_title":"Another Tissā","original_title":"Aññatarātissātherīgāthā","author_uid":"sujato","nav":{"prev":"thig1.4","next":"thig1.6"},"chunk":0},"thig3.5":{"type":"leaf","acronym":"Thig 3.5","translated_title":"Ubbirī","original_title":"Ubbiritherīgāthā","author_uid":"sujato","nav":{"prev":"thig3.4","next":"thig3.6"},"chunk":6},"thig-navakanipata":{"type":"branch","translated_title":"The Book of the Nines","original_title":"Navakanipāta","nav":{"prev":"thig-atthakanipata","next":"thig-ekadasanipata"}},"thig":{"type":"branch","acronym":"Thig","translated_title":"Verses of the Senior Nuns","original_title":"Therīgāthā","blurb":"The “Verses of the Senior Nuns” is a collection of about 524 verses attributed to 73 of the senior nuns alive in the Buddha’s time, or in a few cases, a little later. These verses celebrate the bliss of freedom and the life of meditation, full of proud and joyous proclamations of their spiritual attainments and their gratitude to other nuns as guides and teachers. The Therīgāthā is one of the oldest spiritual texts recording only women’s voices. It is a pair with the Theragāthā, the “Verses of the Senior Monks”. Together these collections constitute one of the oldest and largest collections of contemplative literature. Based on style and content, these collections belong to the early discourses. They are referred to on occasion in the northern canons, but no parallel collections have survived.","nav":{"prev":"thag","next":"tha-ap"}},"thag":{"type":"branch","acronym":"Thag","translated_title":"Verses of the Senior Monks ","original_title":"Theragāthā","blurb":"The “Verses of the Senior Monks” is a collection of about 1288 verses attributed to 264 of the senior monks alive in the Buddha’s time, or in a few cases, a little later. It is a pair with the Therīgāthā, the “Verses of the Senior Nuns”. These verses celebrate the joy of freedom and the life of meditation in the forest. Together these collections constitute one of the oldest and largest collections of contemplative literature, preserving the unique voices of hundreds of early practitioners. Based on style and content, these collections belong to the early discourses. They are referred to on occasion in the northern canons, but no parallel collections have survived."},"tha-ap":{"type":"branch","acronym":"Tha Ap","translated_title":"Past Life Legends of the Senior Monks ","original_title":"Therāpadāna","blurb":"The “Legends of the Senior Monks” contains 563 stories in verse telling the past life deeds of various senior monks. It is a much later counterpart to the Theragāthā, referring to many of the same monks. But whereas the Theragāthā verses relate the monks’ practice of meditation and mindfulness in this life, the Legends typically relate how they became awakened in this life by making an offering a Buddha in the distant past, and making a dedication to be reborn so as to become awakened in the future. The “Legends of the Senior Monks” has as companion the “Legends of the Senior Nuns”. Both these are late texts, and lack counterparts in the northern canons."}}}